ISO-10303-21;
HEADER;
FILE_DESCRIPTION (( 'STEP AP214' ),
    '1' );
FILE_NAME ('Power Transmission at nineghty degree.STEP',
    '2025-11-27T11:50:47',
    ( '' ),
    ( '' ),
    'SwSTEP 2.0',
    'SolidWorks 2020',
    '' );
FILE_SCHEMA (( 'AUTOMOTIVE_DESIGN' ));
ENDSEC;

DATA;
#1 = ADVANCED_FACE ( 'NONE', ( #1897 ), #3047, .T. ) ;
#2 = CARTESIAN_POINT ( 'NONE',  ( 4.346944931879228591, -2.751281166207569573, -20.27003151284722193 ) ) ;
#3 = CARTESIAN_POINT ( 'NONE',  ( 3.515204589130439761, -14.80256717257110211, -15.47425434527228560 ) ) ;
#4 = DIRECTION ( 'NONE',  ( 0.000000000000000000, 0.000000000000000000, 1.000000000000000000 ) ) ;
#5 = CARTESIAN_POINT ( 'NONE',  ( 22.09374604753667626, -0.009209269515132241513, 0.004897976078549040602 ) ) ;
#6 = ORIENTED_EDGE ( 'NONE', *, *, #1105, .F. ) ;
#7 = CARTESIAN_POINT ( 'NONE',  ( 0.4201982050972177252, -5.422644998716832695E-17, -18.31920718262799497 ) ) ;
#8 = LINE ( 'NONE', #5513, #2253 ) ;
#9 = CARTESIAN_POINT ( 'NONE',  ( 0.4182233646136210847, -6.238853248510928040, -17.22201239169729803 ) ) ;
#10 = CARTESIAN_POINT ( 'NONE',  ( 8.082286027375507942, 9.524332152863385303, -7.032267903719702673 ) ) ;
#11 = VERTEX_POINT ( 'NONE', #3622 ) ;
#12 = ADVANCED_FACE ( 'NONE', ( #3236 ), #1332, .F. ) ;
#13 = ITEM_DEFINED_TRANSFORMATION ( 'NONE', 'NONE', #3863,  #5373 ) ;
#14 = B_SPLINE_CURVE_WITH_KNOTS ( 'NONE', 3,
 ( #169, #139, #5617, #4176, #2037, #550, #2835, #1529 ),
 .UNSPECIFIED., .F., .F.,
 ( 4, 2, 2, 4 ),
 ( 0.000000000000000000, 0.002211116461524410218, 0.003316674692286615544, 0.004422232923048820437 ),
 .UNSPECIFIED. ) ;
#15 = CARTESIAN_POINT ( 'NONE',  ( 0.4197050914631917373, -5.369241044903789728, -17.51418098979540261 ) ) ;
#16 = CARTESIAN_POINT ( 'NONE',  ( 1.165599648441332015, 6.947425078374287466, 17.75393338362545137 ) ) ;
#17 = CARTESIAN_POINT ( 'NONE',  ( 8.082286027375506166, 6.885087866093286380, -9.631264709472402430 ) ) ;
#18 = CARTESIAN_POINT ( 'NONE',  ( 8.081286344341224392, -7.275492736841809638, 9.338588247148459587 ) ) ;
#19 = ORIENTED_EDGE ( 'NONE', *, *, #3823, .F. ) ;
#20 = ORIENTED_EDGE ( 'NONE', *, *, #5086, .F. ) ;
#21 = CARTESIAN_POINT ( 'NONE',  ( 0.4197044002284099351, -14.63825521451245670, 11.01348010809140199 ) ) ;
#22 = CARTESIAN_POINT ( 'NONE',  ( 7.813880306852852620, 0.000000000000000000, -11.57075366007362227 ) ) ;
#23 = CARTESIAN_POINT ( 'NONE',  ( 2.831810311861893137, -4.465493346917284612, -20.34674661394461737 ) ) ;
#24 = CARTESIAN_POINT ( 'NONE',  ( 3.304290419809259305, -19.19558900212652119, 9.008696413504555522 ) ) ;
#25 = ORIENTED_EDGE ( 'NONE', *, *, #3963, .T. ) ;
#26 = CARTESIAN_POINT ( 'NONE',  ( 8.230357535800608915, 11.58367230890922173, 3.084191986338777447 ) ) ;
#27 = B_SPLINE_CURVE_WITH_KNOTS ( 'NONE', 3,
 ( #2469, #4294, #2031, #5516, #2056, #4379 ),
 .UNSPECIFIED., .F., .F.,
 ( 4, 2, 4 ),
 ( 0.000000000000000000, 0.0001740257916702658706, 0.0003480515833405317411 ),
 .UNSPECIFIED. ) ;
#28 = ORIENTED_EDGE ( 'NONE', *, *, #3609, .F. ) ;
#29 = CARTESIAN_POINT ( 'NONE',  ( 11.25262228702623979, 7.222750890525964529, -5.628421321541535960 ) ) ;
#30 = CARTESIAN_POINT ( 'NONE',  ( 6.743615739646616092, 7.682096374798748073, -15.93990481716217644 ) ) ;
#31 = CARTESIAN_POINT ( 'NONE',  ( 1.161569255190189720, -18.44918243373134459, 4.789824388041388659 ) ) ;
#32 = CARTESIAN_POINT ( 'NONE',  ( 22.09284734956529661, 0.003364541135548848160, -0.009223955395377413796 ) ) ;
#33 = DIRECTION ( 'NONE',  ( 0.7562523480584153468, -0.6321424650982688798, 0.1687551180723637911 ) ) ;
#34 = ORIENTED_EDGE ( 'NONE', *, *, #5607, .F. ) ;
#35 = B_SPLINE_CURVE_WITH_KNOTS ( 'NONE', 3,
 ( #1254, #3069, #4433, #2173, #1732, #3544 ),
 .UNSPECIFIED., .F., .F.,
 ( 4, 2, 4 ),
 ( 1.084202172485504434E-18, 0.0002683118749524637521, 0.0005366237499049264200 ),
 .UNSPECIFIED. ) ;
#36 = ADVANCED_FACE ( 'NONE', ( #56 ), #2546, .F. ) ;
#37 = LINE ( 'NONE', #3274, #2516 ) ;
#38 = DIRECTION ( 'NONE',  ( -0.7636347340829117147, 0.6452939353746501849, -0.02139462247429510175 ) ) ;
#39 = CARTESIAN_POINT ( 'NONE',  ( 0.4182233646136210847, -5.075506595180868885, -17.60000663291085843 ) ) ;
#40 = FACE_BOUND ( 'NONE', #1134, .T. ) ;
#41 = ORIENTED_EDGE ( 'NONE', *, *, #2207, .F. ) ;
#42 = CARTESIAN_POINT ( 'NONE',  ( 0.4182233646136210847, 18.30701878804081417, 0.6116075298352831036 ) ) ;
#43 = CARTESIAN_POINT ( 'NONE',  ( 0.5251705844569021231, -4.799559956401558303, -17.78817770071397319 ) ) ;
#44 = CARTESIAN_POINT ( 'NONE',  ( 0.4126876516628540381, -0.6117626229491338608, 18.31169662920711261 ) ) ;
#45 = CARTESIAN_POINT ( 'NONE',  ( 6.743615739646565466, -17.53364867772564395, -2.380406338837451674 ) ) ;
#46 = ORIENTED_EDGE ( 'NONE', *, *, #3211, .T. ) ;
#47 = EDGE_CURVE ( 'NONE', #2806, #2639, #5185, .T. ) ;
#48 = ORIENTED_EDGE ( 'NONE', *, *, #4817, .T. ) ;
#49 = CARTESIAN_POINT ( 'NONE',  ( 8.189129401831875654, -9.276884736776981555, 7.526383891260165271 ) ) ;
#50 = EDGE_CURVE ( 'NONE', #1236, #720, #4763, .T. ) ;
#51 = CARTESIAN_POINT ( 'NONE',  ( 3.085675480214812527, 10.30114803747314589, -18.28320598304292588 ) ) ;
#52 = CARTESIAN_POINT ( 'NONE',  ( 10.08627239375047147, 0.000000000000000000, 0.000000000000000000 ) ) ;
#53 = ORIENTED_EDGE ( 'NONE', *, *, #5660, .F. ) ;
#54 = CARTESIAN_POINT ( 'NONE',  ( 0.4188817388288014754, 6.143241149112852462, 17.25734911289637807 ) ) ;
#55 = VERTEX_POINT ( 'NONE', #4572 ) ;
#56 = FACE_OUTER_BOUND ( 'NONE', #172, .T. ) ;
#57 = CARTESIAN_POINT ( 'NONE',  ( 0.4078353108599463428, -4.887413429185750502, -17.66093832750259196 ) ) ;
#58 = ADVANCED_FACE ( 'NONE', ( #4277 ), #3158, .F. ) ;
#59 = CIRCLE ( 'NONE', #1476, 21.41421356110392082 ) ;
#60 = CARTESIAN_POINT ( 'NONE',  ( 10.08627239375047147, 0.000000000000000000, 0.000000000000000000 ) ) ;
#61 = CARTESIAN_POINT ( 'NONE',  ( 5.129410166199401822, -17.61552027822214583, -8.489182879268758697 ) ) ;
#62 = CARTESIAN_POINT ( 'NONE',  ( 10.08627239375047324, -2.466882191261917878, -13.62157025872565086 ) ) ;
#63 = CARTESIAN_POINT ( 'NONE',  ( 8.230357535800607138, 10.06365929432222295, -6.512792486836083583 ) ) ;
#64 = LINE ( 'NONE', #5087, #4627 ) ;
#65 = VERTEX_POINT ( 'NONE', #4782 ) ;
#66 = FACE_OUTER_BOUND ( 'NONE', #4206, .T. ) ;
#67 = CARTESIAN_POINT ( 'NONE',  ( 8.230357535800608915, -10.06365929432217499, 6.512792486836157302 ) ) ;
#68 = CARTESIAN_POINT ( 'NONE',  ( 0.4409628251481780836, -6.415166108417596824, -17.18152722589716319 ) ) ;
#69 = ADVANCED_FACE ( 'NONE', ( #5255 ), #1068, .F. ) ;
#70 = FACE_OUTER_BOUND ( 'NONE', #5196, .T. ) ;
#71 =( BOUNDED_SURFACE ( )  B_SPLINE_SURFACE ( 3, 1, ( 
 ( #2115, #2642 ),
 ( #1638, #4793 ),
 ( #3908, #3437 ),
 ( #5719, #3465 ) ),
 .UNSPECIFIED., .F., .F., .F. ) 
 B_SPLINE_SURFACE_WITH_KNOTS ( ( 4, 4 ),
 ( 2, 2 ),
 ( 0.000000000000000000, 1.000000000000000000 ),
 ( 0.000000000000000000, 1.000000000000000000 ),
 .UNSPECIFIED. ) 
 GEOMETRIC_REPRESENTATION_ITEM ( )  RATIONAL_B_SPLINE_SURFACE ( (
 ( 1.000000000000000000, 1.000000000000000000),
 ( 0.7790009610346629865, 0.9689941987838144311),
 ( 0.7790009610346629865, 0.9689941987838144311),
 ( 1.000000000000000000, 1.000000000000000000) ) ) 
 REPRESENTATION_ITEM ( '' )  SURFACE ( )  );
#72 = VERTEX_POINT ( 'NONE', #2906 ) ;
#73 = VECTOR ( 'NONE', #2168, 1000.000000000000114 ) ;
#74 = AXIS2_PLACEMENT_3D ( 'NONE', #3910, #5302, #4824 ) ;
#75 = EDGE_CURVE ( 'NONE', #5110, #4886, #152, .T. ) ;
#76 = PRODUCT_DEFINITION_CONTEXT ( 'detailed design', #5503, 'design' ) ;
#77 = LINE ( 'NONE', #547, #1590 ) ;
#78 = CARTESIAN_POINT ( 'NONE',  ( 1.161569255190326055, 18.44918243373151512, -4.789824388041264314 ) ) ;
#79 = VECTOR ( 'NONE', #4674, 999.9999999999997726 ) ;
#80 = CARTESIAN_POINT ( 'NONE',  ( 8.082315436206476633, -7.008999717512879535, 9.541504815289657770 ) ) ;
#81 = CARTESIAN_POINT ( 'NONE',  ( 3.663019018077783073, 3.608958212191134329, -21.49903630320798698 ) ) ;
#82 = ORIENTED_EDGE ( 'NONE', *, *, #1200, .F. ) ;
#83 = ORIENTED_EDGE ( 'NONE', *, *, #741, .T. ) ;
#84 = CARTESIAN_POINT ( 'NONE',  ( 0.6337479801890598674, -17.31780942828223857, 6.674524347060608598 ) ) ;
#85 = CARTESIAN_POINT ( 'NONE',  ( 10.08627239375047147, 0.000000000000000000, 0.000000000000000000 ) ) ;
#86 = CARTESIAN_POINT ( 'NONE',  ( 3.515204589130441537, 18.85988553534021150, -10.14264561317818725 ) ) ;
#87 = ORIENTED_EDGE ( 'NONE', *, *, #1550, .F. ) ;
#88 = CARTESIAN_POINT ( 'NONE',  ( 8.081832178819823298, -9.401712239066013055, 7.195356955746493810 ) ) ;
#89 = CARTESIAN_POINT ( 'NONE',  ( 0.4201979075620119186, -17.45417193693323554, -5.563776166241447108 ) ) ;
#90 = CARTESIAN_POINT ( 'NONE',  ( 7.369041213193482598, -2.283625485934051014, -16.81957317253002060 ) ) ;
#91 =( BOUNDED_SURFACE ( )  B_SPLINE_SURFACE ( 3, 1, ( 
 ( #1501, #2386 ),
 ( #5129, #138 ),
 ( #1945, #3763 ),
 ( #1059, #5189 ) ),
 .UNSPECIFIED., .F., .F., .F. ) 
 B_SPLINE_SURFACE_WITH_KNOTS ( ( 4, 4 ),
 ( 2, 2 ),
 ( 0.000000000000000000, 1.000000000000000000 ),
 ( 0.000000000000000000, 1.000000000000000000 ),
 .UNSPECIFIED. ) 
 GEOMETRIC_REPRESENTATION_ITEM ( )  RATIONAL_B_SPLINE_SURFACE ( (
 ( 1.000000000000000000, 1.000000000000000000),
 ( 0.9594539417957813621, 0.9995981945367502508),
 ( 0.9594539417957813621, 0.9995981945367502508),
 ( 1.000000000000000000, 1.000000000000000000) ) ) 
 REPRESENTATION_ITEM ( '' )  SURFACE ( )  );
#92 = CARTESIAN_POINT ( 'NONE',  ( 2.831810311861891361, -17.97099262013248477, -10.53442703000847480 ) ) ;
#93 = DIRECTION ( 'NONE',  ( -0.7636347340829116037, -0.5094783165164274985, 0.3966028717769295997 ) ) ;
#94 = CARTESIAN_POINT ( 'NONE',  ( 8.891830625034108593, -3.068351446858132991, 12.27221728904002163 ) ) ;
#95 = CARTESIAN_POINT ( 'NONE',  ( 8.189129401831873878, -6.497061151241551258, 10.02473148244351187 ) ) ;
#96 = CARTESIAN_POINT ( 'NONE',  ( 22.10281028718407725, -0.002853316407705164606, 0.01466885944743573367 ) ) ;
#97 = ORIENTED_EDGE ( 'NONE', *, *, #2107, .F. ) ;
#98 = CARTESIAN_POINT ( 'NONE',  ( 0.4227027292401541181, -10.93427370550511135, -14.70266627381678681 ) ) ;
#99 = DIRECTION ( 'NONE',  ( 0.000000000000000000, 0.000000000000000000, -1.000000000000000000 ) ) ;
#100 = B_SPLINE_CURVE_WITH_KNOTS ( 'NONE', 3,
 ( #2550, #712, #2111, #3933, #1189, #3004, #3960, #1755 ),
 .UNSPECIFIED., .F., .F.,
 ( 4, 2, 2, 4 ),
 ( 0.000000000000000000, 0.002211116461524405448, 0.003316674692286610774, 0.004422232923048816100 ),
 .UNSPECIFIED. ) ;
#101 = CARTESIAN_POINT ( 'NONE',  ( 10.08627239375047324, -10.00230772699651283, -9.570084858214697121 ) ) ;
#102 = CARTESIAN_POINT ( 'NONE',  ( 5.178685273547311674, -14.08902037562335252, 13.47795068079872394 ) ) ;
#103 = ORIENTED_EDGE ( 'NONE', *, *, #4228, .T. ) ;
#104 = B_SPLINE_CURVE_WITH_KNOTS ( 'NONE', 3,
 ( #1255, #3439, #4851, #3412, #4350, #1583, #3939, #783, #5241, #2585, #4407, #3969, #336 ),
 .UNSPECIFIED., .F., .F.,
 ( 4, 3, 3, 3, 4 ),
 ( 0.000000000000000000, 0.0003060394048542588162, 0.0004590327578743551296, 0.0006264795226578693393, 0.0007939722156138023052 ),
 .UNSPECIFIED. ) ;
#105 = CARTESIAN_POINT ( 'NONE',  ( 10.08627239375047324, 12.19257463651237927, 6.555441082950826726 ) ) ;
#106 = PRODUCT_DEFINITION_SHAPE ( 'NONE', 'NONE',  #5890 ) ;
#107 = CARTESIAN_POINT ( 'NONE',  ( 0.6480971303263350913, -4.776147394168215321, -17.92159482384638025 ) ) ;
#108 = CARTESIAN_POINT ( 'NONE',  ( 0.6337479801890599784, 14.40767405211430585, 11.69934729212866920 ) ) ;
#109 =( BOUNDED_SURFACE ( )  B_SPLINE_SURFACE ( 3, 1, ( 
 ( #958, #5061 ),
 ( #3276, #2765 ),
 ( #2703, #4083 ),
 ( #4054, #4584 ) ),
 .UNSPECIFIED., .F., .F., .F. ) 
 B_SPLINE_SURFACE_WITH_KNOTS ( ( 4, 4 ),
 ( 2, 2 ),
 ( 0.000000000000000000, 1.000000000000000000 ),
 ( 0.000000000000000000, 1.000000000000000000 ),
 .UNSPECIFIED. ) 
 GEOMETRIC_REPRESENTATION_ITEM ( )  RATIONAL_B_SPLINE_SURFACE ( (
 ( 1.000000000000000000, 1.000000000000000000),
 ( 0.7790009610346629865, 0.9689941987838144311),
 ( 0.7790009610346629865, 0.9689941987838144311),
 ( 1.000000000000000000, 1.000000000000000000) ) ) 
 REPRESENTATION_ITEM ( '' )  SURFACE ( )  );
#110 = CARTESIAN_POINT ( 'NONE',  ( 22.09182100077397237, -0.004164133372276328238, -0.008309353891892209618 ) ) ;
#111 = ORIENTED_EDGE ( 'NONE', *, *, #3965, .F. ) ;
#112 = ORIENTED_EDGE ( 'NONE', *, *, #4374, .F. ) ;
#113 = EDGE_CURVE ( 'NONE', #2639, #936, #3126, .T. ) ;
#114 = B_SPLINE_CURVE_WITH_KNOTS ( 'NONE', 3,
 ( #4697, #1045, #3368, #5176, #1515, #2460, #3844, #1133 ),
 .UNSPECIFIED., .F., .F.,
 ( 4, 2, 2, 4 ),
 ( 0.000000000000000000, 0.002211116461524912421, 0.003316674692287367981, 0.004422232923049823974 ),
 .UNSPECIFIED. ) ;
#115 = EDGE_CURVE ( 'NONE', #4715, #1567, #5334, .T. ) ;
#116 = CARTESIAN_POINT ( 'NONE',  ( 0.6480971303263367567, 14.39803354453999695, -11.69152577772628554 ) ) ;
#117 = CARTESIAN_POINT ( 'NONE',  ( 7.369041213193482598, 3.025677049269474672, -16.70204375097917548 ) ) ;
#118 = ORIENTED_EDGE ( 'NONE', *, *, #5737, .T. ) ;
#119 = CARTESIAN_POINT ( 'NONE',  ( 0.4182233646136210847, -15.17018320209474069, 10.26579477152710496 ) ) ;
#120 = ORIENTED_EDGE ( 'NONE', *, *, #1297, .F. ) ;
#121 = CARTESIAN_POINT ( 'NONE',  ( 0.4193753327645617368, -17.54380440170680444, -5.271481900631367346 ) ) ;
#122 = CARTESIAN_POINT ( 'NONE',  ( 22.09255692238962965, 0.009386940141984984401, -0.001428938507665261431 ) ) ;
#123 = CARTESIAN_POINT ( 'NONE',  ( 8.096103227782993628, 9.278338023859733497, 7.376141536610841598 ) ) ;
#124 = CARTESIAN_POINT ( 'NONE',  ( 0.6480971303263367567, -6.670064725496231084, 17.30622377986105676 ) ) ;
#125 = DIRECTION ( 'NONE',  ( -1.000000000000000000, -0.000000000000000000, -0.000000000000000000 ) ) ;
#126 = CARTESIAN_POINT ( 'NONE',  ( 3.515204589128320123, 0.000000000000000000, 0.000000000000000000 ) ) ;
#127 = CARTESIAN_POINT ( 'NONE',  ( 0.4197044002284044395, 0.3059420402725981369, 18.31615842049091114 ) ) ;
#128 = ORIENTED_EDGE ( 'NONE', *, *, #5526, .F. ) ;
#129 = CARTESIAN_POINT ( 'NONE',  ( 0.4193760241474268624, -18.31413125712779078, -0.4077137493208837227 ) ) ;
#130 = CARTESIAN_POINT ( 'NONE',  ( -27.89911057639946890, 0.000000000000000000, 0.000000000000000000 ) ) ;
#131 = CARTESIAN_POINT ( 'NONE',  ( 8.727656808823699208, -7.297124540190115027, 13.57108753861013106 ) ) ;
#132 = ADVANCED_FACE ( 'NONE', ( #5625 ), #3771, .F. ) ;
#133 = FACE_OUTER_BOUND ( 'NONE', #3325, .T. ) ;
#134 = ORIENTED_EDGE ( 'NONE', *, *, #2499, .F. ) ;
#135 = CARTESIAN_POINT ( 'NONE',  ( 9.510122032027846117, -6.869968015302274189, -12.77716288648881360 ) ) ;
#136 = CARTESIAN_POINT ( 'NONE',  ( 3.515204589130436208, -18.85988553533999124, -10.14264561317860114 ) ) ;
#137 = DIRECTION ( 'NONE',  ( 0.7562523480584153468, 0.5080897767408667498, 0.4122222274787589180 ) ) ;
#138 = CARTESIAN_POINT ( 'NONE',  ( 0.4227027292401541181, -17.48802365402821124, -5.467702049515856366 ) ) ;
#139 = CARTESIAN_POINT ( 'NONE',  ( 3.093381936066811111, 20.86020001144581570, 2.392049085535115527 ) ) ;
#140 = VERTEX_POINT ( 'NONE', #3394 ) ;
#141 = VERTEX_POINT ( 'NONE', #4751 ) ;
#142 = CARTESIAN_POINT ( 'NONE',  ( 2.831810311861893137, 20.73081928506410421, 2.040553937891269154 ) ) ;
#143 = CARTESIAN_POINT ( 'NONE',  ( 8.082315436206483739, 0.06204406993231315753, -11.83902621475590422 ) ) ;
#144 = CARTESIAN_POINT ( 'NONE',  ( 22.09374604753667626, 0.007504072852115237398, -0.007244977936371175577 ) ) ;
#145 = EDGE_CURVE ( 'NONE', #5093, #5630, #679, .T. ) ;
#146 = ORIENTED_EDGE ( 'NONE', *, *, #2208, .F. ) ;
#147 = CARTESIAN_POINT ( 'NONE',  ( 22.09324635661532810, -0.005344894070956215069, -0.008612382393803786479 ) ) ;
#148 = VERTEX_POINT ( 'NONE', #1626 ) ;
#149 = CARTESIAN_POINT ( 'NONE',  ( 0.6337479801890599784, -4.779349357814174581, -17.93358911009637779 ) ) ;
#150 = EDGE_CURVE ( 'NONE', #4967, #322, #504, .T. ) ;
#151 = CARTESIAN_POINT ( 'NONE',  ( 0.6480971303263367567, 10.08046346888076172, -15.56853882718277760 ) ) ;
#152 = B_SPLINE_CURVE_WITH_KNOTS ( 'NONE', 3,
 ( #5199, #1989, #3363, #3809, #2426, #2512, #266, #4335, #4722, #5227, #1182, #2482, #5651 ),
 .UNSPECIFIED., .F., .F.,
 ( 4, 3, 3, 3, 4 ),
 ( 8.673617379884035472E-19, 0.0003060394048542609846, 0.0004590327578743551296, 0.0006264795226578689057, 0.0007939722156138020884 ),
 .UNSPECIFIED. ) ;
#153 = LINE ( 'NONE', #4785, #3553 ) ;
#154 = CARTESIAN_POINT ( 'NONE',  ( 0.4201982046941583060, -17.42251593794371090, 5.661209250449867447 ) ) ;
#155 = VERTEX_POINT ( 'NONE', #295 ) ;
#156 = CARTESIAN_POINT ( 'NONE',  ( 0.4193753327645652895, 10.43481091824489404, -15.05617200401576206 ) ) ;
#157 = ORIENTED_EDGE ( 'NONE', *, *, #3599, .F. ) ;
#158 = CARTESIAN_POINT ( 'NONE',  ( 0.4182233646136210847, -10.26579477152704456, -15.17018320209478155 ) ) ;
#159 = AXIS2_PLACEMENT_3D ( 'NONE', #3980, #2964, #5731 ) ;
#160 = DIRECTION ( 'NONE',  ( -0.7562523480584151248, 0.5490550112864739374, 0.3558384192823246805 ) ) ;
#161 = CARTESIAN_POINT ( 'NONE',  ( 22.09324635661532810, -0.005344894070955836900, 0.008612382393805260994 ) ) ;
#162 = CARTESIAN_POINT ( 'NONE',  ( 8.082341011147274656, -0.02068145349482631776, 11.83921436388618709 ) ) ;
#163 = ORIENTED_EDGE ( 'NONE', *, *, #2764, .T. ) ;
#164 = CARTESIAN_POINT ( 'NONE',  ( 10.08627239375047324, 13.62157025872562777, 2.466882191262061763 ) ) ;
#165 = CARTESIAN_POINT ( 'NONE',  ( 10.08627239375047147, 0.000000000000000000, 0.000000000000000000 ) ) ;
#166 = CARTESIAN_POINT ( 'NONE',  ( 10.08627239375047147, 0.000000000000000000, 0.000000000000000000 ) ) ;
#167 = CARTESIAN_POINT ( 'NONE',  ( 22.09374604753667626, -0.01032941364857225403, 0.001450526919794073747 ) ) ;
#168 = AXIS2_PLACEMENT_3D ( 'NONE', #1538, #1987, #650 ) ;
#169 = CARTESIAN_POINT ( 'NONE',  ( 3.515204589128319235, 21.21966542070980566, 2.879989908610717908 ) ) ;
#170 = VECTOR ( 'NONE', #840, 1000.000000000000227 ) ;
#171 = ORIENTED_EDGE ( 'NONE', *, *, #5691, .T. ) ;
#172 = EDGE_LOOP ( 'NONE', ( #5321, #208, #4313, #1104 ) ) ;
#173 = CARTESIAN_POINT ( 'NONE',  ( 9.510122032027844341, -1.952307035624890386, 14.37500779818198815 ) ) ;
#174 = AXIS2_PLACEMENT_3D ( 'NONE', #1994, #1545, #2819 ) ;
#175 = AXIS2_PLACEMENT_3D ( 'NONE', #130, #1108, #99 ) ;
#176 = CARTESIAN_POINT ( 'NONE',  ( 8.082332489274268283, 0.04136300386128713424, -11.83915165007222292 ) ) ;
#177 = CARTESIAN_POINT ( 'NONE',  ( 3.515204589128320123, 0.000000000000000000, 0.000000000000000000 ) ) ;
#178 = VERTEX_POINT ( 'NONE', #1213 ) ;
#179 = CARTESIAN_POINT ( 'NONE',  ( 0.4227027292401573932, 5.855738517342982341, -17.36194296277453120 ) ) ;
#180 = ORIENTED_EDGE ( 'NONE', *, *, #4595, .T. ) ;
#181 = CARTESIAN_POINT ( 'NONE',  ( 0.4126876516628502078, 18.31169662920711261, -0.6117626229490751300 ) ) ;
#182 = CARTESIAN_POINT ( 'NONE',  ( 0.5844060700456832347, 6.635928771372855195, 17.25112245679594025 ) ) ;
#183 = EDGE_CURVE ( 'NONE', #2237, #3005, #2345, .T. ) ;
#184 = FACE_OUTER_BOUND ( 'NONE', #4184, .T. ) ;
#185 = CARTESIAN_POINT ( 'NONE',  ( 9.812871695695733365, 2.693973716959536358, -13.30259574546540691 ) ) ;
#186 = CARTESIAN_POINT ( 'NONE',  ( 0.4188817388287976451, -17.25734911289639939, 6.143241149112788513 ) ) ;
#187 = VERTEX_POINT ( 'NONE', #954 ) ;
#188 = EDGE_CURVE ( 'NONE', #936, #875, #5701, .T. ) ;
#189 = CARTESIAN_POINT ( 'NONE',  ( 0.4201982050972176141, 9.214605261233582895E-05, 18.31920718262799497 ) ) ;
#190 = ORIENTED_EDGE ( 'NONE', *, *, #3410, .F. ) ;
#191 = CARTESIAN_POINT ( 'NONE',  ( 9.812871695695735141, -1.548606896406452105, -13.48400402830499978 ) ) ;
#192 = CARTESIAN_POINT ( 'NONE',  ( 9.539500336054885565, -5.268429492845203121, 12.22094266401786022 ) ) ;
#193 = CARTESIAN_POINT ( 'NONE',  ( 1.672572369782839186, -1.347264104294916720, -19.52715064513664700 ) ) ;
#194 = B_SPLINE_CURVE_WITH_KNOTS ( 'NONE', 3,
 ( #4322, #5668, #1586, #3416, #1144, #2958 ),
 .UNSPECIFIED., .F., .F.,
 ( 4, 2, 4 ),
 ( 1.229697496499765462E-17, 0.001429663029798405134, 0.002859326059596797691 ),
 .UNSPECIFIED. ) ;
#195 = DIRECTION ( 'NONE',  ( 0.7636347340829116037, -0.5094783165164249450, -0.3966028717769332079 ) ) ;
#196 = CARTESIAN_POINT ( 'NONE',  ( 8.081286344341224392, -0.3969128176508239791, 11.83150392928987493 ) ) ;
#197 = CARTESIAN_POINT ( 'NONE',  ( 3.515204589130224822, 15.47425434527272969, -14.80256717257262977 ) ) ;
#198 = CARTESIAN_POINT ( 'NONE',  ( 8.564997480335419411, 10.37930362734225120, 6.640981623580151982 ) ) ;
#199 = CARTESIAN_POINT ( 'NONE',  ( 10.08627239375047679, 9.570084858214588763, 10.00230772699661763 ) ) ;
#200 = CARTESIAN_POINT ( 'NONE',  ( 11.36374701386286823, 0.5019282638045878819, -9.262755989700082182 ) ) ;
#201 = EDGE_CURVE ( 'NONE', #5254, #4178, #645, .T. ) ;
#202 = ORIENTED_EDGE ( 'NONE', *, *, #2846, .F. ) ;
#203 = CARTESIAN_POINT ( 'NONE',  ( 10.08627239375047147, 0.000000000000000000, 0.000000000000000000 ) ) ;
#204 = B_SPLINE_CURVE_WITH_KNOTS ( 'NONE', 3,
 ( #2427, #4246, #1898, #5201, #182, #1990 ),
 .UNSPECIFIED., .F., .F.,
 ( 4, 2, 4 ),
 ( 1.270738600076576032E-17, 0.0002687592685055653088, 0.0005375185370111179323 ),
 .UNSPECIFIED. ) ;
#205 = CARTESIAN_POINT ( 'NONE',  ( 0.6337479801890597564, -15.57895661009735200, 10.08721515555756021 ) ) ;
#206 = CARTESIAN_POINT ( 'NONE',  ( 5.178685273547322332, 19.18520954615313201, 3.476116276675313532 ) ) ;
#207 = EDGE_CURVE ( 'NONE', #3539, #5576, #1078, .T. ) ;
#208 = ORIENTED_EDGE ( 'NONE', *, *, #2281, .F. ) ;
#209 = FACE_OUTER_BOUND ( 'NONE', #3232, .T. ) ;
#210 = ORIENTED_EDGE ( 'NONE', *, *, #2957, .F. ) ;
#211 = CARTESIAN_POINT ( 'NONE',  ( 10.08627239375047324, 6.555441082950782317, 12.19257463651239881 ) ) ;
#212 = CARTESIAN_POINT ( 'NONE',  ( 8.081286344341224392, -9.805187248470398131, -6.633274307312396090 ) ) ;
#213 = CARTESIAN_POINT ( 'NONE',  ( 9.516581620098305550, 1.284851155396245614, 13.21234838574688020 ) ) ;
#214 = FACE_OUTER_BOUND ( 'NONE', #5191, .T. ) ;
#215 = ORIENTED_EDGE ( 'NONE', *, *, #1360, .F. ) ;
#216 = CARTESIAN_POINT ( 'NONE',  ( 22.09255692238962965, -0.001541722749955065858, -0.009369076872893239080 ) ) ;
#217 = ORIENTED_EDGE ( 'NONE', *, *, #2905, .F. ) ;
#218 = DIRECTION ( 'NONE',  ( 0.000000000000000000, 0.000000000000000000, 1.000000000000000000 ) ) ;
#219 = CARTESIAN_POINT ( 'NONE',  ( 8.081286344341222616, 9.338588247148488009, 7.275492736841779440 ) ) ;
#220 = CARTESIAN_POINT ( 'NONE',  ( 3.515204589128319235, 21.21966542070980566, 2.879989908610717908 ) ) ;
#221 = CARTESIAN_POINT ( 'NONE',  ( 0.4176373827249106885, 18.30340391288160617, 0.7022604704332888748 ) ) ;
#222 = CARTESIAN_POINT ( 'NONE',  ( 8.189129401831877431, 0.6361564387246960717, 11.92905486128449866 ) ) ;
#223 = CARTESIAN_POINT ( 'NONE',  ( 0.4182233646136245819, 17.60000663291080514, 5.075506595181050962 ) ) ;
#224 = CARTESIAN_POINT ( 'NONE',  ( 9.516581620098312655, 8.805489949250144832, 9.933797819138762364 ) ) ;
#225 = CARTESIAN_POINT ( 'NONE',  ( 8.082269409299113860, 11.22283934583990650, 3.770450136622437221 ) ) ;
#226 = CARTESIAN_POINT ( 'NONE',  ( 22.09182100077397237, -0.006615877186210615546, -0.006528057743294899025 ) ) ;
#227 = ORIENTED_EDGE ( 'NONE', *, *, #5724, .T. ) ;
#228 = CARTESIAN_POINT ( 'NONE',  ( 0.000000000000000000, 0.000000000000000000, 0.000000000000000000 ) ) ;
#229 = EDGE_CURVE ( 'NONE', #2519, #4930, #715, .T. ) ;
#230 = CARTESIAN_POINT ( 'NONE',  ( 11.25262228702623979, 7.584899545616100802, -5.129966460152507679 ) ) ;
#231 = CARTESIAN_POINT ( 'NONE',  ( 3.663019018077783073, 19.51437814524498293, -9.717107951874456973 ) ) ;
#232 = EDGE_LOOP ( 'NONE', ( #3591, #3392, #5324, #2130 ) ) ;
#233 = ORIENTED_EDGE ( 'NONE', *, *, #3402, .T. ) ;
#234 = DIRECTION ( 'NONE',  ( 0.7636347340829117147, -0.02139462247430175962, 0.6452939353746499629 ) ) ;
#235 = CIRCLE ( 'NONE', #3268, 0.3999999999999993006 ) ;
#236 = CARTESIAN_POINT ( 'NONE',  ( 22.10281028718407725, -0.01354449388564625371, 0.006313757786991456948 ) ) ;
#237 = ADVANCED_FACE ( 'NONE', ( #1392 ), #4759, .F. ) ;
#238 = CARTESIAN_POINT ( 'NONE',  ( 22.10703667329342181, -0.006045647796516391385, -0.009390945173916670496 ) ) ;
#239 = CARTESIAN_POINT ( 'NONE',  ( 0.4193760241474190908, -14.57679529522210515, -11.09462361352928284 ) ) ;
#240 = CARTESIAN_POINT ( 'NONE',  ( 22.09374604753667626, -0.001812431280205638187, 0.01027209362899746126 ) ) ;
#241 = B_SPLINE_CURVE_WITH_KNOTS ( 'NONE', 3,
 ( #3594, #1186, #3001, #4812, #743, #3032 ),
 .UNSPECIFIED., .F., .F.,
 ( 4, 2, 4 ),
 ( 0.000000000000000000, 0.0001740257916702653827, 0.0003480515833405307654 ),
 .UNSPECIFIED. ) ;
#242 = EDGE_LOOP ( 'NONE', ( #814, #3064, #1181, #146 ) ) ;
#243 = CARTESIAN_POINT ( 'NONE',  ( 0.4126876516628505409, -5.076804625281983618, 17.60450345064205990 ) ) ;
#244 = ORIENTED_EDGE ( 'NONE', *, *, #2223, .F. ) ;
#245 = ADVANCED_FACE ( 'NONE', ( #2732 ), #1114, .F. ) ;
#246 = CARTESIAN_POINT ( 'NONE',  ( 0.4197050914631974550, -18.31616268768838651, -0.3057278850902221401 ) ) ;
#247 = CARTESIAN_POINT ( 'NONE',  ( 22.09374604753667626, -0.01032941364857225403, 0.001450526919794073747 ) ) ;
#248 = CARTESIAN_POINT ( 'NONE',  ( 0.4960052067975744827, 17.79219411881573620, -4.768773417413493476 ) ) ;
#249 = CARTESIAN_POINT ( 'NONE',  ( 22.09182100077397237, 0.001515261008719395817, 0.009170024695619376914 ) ) ;
#250 = CARTESIAN_POINT ( 'NONE',  ( 8.933971668274603317, -6.586944101422192333, 13.66621851287715117 ) ) ;
#251 = AXIS2_PLACEMENT_3D ( 'NONE', #3452, #3000, #739 ) ;
#252 = CARTESIAN_POINT ( 'NONE',  ( 0.6480971303263367567, -10.08046346888042244, -15.56853882718299786 ) ) ;
#253 = EDGE_CURVE ( 'NONE', #2014, #1516, #4132, .T. ) ;
#254 = CARTESIAN_POINT ( 'NONE',  ( 1.165599648441569380, -10.27963982187854342, 16.05608516862975321 ) ) ;
#255 = CARTESIAN_POINT ( 'NONE',  ( 9.539500336054894447, 1.234095229348736389, -13.25084140283900602 ) ) ;
#256 = CARTESIAN_POINT ( 'NONE',  ( 8.082347709208526965, 11.83926347341176566, -0.03996215582671274608 ) ) ;
#257 = CARTESIAN_POINT ( 'NONE',  ( 0.4126876516628540381, -11.25827158159099461, 14.45488872119371671 ) ) ;
#258 =( BOUNDED_SURFACE ( )  B_SPLINE_SURFACE ( 3, 1, ( 
 ( #2613, #3853 ),
 ( #4320, #1278 ),
 ( #4469, #5807 ),
 ( #2174, #5359 ) ),
 .UNSPECIFIED., .F., .F., .F. ) 
 B_SPLINE_SURFACE_WITH_KNOTS ( ( 4, 4 ),
 ( 2, 2 ),
 ( 0.000000000000000000, 1.000000000000000000 ),
 ( 0.000000000000000000, 1.000000000000000000 ),
 .UNSPECIFIED. ) 
 GEOMETRIC_REPRESENTATION_ITEM ( )  RATIONAL_B_SPLINE_SURFACE ( (
 ( 1.000000000000000000, 1.000000000000000000),
 ( 0.7790009610346629865, 0.9689941987838144311),
 ( 0.7790009610346629865, 0.9689941987838144311),
 ( 1.000000000000000000, 1.000000000000000000) ) ) 
 REPRESENTATION_ITEM ( '' )  SURFACE ( )  );
#259 = EDGE_CURVE ( 'NONE', #5167, #2175, #1781, .T. ) ;
#260 = ORIENTED_EDGE ( 'NONE', *, *, #4880, .F. ) ;
#261 = CARTESIAN_POINT ( 'NONE',  ( 8.081286344341222616, 7.275492736841747465, 9.338588247148511101 ) ) ;
#262 = CARTESIAN_POINT ( 'NONE',  ( 8.081286344341224392, 0.3969128176509065797, -11.83150392928987138 ) ) ;
#263 = CARTESIAN_POINT ( 'NONE',  ( 8.891830625034106816, -8.124900616181886193, -9.695776800649662519 ) ) ;
#264 = EDGE_LOOP ( 'NONE', ( #4065, #5686, #409, #3889 ) ) ;
#265 = ORIENTED_EDGE ( 'NONE', *, *, #2234, .T. ) ;
#266 = CARTESIAN_POINT ( 'NONE',  ( 8.082315436206485515, -11.27875570014201045, 3.599452880203525940 ) ) ;
#267 =( BOUNDED_SURFACE ( )  B_SPLINE_SURFACE ( 3, 1, ( 
 ( #283, #4826 ),
 ( #757, #2559 ),
 ( #4381, #310 ),
 ( #3244, #424 ) ),
 .UNSPECIFIED., .F., .F., .F. ) 
 B_SPLINE_SURFACE_WITH_KNOTS ( ( 4, 4 ),
 ( 2, 2 ),
 ( 0.000000000000000000, 1.000000000000000000 ),
 ( 0.000000000000000000, 1.000000000000000000 ),
 .UNSPECIFIED. ) 
 GEOMETRIC_REPRESENTATION_ITEM ( )  RATIONAL_B_SPLINE_SURFACE ( (
 ( 1.000000000000000000, 1.000000000000000000),
 ( 0.7790009610346629865, 0.9689941987838144311),
 ( 0.7790009610346629865, 0.9689941987838144311),
 ( 1.000000000000000000, 1.000000000000000000) ) ) 
 REPRESENTATION_ITEM ( '' )  SURFACE ( )  );
#268 = VECTOR ( 'NONE', #195, 999.9999999999997726 ) ;
#269 = CARTESIAN_POINT ( 'NONE',  ( 1.672572369782855173, -18.98775136987280376, -4.752897095506655845 ) ) ;
#270 = CIRCLE ( 'NONE', #74, 0.3999999999999993006 ) ;
#271 = CARTESIAN_POINT ( 'NONE',  ( 22.09284734956529661, -0.009812203273946754414, 0.0003495097987798448033 ) ) ;
#272 = CARTESIAN_POINT ( 'NONE',  ( 2.831810311861891361, 20.34674661394458184, 4.465493346917495110 ) ) ;
#273 = DIRECTION ( 'NONE',  ( -0.7636347340829116037, 0.6070997002310142276, -0.2197542875157010855 ) ) ;
#274 = EDGE_LOOP ( 'NONE', ( #4647, #3117, #5730, #1537 ) ) ;
#275 = CARTESIAN_POINT ( 'NONE',  ( 11.25262228702623979, -5.129966460152534324, -7.584899545616083927 ) ) ;
#276 = ORIENTED_EDGE ( 'NONE', *, *, #3755, .F. ) ;
#277 = CARTESIAN_POINT ( 'NONE',  ( 0.4197044002284135988, 14.99791165316946362, 10.51845548834284649 ) ) ;
#278 = CARTESIAN_POINT ( 'NONE',  ( 3.515204589130440649, 3.818204060499704511, -21.07106689736050598 ) ) ;
#279 = B_SPLINE_CURVE_WITH_KNOTS ( 'NONE', 3,
 ( #1942, #3884, #4678, #1614, #1971, #3441, #4232, #197 ),
 .UNSPECIFIED., .F., .F.,
 ( 4, 2, 2, 4 ),
 ( 0.000000000000000000, 0.002211095967735760611, 0.003316643951603638531, 0.004422191935471516885 ),
 .UNSPECIFIED. ) ;
#280 = FACE_OUTER_BOUND ( 'NONE', #1747, .T. ) ;
#281 = CARTESIAN_POINT ( 'NONE',  ( 10.08627239375047324, -10.00230772699665494, 9.570084858214549683 ) ) ;
#282 = ORIENTED_EDGE ( 'NONE', *, *, #259, .T. ) ;
#283 = CARTESIAN_POINT ( 'NONE',  ( 22.10703667329342181, -0.01115097685428748618, 0.0006288272689270225663 ) ) ;
#284 = CARTESIAN_POINT ( 'NONE',  ( 22.09255692238962965, 0.009369076872893244284, -0.001541722749955033332 ) ) ;
#285 = CARTESIAN_POINT ( 'NONE',  ( 0.9068532551530921193, -6.808747509790227248, 17.53008279129110392 ) ) ;
#286 = CARTESIAN_POINT ( 'NONE',  ( 8.081286344341222616, -6.633274307312216678, -9.805187248470522476 ) ) ;
#287 = CARTESIAN_POINT ( 'NONE',  ( 10.08627239375047324, -6.010808495292662812, -12.47007880054821349 ) ) ;
#288 = VERTEX_POINT ( 'NONE', #4639 ) ;
#289 =( NAMED_UNIT ( * ) PLANE_ANGLE_UNIT ( ) SI_UNIT ( $, .RADIAN. ) );
#290 = CARTESIAN_POINT ( 'NONE',  ( 0.4410764106479088120, 6.415418025555869264, -17.18155385183580108 ) ) ;
#291 = CARTESIAN_POINT ( 'NONE',  ( 0.6337479801890594233, 17.31780942828228476, -6.674524347060496687 ) ) ;
#292 = ORIENTED_EDGE ( 'NONE', *, *, #201, .F. ) ;
#293 = VERTEX_POINT ( 'NONE', #5055 ) ;
#294 = EDGE_CURVE ( 'NONE', #2089, #1875, #5626, .T. ) ;
#295 = CARTESIAN_POINT ( 'NONE',  ( 3.515204589131094348, 19.29113524658131951, -9.296270399401787898 ) ) ;
#296 = CARTESIAN_POINT ( 'NONE',  ( 8.564997480335419411, 12.30050408338314583, -0.7281346084094919568 ) ) ;
#297 = CARTESIAN_POINT ( 'NONE',  ( 9.510122032027846117, -10.02886715541899498, 10.48208831951445852 ) ) ;
#298 = CARTESIAN_POINT ( 'NONE',  ( 0.4197044002284099351, 14.63825521451253842, -11.01348010809129008 ) ) ;
#299 = EDGE_LOOP ( 'NONE', ( #5177, #1328, #3576, #3354 ) ) ;
#300 =( BOUNDED_SURFACE ( )  B_SPLINE_SURFACE ( 3, 1, ( 
 ( #122, #3298 ),
 ( #1929, #1069 ),
 ( #559, #3264 ),
 ( #2907, #2398 ) ),
 .UNSPECIFIED., .F., .F., .F. ) 
 B_SPLINE_SURFACE_WITH_KNOTS ( ( 4, 4 ),
 ( 2, 2 ),
 ( 0.000000000000000000, 1.000000000000000000 ),
 ( 0.000000000000000000, 1.000000000000000000 ),
 .UNSPECIFIED. ) 
 GEOMETRIC_REPRESENTATION_ITEM ( )  RATIONAL_B_SPLINE_SURFACE ( (
 ( 1.000000000000000000, 1.000000000000000000),
 ( 0.9594539417957813621, 0.9995981945367502508),
 ( 0.9594539417957813621, 0.9995981945367502508),
 ( 1.000000000000000000, 1.000000000000000000) ) ) 
 REPRESENTATION_ITEM ( '' )  SURFACE ( )  );
#301 = CARTESIAN_POINT ( 'NONE',  ( 0.6337479801890599784, -18.53275695733653805, -0.9963524547569938550 ) ) ;
#302 = ORIENTED_EDGE ( 'NONE', *, *, #5563, .T. ) ;
#303 = CARTESIAN_POINT ( 'NONE',  ( 0.4193753327645657336, 15.05617200401588107, 10.43481091824473417 ) ) ;
#304 = CARTESIAN_POINT ( 'NONE',  ( 8.081286344341222616, 7.275492736841747465, 9.338588247148511101 ) ) ;
#305 = CARTESIAN_POINT ( 'NONE',  ( 8.189061701664826387, -11.92898796282617191, -0.6361397645242948817 ) ) ;
#306 = EDGE_CURVE ( 'NONE', #3027, #2837, #4267, .T. ) ;
#307 = DIRECTION ( 'NONE',  ( -1.000000000000000000, -0.000000000000000000, -0.000000000000000000 ) ) ;
#308 = CARTESIAN_POINT ( 'NONE',  ( 5.129410166199407151, -8.489182879268691195, 17.61552027822216360 ) ) ;
#309 = ORIENTED_EDGE ( 'NONE', *, *, #3667, .T. ) ;
#310 = CARTESIAN_POINT ( 'NONE',  ( 1.789743172660313242, -12.60719369824038516, -15.17697366617006516 ) ) ;
#311 = ADVANCED_FACE ( 'NONE', ( #2834 ), #5367, .F. ) ;
#312 = CARTESIAN_POINT ( 'NONE',  ( 0.6337479801890599784, -17.31780942828214620, -6.674524347060858176 ) ) ;
#313 = CARTESIAN_POINT ( 'NONE',  ( 0.5251705844569032333, 0.9321964365971302513, -18.40070790732973904 ) ) ;
#314 = CARTESIAN_POINT ( 'NONE',  ( 8.082162653057824997, 11.31814598891138779, 3.474586532165881092 ) ) ;
#315 = CARTESIAN_POINT ( 'NONE',  ( 0.4409628251481764738, 4.909069911795960195, -17.67088754460100475 ) ) ;
#316 = B_SPLINE_CURVE_WITH_KNOTS ( 'NONE', 3,
 ( #2002, #1109, #1051, #5663, #4197, #131, #1938 ),
 .UNSPECIFIED., .F., .F.,
 ( 4, 3, 4 ),
 ( 5.756204857846703380E-17, 0.003806765355762689856, 0.01002496898031627996 ),
 .UNSPECIFIED. ) ;
#317 = ORIENTED_EDGE ( 'NONE', *, *, #2156, .T. ) ;
#318 = EDGE_CURVE ( 'NONE', #1823, #436, #606, .T. ) ;
#319 = CARTESIAN_POINT ( 'NONE',  ( 11.36374701386286823, -2.384986869561728451, 8.964508806328923995 ) ) ;
#320 = CARTESIAN_POINT ( 'NONE',  ( 1.672572369782451940, -4.752897095506638969, 18.98775136987240586 ) ) ;
#321 = ORIENTED_EDGE ( 'NONE', *, *, #2967, .F. ) ;
#322 = VERTEX_POINT ( 'NONE', #990 ) ;
#323 = CARTESIAN_POINT ( 'NONE',  ( 2.831810311861893137, 8.346857585884151831, -19.08561492445023688 ) ) ;
#324 = B_SPLINE_CURVE_WITH_KNOTS ( 'NONE', 3,
 ( #1171, #3100, #1644, #4881, #5245, #4441 ),
 .UNSPECIFIED., .F., .F.,
 ( 4, 2, 4 ),
 ( 8.845388854693243284E-18, 0.0001743161698667576121, 0.0003486323397335063879 ),
 .UNSPECIFIED. ) ;
#325 = ADVANCED_FACE ( 'NONE', ( #1560 ), #5173, .T. ) ;
#326 = CARTESIAN_POINT ( 'NONE',  ( 0.5251777261828611820, 14.33852640780485643, -11.56987400234684316 ) ) ;
#327 = CARTESIAN_POINT ( 'NONE',  ( 8.230357535800605362, 7.558545190369470035, 9.303875481428647731 ) ) ;
#328 = ORIENTED_EDGE ( 'NONE', *, *, #554, .T. ) ;
#329 = CARTESIAN_POINT ( 'NONE',  ( 8.230357535800608915, 10.06365929432213058, 6.512792486836229244 ) ) ;
#330 = ORIENTED_EDGE ( 'NONE', *, *, #2689, .T. ) ;
#331 = EDGE_CURVE ( 'NONE', #5461, #2519, #1713, .T. ) ;
#332 = DIRECTION ( 'NONE',  ( -0.7636347340829114927, 0.5346292036539365133, 0.3619856454370514176 ) ) ;
#333 = CARTESIAN_POINT ( 'NONE',  ( 22.09712324851893683, -0.01362008608573919352, -0.005114736531804366104 ) ) ;
#334 = CARTESIAN_POINT ( 'NONE',  ( 0.6480971303263367567, -6.670064725495987723, -17.30622377986114202 ) ) ;
#335 = CARTESIAN_POINT ( 'NONE',  ( 8.081832178819823298, -3.937902261737979526, -11.16504726921530022 ) ) ;
#336 = CARTESIAN_POINT ( 'NONE',  ( 8.081286344341224392, -9.338588247148431165, -7.275492736841846941 ) ) ;
#337 = ORIENTED_EDGE ( 'NONE', *, *, #943, .T. ) ;
#338 = CARTESIAN_POINT ( 'NONE',  ( 8.081286344341222616, 7.275492736841747465, 9.338588247148511101 ) ) ;
#339 = EDGE_CURVE ( 'NONE', #2169, #3137, #2267, .T. ) ;
#340 = LINE ( 'NONE', #3470, #2153 ) ;
#341 = CARTESIAN_POINT ( 'NONE',  ( 0.4193753327645636797, -11.09473658805296914, -14.57670793957777633 ) ) ;
#342 = CARTESIAN_POINT ( 'NONE',  ( 0.6480971303263367567, -14.39803354453990991, 11.69152577772639390 ) ) ;
#343 = CARTESIAN_POINT ( 'NONE',  ( 0.4176364164252638345, 4.988029452809130682, -17.62462250696999888 ) ) ;
#344 = ORIENTED_EDGE ( 'NONE', *, *, #2294, .T. ) ;
#345 = B_SPLINE_CURVE_WITH_KNOTS ( 'NONE', 3,
 ( #2529, #135, #3318, #666, #1055, #3413, #5216 ),
 .UNSPECIFIED., .F., .F.,
 ( 4, 3, 4 ),
 ( 0.000000000000000000, 0.002636963911865863614, 0.01002496898031686803 ),
 .UNSPECIFIED. ) ;
#346 =( GEOMETRIC_REPRESENTATION_CONTEXT ( 3 ) GLOBAL_UNCERTAINTY_ASSIGNED_CONTEXT ( ( #1430 ) ) GLOBAL_UNIT_ASSIGNED_CONTEXT ( ( #4329, #4389, #5312 ) ) REPRESENTATION_CONTEXT ( 'NONE', 'WORKASPACE' ) );
#347 = FACE_OUTER_BOUND ( 'NONE', #1462, .T. ) ;
#348 = CARTESIAN_POINT ( 'NONE',  ( 2.631852984181792809, -4.405343365792551147, 20.05346685427030451 ) ) ;
#349 = ORIENTED_EDGE ( 'NONE', *, *, #2846, .T. ) ;
#350 = EDGE_LOOP ( 'NONE', ( #2997, #917, #794, #1568 ) ) ;
#351 = CARTESIAN_POINT ( 'NONE',  ( 0.4227027292401541181, -5.855738517342622629, -17.36194296277464844 ) ) ;
#352 = CARTESIAN_POINT ( 'NONE',  ( 3.515204589128320123, 0.000000000000000000, 0.000000000000000000 ) ) ;
#353 = LINE ( 'NONE', #4424, #2925 ) ;
#354 = ORIENTED_EDGE ( 'NONE', *, *, #1734, .T. ) ;
#355 = CARTESIAN_POINT ( 'NONE',  ( 8.150690745220675382, 9.976596987875836930, 6.500734843815720865 ) ) ;
#356 = CIRCLE ( 'NONE', #3297, 21.41421356110392082 ) ;
#357 = ORIENTED_EDGE ( 'NONE', *, *, #676, .F. ) ;
#358 = VECTOR ( 'NONE', #4199, 1000.000000000000227 ) ;
#359 = CONICAL_SURFACE ( 'NONE', #4972, 21.41421356110392082, 0.7853981625000059363 ) ;
#360 = DIRECTION ( 'NONE',  ( -1.000000000000000000, -0.000000000000000000, -0.000000000000000000 ) ) ;
#361 = ADVANCED_FACE ( 'NONE', ( #1026 ), #91, .F. ) ;
#362 = VECTOR ( 'NONE', #3485, 1000.000000000000000 ) ;
#363 = CARTESIAN_POINT ( 'NONE',  ( 2.831810311861891361, 10.53442703000853875, -17.97099262013245280 ) ) ;
#364 = CIRCLE ( 'NONE', #1124, 13.84314574289256150 ) ;
#365 = CARTESIAN_POINT ( 'NONE',  ( 8.150687306238465268, -3.099601127578072379, -11.49714922620051460 ) ) ;
#366 = CARTESIAN_POINT ( 'NONE',  ( 8.081286344341222616, -4.033622304792278790, -11.12977610358355562 ) ) ;
#367 = CARTESIAN_POINT ( 'NONE',  ( 8.727656808823709866, -13.88038287584948272, 6.690098262020406139 ) ) ;
#368 = ORIENTED_EDGE ( 'NONE', *, *, #1197, .F. ) ;
#369 = EDGE_CURVE ( 'NONE', #609, #5254, #2863, .T. ) ;
#370 = CARTESIAN_POINT ( 'NONE',  ( 0.4201979075620083104, 18.31920534542325640, -0.1021701731432132082 ) ) ;
#371 = CARTESIAN_POINT ( 'NONE',  ( 9.539500336054906882, 8.787053170275470393, -9.994772908928224453 ) ) ;
#372 = FACE_OUTER_BOUND ( 'NONE', #3219, .T. ) ;
#373 = CARTESIAN_POINT ( 'NONE',  ( 8.080971495803114024, 6.584279350100936234, 9.837952534379752478 ) ) ;
#374 = EDGE_LOOP ( 'NONE', ( #2551, #1242, #4274, #1435 ) ) ;
#375 = B_SPLINE_CURVE_WITH_KNOTS ( 'NONE', 3,
 ( #3864, #4657, #176, #143, #4331, #1983, #3805, #582, #2041, #262 ),
 .UNSPECIFIED., .F., .F.,
 ( 4, 3, 3, 4 ),
 ( 0.0003969943494948537533, 0.0004590327578743544790, 0.0006264795226578682551, 0.0007939722156138019800 ),
 .UNSPECIFIED. ) ;
#376 = CARTESIAN_POINT ( 'NONE',  ( 9.812871695695729812, -5.639599076973477843, -12.34550404827372816 ) ) ;
#377 = ADVANCED_FACE ( 'NONE', ( #2415 ), #1296, .F. ) ;
#378 = CARTESIAN_POINT ( 'NONE',  ( 22.09255692238962965, 0.006754285118807771410, -0.006673540516228969668 ) ) ;
#379 = FACE_OUTER_BOUND ( 'NONE', #3130, .T. ) ;
#380 = EDGE_LOOP ( 'NONE', ( #4814, #4684, #4544, #3999 ) ) ;
#381 = ORIENTED_EDGE ( 'NONE', *, *, #3981, .T. ) ;
#382 = CARTESIAN_POINT ( 'NONE',  ( 3.515204589129470314, -21.21966542071076489, -2.879989908612190952 ) ) ;
#383 = CARTESIAN_POINT ( 'NONE',  ( 0.4078353108599468979, 6.426838567805100766, 17.16074877908911134 ) ) ;
#384 = B_SPLINE_CURVE_WITH_KNOTS ( 'NONE', 3,
 ( #4312, #4733, #1075, #1962, #3433, #2488, #5631, #5658 ),
 .UNSPECIFIED., .F., .F.,
 ( 4, 2, 2, 4 ),
 ( 8.673617379884034509E-19, 0.002211095967733304243, 0.003316643951599951377, 0.004422191935466598944 ),
 .UNSPECIFIED. ) ;
#385 = ADVANCED_FACE ( 'NONE', ( #4265 ), #2083, .F. ) ;
#386 = DIRECTION ( 'NONE',  ( -1.000000000000000000, -0.000000000000000000, -0.000000000000000000 ) ) ;
#387 = CARTESIAN_POINT ( 'NONE',  ( 0.4188817388287998100, 11.17538367978271729, 14.51434841218112304 ) ) ;
#388 = ORIENTED_EDGE ( 'NONE', *, *, #1012, .T. ) ;
#389 = CARTESIAN_POINT ( 'NONE',  ( 8.564997480335419411, 6.640981623580261228, -10.37930362734217837 ) ) ;
#390 = B_SPLINE_CURVE_WITH_KNOTS ( 'NONE', 3,
 ( #2563, #4973, #2705, #1766, #5873, #3159 ),
 .UNSPECIFIED., .F., .F.,
 ( 4, 2, 4 ),
 ( 1.140836248210248932E-17, 0.001429663029798405567, 0.002859326059596799426 ),
 .UNSPECIFIED. ) ;
#391 = VERTEX_POINT ( 'NONE', #1146 ) ;
#392 = B_SPLINE_CURVE_WITH_KNOTS ( 'NONE', 3,
 ( #4652, #3611, #4532, #5458, #3190, #5009 ),
 .UNSPECIFIED., .F., .F.,
 ( 4, 2, 4 ),
 ( 0.000000000000000000, 0.0001743161698667592926, 0.0003486323397335185851 ),
 .UNSPECIFIED. ) ;
#393 = CARTESIAN_POINT ( 'NONE',  ( 1.663814822678608030, -10.36324500328071885, -16.59265908705141968 ) ) ;
#394 = CARTESIAN_POINT ( 'NONE',  ( 0.4182233646136210847, 6.238853248511289529, -17.22201239169717013 ) ) ;
#395 = CARTESIAN_POINT ( 'NONE',  ( 7.369041213193490591, 14.94960191710108788, 8.038805233758742119 ) ) ;
#396 = CARTESIAN_POINT ( 'NONE',  ( 0.4078353108599468979, -18.30684428841292544, 0.8093236901503112479 ) ) ;
#397 = ORIENTED_EDGE ( 'NONE', *, *, #976, .T. ) ;
#398 = CARTESIAN_POINT ( 'NONE',  ( 11.25262228702623979, 5.628421321541719813, -7.222750890525822420 ) ) ;
#399 = CARTESIAN_POINT ( 'NONE',  ( 0.000000000000000000, 2.407240607351680279E-15, 17.89900897828498927 ) ) ;
#400 = CARTESIAN_POINT ( 'NONE',  ( 0.4182233646136210847, -11.25539654257611311, 14.45119542963821146 ) ) ;
#401 = DIRECTION ( 'NONE',  ( -1.000000000000000000, -0.000000000000000000, -0.000000000000000000 ) ) ;
#402 = CARTESIAN_POINT ( 'NONE',  ( 8.082162653057830326, 9.463638848523922675, -7.114261728424688513 ) ) ;
#403 = ORIENTED_EDGE ( 'NONE', *, *, #5528, .F. ) ;
#404 = EDGE_CURVE ( 'NONE', #5713, #2404, #1992, .T. ) ;
#405 = PRODUCT_CONTEXT ( 'NONE', #2151, 'mechanical' ) ;
#406 = CARTESIAN_POINT ( 'NONE',  ( 0.5251777261828640686, 17.21203666371502194, -6.572755728340190728 ) ) ;
#407 = CARTESIAN_POINT ( 'NONE',  ( 8.082162653057832102, 11.19888317126715904, -3.841639742626671516 ) ) ;
#408 = FACE_OUTER_BOUND ( 'NONE', #616, .T. ) ;
#409 = ORIENTED_EDGE ( 'NONE', *, *, #1849, .F. ) ;
#410 = VERTEX_POINT ( 'NONE', #1679 ) ;
#411 = CARTESIAN_POINT ( 'NONE',  ( 0.4182233646136228611, 15.17018320209466786, 10.26579477152721154 ) ) ;
#412 = FACE_OUTER_BOUND ( 'NONE', #5261, .T. ) ;
#413 = CARTESIAN_POINT ( 'NONE',  ( 11.36374701386286823, -7.198700979242693698, 5.850579861704385820 ) ) ;
#414 = CARTESIAN_POINT ( 'NONE',  ( 0.4182233646136210847, -18.30701878804081417, -0.6116075298354108902 ) ) ;
#415 = EDGE_LOOP ( 'NONE', ( #2637, #5197, #729, #5438 ) ) ;
#416 = CARTESIAN_POINT ( 'NONE',  ( 22.10703667329342181, 0.009390945173916691313, -0.006045647796516358426 ) ) ;
#417 = ORIENTED_EDGE ( 'NONE', *, *, #294, .F. ) ;
#418 = CARTESIAN_POINT ( 'NONE',  ( 22.09182100077397237, -0.008252970338748723614, -0.004274792326013447490 ) ) ;
#419 = CARTESIAN_POINT ( 'NONE',  ( 0.5845099095027010971, -18.45750982601076373, -0.9802784579749745930 ) ) ;
#420 = DIRECTION ( 'NONE',  ( 0.000000000000000000, 0.000000000000000000, 1.000000000000000000 ) ) ;
#421 = CARTESIAN_POINT ( 'NONE',  ( 22.10703667329342181, 0.002847791080118771117, 0.01079952751295297844 ) ) ;
#422 = EDGE_CURVE ( 'NONE', #831, #1429, #4403, .T. ) ;
#423 = ORIENTED_EDGE ( 'NONE', *, *, #5399, .F. ) ;
#424 = CARTESIAN_POINT ( 'NONE',  ( 0.6337479801890594233, -11.69934729212850755, -14.40767405211443197 ) ) ;
#425 = CARTESIAN_POINT ( 'NONE',  ( 0.4960052067975744827, -11.59117272305977409, 14.31600804597587207 ) ) ;
#426 = CARTESIAN_POINT ( 'NONE',  ( 22.09255692238962965, 0.009386940141984984401, -0.001428938507665261431 ) ) ;
#427 = CARTESIAN_POINT ( 'NONE',  ( 8.082347709208530517, 9.554676185028027291, -6.991274530871942616 ) ) ;
#428 = ORIENTED_EDGE ( 'NONE', *, *, #2731, .T. ) ;
#429 = EDGE_CURVE ( 'NONE', #5350, #2010, #5266, .T. ) ;
#430 = LINE ( 'NONE', #5518, #2438 ) ;
#431 = CARTESIAN_POINT ( 'NONE',  ( 0.6337479801890597564, -18.53275695733653805, -0.9963524547569942991 ) ) ;
#432 = EDGE_CURVE ( 'NONE', #4343, #436, #5470, .T. ) ;
#433 = CARTESIAN_POINT ( 'NONE',  ( 8.082357490472945827, 11.26328965394905879, -3.648053501153068812 ) ) ;
#434 = CARTESIAN_POINT ( 'NONE',  ( 3.515204589128321899, 9.296270399398201434, 19.29113524657996592 ) ) ;
#435 = VERTEX_POINT ( 'NONE', #3501 ) ;
#436 = VERTEX_POINT ( 'NONE', #4354 ) ;
#437 = CARTESIAN_POINT ( 'NONE',  ( 0.4176364164252717170, 15.22062621313535580, 10.19020578866303417 ) ) ;
#438 = CARTESIAN_POINT ( 'NONE',  ( 8.230357535800607138, 11.96979476970954792, -0.6463107146106560341 ) ) ;
#439 = CARTESIAN_POINT ( 'NONE',  ( 2.631852984182516231, 10.38659256865893177, -17.71065435997661552 ) ) ;
#440 = FACE_OUTER_BOUND ( 'NONE', #3830, .T. ) ;
#441 = ORIENTED_EDGE ( 'NONE', *, *, #5594, .T. ) ;
#442 = CARTESIAN_POINT ( 'NONE',  ( 8.081832178819825074, 3.376820274059554539, -11.34735385821352871 ) ) ;
#443 = ORIENTED_EDGE ( 'NONE', *, *, #612, .T. ) ;
#444 = CARTESIAN_POINT ( 'NONE',  ( 22.09324635661532810, -0.003825913808669393398, 0.009386341494718650896 ) ) ;
#445 = CIRCLE ( 'NONE', #2060, 13.84314574289256150 ) ;
#446 = CARTESIAN_POINT ( 'NONE',  ( 8.230357535800608915, -10.06365929432217499, 6.512792486836157302 ) ) ;
#447 = EDGE_CURVE ( 'NONE', #322, #3547, #3842, .T. ) ;
#448 = CARTESIAN_POINT ( 'NONE',  ( 8.189061701664890336, -4.291264874532717322, 11.14856373681655555 ) ) ;
#449 = EDGE_LOOP ( 'NONE', ( #5242, #1287, #210, #2292 ) ) ;
#450 = DIRECTION ( 'NONE',  ( -1.000000000000000000, -0.000000000000000000, -0.000000000000000000 ) ) ;
#451 = VECTOR ( 'NONE', #2486, 1000.000000000000000 ) ;
#452 = AXIS2_PLACEMENT_3D ( 'NONE', #2534, #1284, #5726 ) ;
#453 = CARTESIAN_POINT ( 'NONE',  ( 11.25262228702623979, -8.608522139869913659, -3.120994002997529826 ) ) ;
#454 = CARTESIAN_POINT ( 'NONE',  ( 22.09374604753667626, 0.01027209362899746820, 0.001812431280205598289 ) ) ;
#455 = CARTESIAN_POINT ( 'NONE',  ( 22.09374604753667626, -0.004897976078549005907, -0.009209269515132260595 ) ) ;
#456 = ORIENTED_EDGE ( 'NONE', *, *, #5660, .T. ) ;
#457 = B_SPLINE_CURVE_WITH_KNOTS ( 'NONE', 3,
 ( #2729, #1333, #836, #2641, #1839, #4466 ),
 .UNSPECIFIED., .F., .F.,
 ( 4, 2, 4 ),
 ( 0.000000000000000000, 0.0001740257916702649219, 0.0003480515833405298438 ),
 .UNSPECIFIED. ) ;
#458 = ITEM_DEFINED_TRANSFORMATION ( 'NONE', 'NONE', #159,  #5373 ) ;
#459 = CARTESIAN_POINT ( 'NONE',  ( 8.081286344341222616, 9.338588247148488009, 7.275492736841779440 ) ) ;
#460 = CARTESIAN_POINT ( 'NONE',  ( 1.911690948753018926, 19.25222388065165191, -4.672810395855894861 ) ) ;
#461 = CARTESIAN_POINT ( 'NONE',  ( 0.6480971303263367567, 11.69152577772644364, 14.39803354453986906 ) ) ;
#462 = CARTESIAN_POINT ( 'NONE',  ( 10.08627239375047147, 0.000000000000000000, 0.000000000000000000 ) ) ;
#463 = ORIENTED_EDGE ( 'NONE', *, *, #1110, .F. ) ;
#464 = ORIENTED_EDGE ( 'NONE', *, *, #1288, .F. ) ;
#465 = CARTESIAN_POINT ( 'NONE',  ( 0.5844060700456877866, 15.50853451509846792, 10.05595017251491186 ) ) ;
#466 = CARTESIAN_POINT ( 'NONE',  ( 8.899588490903196814, 11.76266457312524416, 4.673549587514117754 ) ) ;
#467 = EDGE_CURVE ( 'NONE', #479, #1408, #4895, .T. ) ;
#468 = DIRECTION ( 'NONE',  ( 0.000000000000000000, 0.000000000000000000, 1.000000000000000000 ) ) ;
#469 = CARTESIAN_POINT ( 'NONE',  ( 2.635524340768475859, 13.61826393839133154, -15.37165395375504140 ) ) ;
#470 = ORIENTED_EDGE ( 'NONE', *, *, #1743, .F. ) ;
#471 = CARTESIAN_POINT ( 'NONE',  ( 0.4182233646136228611, 5.075506595180987901, 17.60000663291082645 ) ) ;
#472 = CARTESIAN_POINT ( 'NONE',  ( 0.4188821999575236266, -17.25737386291951125, -6.143174181901657427 ) ) ;
#473 = CARTESIAN_POINT ( 'NONE',  ( 0.6337479801890599784, 17.31780942828219594, 6.674524347060736496 ) ) ;
#474 = CARTESIAN_POINT ( 'NONE',  ( 10.08627239375047324, -2.466882191262109281, 13.62157025872561711 ) ) ;
#475 = AXIS2_PLACEMENT_3D ( 'NONE', #4988, #3741, #2280 ) ;
#476 = CARTESIAN_POINT ( 'NONE',  ( 4.346944931879091811, -14.14025880652321376, -14.78163747600267541 ) ) ;
#477 = DIRECTION ( 'NONE',  ( -1.000000000000000000, -0.000000000000000000, -0.000000000000000000 ) ) ;
#478 = CARTESIAN_POINT ( 'NONE',  ( 22.09324635661532810, -0.006539199295393450899, 0.007744668856831135248 ) ) ;
#479 = VERTEX_POINT ( 'NONE', #760 ) ;
#480 = CARTESIAN_POINT ( 'NONE',  ( 5.178685273547330326, 9.234538826737690442, -17.17203955144078265 ) ) ;
#481 = CARTESIAN_POINT ( 'NONE',  ( 8.080972016268404445, 6.584360341980483255, -9.837898371211924342 ) ) ;
#482 = EDGE_CURVE ( 'NONE', #1952, #4845, #1351, .T. ) ;
#483 = CARTESIAN_POINT ( 'NONE',  ( 22.09324635661532810, 0.01010921362861639215, 0.0007381212216437864435 ) ) ;
#484 = CARTESIAN_POINT ( 'NONE',  ( 8.230357535800605362, -11.96979476970955325, 0.6463107146105724343 ) ) ;
#485 =( BOUNDED_SURFACE ( )  B_SPLINE_SURFACE ( 3, 1, ( 
 ( #1277, #1225 ),
 ( #2116, #4850 ),
 ( #2199, #4938 ),
 ( #2086, #3492 ) ),
 .UNSPECIFIED., .F., .F., .F. ) 
 B_SPLINE_SURFACE_WITH_KNOTS ( ( 4, 4 ),
 ( 2, 2 ),
 ( 0.000000000000000000, 1.000000000000000000 ),
 ( 0.000000000000000000, 1.000000000000000000 ),
 .UNSPECIFIED. ) 
 GEOMETRIC_REPRESENTATION_ITEM ( )  RATIONAL_B_SPLINE_SURFACE ( (
 ( 1.000000000000000000, 1.000000000000000000),
 ( 0.9594539417957813621, 0.9995981945367502508),
 ( 0.9594539417957813621, 0.9995981945367502508),
 ( 1.000000000000000000, 1.000000000000000000) ) ) 
 REPRESENTATION_ITEM ( '' )  SURFACE ( )  );
#486 = EDGE_LOOP ( 'NONE', ( #5088, #1835, #4780, #3691 ) ) ;
#487 = EDGE_CURVE ( 'NONE', #1961, #3296, #5670, .T. ) ;
#488 = CARTESIAN_POINT ( 'NONE',  ( 8.150687306238456387, -9.265484746560893825, -7.479489280081468294 ) ) ;
#489 = CARTESIAN_POINT ( 'NONE',  ( 8.230357535800605362, 7.558545190369603262, -9.303875481428539373 ) ) ;
#490 = CARTESIAN_POINT ( 'NONE',  ( 8.082347709208523412, -6.926614404480774922, 9.601654516717415433 ) ) ;
#491 = CARTESIAN_POINT ( 'NONE',  ( 0.4078353108599468979, 15.28625667210333638, 10.10573646946188120 ) ) ;
#492 = ORIENTED_EDGE ( 'NONE', *, *, #2475, .T. ) ;
#493 = ORIENTED_EDGE ( 'NONE', *, *, #5415, .T. ) ;
#494 = EDGE_CURVE ( 'NONE', #3940, #2158, #1931, .T. ) ;
#495 = CARTESIAN_POINT ( 'NONE',  ( 1.789743172660313242, -10.53832259871788324, 16.68009650493436524 ) ) ;
#496 = FACE_OUTER_BOUND ( 'NONE', #274, .T. ) ;
#497 = CARTESIAN_POINT ( 'NONE',  ( 3.093381936067834737, -20.86020001144671809, -2.392049085536223085 ) ) ;
#498 = ORIENTED_EDGE ( 'NONE', *, *, #969, .F. ) ;
#499 = CARTESIAN_POINT ( 'NONE',  ( 8.082162653057826773, 3.474586532165999664, -11.31814598891134871 ) ) ;
#500 = CARTESIAN_POINT ( 'NONE',  ( 0.4078353108599468979, -10.10573646946193271, 15.28625667210329375 ) ) ;
#501 = CARTESIAN_POINT ( 'NONE',  ( 22.09284734956529661, 0.007732802495631328939, 0.006050227743834965879 ) ) ;
#502 = EDGE_CURVE ( 'NONE', #4858, #2167, #3947, .T. ) ;
#503 = CARTESIAN_POINT ( 'NONE',  ( 9.510122032027840788, 6.298876031950658039, -13.06814878600871666 ) ) ;
#504 = B_SPLINE_CURVE_WITH_KNOTS ( 'NONE', 3,
 ( #5597, #1510, #2999, #4810, #737, #3774, #2105, #770, #5738, #3481, #3926, #2571, #4839 ),
 .UNSPECIFIED., .F., .F.,
 ( 4, 3, 3, 3, 4 ),
 ( 2.453269466693398698E-18, 0.0003060394048542597377, 0.0004590327578743553464, 0.0006264795226578682551, 0.0007939722156138003537 ),
 .UNSPECIFIED. ) ;
#505 = CARTESIAN_POINT ( 'NONE',  ( 3.663019018077784850, -3.211244355634248926, 21.56202798978806356 ) ) ;
#506 = CARTESIAN_POINT ( 'NONE',  ( 11.36374701386286823, -7.788753041588780235, 5.038442870954493280 ) ) ;
#507 = CARTESIAN_POINT ( 'NONE',  ( 0.4176373827249028059, -14.39498647264137787, -11.32661154180256524 ) ) ;
#508 = EDGE_CURVE ( 'NONE', #3539, #4015, #2346, .T. ) ;
#509 = CARTESIAN_POINT ( 'NONE',  ( 1.672572369781983648, 19.52715064513578724, -1.347264104294737974 ) ) ;
#510 = ORIENTED_EDGE ( 'NONE', *, *, #2405, .T. ) ;
#511 = CARTESIAN_POINT ( 'NONE',  ( 22.09182100077397237, 0.004164133372276265788, 0.008309353891892240843 ) ) ;
#512 = CARTESIAN_POINT ( 'NONE',  ( 22.09374604753667626, -0.001812431280206809560, -0.01027209362899845005 ) ) ;
#513 = CARTESIAN_POINT ( 'NONE',  ( 8.230357535800607138, -11.58367230890924482, 3.084191986338692182 ) ) ;
#514 = CARTESIAN_POINT ( 'NONE',  ( 8.096103227782995404, -9.882291602437042854, 6.544870750253168445 ) ) ;
#515 = ORIENTED_EDGE ( 'NONE', *, *, #4983, .T. ) ;
#516 = EDGE_CURVE ( 'NONE', #2167, #3323, #4612, .T. ) ;
#517 = CARTESIAN_POINT ( 'NONE',  ( 8.082357490472942274, 9.571732829711594448, 6.967920695060501046 ) ) ;
#518 = CARTESIAN_POINT ( 'NONE',  ( 0.6480971303263367567, 17.92159482384639801, -4.776147394168151372 ) ) ;
#519 =( BOUNDED_SURFACE ( )  B_SPLINE_SURFACE ( 3, 1, ( 
 ( #240, #1218 ),
 ( #5293, #774 ),
 ( #4867, #1157 ),
 ( #2975, #4786 ) ),
 .UNSPECIFIED., .F., .F., .F. ) 
 B_SPLINE_SURFACE_WITH_KNOTS ( ( 4, 4 ),
 ( 2, 2 ),
 ( 0.000000000000000000, 1.000000000000000000 ),
 ( 0.000000000000000000, 1.000000000000000000 ),
 .UNSPECIFIED. ) 
 GEOMETRIC_REPRESENTATION_ITEM ( )  RATIONAL_B_SPLINE_SURFACE ( (
 ( 1.000000000000000000, 1.000000000000000000),
 ( 0.9934036227985141299, 0.8357362271078294658),
 ( 0.9934036227985141299, 0.8357362271078294658),
 ( 1.000000000000000000, 1.000000000000000000) ) ) 
 REPRESENTATION_ITEM ( '' )  SURFACE ( )  );
#520 = CARTESIAN_POINT ( 'NONE',  ( 8.081286344341224392, 11.12977610358356984, -4.033622304792239710 ) ) ;
#521 = CARTESIAN_POINT ( 'NONE',  ( 0.4227027292401573932, 0.2040028437736940981, -18.32171170676644323 ) ) ;
#522 = ORIENTED_EDGE ( 'NONE', *, *, #5528, .T. ) ;
#523 = ORIENTED_EDGE ( 'NONE', *, *, #4887, .T. ) ;
#524 = CARTESIAN_POINT ( 'NONE',  ( 0.4227027292401573932, -18.32171170676644678, -0.2040028437736301214 ) ) ;
#525 = CARTESIAN_POINT ( 'NONE',  ( 22.09182100077397237, -0.006528057743295823633, -0.006615877186209332718 ) ) ;
#526 = CARTESIAN_POINT ( 'NONE',  ( 8.727656808823716972, 15.16180672979634281, 2.746281162584416791 ) ) ;
#527 = ORIENTED_EDGE ( 'NONE', *, *, #2920, .F. ) ;
#528 = CARTESIAN_POINT ( 'NONE',  ( 8.081819171567943272, 3.928679357105850034, -11.16795579878890621 ) ) ;
#529 = CARTESIAN_POINT ( 'NONE',  ( 0.4200341587692232315, -17.35867813501642942, -5.854403468231875074 ) ) ;
#530 = CARTESIAN_POINT ( 'NONE',  ( 11.25262228702623979, -0.3080620461959381884, -9.151631263062917299 ) ) ;
#531 = B_SPLINE_CURVE_WITH_KNOTS ( 'NONE', 3,
 ( #1930, #5144, #3743, #2785, #1071, #1543 ),
 .UNSPECIFIED., .F., .F.,
 ( 4, 2, 4 ),
 ( 1.298476389751919025E-17, 0.0002687592685055675314, 0.0005375185370111220523 ),
 .UNSPECIFIED. ) ;
#532 = CARTESIAN_POINT ( 'NONE',  ( 8.150687306238463492, 9.265484746560952445, 7.479489280081401681 ) ) ;
#533 = CARTESIAN_POINT ( 'NONE',  ( 9.510122032027844341, 14.27474089050051731, -2.585367375870563755 ) ) ;
#534 = CARTESIAN_POINT ( 'NONE',  ( 6.010425613512317078, -12.81564292679791706, -13.39640291774735381 ) ) ;
#535 = CARTESIAN_POINT ( 'NONE',  ( 3.515204589128320123, 2.622484809386376152E-15, 21.41421356110392082 ) ) ;
#536 = ORIENTED_EDGE ( 'NONE', *, *, #5414, .T. ) ;
#537 = DIRECTION ( 'NONE',  ( 0.7562523480584151248, 0.2350382599242733794, -0.6106057667823840962 ) ) ;
#538 = B_SPLINE_CURVE_WITH_KNOTS ( 'NONE', 3,
 ( #4405, #4467, #4022, #5834, #4349, #1786 ),
 .UNSPECIFIED., .F., .F.,
 ( 4, 2, 4 ),
 ( 1.271351296746660821E-17, 0.0002687592685055684529, 0.0005375185370111241123 ),
 .UNSPECIFIED. ) ;
#539 = CARTESIAN_POINT ( 'NONE',  ( 5.178685273547230850, -19.32039755927306146, 2.622572754073975165 ) ) ;
#540 = CARTESIAN_POINT ( 'NONE',  ( 0.5251777261828660670, -6.572755728340244019, -17.21203666371498997 ) ) ;
#541 = EDGE_CURVE ( 'NONE', #2605, #4394, #5681, .T. ) ;
#542 = EDGE_CURVE ( 'NONE', #2431, #3674, #2491, .T. ) ;
#543 = CARTESIAN_POINT ( 'NONE',  ( 4.346944931879223262, -14.78163747600222244, 14.14025880652099865 ) ) ;
#544 = VERTEX_POINT ( 'NONE', #3715 ) ;
#545 = AXIS2_PLACEMENT_3D ( 'NONE', #5329, #307, #4406 ) ;
#546 = VECTOR ( 'NONE', #2381, 1000.000000000000000 ) ;
#547 = CARTESIAN_POINT ( 'NONE',  ( 11.36374701386286823, 7.198700979242737219, -5.850579861704331641 ) ) ;
#548 = CARTESIAN_POINT ( 'NONE',  ( 3.093381936069281579, 20.57841297091809096, -4.171182439499392380 ) ) ;
#549 = CARTESIAN_POINT ( 'NONE',  ( 22.09324635661532810, -0.01010921362861736360, 0.0007381212216450295897 ) ) ;
#550 = CARTESIAN_POINT ( 'NONE',  ( 1.161569255189765393, 19.02635230989424286, 1.145717208190257796 ) ) ;
#551 = ORIENTED_EDGE ( 'NONE', *, *, #4609, .F. ) ;
#552 = ORIENTED_EDGE ( 'NONE', *, *, #3423, .T. ) ;
#553 = CARTESIAN_POINT ( 'NONE',  ( 0.4078353108599468979, -17.16074877908913265, 6.426838567805035929 ) ) ;
#554 = EDGE_CURVE ( 'NONE', #11, #2542, #2934, .T. ) ;
#555 = CARTESIAN_POINT ( 'NONE',  ( 0.4193753327645617923, -10.43481091824478568, 15.05617200401584377 ) ) ;
#556 = ORIENTED_EDGE ( 'NONE', *, *, #183, .F. ) ;
#557 = CARTESIAN_POINT ( 'NONE',  ( 10.08627239375047324, -13.71719167695413866, -1.863152317086421927 ) ) ;
#558 = ORIENTED_EDGE ( 'NONE', *, *, #5836, .F. ) ;
#559 = CARTESIAN_POINT ( 'NONE',  ( 22.09182100077397237, 0.006528057743294921576, -0.006615877186210592995 ) ) ;
#560 = ADVANCED_FACE ( 'NONE', ( #3581 ), #4450, .F. ) ;
#561 = CARTESIAN_POINT ( 'NONE',  ( 1.789743172660313242, -16.68009650493431906, -10.53832259871795074 ) ) ;
#562 = CARTESIAN_POINT ( 'NONE',  ( 10.08627239375047324, 1.863152317086473664, -13.71719167695413155 ) ) ;
#563 = PLANE ( 'NONE',  #930 ) ;
#564 = CARTESIAN_POINT ( 'NONE',  ( 8.150690745220671829, -6.500734843815752839, 9.976596987875813838 ) ) ;
#565 = CARTESIAN_POINT ( 'NONE',  ( 0.4200333337418783453, 10.60206601003653759, -14.93967501781329332 ) ) ;
#566 = ORIENTED_EDGE ( 'NONE', *, *, #3280, .F. ) ;
#567 = CARTESIAN_POINT ( 'NONE',  ( 8.230357535800605362, -6.512792486836119110, -10.06365929432220163 ) ) ;
#568 = CARTESIAN_POINT ( 'NONE',  ( 2.831810311861891361, 17.97099262013257004, 10.53442703000834335 ) ) ;
#569 = CARTESIAN_POINT ( 'NONE',  ( 3.304290419810794077, 19.19558900212735608, -9.008696413506385170 ) ) ;
#570 = CARTESIAN_POINT ( 'NONE',  ( 8.727656808823718748, 13.88038287584951824, -6.690098262020308439 ) ) ;
#571 = ORIENTED_EDGE ( 'NONE', *, *, #1305, .T. ) ;
#572 = CARTESIAN_POINT ( 'NONE',  ( 8.891830625034106816, -12.27221728904001097, -3.068351446858176068 ) ) ;
#573 = EDGE_CURVE ( 'NONE', #1531, #2351, #1091, .T. ) ;
#574 = EDGE_CURVE ( 'NONE', #1227, #609, #2209, .T. ) ;
#575 = CARTESIAN_POINT ( 'NONE',  ( 8.230357535800608915, 10.06365929432213058, 6.512792486836229244 ) ) ;
#576 = DIRECTION ( 'NONE',  ( 0.000000000000000000, 0.000000000000000000, -1.000000000000000000 ) ) ;
#577 = CARTESIAN_POINT ( 'NONE',  ( 11.25262228702623979, -5.129966460152643570, 7.584899545616009320 ) ) ;
#578 = VERTEX_POINT ( 'NONE', #4637 ) ;
#579 = ORIENTED_EDGE ( 'NONE', *, *, #1630, .F. ) ;
#580 = B_SPLINE_CURVE_WITH_KNOTS ( 'NONE', 3,
 ( #520, #4950, #407, #2804, #4504, #433, #2269, #2771, #4116, #964, #4591, #2211, #2241 ),
 .UNSPECIFIED., .F., .F.,
 ( 4, 3, 3, 3, 4 ),
 ( 1.734723475976807094E-18, 0.0003060394048542606051, 0.0004590327578743537201, 0.0006264795226578679299, 0.0007939722156138005705 ),
 .UNSPECIFIED. ) ;
#581 = CARTESIAN_POINT ( 'NONE',  ( 2.635524340767505969, -18.82758664979874652, -8.201636355872153672 ) ) ;
#582 = CARTESIAN_POINT ( 'NONE',  ( 8.081819171567941495, 0.2853079687557505961, -11.83538582293018848 ) ) ;
#583 = CARTESIAN_POINT ( 'NONE',  ( 0.6337479801890598674, 0.9963524547567995659, 18.53275695733654871 ) ) ;
#584 = VERTEX_POINT ( 'NONE', #562 ) ;
#585 = FACE_OUTER_BOUND ( 'NONE', #486, .T. ) ;
#586 = VERTEX_POINT ( 'NONE', #4190 ) ;
#587 = ORIENTED_EDGE ( 'NONE', *, *, #75, .T. ) ;
#588 = LINE ( 'NONE', #3839, #1198 ) ;
#589 = EDGE_CURVE ( 'NONE', #4789, #4715, #3710, .T. ) ;
#590 = CARTESIAN_POINT ( 'NONE',  ( 2.631852984182518451, -13.63419961954282833, -15.35112972325939573 ) ) ;
#591 = CARTESIAN_POINT ( 'NONE',  ( 0.4200333337418765689, -14.93967501781333240, -10.60206601003648963 ) ) ;
#592 = CARTESIAN_POINT ( 'NONE',  ( 8.230357535800608915, -3.084191986338819635, 11.58367230890921107 ) ) ;
#593 = CARTESIAN_POINT ( 'NONE',  ( 8.189061701664872572, 11.54171973288794284, -3.081255137882093376 ) ) ;
#594 = B_SPLINE_CURVE_WITH_KNOTS ( 'NONE', 3,
 ( #3216, #1792, #3157, #2323 ),
 .UNSPECIFIED., .F., .F.,
 ( 4, 4 ),
 ( 8.673617379884034509E-19, 0.002859022159863993696 ),
 .UNSPECIFIED. ) ;
#595 = LINE ( 'NONE', #1047, #2718 ) ;
#596 = ORIENTED_EDGE ( 'NONE', *, *, #3314, .T. ) ;
#597 = CARTESIAN_POINT ( 'NONE',  ( 0.4200341587692288936, -18.31819411818885612, -0.2037420238779582560 ) ) ;
#598 = CARTESIAN_POINT ( 'NONE',  ( 22.10281028718407725, 0.01019021927649883807, -0.01093052071531484121 ) ) ;
#599 = CARTESIAN_POINT ( 'NONE',  ( 3.304290419810171020, -2.636016208695230123, -21.03993029353436484 ) ) ;
#600 = LINE ( 'NONE', #5154, #546 ) ;
#601 = ORIENTED_EDGE ( 'NONE', *, *, #4939, .T. ) ;
#602 = CARTESIAN_POINT ( 'NONE',  ( 8.081286344341222616, -7.275492736841675523, -9.338588247148566168 ) ) ;
#603 = B_SPLINE_CURVE_WITH_KNOTS ( 'NONE', 3,
 ( #2114, #3936, #3120, #5442, #4548, #1387, #474 ),
 .UNSPECIFIED., .F., .F.,
 ( 4, 3, 4 ),
 ( 1.258997298832685629E-16, 0.003806765355762703733, 0.01002496898031646558 ),
 .UNSPECIFIED. ) ;
#604 = CARTESIAN_POINT ( 'NONE',  ( 3.515204589129467649, -10.14264561317895108, 18.85988553533870515 ) ) ;
#605 = CARTESIAN_POINT ( 'NONE',  ( 8.899588490903195037, 0.8099465372061155355, -12.63116503786079470 ) ) ;
#606 = LINE ( 'NONE', #3321, #3904 ) ;
#607 = CARTESIAN_POINT ( 'NONE',  ( 0.4182233646136210847, -17.22201239169719145, -6.238853248511230021 ) ) ;
#608 = VERTEX_POINT ( 'NONE', #1072 ) ;
#609 = VERTEX_POINT ( 'NONE', #684 ) ;
#610 = EDGE_CURVE ( 'NONE', #4930, #747, #3214, .T. ) ;
#611 = CARTESIAN_POINT ( 'NONE',  ( 11.36374701386286823, 8.654300079383576261, -3.339711161569522080 ) ) ;
#612 = EDGE_CURVE ( 'NONE', #4570, #863, #235, .T. ) ;
#613 = CARTESIAN_POINT ( 'NONE',  ( 0.4182233646136193639, 15.17018320209481885, -10.26579477152699127 ) ) ;
#614 = ORIENTED_EDGE ( 'NONE', *, *, #5607, .T. ) ;
#615 = CARTESIAN_POINT ( 'NONE',  ( 0.4960052067975748158, 17.79219411881567581, 4.768773417413741278 ) ) ;
#616 = EDGE_LOOP ( 'NONE', ( #157, #5525, #5207, #1530 ) ) ;
#617 = CARTESIAN_POINT ( 'NONE',  ( 22.09374604753667626, -0.01032941364857355680, -0.001450526919793266450 ) ) ;
#618 = DIRECTION ( 'NONE',  ( 0.000000000000000000, 0.000000000000000000, 1.000000000000000000 ) ) ;
#619 = B_SPLINE_CURVE_WITH_KNOTS ( 'NONE', 3,
 ( #857, #49, #4982, #3617, #5407, #3229 ),
 .UNSPECIFIED., .F., .F.,
 ( 4, 2, 4 ),
 ( 0.000000000000000000, 0.0001740257916702661416, 0.0003480515833405322832 ),
 .UNSPECIFIED. ) ;
#620 = CARTESIAN_POINT ( 'NONE',  ( 0.4197044002284078257, 5.369036052585733465, -17.51424310904015869 ) ) ;
#621 = DIRECTION ( 'NONE',  ( -0.7562523480584151248, 0.6321424650982666593, 0.1687551180723725341 ) ) ;
#622 = CARTESIAN_POINT ( 'NONE',  ( 10.08627239375047147, 0.000000000000000000, 0.000000000000000000 ) ) ;
#623 = EDGE_LOOP ( 'NONE', ( #4217, #5225, #4757, #1979 ) ) ;
#624 = CARTESIAN_POINT ( 'NONE',  ( 8.230357535800607138, 4.313548019702579950, -11.18423031998655404 ) ) ;
#625 = ORIENTED_EDGE ( 'NONE', *, *, #921, .F. ) ;
#626 = CARTESIAN_POINT ( 'NONE',  ( 0.4182233646136210847, -0.6116075298350905909, -18.30701878804082128 ) ) ;
#627 = VECTOR ( 'NONE', #3685, 1000.000000000000000 ) ;
#628 = CARTESIAN_POINT ( 'NONE',  ( 8.082286027375507942, -11.28748622049486627, -3.571883207762000190 ) ) ;
#629 = EDGE_CURVE ( 'NONE', #3071, #5454, #3139, .T. ) ;
#630 = CARTESIAN_POINT ( 'NONE',  ( 0.4960052067975744827, 0.9627173165657950671, -18.39501418419228074 ) ) ;
#631 = B_SPLINE_CURVE_WITH_KNOTS ( 'NONE', 3,
 ( #119, #4981, #5823, #3138, #4954, #5094, #1324, #2831, #1294, #21, #1804, #4648, #913 ),
 .UNSPECIFIED., .F., .F.,
 ( 4, 3, 3, 3, 4 ),
 ( 3.878959614448864246E-18, 0.0003060198743295311236, 0.0006120397344444685524, 0.0009177208998331772786, 0.001223526564453231505 ),
 .UNSPECIFIED. ) ;
#632 = CARTESIAN_POINT ( 'NONE',  ( 22.09374604753667626, 0.007244977936371149556, 0.007504072852115262551 ) ) ;
#633 = DIRECTION ( 'NONE',  ( -1.000000000000000000, -0.000000000000000000, -0.000000000000000000 ) ) ;
#634 = CARTESIAN_POINT ( 'NONE',  ( 22.09182100077397237, 0.008252970338748256973, -0.004274792326014923739 ) ) ;
#635 =( BOUNDED_SURFACE ( )  B_SPLINE_SURFACE ( 3, 1, ( 
 ( #897, #4583 ),
 ( #2674, #4027 ),
 ( #4497, #425 ),
 ( #512, #1847 ) ),
 .UNSPECIFIED., .F., .F., .F. ) 
 B_SPLINE_SURFACE_WITH_KNOTS ( ( 4, 4 ),
 ( 2, 2 ),
 ( 0.000000000000000000, 1.000000000000000000 ),
 ( 0.000000000000000000, 1.000000000000000000 ),
 .UNSPECIFIED. ) 
 GEOMETRIC_REPRESENTATION_ITEM ( )  RATIONAL_B_SPLINE_SURFACE ( (
 ( 1.000000000000000000, 1.000000000000000000),
 ( 0.9934036227985141299, 0.8357362271078285776),
 ( 0.9934036227985141299, 0.8357362271078285776),
 ( 1.000000000000000000, 1.000000000000000000) ) ) 
 REPRESENTATION_ITEM ( '' )  SURFACE ( )  );
#636 = CARTESIAN_POINT ( 'NONE',  ( 0.4201982046941582505, 17.42268678612103372, 5.660683433827177424 ) ) ;
#637 = DIRECTION ( 'NONE',  ( 0.7636347340829116037, 0.6452939353746500739, 0.02139462247429950448 ) ) ;
#638 = CARTESIAN_POINT ( 'NONE',  ( 0.9068532551531907071, -14.56808077891767006, -11.89259718230330343 ) ) ;
#639 = VECTOR ( 'NONE', #5148, 1000.000000000000000 ) ;
#640 = CARTESIAN_POINT ( 'NONE',  ( 8.081286344341222616, 11.12977610358351477, 4.033622304792393365 ) ) ;
#641 = VECTOR ( 'NONE', #2125, 1000.000000000000114 ) ;
#642 = ORIENTED_EDGE ( 'NONE', *, *, #2655, .T. ) ;
#643 = CARTESIAN_POINT ( 'NONE',  ( 22.09255692238962965, 0.008434103081284683931, 0.004361469442993027440 ) ) ;
#644 = CIRCLE ( 'NONE', #174, 17.89900897828498927 ) ;
#645 = B_SPLINE_CURVE_WITH_KNOTS ( 'NONE', 3,
 ( #4163, #2375, #2789, #2286 ),
 .UNSPECIFIED., .F., .F.,
 ( 4, 4 ),
 ( 0.000000000000000000, 0.002859022159864000635 ),
 .UNSPECIFIED. ) ;
#646 = CIRCLE ( 'NONE', #2444, 10.00000000000000000 ) ;
#647 = CARTESIAN_POINT ( 'NONE',  ( 0.6480971303263367567, -11.69152577772654489, 14.39803354453978912 ) ) ;
#648 = CARTESIAN_POINT ( 'NONE',  ( 1.663814822678610028, 16.59265908705144454, -10.36324500328065490 ) ) ;
#649 = EDGE_LOOP ( 'NONE', ( #4200, #3371, #571, #1000 ) ) ;
#650 = DIRECTION ( 'NONE',  ( 0.000000000000000000, 0.000000000000000000, 1.000000000000000000 ) ) ;
#651 = ORIENTED_EDGE ( 'NONE', *, *, #2689, .F. ) ;
#652 = CARTESIAN_POINT ( 'NONE',  ( 3.304290419809264634, -21.03993029353355126, 2.636016208694344609 ) ) ;
#653 = CARTESIAN_POINT ( 'NONE',  ( 0.4960052067975744827, -14.31600804597582233, -11.59117272305982915 ) ) ;
#654 = ADVANCED_FACE ( 'NONE', ( #2485 ), #5051, .F. ) ;
#655 = CARTESIAN_POINT ( 'NONE',  ( 3.515204589131094792, 21.07106689736136218, -3.818204060498639141 ) ) ;
#656 = CARTESIAN_POINT ( 'NONE',  ( 0.4201982046941548088, -14.82071241848045773, -10.76753617100871629 ) ) ;
#657 = DIRECTION ( 'NONE',  ( 1.000000000000000000, -0.000000000000000000, -0.000000000000000000 ) ) ;
#658 = ORIENTED_EDGE ( 'NONE', *, *, #183, .T. ) ;
#659 = CARTESIAN_POINT ( 'NONE',  ( 0.4201985021554866528, 10.85006234114938195, -14.76075591654601027 ) ) ;
#660 = ORIENTED_EDGE ( 'NONE', *, *, #5244, .F. ) ;
#661 = CARTESIAN_POINT ( 'NONE',  ( 0.4410764106479099222, -10.12928095319049149, -15.28924617427206734 ) ) ;
#662 = CARTESIAN_POINT ( 'NONE',  ( 0.6480971303263403094, 4.776147394168336113, 17.92159482384635183 ) ) ;
#663 = CARTESIAN_POINT ( 'NONE',  ( 0.4078353108599463428, 17.66093832750261328, -4.887413429185687441 ) ) ;
#664 = CARTESIAN_POINT ( 'NONE',  ( 22.09255692238962965, 0.004361469442994496751, 0.008434103081284767198 ) ) ;
#665 = CARTESIAN_POINT ( 'NONE',  ( 8.081819171567941495, -0.2853079687556679955, 11.83538582293018848 ) ) ;
#666 = CARTESIAN_POINT ( 'NONE',  ( 8.357821303193645690, -7.499020486873859248, -13.94634013067842560 ) ) ;
#667 = EDGE_CURVE ( 'NONE', #2418, #1429, #153, .T. ) ;
#668 = CARTESIAN_POINT ( 'NONE',  ( 0.4193753327645742823, 17.54380440170683286, 5.271481900631241224 ) ) ;
#669 = LINE ( 'NONE', #3351, #2926 ) ;
#670 = CARTESIAN_POINT ( 'NONE',  ( 0.4227027292401573932, 17.48802365402832848, -5.467702049515494878 ) ) ;
#671 = SURFACE_STYLE_USAGE ( .BOTH. , #4745 ) ;
#672 = ORIENTED_EDGE ( 'NONE', *, *, #1440, .T. ) ;
#673 = EDGE_CURVE ( 'NONE', #2749, #3111, #1014, .T. ) ;
#674 =( NAMED_UNIT ( * ) PLANE_ANGLE_UNIT ( ) SI_UNIT ( $, .RADIAN. ) );
#675 = CARTESIAN_POINT ( 'NONE',  ( 8.080972016268406222, 9.302176594514033781, -7.321718109830158028 ) ) ;
#676 = EDGE_CURVE ( 'NONE', #2623, #5736, #3362, .T. ) ;
#677 = VERTEX_POINT ( 'NONE', #2848 ) ;
#678 = ORIENTED_EDGE ( 'NONE', *, *, #1041, .F. ) ;
#679 = LINE ( 'NONE', #4306, #1237 ) ;
#680 =( BOUNDED_SURFACE ( )  B_SPLINE_SURFACE ( 3, 1, ( 
 ( #5846, #1799 ),
 ( #3613, #2742 ),
 ( #2270, #491 ),
 ( #2299, #3589 ) ),
 .UNSPECIFIED., .F., .F., .F. ) 
 B_SPLINE_SURFACE_WITH_KNOTS ( ( 4, 4 ),
 ( 2, 2 ),
 ( 0.000000000000000000, 1.000000000000000000 ),
 ( 0.000000000000000000, 1.000000000000000000 ),
 .UNSPECIFIED. ) 
 GEOMETRIC_REPRESENTATION_ITEM ( )  RATIONAL_B_SPLINE_SURFACE ( (
 ( 1.000000000000000000, 1.000000000000000000),
 ( 0.9934036227985141299, 0.8357362271078294658),
 ( 0.9934036227985141299, 0.8357362271078294658),
 ( 1.000000000000000000, 1.000000000000000000) ) ) 
 REPRESENTATION_ITEM ( '' )  SURFACE ( )  );
#681 = DIRECTION ( 'NONE',  ( -0.7562523480584151248, 0.2350382599242690218, 0.6106057667823858726 ) ) ;
#682 = B_SPLINE_CURVE_WITH_KNOTS ( 'NONE', 3,
 ( #4820, #716, #4431, #3964, #3542, #3008, #1252 ),
 .UNSPECIFIED., .F., .F.,
 ( 4, 3, 4 ),
 ( 0.000000000000000000, 0.002636963911865781215, 0.01002496898031635109 ),
 .UNSPECIFIED. ) ;
#683 = FACE_OUTER_BOUND ( 'NONE', #4750, .T. ) ;
#684 = CARTESIAN_POINT ( 'NONE',  ( 0.6480971303263367567, -11.69152577772654489, 14.39803354453978912 ) ) ;
#685 = CARTESIAN_POINT ( 'NONE',  ( 0.4188821999575219057, -17.57237591976958413, 5.173697537357844212 ) ) ;
#686 = VERTEX_POINT ( 'NONE', #5204 ) ;
#687 = LINE ( 'NONE', #1103, #639 ) ;
#688 = ORIENTED_EDGE ( 'NONE', *, *, #969, .T. ) ;
#689 = CARTESIAN_POINT ( 'NONE',  ( 8.082286027375506166, 0.09096226571872267908, 11.83880993571434637 ) ) ;
#690 = EDGE_CURVE ( 'NONE', #4654, #2237, #2400, .T. ) ;
#691 = CARTESIAN_POINT ( 'NONE',  ( 0.6337479801890594233, 10.08721515555783732, -15.57895661009717259 ) ) ;
#692 = ADVANCED_FACE ( 'NONE', ( #5259 ), #5356, .T. ) ;
#693 = CARTESIAN_POINT ( 'NONE',  ( 3.515204589131094348, 19.29113524658131951, -9.296270399401787898 ) ) ;
#694 = CARTESIAN_POINT ( 'NONE',  ( 22.09182100077397237, -0.001515261008717972693, 0.009170024695619345689 ) ) ;
#695 = CARTESIAN_POINT ( 'NONE',  ( 8.230357535800605362, -9.303875481428676153, 7.558545190369438060 ) ) ;
#696 = CARTESIAN_POINT ( 'NONE',  ( 8.081990258054290166, 3.439467622104033229, 11.32822819647788215 ) ) ;
#697 = CARTESIAN_POINT ( 'NONE',  ( 0.4197050914631968999, 17.32523076550104690, 5.950770039560109304 ) ) ;
#698 = CARTESIAN_POINT ( 'NONE',  ( 0.4227027292401541181, 14.70266627381682767, -10.93427370550505806 ) ) ;
#699 = CARTESIAN_POINT ( 'NONE',  ( 8.096103227782995404, -6.544870750253127589, -9.882291602437071276 ) ) ;
#700 = DIRECTION ( 'NONE',  ( 0.7562523480584152358, 0.6106057667823833190, 0.2350382599242754889 ) ) ;
#701 = ORIENTED_EDGE ( 'NONE', *, *, #2405, .F. ) ;
#702 = SURFACE_STYLE_FILL_AREA ( #2539 ) ;
#703 = CARTESIAN_POINT ( 'NONE',  ( 0.4201982050972177252, -5.422644998716832695E-17, -18.31920718262799497 ) ) ;
#704 = CARTESIAN_POINT ( 'NONE',  ( 22.10281028718407725, -0.002853316407704447298, -0.01466885944743420885 ) ) ;
#705 = VERTEX_POINT ( 'NONE', #4339 ) ;
#706 = ORIENTED_EDGE ( 'NONE', *, *, #3823, .T. ) ;
#707 = CARTESIAN_POINT ( 'NONE',  ( 8.899588490903195037, 6.769152015392073451, 10.69490180409911417 ) ) ;
#708 = DIRECTION ( 'NONE',  ( 0.7636347340829117147, -0.6203223040966003854, 0.1790592972799948390 ) ) ;
#709 = CARTESIAN_POINT ( 'NONE',  ( 0.4201979075620114745, 14.76049432689417706, -10.85041614214812355 ) ) ;
#710 = VERTEX_POINT ( 'NONE', #4667 ) ;
#711 =( BOUNDED_SURFACE ( )  B_SPLINE_SURFACE ( 3, 1, ( 
 ( #3459, #5262 ),
 ( #4400, #3567 ),
 ( #4342, #2135 ),
 ( #1247, #3063 ) ),
 .UNSPECIFIED., .F., .F., .F. ) 
 B_SPLINE_SURFACE_WITH_KNOTS ( ( 4, 4 ),
 ( 2, 2 ),
 ( 0.000000000000000000, 1.000000000000000000 ),
 ( 0.000000000000000000, 1.000000000000000000 ),
 .UNSPECIFIED. ) 
 GEOMETRIC_REPRESENTATION_ITEM ( )  RATIONAL_B_SPLINE_SURFACE ( (
 ( 1.000000000000000000, 1.000000000000000000),
 ( 0.9934036227985141299, 0.8357362271078294658),
 ( 0.9934036227985141299, 0.8357362271078294658),
 ( 1.000000000000000000, 1.000000000000000000) ) ) 
 REPRESENTATION_ITEM ( '' )  SURFACE ( )  );
#712 = CARTESIAN_POINT ( 'NONE',  ( 3.093381936066813331, 19.10004533329637866, 8.721130179693275863 ) ) ;
#713 = ORIENTED_EDGE ( 'NONE', *, *, #764, .F. ) ;
#714 = CARTESIAN_POINT ( 'NONE',  ( 1.911690948752699404, -10.39337113502307552, -16.86597515105514233 ) ) ;
#715 = B_SPLINE_CURVE_WITH_KNOTS ( 'NONE', 3,
 ( #2402, #5444, #5539, #5509, #507, #1364 ),
 .UNSPECIFIED., .F., .F.,
 ( 4, 2, 4 ),
 ( 2.105139829702536445E-18, 0.0002683118749524644568, 0.0005366237499049267452 ),
 .UNSPECIFIED. ) ;
#716 = CARTESIAN_POINT ( 'NONE',  ( 9.510122032027847894, 10.48208831951449227, 10.02886715541895235 ) ) ;
#717 = CARTESIAN_POINT ( 'NONE',  ( 6.010425613513223020, 16.32811688112028392, 8.780484831616760744 ) ) ;
#718 = CARTESIAN_POINT ( 'NONE',  ( 3.663019018077784850, -15.27179331871369961, 15.55652500317755305 ) ) ;
#719 = CARTESIAN_POINT ( 'NONE',  ( 8.933971668274605094, 13.36175141552399204, -7.184494425268153073 ) ) ;
#720 = VERTEX_POINT ( 'NONE', #5741 ) ;
#721 = VECTOR ( 'NONE', #5112, 1000.000000000000000 ) ;
#722 = CARTESIAN_POINT ( 'NONE',  ( 8.082286027375506166, 3.744903718859483810, 11.23126844858700579 ) ) ;
#723 = EDGE_CURVE ( 'NONE', #4455, #65, #4282, .T. ) ;
#724 = CARTESIAN_POINT ( 'NONE',  ( 8.150690745220670053, -11.12330154211123734, 4.250200438962711047 ) ) ;
#725 = ADVANCED_FACE ( 'NONE', ( #3930 ), #3164, .T. ) ;
#726 = CARTESIAN_POINT ( 'NONE',  ( 22.10281028718407725, 0.01306919110379039899, -0.007246592019954008548 ) ) ;
#727 = CARTESIAN_POINT ( 'NONE',  ( 3.515204589130439761, 9.296270399401365125, -19.29113524658079726 ) ) ;
#728 = CARTESIAN_POINT ( 'NONE',  ( 6.010425613513218579, -8.048684550964543050, -16.70098774805974529 ) ) ;
#729 = ORIENTED_EDGE ( 'NONE', *, *, #4880, .T. ) ;
#730 =( LENGTH_UNIT ( ) NAMED_UNIT ( * ) SI_UNIT ( .MILLI., .METRE. ) );
#731 = B_SPLINE_CURVE_WITH_KNOTS ( 'NONE', 3,
 ( #773, #2547, #2108, #326, #5408, #116 ),
 .UNSPECIFIED., .F., .F.,
 ( 4, 2, 4 ),
 ( 7.812464747476958300E-18, 0.0002687592685055698082, 0.0005375185370111318101 ),
 .UNSPECIFIED. ) ;
#732 = AXIS2_PLACEMENT_3D ( 'NONE', #4823, #1760, #4876 ) ;
#733 = CARTESIAN_POINT ( 'NONE',  ( 0.4960052067975744827, 6.599970571953723386, -17.19720209561996427 ) ) ;
#734 = CARTESIAN_POINT ( 'NONE',  ( 22.09374604753667626, -0.009209269515131663850, -0.004897976078547612924 ) ) ;
#735 = ORIENTED_EDGE ( 'NONE', *, *, #2063, .T. ) ;
#736 = EDGE_LOOP ( 'NONE', ( #800, #5140, #4371, #368 ) ) ;
#737 = CARTESIAN_POINT ( 'NONE',  ( 8.082347709208534070, -6.991274530871971926, -9.554676185027995317 ) ) ;
#738 = CONICAL_SURFACE ( 'NONE', #1691, 13.84314574289256150, 0.8559913436420820698 ) ;
#739 = DIRECTION ( 'NONE',  ( 0.000000000000000000, 0.000000000000000000, 1.000000000000000000 ) ) ;
#740 = MECHANICAL_DESIGN_GEOMETRIC_PRESENTATION_REPRESENTATION (  '', ( #4529 ), #2820 ) ;
#741 = EDGE_CURVE ( 'NONE', #5796, #3256, #2782, .T. ) ;
#742 = B_SPLINE_CURVE_WITH_KNOTS ( 'NONE', 3,
 ( #366, #335, #3968, #4023, #5782, #2141, #839, #3042, #5806, #3574, #1703, #1308, #5751 ),
 .UNSPECIFIED., .F., .F.,
 ( 4, 3, 3, 3, 4 ),
 ( 8.673617379884035472E-19, 0.0003060394048542597919, 0.0004590327578743545875, 0.0006264795226578682551, 0.0007939722156138015463 ),
 .UNSPECIFIED. ) ;
#743 = CARTESIAN_POINT ( 'NONE',  ( 8.080972016268402669, -9.837898371211943882, -6.584360341980449505 ) ) ;
#744 = CARTESIAN_POINT ( 'NONE',  ( 8.230357535800607138, -0.6463107146105306899, -11.96979476970955503 ) ) ;
#745 = ORIENTED_EDGE ( 'NONE', *, *, #1643, .T. ) ;
#746 = DIRECTION ( 'NONE',  ( 0.000000000000000000, 0.000000000000000000, 1.000000000000000000 ) ) ;
#747 = VERTEX_POINT ( 'NONE', #1244 ) ;
#748 = B_SPLINE_CURVE_WITH_KNOTS ( 'NONE', 3,
 ( #1618, #3827, #5641, #1145, #1559, #4235, #2472 ),
 .UNSPECIFIED., .F., .F.,
 ( 4, 3, 4 ),
 ( 0.000000000000000000, 0.002636963911865753459, 0.01002496898031638405 ),
 .UNSPECIFIED. ) ;
#749 = EDGE_CURVE ( 'NONE', #4178, #1227, #2076, .T. ) ;
#750 = CARTESIAN_POINT ( 'NONE',  ( 0.4182233646136228611, 14.45119542963825410, 11.25539654257606514 ) ) ;
#751 = CARTESIAN_POINT ( 'NONE',  ( 8.081585098691661528, 6.679687117912075145, 9.774149370797635683 ) ) ;
#752 = CARTESIAN_POINT ( 'NONE',  ( 8.081286344341222616, -11.83150392928987671, -0.3969128176508653350 ) ) ;
#753 = CARTESIAN_POINT ( 'NONE',  ( 8.230357535800608915, -11.18423031998657002, -4.313548019702539982 ) ) ;
#754 = CARTESIAN_POINT ( 'NONE',  ( 8.357821303193643914, -6.875012526228527321, 14.26428806731435728 ) ) ;
#755 = EDGE_CURVE ( 'NONE', #544, #5069, #2982, .T. ) ;
#756 = ORIENTED_EDGE ( 'NONE', *, *, #2412, .F. ) ;
#757 = CARTESIAN_POINT ( 'NONE',  ( 22.10281028718407725, -0.01306919110379045450, 0.007246592019953910536 ) ) ;
#758 = FACE_OUTER_BOUND ( 'NONE', #3733, .T. ) ;
#759 = CARTESIAN_POINT ( 'NONE',  ( 0.6480971303263367567, 15.56853882718303161, -10.08046346888036737 ) ) ;
#760 = CARTESIAN_POINT ( 'NONE',  ( 3.515204589130439761, 9.296270399401365125, -19.29113524658079726 ) ) ;
#761 = CARTESIAN_POINT ( 'NONE',  ( 3.515204589130439761, -9.296270399400958340, -19.29113524658098555 ) ) ;
#762 = ADVANCED_BREP_SHAPE_REPRESENTATION ( '', ( #1311, #5373 ), #3761 ) ;
#763 = ORIENTED_EDGE ( 'NONE', *, *, #2247, .T. ) ;
#764 = EDGE_CURVE ( 'NONE', #5398, #5332, #4210, .T. ) ;
#765 = EDGE_CURVE ( 'NONE', #1158, #720, #3989, .T. ) ;
#766 = CARTESIAN_POINT ( 'NONE',  ( 22.09324635661532810, 0.003825913808670743446, 0.009386341494719240702 ) ) ;
#767 = CARTESIAN_POINT ( 'NONE',  ( 0.6480971303263403094, -4.776147394168464899, 17.92159482384631630 ) ) ;
#768 = VERTEX_POINT ( 'NONE', #3564 ) ;
#769 = ORIENTED_EDGE ( 'NONE', *, *, #541, .T. ) ;
#770 = CARTESIAN_POINT ( 'NONE',  ( 8.082269409299110308, -6.863252771113404371, -9.646977693303359302 ) ) ;
#771 = CARTESIAN_POINT ( 'NONE',  ( 9.516581620098305550, 13.21234838574687842, -1.284851155396290467 ) ) ;
#772 = B_SPLINE_CURVE_WITH_KNOTS ( 'NONE', 3,
 ( #750, #2196, #1699, #4402, #5237, #4904, #3039, #4345, #3514, #277, #303, #2113, #1192 ),
 .UNSPECIFIED., .F., .F.,
 ( 4, 3, 3, 3, 4 ),
 ( 2.453269466693398698E-18, 0.0003060198743295302563, 0.0006120397344444666009, 0.0009177208998331740260, 0.001223526564453230638 ),
 .UNSPECIFIED. ) ;
#773 = CARTESIAN_POINT ( 'NONE',  ( 0.4182233646136193639, 14.45119542963841397, -11.25539654257585376 ) ) ;
#774 = CARTESIAN_POINT ( 'NONE',  ( 0.4960052067975748158, -11.59117272305956803, -14.31600804597603904 ) ) ;
#775 = ORIENTED_EDGE ( 'NONE', *, *, #4287, .T. ) ;
#776 = CARTESIAN_POINT ( 'NONE',  ( 6.743615739646585006, -12.78585201324765563, -12.23180929328190736 ) ) ;
#777 = ORIENTED_EDGE ( 'NONE', *, *, #2746, .T. ) ;
#778 = EDGE_CURVE ( 'NONE', #822, #5713, #4369, .T. ) ;
#779 = CARTESIAN_POINT ( 'NONE',  ( 0.4188817388287995325, -18.31108024341983409, 0.5097553722898267026 ) ) ;
#780 = CARTESIAN_POINT ( 'NONE',  ( 9.510122032027846117, 2.585367375870708084, 14.27474089050049244 ) ) ;
#781 = CARTESIAN_POINT ( 'NONE',  ( 0.5251705844568996806, 11.56982749897278850, -14.33855408788782526 ) ) ;
#782 = CARTESIAN_POINT ( 'NONE',  ( 8.891830625034108593, -12.61974496392567779, 0.8741480631572888793 ) ) ;
#783 = CARTESIAN_POINT ( 'NONE',  ( 8.082269409299117413, -9.508421322534942988, -7.053959254805142187 ) ) ;
#784 = VERTEX_POINT ( 'NONE', #4041 ) ;
#785 = CARTESIAN_POINT ( 'NONE',  ( 3.515204589129458768, -18.85988553533880108, 10.14264561317876279 ) ) ;
#786 = DIRECTION ( 'NONE',  ( 0.7562523480584152358, -0.5490550112864790444, 0.3558384192823167980 ) ) ;
#787 = CARTESIAN_POINT ( 'NONE',  ( 3.515204589130224822, 15.47425434527272969, -14.80256717257262977 ) ) ;
#788 = CARTESIAN_POINT ( 'NONE',  ( 0.4182233646136245819, 17.60000663291080514, 5.075506595181050962 ) ) ;
#789 = FACE_OUTER_BOUND ( 'NONE', #2195, .T. ) ;
#790 = EDGE_LOOP ( 'NONE', ( #3845, #5511, #1379, #5155 ) ) ;
#791 = FACE_OUTER_BOUND ( 'NONE', #5554, .T. ) ;
#792 = CARTESIAN_POINT ( 'NONE',  ( 9.812871695695729812, -9.178548006489048561, -9.998540115812861728 ) ) ;
#793 = ADVANCED_FACE ( 'NONE', ( #5379 ), #359, .T. ) ;
#794 = ORIENTED_EDGE ( 'NONE', *, *, #4459, .T. ) ;
#795 = ORIENTED_EDGE ( 'NONE', *, *, #2152, .F. ) ;
#796 = CARTESIAN_POINT ( 'NONE',  ( 22.09324635661532810, -0.002421923813348462670, 0.009842525497513396338 ) ) ;
#797 = EDGE_CURVE ( 'NONE', #4732, #2830, #1428, .T. ) ;
#798 = DIRECTION ( 'NONE',  ( 0.000000000000000000, 0.000000000000000000, 1.000000000000000000 ) ) ;
#799 = CARTESIAN_POINT ( 'NONE',  ( 3.085675480212936694, 14.20513238378588206, 15.44679532677741918 ) ) ;
#800 = ORIENTED_EDGE ( 'NONE', *, *, #3641, .T. ) ;
#801 = LINE ( 'NONE', #275, #5863 ) ;
#802 = VERTEX_POINT ( 'NONE', #4841 ) ;
#803 = CARTESIAN_POINT ( 'NONE',  ( 1.165599648441334235, 16.05608516862956847, 10.27963982187839953 ) ) ;
#804 = CARTESIAN_POINT ( 'NONE',  ( 8.081819171567945048, 6.725846246555862606, 9.742728082130939882 ) ) ;
#805 = CARTESIAN_POINT ( 'NONE',  ( 10.08627239375047324, 12.47007880054815310, 6.010808495292791598 ) ) ;
#806 = CARTESIAN_POINT ( 'NONE',  ( 22.09284734956529661, 0.008143675906138960266, 0.005484709010008310959 ) ) ;
#807 = ORIENTED_EDGE ( 'NONE', *, *, #5526, .T. ) ;
#808 = CARTESIAN_POINT ( 'NONE',  ( 8.096182984839494168, 7.376318265004451646, 9.278298961478826712 ) ) ;
#809 = EDGE_CURVE ( 'NONE', #3458, #2538, #241, .T. ) ;
#810 = CARTESIAN_POINT ( 'NONE',  ( 22.09374604753667626, -0.01027209362899745258, -0.001812431280205674617 ) ) ;
#811 = B_SPLINE_CURVE_WITH_KNOTS ( 'NONE', 3,
 ( #5593, #1924, #4183, #5166, #117, #1093, #1506 ),
 .UNSPECIFIED., .F., .F.,
 ( 4, 3, 4 ),
 ( 2.105550766494228701E-16, 0.003806765355762689422, 0.01002496898031622792 ),
 .UNSPECIFIED. ) ;
#812 = LINE ( 'NONE', #2620, #4447 ) ;
#813 = CARTESIAN_POINT ( 'NONE',  ( 8.082357490472940498, 11.25646479016405799, 3.669058272067653448 ) ) ;
#814 = ORIENTED_EDGE ( 'NONE', *, *, #5212, .F. ) ;
#815 = EDGE_CURVE ( 'NONE', #4408, #1003, #731, .T. ) ;
#816 = DIRECTION ( 'NONE',  ( 1.000000000000000000, 0.000000000000000000, 0.000000000000000000 ) ) ;
#817 = VECTOR ( 'NONE', #4516, 1000.000000000000000 ) ;
#818 = CARTESIAN_POINT ( 'NONE',  ( 0.4126876516628505409, -15.17405881654013022, -10.26841886461267173 ) ) ;
#819 = DIRECTION ( 'NONE',  ( -0.7636347340829116037, -0.3966028717769276013, -0.5094783165164291638 ) ) ;
#820 = CARTESIAN_POINT ( 'NONE',  ( 0.4176364164252736044, -0.7024099595306632082, -18.30339795185683371 ) ) ;
#821 = EDGE_LOOP ( 'NONE', ( #1074, #2388, #2025, #1256, #3278, #5249 ) ) ;
#822 = VERTEX_POINT ( 'NONE', #3646 ) ;
#823 = CARTESIAN_POINT ( 'NONE',  ( 22.09255692238962965, -0.004361469442994555731, -0.008434103081284735973 ) ) ;
#824 = CARTESIAN_POINT ( 'NONE',  ( 0.6480971303263367567, -17.92159482384629499, -4.776147394168527072 ) ) ;
#825 = APPLICATION_CONTEXT ( 'automotive_design' ) ;
#826 = CARTESIAN_POINT ( 'NONE',  ( 10.08627239375047147, 0.000000000000000000, 0.000000000000000000 ) ) ;
#827 = CARTESIAN_POINT ( 'NONE',  ( 0.4200333337418753477, 14.69977743597977593, -10.93225670443695563 ) ) ;
#828 = ORIENTED_EDGE ( 'NONE', *, *, #4273, .F. ) ;
#829 = CARTESIAN_POINT ( 'NONE',  ( 8.230357535800607138, 6.512792486836337602, -10.06365929432205952 ) ) ;
#830 = AXIS2_PLACEMENT_3D ( 'NONE', #5879, #4890, #940 ) ;
#831 = VERTEX_POINT ( 'NONE', #4957 ) ;
#832 = VECTOR ( 'NONE', #2643, 1000.000000000000000 ) ;
#833 = B_SPLINE_CURVE_WITH_KNOTS ( 'NONE', 3,
 ( #1751, #173, #3257, #2838, #2868, #5133, #2450 ),
 .UNSPECIFIED., .F., .F.,
 ( 4, 3, 4 ),
 ( 0.000000000000000000, 0.002636963911865823715, 0.01002496898031665293 ),
 .UNSPECIFIED. ) ;
#834 = CARTESIAN_POINT ( 'NONE',  ( 1.789743172660314130, -18.32999680698388190, -7.300210932879433123 ) ) ;
#835 = EDGE_CURVE ( 'NONE', #2937, #4276, #4096, .T. ) ;
#836 = CARTESIAN_POINT ( 'NONE',  ( 8.150690745220677158, -4.250200438962677296, -11.12330154211124622 ) ) ;
#837 = VECTOR ( 'NONE', #1491, 1000.000000000000000 ) ;
#838 = CARTESIAN_POINT ( 'NONE',  ( 8.080971495803117577, -3.221927258043600251, -11.39110307971753144 ) ) ;
#839 = CARTESIAN_POINT ( 'NONE',  ( 8.082315436206483739, -3.599452880203491301, -11.27875570014201934 ) ) ;
#840 = DIRECTION ( 'NONE',  ( -0.7562523480584153468, -0.4122222274787496477, -0.5080897767408742993 ) ) ;
#841 = ORIENTED_EDGE ( 'NONE', *, *, #2589, .T. ) ;
#842 = DIRECTION ( 'NONE',  ( 0.000000000000000000, 0.000000000000000000, 1.000000000000000000 ) ) ;
#843 = CARTESIAN_POINT ( 'NONE',  ( 10.08627239375047324, 9.570084858214730872, -10.00230772699648085 ) ) ;
#844 = CARTESIAN_POINT ( 'NONE',  ( 0.4182233646136193639, -0.6116075298353469414, 18.30701878804081417 ) ) ;
#845 = CARTESIAN_POINT ( 'NONE',  ( 0.5845099095027033176, -6.635984425320727631, 17.25121229187545424 ) ) ;
#846 = CARTESIAN_POINT ( 'NONE',  ( 8.082357490472935169, 9.584714492062715863, -6.950052969702754879 ) ) ;
#847 = ORIENTED_EDGE ( 'NONE', *, *, #5393, .F. ) ;
#848 = ADVANCED_FACE ( 'NONE', ( #5018 ), #1423, .F. ) ;
#849 = PRODUCT_DEFINITION ( 'UNKNOWN', '', #2235, #76 ) ;
#850 = CARTESIAN_POINT ( 'NONE',  ( 0.4227027292401573932, -14.70266627381659141, -10.93427370550538313 ) ) ;
#851 = CARTESIAN_POINT ( 'NONE',  ( 10.08627239375047324, 9.570084858214730872, -10.00230772699648085 ) ) ;
#852 = CARTESIAN_POINT ( 'NONE',  ( 22.09712324851893683, 0.008012514405456673539, 0.01214359451213147846 ) ) ;
#853 = EDGE_CURVE ( 'NONE', #5057, #2068, #4561, .T. ) ;
#854 = ORIENTED_EDGE ( 'NONE', *, *, #3929, .T. ) ;
#855 = ORIENTED_EDGE ( 'NONE', *, *, #1743, .T. ) ;
#856 = DIRECTION ( 'NONE',  ( 0.000000000000000000, 0.000000000000000000, 1.000000000000000000 ) ) ;
#857 = CARTESIAN_POINT ( 'NONE',  ( 8.230357535800605362, -9.303875481428676153, 7.558545190369438060 ) ) ;
#858 = ADVANCED_FACE ( 'NONE', ( #496 ), #2756, .T. ) ;
#859 = DIRECTION ( 'NONE',  ( -0.7636347340829116037, -0.6203223040965967217, -0.1790592972800076899 ) ) ;
#860 = FACE_BOUND ( 'NONE', #1076, .T. ) ;
#861 = ORIENTED_EDGE ( 'NONE', *, *, #1550, .T. ) ;
#862 = CARTESIAN_POINT ( 'NONE',  ( 8.081990258054291942, 3.875977710609000315, -11.18639747111824434 ) ) ;
#863 = VERTEX_POINT ( 'NONE', #1441 ) ;
#864 = CARTESIAN_POINT ( 'NONE',  ( 10.08627239375047324, -1.863152317086184784, -13.71719167695417418 ) ) ;
#865 = CARTESIAN_POINT ( 'NONE',  ( 0.4410764106479141411, -18.32310194678066395, -0.7920329879766153658 ) ) ;
#866 = CARTESIAN_POINT ( 'NONE',  ( 1.911690948752687635, -19.25222388065124690, 4.672810395856100918 ) ) ;
#867 = CARTESIAN_POINT ( 'NONE',  ( 0.4410764106479070912, 17.67105715861654502, -4.908881756883919145 ) ) ;
#868 = ORIENTED_EDGE ( 'NONE', *, *, #1669, .F. ) ;
#869 = EDGE_CURVE ( 'NONE', #2932, #4940, #1584, .T. ) ;
#870 = CARTESIAN_POINT ( 'NONE',  ( 0.6480971303263367567, 10.08046346888076172, -15.56853882718277760 ) ) ;
#871 =( BOUNDED_SURFACE ( )  B_SPLINE_SURFACE ( 3, 1, ( 
 ( #2545, #3059 ),
 ( #3508, #1658 ),
 ( #796, #1184 ),
 ( #1720, #1215 ) ),
 .UNSPECIFIED., .F., .F., .F. ) 
 B_SPLINE_SURFACE_WITH_KNOTS ( ( 4, 4 ),
 ( 2, 2 ),
 ( 0.000000000000000000, 1.000000000000000000 ),
 ( 0.000000000000000000, 1.000000000000000000 ),
 .UNSPECIFIED. ) 
 GEOMETRIC_REPRESENTATION_ITEM ( )  RATIONAL_B_SPLINE_SURFACE ( (
 ( 1.000000000000000000, 1.000000000000000000),
 ( 0.9934036227985141299, 0.8357362271078285776),
 ( 0.9934036227985141299, 0.8357362271078285776),
 ( 1.000000000000000000, 1.000000000000000000) ) ) 
 REPRESENTATION_ITEM ( '' )  SURFACE ( )  );
#872 = ADVANCED_FACE ( 'NONE', ( #2777 ), #3670, .F. ) ;
#873 = CARTESIAN_POINT ( 'NONE',  ( 8.230357535800607138, 3.084191986338900460, -11.58367230890918798 ) ) ;
#874 = CARTESIAN_POINT ( 'NONE',  ( 8.082162653057830326, -0.1929712925424079684, -11.83790278199960255 ) ) ;
#875 = VERTEX_POINT ( 'NONE', #5466 ) ;
#876 = CARTESIAN_POINT ( 'NONE',  ( 8.081832178819823298, 9.748479977926729489, 6.718072109375937906 ) ) ;
#877 = CARTESIAN_POINT ( 'NONE',  ( 0.4126876516628502078, 5.076804625282104411, -17.60450345064202438 ) ) ;
#878 = B_SPLINE_CURVE_WITH_KNOTS ( 'NONE', 3,
 ( #1611, #4644, #5091, #3851, #2380, #5182, #220 ),
 .UNSPECIFIED., .F., .F.,
 ( 4, 3, 4 ),
 ( 0.000000000000000000, 0.002636963911865818511, 0.01002496898031665293 ),
 .UNSPECIFIED. ) ;
#879 = DIRECTION ( 'NONE',  ( 0.000000000000000000, 0.000000000000000000, -1.000000000000000000 ) ) ;
#880 = DIRECTION ( 'NONE',  ( -0.7562523480584153468, 0.6533514100307018513, -0.03484710988054899594 ) ) ;
#881 = VERTEX_POINT ( 'NONE', #2366 ) ;
#882 = ORIENTED_EDGE ( 'NONE', *, *, #2899, .T. ) ;
#883 = FACE_OUTER_BOUND ( 'NONE', #1698, .T. ) ;
#884 = LINE ( 'NONE', #4509, #4422 ) ;
#885 = CARTESIAN_POINT ( 'NONE',  ( 1.789743172660314130, -4.868107090491962552, -19.12023524865929858 ) ) ;
#886 = CARTESIAN_POINT ( 'NONE',  ( 0.4188821999575232935, 10.35064154699833416, 15.11356216248547213 ) ) ;
#887 = VERTEX_POINT ( 'NONE', #3230 ) ;
#888 = CARTESIAN_POINT ( 'NONE',  ( 0.4200333337418789559, 5.854712935319183131, 17.35857222711744896 ) ) ;
#889 = ORIENTED_EDGE ( 'NONE', *, *, #1803, .F. ) ;
#890 = CARTESIAN_POINT ( 'NONE',  ( 0.4227027292401573932, 17.36194296277459514, 5.855738517342800264 ) ) ;
#891 = B_SPLINE_CURVE_WITH_KNOTS ( 'NONE', 3,
 ( #5689, #3490, #2610, #1164, #3515, #4347, #2981, #278 ),
 .UNSPECIFIED., .F., .F.,
 ( 4, 2, 2, 4 ),
 ( 0.000000000000000000, 0.002211095967735174708, 0.003316643951602762062, 0.004422191935470349416 ),
 .UNSPECIFIED. ) ;
#892 = FACE_OUTER_BOUND ( 'NONE', #4215, .T. ) ;
#893 = CARTESIAN_POINT ( 'NONE',  ( 8.096103227782998957, 9.882291602437094369, -6.544870750253092950 ) ) ;
#894 = CARTESIAN_POINT ( 'NONE',  ( 3.085675480212939803, 20.84628725004600014, -2.412795017568667877 ) ) ;
#895 = ORIENTED_EDGE ( 'NONE', *, *, #1676, .T. ) ;
#896 = CARTESIAN_POINT ( 'NONE',  ( 3.515204589130917157, 2.879989908614005056, -21.21966542071161754 ) ) ;
#897 = CARTESIAN_POINT ( 'NONE',  ( 22.09255692238962965, 0.001428938507664054280, -0.009386940141985926356 ) ) ;
#898 = CARTESIAN_POINT ( 'NONE',  ( 22.09284734956529661, 0.009812203273946752680, -0.0003495097987799180954 ) ) ;
#899 = CARTESIAN_POINT ( 'NONE',  ( 10.08627239375047147, 0.000000000000000000, 0.000000000000000000 ) ) ;
#900 =( BOUNDED_SURFACE ( )  B_SPLINE_SURFACE ( 3, 1, ( 
 ( #5109, #3331 ),
 ( #147, #615 ),
 ( #2904, #5077 ),
 ( #1478, #2424 ) ),
 .UNSPECIFIED., .F., .F., .F. ) 
 B_SPLINE_SURFACE_WITH_KNOTS ( ( 4, 4 ),
 ( 2, 2 ),
 ( 0.000000000000000000, 1.000000000000000000 ),
 ( 0.000000000000000000, 1.000000000000000000 ),
 .UNSPECIFIED. ) 
 GEOMETRIC_REPRESENTATION_ITEM ( )  RATIONAL_B_SPLINE_SURFACE ( (
 ( 1.000000000000000000, 1.000000000000000000),
 ( 0.9934036227985141299, 0.8357362271078294658),
 ( 0.9934036227985141299, 0.8357362271078294658),
 ( 1.000000000000000000, 1.000000000000000000) ) ) 
 REPRESENTATION_ITEM ( '' )  SURFACE ( )  );
#901 = ORIENTED_EDGE ( 'NONE', *, *, #3860, .T. ) ;
#902 = B_SPLINE_CURVE_WITH_KNOTS ( 'NONE', 3,
 ( #4955, #4485, #1805, #2303, #1295, #4011 ),
 .UNSPECIFIED., .F., .F.,
 ( 4, 2, 4 ),
 ( 0.000000000000000000, 0.0001740257916702614253, 0.0003480515833405228507 ),
 .UNSPECIFIED. ) ;
#903 = PRODUCT_CONTEXT ( 'NONE', #825, 'mechanical' ) ;
#904 = EDGE_CURVE ( 'NONE', #3071, #4394, #2921, .T. ) ;
#905 = CARTESIAN_POINT ( 'NONE',  ( 8.082315436206481962, 9.541504815289684416, 7.008999717512846672 ) ) ;
#906 = CARTESIAN_POINT ( 'NONE',  ( 10.08627239375047324, -1.863152317086374410, 13.71719167695414576 ) ) ;
#907 = CARTESIAN_POINT ( 'NONE',  ( 0.4409628251481731431, 11.41056943264455370, 14.35820807885277439 ) ) ;
#908 = B_SPLINE_CURVE_WITH_KNOTS ( 'NONE', 3,
 ( #2261, #3660, #1395, #4052, #3721, #1458, #2735, #3630 ),
 .UNSPECIFIED., .F., .F.,
 ( 4, 2, 2, 4 ),
 ( 0.000000000000000000, 0.002211095967734330765, 0.003316643951601499184, 0.004422191935468667602 ),
 .UNSPECIFIED. ) ;
#909 = CARTESIAN_POINT ( 'NONE',  ( 0.6337479801890599784, -17.93358911009636358, 4.779349357814228760 ) ) ;
#910 = ORIENTED_EDGE ( 'NONE', *, *, #3609, .T. ) ;
#911 = VERTEX_POINT ( 'NONE', #1381 ) ;
#912 = DIRECTION ( 'NONE',  ( -1.000000000000000000, -0.000000000000000000, -0.000000000000000000 ) ) ;
#913 = CARTESIAN_POINT ( 'NONE',  ( 0.4182233646136210847, -14.45119542963832870, 11.25539654257596034 ) ) ;
#914 = FACE_OUTER_BOUND ( 'NONE', #2318, .T. ) ;
#915 = CARTESIAN_POINT ( 'NONE',  ( 11.25262228702623979, -0.3080620461960661971, 9.151631263062911970 ) ) ;
#916 = CARTESIAN_POINT ( 'NONE',  ( 0.4193753327645631246, 11.09473658805307927, 14.57670793957769106 ) ) ;
#917 = ORIENTED_EDGE ( 'NONE', *, *, #3288, .F. ) ;
#918 = CARTESIAN_POINT ( 'NONE',  ( 0.6337479801890597564, 0.9963524547570589140, -18.53275695733653450 ) ) ;
#919 = CARTESIAN_POINT ( 'NONE',  ( 0.4126876516628503189, 5.076804625281857497, 17.60450345064209543 ) ) ;
#920 = FACE_OUTER_BOUND ( 'NONE', #4537, .T. ) ;
#921 = EDGE_CURVE ( 'NONE', #2837, #3081, #1724, .T. ) ;
#922 = CARTESIAN_POINT ( 'NONE',  ( 1.789743172660313242, -4.868107090492229894, 19.12023524865923108 ) ) ;
#923 = CIRCLE ( 'NONE', #3405, 13.84314574289256150 ) ;
#924 = AXIS2_PLACEMENT_3D ( 'NONE', #1263, #1290, #4922 ) ;
#925 = CARTESIAN_POINT ( 'NONE',  ( 0.6337479801890599784, -15.57895661009735200, 10.08721515555756021 ) ) ;
#926 = CARTESIAN_POINT ( 'NONE',  ( 0.4078353108599468979, -0.8093236901502474101, -18.30684428841292899 ) ) ;
#927 = EDGE_CURVE ( 'NONE', #4333, #1031, #4240, .T. ) ;
#928 = ORIENTED_EDGE ( 'NONE', *, *, #5785, .T. ) ;
#929 = CARTESIAN_POINT ( 'NONE',  ( 0.4126876516628540381, -10.26841886461239639, -15.17405881654032029 ) ) ;
#930 = AXIS2_PLACEMENT_3D ( 'NONE', #3337, #5656, #4638 ) ;
#931 = CIRCLE ( 'NONE', #4253, 13.84314574289256150 ) ;
#932 = CARTESIAN_POINT ( 'NONE',  ( 8.096182984839494168, 6.544778987644391144, -9.882447610187758968 ) ) ;
#933 = CARTESIAN_POINT ( 'NONE',  ( 10.08627239375047324, 10.00230772699672599, -9.570084858214476853 ) ) ;
#934 = EDGE_CURVE ( 'NONE', #609, #2932, #5771, .T. ) ;
#935 = CARTESIAN_POINT ( 'NONE',  ( 8.082315436206474857, 9.614441993886472915, -6.908610303562048749 ) ) ;
#936 = VERTEX_POINT ( 'NONE', #1125 ) ;
#937 = CARTESIAN_POINT ( 'NONE',  ( 8.189061701664869020, -9.276840415636323556, -7.526331079621479958 ) ) ;
#938 = CARTESIAN_POINT ( 'NONE',  ( 0.4182233646136245819, 6.238853248511044391, 17.22201239169725540 ) ) ;
#939 = CARTESIAN_POINT ( 'NONE',  ( 8.082161297655167331, 7.098649502977444570, -9.474968733891069306 ) ) ;
#940 = DIRECTION ( 'NONE',  ( 0.000000000000000000, 0.000000000000000000, 1.000000000000000000 ) ) ;
#941 = ORIENTED_EDGE ( 'NONE', *, *, #3415, .F. ) ;
#942 = ORIENTED_EDGE ( 'NONE', *, *, #5849, .T. ) ;
#943 = EDGE_CURVE ( 'NONE', #1888, #2806, #2012, .T. ) ;
#944 = CARTESIAN_POINT ( 'NONE',  ( 22.10703667329342181, 0.004043891623593704431, 0.01041089088770169070 ) ) ;
#945 = CARTESIAN_POINT ( 'NONE',  ( 1.672572369782847401, 10.38781161221886862, -16.58969869508282358 ) ) ;
#946 = LINE ( 'NONE', #4543, #3682 ) ;
#947 = ORIENTED_EDGE ( 'NONE', *, *, #1230, .F. ) ;
#948 = CARTESIAN_POINT ( 'NONE',  ( 0.4182233646136193639, -15.17018320209459148, -10.26579477152732345 ) ) ;
#949 = CARTESIAN_POINT ( 'NONE',  ( 0.5251777261828656229, -18.40071284766965221, 0.9322503285617341762 ) ) ;
#950 = CARTESIAN_POINT ( 'NONE',  ( 8.081286344341222616, -7.275492736841675523, -9.338588247148566168 ) ) ;
#951 = CARTESIAN_POINT ( 'NONE',  ( 0.4126876516628502078, -15.17405881654013022, -10.26841886461267173 ) ) ;
#952 = CARTESIAN_POINT ( 'NONE',  ( 10.08627239375047147, 0.000000000000000000, 0.000000000000000000 ) ) ;
#953 = CARTESIAN_POINT ( 'NONE',  ( 10.08627239375047324, -9.570084858214508827, -10.00230772699669402 ) ) ;
#954 = CARTESIAN_POINT ( 'NONE',  ( 8.230357535800608915, 9.303875481428622862, 7.558545190369504674 ) ) ;
#955 = VERTEX_POINT ( 'NONE', #1149 ) ;
#956 = LINE ( 'NONE', #3692, #1684 ) ;
#957 = CARTESIAN_POINT ( 'NONE',  ( 8.230357535800607138, 11.96979476970954792, -0.6463107146106560341 ) ) ;
#958 = CARTESIAN_POINT ( 'NONE',  ( 22.10703667329342181, -0.008651714384085599716, 0.007063111690693259920 ) ) ;
#959 = B_SPLINE_CURVE_WITH_KNOTS ( 'NONE', 3,
 ( #4077, #1307, #2315, #62 ),
 .UNSPECIFIED., .F., .F.,
 ( 4, 4 ),
 ( 0.000000000000000000, 0.002859022159864000635 ),
 .UNSPECIFIED. ) ;
#960 = CARTESIAN_POINT ( 'NONE',  ( 7.813880306852850843, 0.000000000000000000, 0.000000000000000000 ) ) ;
#961 = ORIENTED_EDGE ( 'NONE', *, *, #2152, .T. ) ;
#962 = CARTESIAN_POINT ( 'NONE',  ( 8.082162653057826773, 9.690490208268457195, 6.802027618238011719 ) ) ;
#963 = CARTESIAN_POINT ( 'NONE',  ( 8.081286344341222616, -9.805187248470497607, 6.633274307312254869 ) ) ;
#964 = CARTESIAN_POINT ( 'NONE',  ( 8.081990258054293719, 11.32822819647791412, -3.439467622103916433 ) ) ;
#965 = CARTESIAN_POINT ( 'NONE',  ( 3.515204589130439761, -9.296270399400958340, -19.29113524658098555 ) ) ;
#966 = ORIENTED_EDGE ( 'NONE', *, *, #1905, .T. ) ;
#967 = ORIENTED_EDGE ( 'NONE', *, *, #5150, .F. ) ;
#968 = CARTESIAN_POINT ( 'NONE',  ( 0.4960052067975748158, 6.599970571953480913, 17.19720209562006374 ) ) ;
#969 = EDGE_CURVE ( 'NONE', #288, #5630, #375, .T. ) ;
#970 = DIRECTION ( 'NONE',  ( -1.000000000000000000, -0.000000000000000000, -0.000000000000000000 ) ) ;
#971 = CARTESIAN_POINT ( 'NONE',  ( 0.6337479801890597564, 15.57895661009742838, -10.08721515555744297 ) ) ;
#972 = ORIENTED_EDGE ( 'NONE', *, *, #229, .F. ) ;
#973 = CARTESIAN_POINT ( 'NONE',  ( 8.081585098691668634, -9.774149370797651670, 6.679687117912036953 ) ) ;
#974 = ORIENTED_EDGE ( 'NONE', *, *, #259, .F. ) ;
#975 = CARTESIAN_POINT ( 'NONE',  ( 0.6480971303263367567, -17.92159482384629499, -4.776147394168527072 ) ) ;
#976 = EDGE_CURVE ( 'NONE', #4507, #1843, #3634, .T. ) ;
#977 = CARTESIAN_POINT ( 'NONE',  ( 8.081286344341222616, 9.338588247148488009, 7.275492736841779440 ) ) ;
#978 = CARTESIAN_POINT ( 'NONE',  ( 3.515204589129466761, -14.80256717256992438, 15.47425434527206711 ) ) ;
#979 = CARTESIAN_POINT ( 'NONE',  ( 0.9068532551531915953, -18.18421626379222644, 4.795531690358558308 ) ) ;
#980 = CARTESIAN_POINT ( 'NONE',  ( 0.5251705844569040105, 17.21204861870548797, 6.572702947387017325 ) ) ;
#981 = DIRECTION ( 'NONE',  ( -1.000000000000000000, -0.000000000000000000, -0.000000000000000000 ) ) ;
#982 = VERTEX_POINT ( 'NONE', #1033 ) ;
#983 = CARTESIAN_POINT ( 'NONE',  ( 0.4126876516628540381, 11.25827158159110120, -14.45488872119363499 ) ) ;
#984 = CARTESIAN_POINT ( 'NONE',  ( 8.081286344341222616, 6.633274307312430729, -9.805187248470378591 ) ) ;
#985 = CARTESIAN_POINT ( 'NONE',  ( 8.081286344341224392, 9.338588247148589261, -7.275492736841641772 ) ) ;
#986 = CARTESIAN_POINT ( 'NONE',  ( 22.10703667329342181, 0.0006288272689270665849, 0.01115097685428748445 ) ) ;
#987 = ORIENTED_EDGE ( 'NONE', *, *, #5027, .F. ) ;
#988 = EDGE_CURVE ( 'NONE', #5093, #1682, #4416, .T. ) ;
#989 = CARTESIAN_POINT ( 'NONE',  ( 8.150687306238461716, 7.479489280081505598, -9.265484746560874285 ) ) ;
#990 = CARTESIAN_POINT ( 'NONE',  ( 8.081286344341222616, -6.633274307312216678, -9.805187248470522476 ) ) ;
#991 = CARTESIAN_POINT ( 'NONE',  ( 0.4126876516628505409, 0.6117626229490092937, 18.31169662920711616 ) ) ;
#992 = CARTESIAN_POINT ( 'NONE',  ( 0.000000000000000000, 0.000000000000000000, -17.89900897828498927 ) ) ;
#993 = ORIENTED_EDGE ( 'NONE', *, *, #5377, .F. ) ;
#994 = ORIENTED_EDGE ( 'NONE', *, *, #995, .F. ) ;
#995 = EDGE_CURVE ( 'NONE', #4415, #4616, #3440, .T. ) ;
#996 = CARTESIAN_POINT ( 'NONE',  ( 22.09374604753667626, -0.007244977936371205934, 0.007504072852116845486 ) ) ;
#997 = CARTESIAN_POINT ( 'NONE',  ( 0.4201982046941547533, -10.76753617100865590, 14.82071241848050036 ) ) ;
#998 = CARTESIAN_POINT ( 'NONE',  ( 8.081286344341222616, -11.12977610358348279, -4.033622304792472413 ) ) ;
#999 = VECTOR ( 'NONE', #681, 1000.000000000000114 ) ;
#1000 = ORIENTED_EDGE ( 'NONE', *, *, #5044, .F. ) ;
#1001 = PRODUCT_DEFINITION_SHAPE ( 'NONE', 'NONE',  #5889 ) ;
#1002 = CARTESIAN_POINT ( 'NONE',  ( 6.010425613512860643, 2.493864852800879994, 18.37076353496926728 ) ) ;
#1003 = VERTEX_POINT ( 'NONE', #1535 ) ;
#1004 = CARTESIAN_POINT ( 'NONE',  ( 22.09284734956529661, -0.007732802495631368837, -0.006050227743834914705 ) ) ;
#1005 = CARTESIAN_POINT ( 'NONE',  ( 10.08627239375047324, 6.555441082950957288, -12.19257463651230644 ) ) ;
#1006 = CARTESIAN_POINT ( 'NONE',  ( 3.515204589130439761, -14.80256717257110211, -15.47425434527228560 ) ) ;
#1007 = CARTESIAN_POINT ( 'NONE',  ( 5.129410166199598109, 19.24107177028593796, -3.486249813312564783 ) ) ;
#1008 = CARTESIAN_POINT ( 'NONE',  ( 3.515204589128320123, 0.000000000000000000, 0.000000000000000000 ) ) ;
#1009 = CARTESIAN_POINT ( 'NONE',  ( 9.812871695695740470, 9.998540115812890150, -9.178548006489029021 ) ) ;
#1010 = CARTESIAN_POINT ( 'NONE',  ( 3.515204589128320123, 21.21966542070980566, -2.879989908610716132 ) ) ;
#1011 = ORIENTED_EDGE ( 'NONE', *, *, #995, .T. ) ;
#1012 = EDGE_CURVE ( 'NONE', #3003, #2575, #1228, .T. ) ;
#1013 = CARTESIAN_POINT ( 'NONE',  ( 0.4201982046941510895, -0.0002764381576936995140, -18.31920718013920890 ) ) ;
#1014 = B_SPLINE_CURVE_WITH_KNOTS ( 'NONE', 3,
 ( #4251, #185, #2021, #1993, #4729, #1631 ),
 .UNSPECIFIED., .F., .F.,
 ( 4, 2, 4 ),
 ( 3.540546816124435107E-17, 0.001429663029798426818, 0.002859326059596818508 ),
 .UNSPECIFIED. ) ;
#1015 = FACE_OUTER_BOUND ( 'NONE', #1248, .T. ) ;
#1016 = ADVANCED_FACE ( 'NONE', ( #4717 ), #4477, .F. ) ;
#1017 = CARTESIAN_POINT ( 'NONE',  ( 0.6337479801890599784, 17.93358911009639201, -4.779349357814112409 ) ) ;
#1018 = CARTESIAN_POINT ( 'NONE',  ( 8.082332489274266507, -0.04136300386123165085, 11.83915165007222825 ) ) ;
#1019 = EDGE_LOOP ( 'NONE', ( #4720, #1147, #5644, #3765 ) ) ;
#1020 = CONICAL_SURFACE ( 'NONE', #732, 13.84314574289256150, 0.8559913436420820698 ) ;
#1021 = CARTESIAN_POINT ( 'NONE',  ( 10.08627239375047324, -12.19257463651232598, -6.555441082950914655 ) ) ;
#1022 = CIRCLE ( 'NONE', #4348, 21.41421356110392082 ) ;
#1023 = B_SPLINE_CURVE_WITH_KNOTS ( 'NONE', 3,
 ( #998, #2336, #4272, #5530, #4154, #1893 ),
 .UNSPECIFIED., .F., .F.,
 ( 4, 2, 4 ),
 ( 8.182674270850422113E-18, 0.0001743161698667588860, 0.0003486323397335095863 ),
 .UNSPECIFIED. ) ;
#1024 = CARTESIAN_POINT ( 'NONE',  ( 22.09324635661532810, 0.0007381212216449204106, 0.01010921362861737054 ) ) ;
#1025 = CARTESIAN_POINT ( 'NONE',  ( 8.899588490903193261, -0.8099465372060273838, 12.63116503786080180 ) ) ;
#1026 = FACE_OUTER_BOUND ( 'NONE', #4464, .T. ) ;
#1027 = CARTESIAN_POINT ( 'NONE',  ( 8.081585098691659752, -7.231631613797047109, 9.373138221438722439 ) ) ;
#1028 = ORIENTED_EDGE ( 'NONE', *, *, #835, .F. ) ;
#1029 = EDGE_CURVE ( 'NONE', #2575, #686, #1595, .T. ) ;
#1030 = B_SPLINE_CURVE_WITH_KNOTS ( 'NONE', 3,
 ( #4474, #2203, #1232, #4855, #5840, #5756 ),
 .UNSPECIFIED., .F., .F.,
 ( 4, 2, 4 ),
 ( 0.000000000000000000, 0.0001740257916702647322, 0.0003480515833405294643 ),
 .UNSPECIFIED. ) ;
#1031 = VERTEX_POINT ( 'NONE', #1651 ) ;
#1032 = CARTESIAN_POINT ( 'NONE',  ( 0.5251705844569007908, -17.78817770071396964, 4.799559956401608041 ) ) ;
#1033 = CARTESIAN_POINT ( 'NONE',  ( 8.230357535800607138, 11.96979476970954792, 0.6463107146106567003 ) ) ;
#1034 = DIRECTION ( 'NONE',  ( 0.000000000000000000, 0.000000000000000000, 1.000000000000000000 ) ) ;
#1035 = ORIENTED_EDGE ( 'NONE', *, *, #1347, .F. ) ;
#1036 = CARTESIAN_POINT ( 'NONE',  ( 8.081286344341224392, 6.633274307312288620, 9.805187248470469186 ) ) ;
#1037 = ORIENTED_EDGE ( 'NONE', *, *, #1471, .F. ) ;
#1038 = B_SPLINE_CURVE_WITH_KNOTS ( 'NONE', 3,
 ( #5475, #1816, #1334, #866, #1840, #31, #979, #4131 ),
 .UNSPECIFIED., .F., .F.,
 ( 4, 2, 2, 4 ),
 ( 0.000000000000000000, 0.002211116461526176601, 0.003316674692289260998, 0.004422232923052345395 ),
 .UNSPECIFIED. ) ;
#1039 = CARTESIAN_POINT ( 'NONE',  ( 0.4960052067975744827, 4.768773417413676441, 17.79219411881569002 ) ) ;
#1040 = FACE_OUTER_BOUND ( 'NONE', #790, .T. ) ;
#1041 = EDGE_CURVE ( 'NONE', #2010, #5446, #2148, .T. ) ;
#1042 = B_SPLINE_CURVE_WITH_KNOTS ( 'NONE', 3,
 ( #5121, #2950, #3374, #628, #2918, #4764, #1552, #2886, #3722, #3850, #3343, #5090, #1050 ),
 .UNSPECIFIED., .F., .F.,
 ( 4, 3, 3, 3, 4 ),
 ( 4.336808689942017736E-19, 0.0003060394048542594125, 0.0004590327578743544248, 0.0006264795226578689057, 0.0007939722156138025221 ),
 .UNSPECIFIED. ) ;
#1043 = DIRECTION ( 'NONE',  ( -1.000000000000000000, -0.000000000000000000, -0.000000000000000000 ) ) ;
#1044 = CARTESIAN_POINT ( 'NONE',  ( 8.357821303193642137, 15.58108243136025628, -2.822336190159227431 ) ) ;
#1045 = CARTESIAN_POINT ( 'NONE',  ( 3.093381936067510551, 15.47024514008252716, 14.19652628817680196 ) ) ;
#1046 = CARTESIAN_POINT ( 'NONE',  ( 8.899588490903195037, 10.69490180409919056, -6.769152015391956212 ) ) ;
#1047 = CARTESIAN_POINT ( 'NONE',  ( 11.25262228702623979, 5.628421321541615896, 7.222750890525903245 ) ) ;
#1048 = ORIENTED_EDGE ( 'NONE', *, *, #2957, .T. ) ;
#1049 = DIRECTION ( 'NONE',  ( -1.000000000000000000, -0.000000000000000000, -0.000000000000000000 ) ) ;
#1050 = CARTESIAN_POINT ( 'NONE',  ( 8.081286344341222616, -11.12977610358348279, -4.033622304792472413 ) ) ;
#1051 = CARTESIAN_POINT ( 'NONE',  ( 5.178685273547285917, -9.234538826737583861, 17.17203955144088212 ) ) ;
#1052 = EDGE_CURVE ( 'NONE', #1408, #1961, #2283, .T. ) ;
#1053 = CARTESIAN_POINT ( 'NONE',  ( 0.4410764106479098112, 18.32310194678067816, 0.7920329879764891334 ) ) ;
#1054 = ORIENTED_EDGE ( 'NONE', *, *, #3495, .T. ) ;
#1055 = CARTESIAN_POINT ( 'NONE',  ( 6.743615739646599216, -8.380230930007149581, -15.58418749411203663 ) ) ;
#1056 = EDGE_CURVE ( 'NONE', #2044, #4243, #1177, .T. ) ;
#1057 = CARTESIAN_POINT ( 'NONE',  ( 1.672572369782449719, -10.38781161221866611, 16.58969869508248962 ) ) ;
#1058 = CARTESIAN_POINT ( 'NONE',  ( 22.09374604753667626, 0.001812431280205561860, -0.01027209362899747340 ) ) ;
#1059 = CARTESIAN_POINT ( 'NONE',  ( 22.09255692238962965, 0.009369076872893244284, -0.001541722749955032465 ) ) ;
#1060 = EDGE_LOOP ( 'NONE', ( #2599, #847, #4171, #190 ) ) ;
#1061 = ORIENTED_EDGE ( 'NONE', *, *, #1985, .F. ) ;
#1062 = CARTESIAN_POINT ( 'NONE',  ( 0.4197050914631973995, -0.3057278850901584688, 18.31616268768838651 ) ) ;
#1063 = CARTESIAN_POINT ( 'NONE',  ( 0.4410764106479112545, 15.28924617427209753, -10.12928095319043287 ) ) ;
#1064 = CARTESIAN_POINT ( 'NONE',  ( 3.515204589128309909, 21.07106689735807237, 3.818204060501265040 ) ) ;
#1065 = EDGE_LOOP ( 'NONE', ( #2666, #2692, #2129, #947 ) ) ;
#1066 = CARTESIAN_POINT ( 'NONE',  ( 9.539500336054890894, -13.25084140283900425, -1.234095229348686207 ) ) ;
#1067 = VERTEX_POINT ( 'NONE', #5702 ) ;
#1068 = CYLINDRICAL_SURFACE ( 'NONE', #2000, 0.3999999999999993006 ) ;
#1069 = CARTESIAN_POINT ( 'NONE',  ( 0.4227027292401541181, -14.70266627381674596, 10.93427370550517175 ) ) ;
#1070 = ADVANCED_FACE ( 'NONE', ( #4835 ), #2537, .T. ) ;
#1071 = CARTESIAN_POINT ( 'NONE',  ( 0.5844060700456871205, 0.9802532884913948141, 18.45740718975730132 ) ) ;
#1072 = CARTESIAN_POINT ( 'NONE',  ( 0.4182233646136210847, -0.6116075298350905909, -18.30701878804082128 ) ) ;
#1073 = DIRECTION ( 'NONE',  ( 0.000000000000000000, 0.000000000000000000, 1.000000000000000000 ) ) ;
#1074 = ORIENTED_EDGE ( 'NONE', *, *, #3629, .T. ) ;
#1075 = CARTESIAN_POINT ( 'NONE',  ( 1.672572369781984536, 18.98775136987191914, 4.752897095506627423 ) ) ;
#1076 = EDGE_LOOP ( 'NONE', ( #745, #2686 ) ) ;
#1077 = CARTESIAN_POINT ( 'NONE',  ( 8.081286344341222616, 0.3969128176507416006, 11.83150392928988026 ) ) ;
#1078 = B_SPLINE_CURVE_WITH_KNOTS ( 'NONE', 3,
 ( #5476, #95, #564, #4606, #4105, #3718 ),
 .UNSPECIFIED., .F., .F.,
 ( 4, 2, 4 ),
 ( 0.000000000000000000, 0.0001740257916702650032, 0.0003480515833405300064 ),
 .UNSPECIFIED. ) ;
#1079 = CARTESIAN_POINT ( 'NONE',  ( 8.081286344341224392, 11.37508171546222968, -3.278649261536542348 ) ) ;
#1080 = CARTESIAN_POINT ( 'NONE',  ( 0.4126876516628503189, 0.6117626229492657552, -18.31169662920710550 ) ) ;
#1081 = CARTESIAN_POINT ( 'NONE',  ( 3.515204589128320123, 0.000000000000000000, 0.000000000000000000 ) ) ;
#1082 = VERTEX_POINT ( 'NONE', #2596 ) ;
#1083 = CARTESIAN_POINT ( 'NONE',  ( 8.081819171567941495, 3.385991351433746299, 11.34428582074113301 ) ) ;
#1084 = CARTESIAN_POINT ( 'NONE',  ( 10.08627239375047147, 0.000000000000000000, 0.000000000000000000 ) ) ;
#1085 = CARTESIAN_POINT ( 'NONE',  ( 9.812871695695708496, 9.178548006489096522, 9.998540115812788898 ) ) ;
#1086 = CARTESIAN_POINT ( 'NONE',  ( 0.4078353108599468979, 10.10573646946204640, -15.28625667210322092 ) ) ;
#1087 = CARTESIAN_POINT ( 'NONE',  ( 10.08627239375047147, -13.71719167695416353, 1.863152317086231191 ) ) ;
#1088 = ORIENTED_EDGE ( 'NONE', *, *, #2457, .F. ) ;
#1089 = EDGE_CURVE ( 'NONE', #4967, #5253, #2566, .T. ) ;
#1090 = CARTESIAN_POINT ( 'NONE',  ( 3.515204589129667934, -19.29113524658032119, -9.296270399400189177 ) ) ;
#1091 = CIRCLE ( 'NONE', #2786, 10.00000000000000000 ) ;
#1092 = CARTESIAN_POINT ( 'NONE',  ( 8.230357535800607138, 4.313548019702579950, -11.18423031998655404 ) ) ;
#1093 = CARTESIAN_POINT ( 'NONE',  ( 8.727656808823713419, 2.746281162584576663, -15.16180672979630373 ) ) ;
#1094 = ORIENTED_EDGE ( 'NONE', *, *, #4541, .F. ) ;
#1095 = FACE_OUTER_BOUND ( 'NONE', #3355, .T. ) ;
#1096 = CARTESIAN_POINT ( 'NONE',  ( 0.6337479801890599784, 10.08721515555761528, 15.57895661009731825 ) ) ;
#1097 =( BOUNDED_SURFACE ( )  B_SPLINE_SURFACE ( 3, 1, ( 
 ( #5750, #1731 ),
 ( #1166, #5239 ),
 ( #3009, #4822 ),
 ( #2525, #3937 ) ),
 .UNSPECIFIED., .F., .F., .F. ) 
 B_SPLINE_SURFACE_WITH_KNOTS ( ( 4, 4 ),
 ( 2, 2 ),
 ( 0.000000000000000000, 1.000000000000000000 ),
 ( 0.000000000000000000, 1.000000000000000000 ),
 .UNSPECIFIED. ) 
 GEOMETRIC_REPRESENTATION_ITEM ( )  RATIONAL_B_SPLINE_SURFACE ( (
 ( 1.000000000000000000, 1.000000000000000000),
 ( 0.9594539417957813621, 0.9995981945367502508),
 ( 0.9594539417957813621, 0.9995981945367502508),
 ( 1.000000000000000000, 1.000000000000000000) ) ) 
 REPRESENTATION_ITEM ( '' )  SURFACE ( )  );
#1098 = DIRECTION ( 'NONE',  ( 0.7562523480584151248, -0.6106057667823849844, -0.2350382599242711590 ) ) ;
#1099 = CARTESIAN_POINT ( 'NONE',  ( 0.4200333337418734048, 5.466550494093443291, -17.48469384960953832 ) ) ;
#1100 = CARTESIAN_POINT ( 'NONE',  ( 22.10281028718407725, 0.006313757786991002451, -0.01354449388564466818 ) ) ;
#1101 = CARTESIAN_POINT ( 'NONE',  ( 0.4193753327645693418, -17.29173522588860479, 6.047271053276329411 ) ) ;
#1102 = ORIENTED_EDGE ( 'NONE', *, *, #3913, .F. ) ;
#1103 = CARTESIAN_POINT ( 'NONE',  ( 11.36374701386286823, 5.850579861704514606, -7.198700979242588893 ) ) ;
#1104 = ORIENTED_EDGE ( 'NONE', *, *, #2775, .F. ) ;
#1105 = EDGE_CURVE ( 'NONE', #1940, #3076, #1646, .T. ) ;
#1106 = CARTESIAN_POINT ( 'NONE',  ( 8.081832178819821522, 0.2949782573722751211, 11.83546968119519960 ) ) ;
#1107 = AXIS2_PLACEMENT_3D ( 'NONE', #1367, #450, #4080 ) ;
#1108 = DIRECTION ( 'NONE',  ( 1.000000000000000000, -0.000000000000000000, -0.000000000000000000 ) ) ;
#1109 = CARTESIAN_POINT ( 'NONE',  ( 4.346944931879185070, -9.688592366989581706, 18.01596246481603458 ) ) ;
#1110 = EDGE_CURVE ( 'NONE', #4868, #1843, #1715, .T. ) ;
#1111 = CARTESIAN_POINT ( 'NONE',  ( 0.4182233646136228611, 17.22201239169732290, -6.238853248510867644 ) ) ;
#1112 = CARTESIAN_POINT ( 'NONE',  ( 3.663019018077783073, -15.55652500317771292, 15.27179331871353618 ) ) ;
#1113 = CARTESIAN_POINT ( 'NONE',  ( 8.082347709208528741, 3.696539882870970128, 11.24745968924115225 ) ) ;
#1114 =( BOUNDED_SURFACE ( )  B_SPLINE_SURFACE ( 3, 1, ( 
 ( #1841, #2316 ),
 ( #3241, #3747 ),
 ( #3657, #3209 ),
 ( #1454, #1420 ) ),
 .UNSPECIFIED., .F., .F., .F. ) 
 B_SPLINE_SURFACE_WITH_KNOTS ( ( 4, 4 ),
 ( 2, 2 ),
 ( 0.000000000000000000, 1.000000000000000000 ),
 ( 0.000000000000000000, 1.000000000000000000 ),
 .UNSPECIFIED. ) 
 GEOMETRIC_REPRESENTATION_ITEM ( )  RATIONAL_B_SPLINE_SURFACE ( (
 ( 1.000000000000000000, 1.000000000000000000),
 ( 0.9934036227985141299, 0.8357362271078294658),
 ( 0.9934036227985141299, 0.8357362271078294658),
 ( 1.000000000000000000, 1.000000000000000000) ) ) 
 REPRESENTATION_ITEM ( '' )  SURFACE ( )  );
#1115 = ADVANCED_FACE ( 'NONE', ( #347 ), #1815, .F. ) ;
#1116 = CARTESIAN_POINT ( 'NONE',  ( 0.4960052067975744827, 11.59117272305988067, -14.31600804597578680 ) ) ;
#1117 = CARTESIAN_POINT ( 'NONE',  ( 22.09255692238962965, -0.004259725308153075769, 0.008485944307323262797 ) ) ;
#1118 = CARTESIAN_POINT ( 'NONE',  ( 22.09182100077397237, -0.009189453143963841053, 0.001392594613555111919 ) ) ;
#1119 = AXIS2_PLACEMENT_3D ( 'NONE', #1874, #4997, #3152 ) ;
#1120 = CARTESIAN_POINT ( 'NONE',  ( 5.129410166199563470, 17.61552027822203570, 8.489182879268547310 ) ) ;
#1121 = VECTOR ( 'NONE', #3421, 1000.000000000000114 ) ;
#1122 = ORIENTED_EDGE ( 'NONE', *, *, #3065, .F. ) ;
#1123 = VECTOR ( 'NONE', #5320, 999.9999999999998863 ) ;
#1124 = AXIS2_PLACEMENT_3D ( 'NONE', #166, #5159, #4203 ) ;
#1125 = CARTESIAN_POINT ( 'NONE',  ( 3.515204589129470758, -21.21966542071080752, 2.879989908611899629 ) ) ;
#1126 = VERTEX_POINT ( 'NONE', #5762 ) ;
#1127 = ORIENTED_EDGE ( 'NONE', *, *, #3280, .T. ) ;
#1128 = CARTESIAN_POINT ( 'NONE',  ( 2.396304448592335046, -20.21360350982718757, 1.824681945605580502 ) ) ;
#1129 = CARTESIAN_POINT ( 'NONE',  ( 22.09284734956529661, 0.009812203273947705043, 0.0003495097987787499760 ) ) ;
#1130 = ADVANCED_FACE ( 'NONE', ( #791 ), #3099, .F. ) ;
#1131 = CARTESIAN_POINT ( 'NONE',  ( 22.09712324851893683, 0.003867776960171580118, -0.01402524781097048458 ) ) ;
#1132 = CARTESIAN_POINT ( 'NONE',  ( 10.08627239375047147, 0.000000000000000000, 0.000000000000000000 ) ) ;
#1133 = CARTESIAN_POINT ( 'NONE',  ( 0.6480971303263403094, 14.39803354453983175, 11.69152577772649515 ) ) ;
#1134 = EDGE_LOOP ( 'NONE', ( #551, #1689 ) ) ;
#1135 =( BOUNDED_SURFACE ( )  B_SPLINE_SURFACE ( 3, 1, ( 
 ( #2541, #1623 ),
 ( #2128, #3952 ),
 ( #3983, #4778 ),
 ( #4748, #5251 ) ),
 .UNSPECIFIED., .F., .F., .F. ) 
 B_SPLINE_SURFACE_WITH_KNOTS ( ( 4, 4 ),
 ( 2, 2 ),
 ( 0.000000000000000000, 1.000000000000000000 ),
 ( 0.000000000000000000, 1.000000000000000000 ),
 .UNSPECIFIED. ) 
 GEOMETRIC_REPRESENTATION_ITEM ( )  RATIONAL_B_SPLINE_SURFACE ( (
 ( 1.000000000000000000, 1.000000000000000000),
 ( 0.7790009610346629865, 0.9689941987838144311),
 ( 0.7790009610346629865, 0.9689941987838144311),
 ( 1.000000000000000000, 1.000000000000000000) ) ) 
 REPRESENTATION_ITEM ( '' )  SURFACE ( )  );
#1136 = CARTESIAN_POINT ( 'NONE',  ( 8.230357535800607138, -11.18423031998663220, 4.313548019702379221 ) ) ;
#1137 = VERTEX_POINT ( 'NONE', #3078 ) ;
#1138 = CARTESIAN_POINT ( 'NONE',  ( 0.4200333337418749036, -0.2040690719084255755, -18.31818902438058672 ) ) ;
#1139 = CARTESIAN_POINT ( 'NONE',  ( 22.09374604753667626, -0.001450526919794186504, -0.01032941364857224015 ) ) ;
#1140 = FACE_OUTER_BOUND ( 'NONE', #4018, .T. ) ;
#1141 = CARTESIAN_POINT ( 'NONE',  ( 2.831810311861893137, -13.83611265739390461, 15.57217759773287646 ) ) ;
#1142 = CARTESIAN_POINT ( 'NONE',  ( 5.129410166199544818, 17.22203624868315686, -9.261438769390117898 ) ) ;
#1143 = CARTESIAN_POINT ( 'NONE',  ( 10.08627239375047147, 0.000000000000000000, 0.000000000000000000 ) ) ;
#1144 = CARTESIAN_POINT ( 'NONE',  ( 8.564997480335412305, 4.493561965211666731, 11.47346859402562735 ) ) ;
#1145 = CARTESIAN_POINT ( 'NONE',  ( 8.357821303193640361, -15.58108243136022608, 2.822336190159326907 ) ) ;
#1146 = CARTESIAN_POINT ( 'NONE',  ( 10.08627239375047324, -6.010808495292834230, 12.47007880054813000 ) ) ;
#1147 = ORIENTED_EDGE ( 'NONE', *, *, #3155, .F. ) ;
#1148 = DIRECTION ( 'NONE',  ( 0.000000000000000000, 0.000000000000000000, 1.000000000000000000 ) ) ;
#1149 = CARTESIAN_POINT ( 'NONE',  ( 10.08627239375047324, -9.570084858214508827, -10.00230772699669402 ) ) ;
#1150 = FACE_OUTER_BOUND ( 'NONE', #2694, .T. ) ;
#1151 = VERTEX_POINT ( 'NONE', #4452 ) ;
#1152 = EDGE_LOOP ( 'NONE', ( #1771, #972, #2259, #3801 ) ) ;
#1153 = CARTESIAN_POINT ( 'NONE',  ( 1.672572369782450163, -19.52715064513625265, 1.347264104294809695 ) ) ;
#1154 = CARTESIAN_POINT ( 'NONE',  ( 0.6480971303263367567, -0.9956912648607131322, 18.52036025205820025 ) ) ;
#1155 = CARTESIAN_POINT ( 'NONE',  ( 0.4176364164252740485, 17.19050927794364014, -6.324092591053575241 ) ) ;
#1156 = CARTESIAN_POINT ( 'NONE',  ( 0.4188821999575219057, -14.51439264485822989, -11.17532763835789744 ) ) ;
#1157 = CARTESIAN_POINT ( 'NONE',  ( 0.4078353108599468979, -11.41524970802561789, -14.33483961330075118 ) ) ;
#1158 = VERTEX_POINT ( 'NONE', #2184 ) ;
#1159 = CARTESIAN_POINT ( 'NONE',  ( 5.129410166199401822, -14.13005357048167632, -13.51718782607695957 ) ) ;
#1160 = ORIENTED_EDGE ( 'NONE', *, *, #1297, .T. ) ;
#1161 = B_SPLINE_CURVE_WITH_KNOTS ( 'NONE', 3,
 ( #3512, #5714, #4463, #4902, #389, #829 ),
 .UNSPECIFIED., .F., .F.,
 ( 4, 2, 4 ),
 ( 4.661211986717456640E-17, 0.001429663029798438961, 0.002859326059596831084 ),
 .UNSPECIFIED. ) ;
#1162 = CARTESIAN_POINT ( 'NONE',  ( 22.09712324851893683, 0.008012514405457360489, -0.01214359451213292002 ) ) ;
#1163 = ADVANCED_FACE ( 'NONE', ( #5819 ), #3457, .F. ) ;
#1164 = CARTESIAN_POINT ( 'NONE',  ( 2.396304448592982972, 4.510971347559207700, -19.78813706634970515 ) ) ;
#1165 = B_SPLINE_CURVE_WITH_KNOTS ( 'NONE', 3,
 ( #2073, #376, #4308, #5203, #5258, #2047 ),
 .UNSPECIFIED., .F., .F.,
 ( 4, 2, 4 ),
 ( 3.713483449319038001E-17, 0.001429663029798430070, 0.002859326059596823278 ),
 .UNSPECIFIED. ) ;
#1166 = CARTESIAN_POINT ( 'NONE',  ( 22.09182100077397237, -0.001392594613555206244, -0.009189453143963830645 ) ) ;
#1167 = CARTESIAN_POINT ( 'NONE',  ( 0.4227027292401541181, -0.2040028437733137356, -18.32171170676644678 ) ) ;
#1168 = CARTESIAN_POINT ( 'NONE',  ( 10.08627239375047324, 12.19257463651247519, -6.555441082950646425 ) ) ;
#1169 = EDGE_LOOP ( 'NONE', ( #5531, #2706, #4594, #625 ) ) ;
#1170 = CARTESIAN_POINT ( 'NONE',  ( 0.4182233646136210847, -10.26579477152726305, 15.17018320209463056 ) ) ;
#1171 = CARTESIAN_POINT ( 'NONE',  ( 8.081286344341224392, -7.275492736841809638, 9.338588247148459587 ) ) ;
#1172 = CARTESIAN_POINT ( 'NONE',  ( 9.510122032027840788, 6.869968015302372777, 12.77716288648876208 ) ) ;
#1173 = CARTESIAN_POINT ( 'NONE',  ( 0.4126876516628540381, 17.60450345064214872, -5.076804625281680750 ) ) ;
#1174 = ADVANCED_FACE ( 'NONE', ( #2683 ), #5012, .T. ) ;
#1175 = ORIENTED_EDGE ( 'NONE', *, *, #467, .T. ) ;
#1176 = B_SPLINE_CURVE_WITH_KNOTS ( 'NONE', 3,
 ( #1558, #4769, #4710, #697, #5187, #2928, #636, #2445, #4741, #5096, #668, #4296, #223 ),
 .UNSPECIFIED., .F., .F.,
 ( 4, 3, 3, 3, 4 ),
 ( 4.336808689942017736E-18, 0.0003060198743295305815, 0.0006120397344444647577, 0.0009177208998331713155, 0.001223526564453230854 ),
 .UNSPECIFIED. ) ;
#1177 = LINE ( 'NONE', #1745, #4439 ) ;
#1178 = CARTESIAN_POINT ( 'NONE',  ( 1.161569255189763172, 10.25650460050289148, 16.06607803794144829 ) ) ;
#1179 = EDGE_CURVE ( 'NONE', #5619, #1641, #2998, .T. ) ;
#1180 = ORIENTED_EDGE ( 'NONE', *, *, #3349, .F. ) ;
#1181 = ORIENTED_EDGE ( 'NONE', *, *, #1676, .F. ) ;
#1182 = CARTESIAN_POINT ( 'NONE',  ( 8.081819171567943272, -11.34428582074114367, 3.385991351433703223 ) ) ;
#1183 = AXIS2_PLACEMENT_3D ( 'NONE', #3384, #5520, #1433 ) ;
#1184 = CARTESIAN_POINT ( 'NONE',  ( 0.4960052067975744827, 15.44775012758375077, -10.03346338329826537 ) ) ;
#1185 = FACE_OUTER_BOUND ( 'NONE', #4123, .T. ) ;
#1186 = CARTESIAN_POINT ( 'NONE',  ( 8.189129401831873878, -10.02473148244348522, -6.497061151241590338 ) ) ;
#1187 = CARTESIAN_POINT ( 'NONE',  ( 8.080972016268406222, -0.4557121623998721671, -11.82921687603960947 ) ) ;
#1188 = EDGE_LOOP ( 'NONE', ( #5772, #2079, #5234, #1061 ) ) ;
#1189 = CARTESIAN_POINT ( 'NONE',  ( 1.663814822677787353, 18.13696163221029067, 7.332380604471629759 ) ) ;
#1190 = ORIENTED_EDGE ( 'NONE', *, *, #2357, .F. ) ;
#1191 = B_SPLINE_CURVE_WITH_KNOTS ( 'NONE', 3,
 ( #4811, #4368, #771, #4840, #296, #438 ),
 .UNSPECIFIED., .F., .F.,
 ( 4, 2, 4 ),
 ( 3.004629197474318463E-18, 0.001429663029798393424, 0.002859326059596783813 ),
 .UNSPECIFIED. ) ;
#1192 = CARTESIAN_POINT ( 'NONE',  ( 0.4182233646136228611, 15.17018320209466786, 10.26579477152721154 ) ) ;
#1193 = CARTESIAN_POINT ( 'NONE',  ( 0.5844060700456885638, -17.85695230666745559, -4.771376216093930367 ) ) ;
#1194 = DIRECTION ( 'NONE',  ( 0.000000000000000000, 0.000000000000000000, 1.000000000000000000 ) ) ;
#1195 = FACE_OUTER_BOUND ( 'NONE', #5722, .T. ) ;
#1196 = ORIENTED_EDGE ( 'NONE', *, *, #610, .F. ) ;
#1197 = EDGE_CURVE ( 'NONE', #2830, #2237, #580, .T. ) ;
#1198 = VECTOR ( 'NONE', #1098, 1000.000000000000114 ) ;
#1199 = CARTESIAN_POINT ( 'NONE',  ( 8.150687306238461716, 0.6049186474618106768, -11.89226811460115130 ) ) ;
#1200 = EDGE_CURVE ( 'NONE', #2136, #1621, #2700, .T. ) ;
#1201 = CARTESIAN_POINT ( 'NONE',  ( 8.096182984839494168, -11.10359438725371461, 4.148143494211008253 ) ) ;
#1202 = B_SPLINE_CURVE_WITH_KNOTS ( 'NONE', 3,
 ( #3013, #2177, #3548, #5390, #2647, #4026 ),
 .UNSPECIFIED., .F., .F.,
 ( 4, 2, 4 ),
 ( 8.716877585302701703E-18, 0.0001743161698667596178, 0.0003486323397335105078 ),
 .UNSPECIFIED. ) ;
#1203 = CARTESIAN_POINT ( 'NONE',  ( 0.6480971303263367567, -6.670064725496231084, 17.30622377986105676 ) ) ;
#1204 = CARTESIAN_POINT ( 'NONE',  ( 8.230357535800605362, -6.512792486836119110, -10.06365929432220163 ) ) ;
#1205 = CARTESIAN_POINT ( 'NONE',  ( 11.25262228702623979, -3.120994002997500516, 8.608522139869924317 ) ) ;
#1206 = ORIENTED_EDGE ( 'NONE', *, *, #3478, .T. ) ;
#1207 = CONICAL_SURFACE ( 'NONE', #4438, 13.84314574289256150, 0.8559913436420820698 ) ;
#1208 = EDGE_CURVE ( 'NONE', #3817, #705, #1355, .T. ) ;
#1209 = CARTESIAN_POINT ( 'NONE',  ( 8.357821303193647466, 10.94643288814044269, -11.44164840958517360 ) ) ;
#1210 = CARTESIAN_POINT ( 'NONE',  ( 10.08627239375047324, -12.19257463651232598, -6.555441082950914655 ) ) ;
#1211 = ORIENTED_EDGE ( 'NONE', *, *, #2046, .T. ) ;
#1212 = ORIENTED_EDGE ( 'NONE', *, *, #508, .T. ) ;
#1213 = CARTESIAN_POINT ( 'NONE',  ( 10.08627239375047324, -13.62157025872564375, 2.466882191261958290 ) ) ;
#1214 = VECTOR ( 'NONE', #5690, 999.9999999999998863 ) ;
#1215 = CARTESIAN_POINT ( 'NONE',  ( 0.6337479801890599784, 15.57895661009742660, -10.08721515555744297 ) ) ;
#1216 = CIRCLE ( 'NONE', #452, 21.41421356110392082 ) ;
#1217 = CARTESIAN_POINT ( 'NONE',  ( 8.189129401831873878, 11.14862220842007012, -4.291301405400125724 ) ) ;
#1218 = CARTESIAN_POINT ( 'NONE',  ( 0.6337479801890598674, -11.69934729212850755, -14.40767405211443197 ) ) ;
#1219 = ORIENTED_EDGE ( 'NONE', *, *, #4135, .T. ) ;
#1220 = CARTESIAN_POINT ( 'NONE',  ( 8.096182984839495944, 9.882447610187828246, 6.544778987644286339 ) ) ;
#1221 = VERTEX_POINT ( 'NONE', #5459 ) ;
#1222 = CARTESIAN_POINT ( 'NONE',  ( 3.663019018077784850, -19.51437814524478043, -9.717107951874865535 ) ) ;
#1223 = CARTESIAN_POINT ( 'NONE',  ( 8.082286027375509718, 7.032267903719804814, 9.524332152863305367 ) ) ;
#1224 = CARTESIAN_POINT ( 'NONE',  ( 0.4182233646136210847, 11.25539654257622146, -14.45119542963812975 ) ) ;
#1225 = CARTESIAN_POINT ( 'NONE',  ( 0.4126876516628505409, 18.31169662920711261, -0.6117626229490732426 ) ) ;
#1226 = CARTESIAN_POINT ( 'NONE',  ( 8.899588490903191484, -11.76266457312521041, -4.673549587514201242 ) ) ;
#1227 = VERTEX_POINT ( 'NONE', #3165 ) ;
#1228 = B_SPLINE_CURVE_WITH_KNOTS ( 'NONE', 3,
 ( #3357, #1505, #3328, #1063, #4687, #613 ),
 .UNSPECIFIED., .F., .F.,
 ( 4, 2, 4 ),
 ( 0.000000000000000000, 0.0002683118749524621800, 0.0005366237499049243600 ),
 .UNSPECIFIED. ) ;
#1229 = CARTESIAN_POINT ( 'NONE',  ( 10.08627239375047324, -13.71719167695413866, -1.863152317086421927 ) ) ;
#1230 = EDGE_CURVE ( 'NONE', #5576, #4066, #4059, .T. ) ;
#1231 = CARTESIAN_POINT ( 'NONE',  ( 8.230357535800605362, 7.558545190369603262, -9.303875481428539373 ) ) ;
#1232 = CARTESIAN_POINT ( 'NONE',  ( 8.150690745220670053, -11.89227257948016359, 0.6048916129665726782 ) ) ;
#1233 = CARTESIAN_POINT ( 'NONE',  ( 8.082286027375502613, 11.28748622049488937, 3.571883207761921586 ) ) ;
#1234 = FACE_OUTER_BOUND ( 'NONE', #1065, .T. ) ;
#1235 = ADVANCED_FACE ( 'NONE', ( #3798 ), #4056, .F. ) ;
#1236 = VERTEX_POINT ( 'NONE', #607 ) ;
#1237 = VECTOR ( 'NONE', #234, 1000.000000000000000 ) ;
#1238 = B_SPLINE_CURVE_WITH_KNOTS ( 'NONE', 3,
 ( #5697, #605, #255, #3762 ),
 .UNSPECIFIED., .F., .F.,
 ( 4, 4 ),
 ( 0.000000000000000000, 0.002859022159863999334 ),
 .UNSPECIFIED. ) ;
#1239 = CARTESIAN_POINT ( 'NONE',  ( 2.635524340766754570, 4.431314575426802627, 20.05263845740062223 ) ) ;
#1240 = CARTESIAN_POINT ( 'NONE',  ( 10.08627239375047324, 12.47007880054823481, -6.010808495292618403 ) ) ;
#1241 = VERTEX_POINT ( 'NONE', #1087 ) ;
#1242 = ORIENTED_EDGE ( 'NONE', *, *, #4179, .F. ) ;
#1243 = CARTESIAN_POINT ( 'NONE',  ( 3.085675480214828514, -20.57159199409089112, -4.147152605941785808 ) ) ;
#1244 = CARTESIAN_POINT ( 'NONE',  ( 0.4182233646136193639, -15.17018320209459148, -10.26579477152732345 ) ) ;
#1245 = CARTESIAN_POINT ( 'NONE',  ( 6.010425613513220355, 12.81564292679731132, 13.39640291774651182 ) ) ;
#1246 = ORIENTED_EDGE ( 'NONE', *, *, #1288, .T. ) ;
#1247 = CARTESIAN_POINT ( 'NONE',  ( 22.09255692238962965, -0.001428938507665293524, -0.009386940141984979197 ) ) ;
#1248 = EDGE_LOOP ( 'NONE', ( #5015, #1625, #2884, #1810 ) ) ;
#1249 = EDGE_CURVE ( 'NONE', #1778, #1336, #14, .T. ) ;
#1250 = CARTESIAN_POINT ( 'NONE',  ( 0.6337479801890597564, -17.31780942828214620, -6.674524347060858176 ) ) ;
#1251 = B_SPLINE_CURVE_WITH_KNOTS ( 'NONE', 3,
 ( #2581, #1637, #1274, #1668, #5327, #5355 ),
 .UNSPECIFIED., .F., .F.,
 ( 4, 2, 4 ),
 ( 1.362745523855360360E-17, 0.0002687592685055708924, 0.0005375185370111282323 ),
 .UNSPECIFIED. ) ;
#1252 = CARTESIAN_POINT ( 'NONE',  ( 3.515204589129045765, 15.47425434527160171, 14.80256717256907883 ) ) ;
#1253 = CARTESIAN_POINT ( 'NONE',  ( 0.4176373827249045267, 11.32661154180260610, -14.39498647264133702 ) ) ;
#1254 = CARTESIAN_POINT ( 'NONE',  ( 0.6480971303263403094, -17.30622377986102833, -6.670064725496289704 ) ) ;
#1255 = CARTESIAN_POINT ( 'NONE',  ( 8.081286344341224392, -9.805187248470398131, -6.633274307312396090 ) ) ;
#1256 = ORIENTED_EDGE ( 'NONE', *, *, #835, .T. ) ;
#1257 = CARTESIAN_POINT ( 'NONE',  ( 0.4182233646136210847, 18.30701878804081417, -0.6116075298352824374 ) ) ;
#1258 = FACE_OUTER_BOUND ( 'NONE', #4816, .T. ) ;
#1259 = CARTESIAN_POINT ( 'NONE',  ( 0.4182233646136210847, 0.6116075298354747281, -18.30701878804080707 ) ) ;
#1260 = CARTESIAN_POINT ( 'NONE',  ( 8.081585098691666857, 11.14908124935689138, 3.981231368697737416 ) ) ;
#1261 = CARTESIAN_POINT ( 'NONE',  ( 22.09255692238962965, 0.001428938507664054714, -0.009386940141985924621 ) ) ;
#1262 = ORIENTED_EDGE ( 'NONE', *, *, #1347, .T. ) ;
#1263 = CARTESIAN_POINT ( 'NONE',  ( 10.08627239375047147, 0.000000000000000000, 0.000000000000000000 ) ) ;
#1264 = CARTESIAN_POINT ( 'NONE',  ( 5.129410166199355636, -19.37665712658353456, -2.630197564622655193 ) ) ;
#1265 = ORIENTED_EDGE ( 'NONE', *, *, #4795, .F. ) ;
#1266 = ORIENTED_EDGE ( 'NONE', *, *, #1911, .T. ) ;
#1267 = CARTESIAN_POINT ( 'NONE',  ( 0.4201982046941564186, -5.660683433827241373, 17.42268678612101596 ) ) ;
#1268 = CARTESIAN_POINT ( 'NONE',  ( 0.6337479801890597564, 6.674524347060920348, -17.31780942828212133 ) ) ;
#1269 = CARTESIAN_POINT ( 'NONE',  ( 8.230357535800605362, 11.18423031998666239, -4.313548019702306391 ) ) ;
#1270 = ORIENTED_EDGE ( 'NONE', *, *, #749, .F. ) ;
#1271 = CARTESIAN_POINT ( 'NONE',  ( 3.515204589129467649, -3.818204060500374197, 21.07106689735939398 ) ) ;
#1272 = ORIENTED_EDGE ( 'NONE', *, *, #4287, .F. ) ;
#1273 = CARTESIAN_POINT ( 'NONE',  ( 0.4193753327645586282, -18.31412698968589581, 0.4078564939900024555 ) ) ;
#1274 = CARTESIAN_POINT ( 'NONE',  ( 0.4409628251481791938, -10.12940748553221759, 15.28902671869204433 ) ) ;
#1275 = CARTESIAN_POINT ( 'NONE',  ( 8.150687306238461716, -11.89226811460115485, -0.6049186474617695986 ) ) ;
#1276 = EDGE_CURVE ( 'NONE', #5576, #4940, #5552, .T. ) ;
#1277 = CARTESIAN_POINT ( 'NONE',  ( 22.09255692238962965, -0.008434103081284715156, -0.004361469442992967592 ) ) ;
#1278 = CARTESIAN_POINT ( 'NONE',  ( 1.789743172660314130, -7.300210932879370951, 18.32999680698390677 ) ) ;
#1279 = ORIENTED_EDGE ( 'NONE', *, *, #3971, .F. ) ;
#1280 = CARTESIAN_POINT ( 'NONE',  ( 7.813880306852852620, 0.000000000000000000, 0.000000000000000000 ) ) ;
#1281 =( BOUNDED_SURFACE ( )  B_SPLINE_SURFACE ( 3, 1, ( 
 ( #5113, #2343 ),
 ( #2908, #4160 ),
 ( #3713, #1318 ),
 ( #1289, #877 ) ),
 .UNSPECIFIED., .F., .F., .F. ) 
 B_SPLINE_SURFACE_WITH_KNOTS ( ( 4, 4 ),
 ( 2, 2 ),
 ( 0.000000000000000000, 1.000000000000000000 ),
 ( 0.000000000000000000, 1.000000000000000000 ),
 .UNSPECIFIED. ) 
 GEOMETRIC_REPRESENTATION_ITEM ( )  RATIONAL_B_SPLINE_SURFACE ( (
 ( 1.000000000000000000, 1.000000000000000000),
 ( 0.9934036227985141299, 0.8357362271078294658),
 ( 0.9934036227985141299, 0.8357362271078294658),
 ( 1.000000000000000000, 1.000000000000000000) ) ) 
 REPRESENTATION_ITEM ( '' )  SURFACE ( )  );
#1282 = ADVANCED_FACE ( 'NONE', ( #1946 ), #4663, .F. ) ;
#1283 = CARTESIAN_POINT ( 'NONE',  ( 10.08627239375047147, 0.000000000000000000, 0.000000000000000000 ) ) ;
#1284 = DIRECTION ( 'NONE',  ( -1.000000000000000000, -0.000000000000000000, -0.000000000000000000 ) ) ;
#1285 = CARTESIAN_POINT ( 'NONE',  ( 22.09374604753667626, -0.007504072852116820333, -0.007244977936371231955 ) ) ;
#1286 = CARTESIAN_POINT ( 'NONE',  ( 8.081286344341222616, -0.3969128176506590000, -11.83150392928988204 ) ) ;
#1287 = ORIENTED_EDGE ( 'NONE', *, *, #2408, .F. ) ;
#1288 = EDGE_CURVE ( 'NONE', #3256, #5069, #2293, .T. ) ;
#1289 = CARTESIAN_POINT ( 'NONE',  ( 22.09255692238962965, -0.006754285118807817380, 0.006673540516228921964 ) ) ;
#1290 = DIRECTION ( 'NONE',  ( -1.000000000000000000, -0.000000000000000000, -0.000000000000000000 ) ) ;
#1291 = CARTESIAN_POINT ( 'NONE',  ( 8.357821303193631479, -15.69063982387576495, -2.130618037220577854 ) ) ;
#1292 = EDGE_LOOP ( 'NONE', ( #763, #2389, #4808, #1094 ) ) ;
#1293 = ORIENTED_EDGE ( 'NONE', *, *, #1734, .F. ) ;
#1294 = CARTESIAN_POINT ( 'NONE',  ( 0.4200333337418755142, -14.69977743597969422, 10.93225670443706932 ) ) ;
#1295 = CARTESIAN_POINT ( 'NONE',  ( 8.080972016268342273, 3.222021023237837234, -11.39107659535104311 ) ) ;
#1296 =( BOUNDED_SURFACE ( )  B_SPLINE_SURFACE ( 3, 1, ( 
 ( #167, #1976 ),
 ( #3797, #3352 ),
 ( #5160, #1086 ),
 ( #2894, #4743 ) ),
 .UNSPECIFIED., .F., .F., .F. ) 
 B_SPLINE_SURFACE_WITH_KNOTS ( ( 4, 4 ),
 ( 2, 2 ),
 ( 0.000000000000000000, 1.000000000000000000 ),
 ( 0.000000000000000000, 1.000000000000000000 ),
 .UNSPECIFIED. ) 
 GEOMETRIC_REPRESENTATION_ITEM ( )  RATIONAL_B_SPLINE_SURFACE ( (
 ( 1.000000000000000000, 1.000000000000000000),
 ( 0.9934036227985141299, 0.8357362271078294658),
 ( 0.9934036227985141299, 0.8357362271078294658),
 ( 1.000000000000000000, 1.000000000000000000) ) ) 
 REPRESENTATION_ITEM ( '' )  SURFACE ( )  );
#1297 = EDGE_CURVE ( 'NONE', #4845, #3057, #2577, .T. ) ;
#1298 = CARTESIAN_POINT ( 'NONE',  ( 8.080972016268400893, 11.10943098990116518, -4.088837066448497204 ) ) ;
#1299 = DIRECTION ( 'NONE',  ( 0.000000000000000000, 0.000000000000000000, 1.000000000000000000 ) ) ;
#1300 = ORIENTED_EDGE ( 'NONE', *, *, #2156, .F. ) ;
#1301 = CARTESIAN_POINT ( 'NONE',  ( 22.09374604753667626, 0.007504072852116769159, 0.007244977936371284864 ) ) ;
#1302 = CIRCLE ( 'NONE', #1780, 0.3999999999999993006 ) ;
#1303 = ORIENTED_EDGE ( 'NONE', *, *, #869, .T. ) ;
#1304 = AXIS2_PLACEMENT_3D ( 'NONE', #165, #5614, #5158 ) ;
#1305 = EDGE_CURVE ( 'NONE', #5736, #887, #4266, .T. ) ;
#1306 = CARTESIAN_POINT ( 'NONE',  ( 0.6337479801890598674, -15.57895661009720634, -10.08721515555778581 ) ) ;
#1307 = CARTESIAN_POINT ( 'NONE',  ( 8.899588490903195037, -3.132939723393100895, -12.26323906218885718 ) ) ;
#1308 = CARTESIAN_POINT ( 'NONE',  ( 8.081585098691672187, -3.332381699167317191, -11.35990528688152423 ) ) ;
#1309 = VERTEX_POINT ( 'NONE', #4299 ) ;
#1310 = CARTESIAN_POINT ( 'NONE',  ( 10.08627239375047324, -2.466882191261917878, -13.62157025872565086 ) ) ;
#1311 = MANIFOLD_SOLID_BREP ( 'Bore', #2275 ) ;
#1312 = CARTESIAN_POINT ( 'NONE',  ( 0.4200333337418769575, -10.93225670443700714, -14.69977743597973863 ) ) ;
#1313 = B_SPLINE_CURVE_WITH_KNOTS ( 'NONE', 3,
 ( #4874, #838, #5300, #365, #4849, #2984 ),
 .UNSPECIFIED., .F., .F.,
 ( 4, 2, 4 ),
 ( 8.330737450703139948E-18, 0.0001743161698667556605, 0.0003486323397335030268 ),
 .UNSPECIFIED. ) ;
#1314 = CARTESIAN_POINT ( 'NONE',  ( 8.081990258054290166, 9.710931297506316895, -6.771743123457259372 ) ) ;
#1315 =( BOUNDED_SURFACE ( )  B_SPLINE_SURFACE ( 3, 1, ( 
 ( #5560, #1953 ),
 ( #3360, #1508 ),
 ( #5168, #3836 ),
 ( #3295, #2015 ) ),
 .UNSPECIFIED., .F., .F., .F. ) 
 B_SPLINE_SURFACE_WITH_KNOTS ( ( 4, 4 ),
 ( 2, 2 ),
 ( 0.000000000000000000, 1.000000000000000000 ),
 ( 0.000000000000000000, 1.000000000000000000 ),
 .UNSPECIFIED. ) 
 GEOMETRIC_REPRESENTATION_ITEM ( )  RATIONAL_B_SPLINE_SURFACE ( (
 ( 1.000000000000000000, 1.000000000000000000),
 ( 0.7790009610346629865, 0.9689941987838144311),
 ( 0.7790009610346629865, 0.9689941987838144311),
 ( 1.000000000000000000, 1.000000000000000000) ) ) 
 REPRESENTATION_ITEM ( '' )  SURFACE ( )  );
#1316 = ORIENTED_EDGE ( 'NONE', *, *, #2475, .F. ) ;
#1317 = CONTEXT_DEPENDENT_SHAPE_REPRESENTATION ( #3875, #1001 ) ;
#1318 = CARTESIAN_POINT ( 'NONE',  ( 0.4078353108599468979, 4.887413429186118208, -17.66093832750249248 ) ) ;
#1319 = B_SPLINE_CURVE_WITH_KNOTS ( 'NONE', 3,
 ( #3803, #2419, #1032, #4686, #1564, #4181 ),
 .UNSPECIFIED., .F., .F.,
 ( 4, 2, 4 ),
 ( 0.000000000000000000, 0.0002683118749524626137, 0.0005366237499049252273 ),
 .UNSPECIFIED. ) ;
#1320 = CARTESIAN_POINT ( 'NONE',  ( -27.89911057639946890, 0.000000000000000000, 0.000000000000000000 ) ) ;
#1321 = CARTESIAN_POINT ( 'NONE',  ( 22.09324635661532810, 0.005344894070955782256, -0.008612382393805295688 ) ) ;
#1322 = ORIENTED_EDGE ( 'NONE', *, *, #5071, .F. ) ;
#1323 = ORIENTED_EDGE ( 'NONE', *, *, #1482, .T. ) ;
#1324 = CARTESIAN_POINT ( 'NONE',  ( 0.4201982046941598603, -14.82038744593585733, 10.76798345734374607 ) ) ;
#1325 = CARTESIAN_POINT ( 'NONE',  ( 10.08627239375047324, 12.19257463651237927, 6.555441082950826726 ) ) ;
#1326 = CARTESIAN_POINT ( 'NONE',  ( 0.4188821999575219612, -11.17532763835783882, 14.51439264485827607 ) ) ;
#1327 = DIRECTION ( 'NONE',  ( 0.000000000000000000, 0.000000000000000000, 1.000000000000000000 ) ) ;
#1328 = ORIENTED_EDGE ( 'NONE', *, *, #5691, .F. ) ;
#1329 = CARTESIAN_POINT ( 'NONE',  ( 8.081286344341224392, 3.278649261536819903, -11.37508171546214975 ) ) ;
#1330 = ORIENTED_EDGE ( 'NONE', *, *, #3085, .T. ) ;
#1331 = CARTESIAN_POINT ( 'NONE',  ( 8.080972016268344049, -7.321718109830217536, -9.302176594514049768 ) ) ;
#1332 =( BOUNDED_SURFACE ( )  B_SPLINE_SURFACE ( 3, 1, ( 
 ( #5440, #4126 ),
 ( #2781, #1480 ),
 ( #2339, #500 ),
 ( #2370, #1358 ) ),
 .UNSPECIFIED., .F., .F., .F. ) 
 B_SPLINE_SURFACE_WITH_KNOTS ( ( 4, 4 ),
 ( 2, 2 ),
 ( 0.000000000000000000, 1.000000000000000000 ),
 ( 0.000000000000000000, 1.000000000000000000 ),
 .UNSPECIFIED. ) 
 GEOMETRIC_REPRESENTATION_ITEM ( )  RATIONAL_B_SPLINE_SURFACE ( (
 ( 1.000000000000000000, 1.000000000000000000),
 ( 0.9934036227985141299, 0.8357362271078294658),
 ( 0.9934036227985141299, 0.8357362271078294658),
 ( 1.000000000000000000, 1.000000000000000000) ) ) 
 REPRESENTATION_ITEM ( '' )  SURFACE ( )  );
#1333 = CARTESIAN_POINT ( 'NONE',  ( 8.189129401831875654, -4.291301405400163915, -11.14862220842005414 ) ) ;
#1334 = CARTESIAN_POINT ( 'NONE',  ( 2.635524340768095719, -20.05263845740214279, 4.431314575426127611 ) ) ;
#1335 = CARTESIAN_POINT ( 'NONE',  ( 22.09255692238962965, -0.004361469442993056063, 0.008434103081284668318 ) ) ;
#1336 = VERTEX_POINT ( 'NONE', #3829 ) ;
#1337 = EDGE_CURVE ( 'NONE', #4608, #710, #3021, .T. ) ;
#1338 = CARTESIAN_POINT ( 'NONE',  ( 5.129410166199429355, 2.630197564622712481, -19.37665712658344574 ) ) ;
#1339 = CARTESIAN_POINT ( 'NONE',  ( 3.663019018077784850, 15.27179331871381684, -15.55652500317743936 ) ) ;
#1340 = CARTESIAN_POINT ( 'NONE',  ( 0.6337479801890594233, -6.674524347060557083, -17.31780942828225989 ) ) ;
#1341 = CARTESIAN_POINT ( 'NONE',  ( 8.082286027375506166, -0.09096226571864012012, -11.83880993571435347 ) ) ;
#1342 = ORIENTED_EDGE ( 'NONE', *, *, #150, .T. ) ;
#1343 = DIRECTION ( 'NONE',  ( -0.7562523480584152358, -0.6106057667823866497, 0.2350382599242667458 ) ) ;
#1344 = FACE_OUTER_BOUND ( 'NONE', #5587, .T. ) ;
#1345 = CARTESIAN_POINT ( 'NONE',  ( 8.081286344341224392, -6.633274307312356122, 9.805187248470426553 ) ) ;
#1346 = ORIENTED_EDGE ( 'NONE', *, *, #339, .T. ) ;
#1347 = EDGE_CURVE ( 'NONE', #3674, #65, #4386, .T. ) ;
#1348 = ORIENTED_EDGE ( 'NONE', *, *, #50, .T. ) ;
#1349 = CARTESIAN_POINT ( 'NONE',  ( 0.4193760241474250305, -6.047136613740621058, 17.29178339499567940 ) ) ;
#1350 = CARTESIAN_POINT ( 'NONE',  ( 0.6480971303263403094, -15.56853882718295701, 10.08046346888048284 ) ) ;
#1351 = B_SPLINE_CURVE_WITH_KNOTS ( 'NONE', 3,
 ( #2562, #1711, #314, #1233, #2095, #813, #2124, #225, #5308, #3524, #5337, #1260, #2036 ),
 .UNSPECIFIED., .F., .F.,
 ( 4, 3, 3, 3, 4 ),
 ( 1.301042606982605321E-18, 0.0003060394048542612556, 0.0004590327578743540996, 0.0006264795226578684720, 0.0007939722156138016547 ),
 .UNSPECIFIED. ) ;
#1352 = ADVANCED_FACE ( 'NONE', ( #1234 ), #3034, .F. ) ;
#1353 = CARTESIAN_POINT ( 'NONE',  ( 22.09182100077397237, -0.008309353891893146368, -0.004164133372275053216 ) ) ;
#1354 = CARTESIAN_POINT ( 'NONE',  ( 0.4201985021554934807, 10.68545944643068246, 14.88034691979191670 ) ) ;
#1355 = B_SPLINE_CURVE_WITH_KNOTS ( 'NONE', 3,
 ( #4146, #5878, #3191, #5430, #1798, #1854, #4977, #3612 ),
 .UNSPECIFIED., .F., .F.,
 ( 4, 2, 2, 4 ),
 ( 0.000000000000000000, 0.002211116461524409351, 0.003316674692286617279, 0.004422232923048824774 ),
 .UNSPECIFIED. ) ;
#1356 = VERTEX_POINT ( 'NONE', #5277 ) ;
#1357 = CARTESIAN_POINT ( 'NONE',  ( 2.831810311861893137, 2.040553937891486314, -20.73081928506409000 ) ) ;
#1358 = CARTESIAN_POINT ( 'NONE',  ( 0.4126876516628502078, -10.26841886461260955, 15.17405881654017108 ) ) ;
#1359 = CARTESIAN_POINT ( 'NONE',  ( 0.6480971303263367567, -10.08046346888042244, -15.56853882718299786 ) ) ;
#1360 = EDGE_CURVE ( 'NONE', #140, #2362, #4427, .T. ) ;
#1361 = VECTOR ( 'NONE', #5886, 1000.000000000000000 ) ;
#1362 = CARTESIAN_POINT ( 'NONE',  ( 22.09324635661532810, 0.002421923813349199060, 0.009842525497512128255 ) ) ;
#1363 = CARTESIAN_POINT ( 'NONE',  ( 8.082347709208530517, -11.83926347341176388, 0.03996215582663015242 ) ) ;
#1364 = CARTESIAN_POINT ( 'NONE',  ( 0.4182233646136210847, -14.45119542963816883, -11.25539654257617173 ) ) ;
#1365 = FACE_OUTER_BOUND ( 'NONE', #5389, .T. ) ;
#1366 = ORIENTED_EDGE ( 'NONE', *, *, #5465, .T. ) ;
#1367 = CARTESIAN_POINT ( 'NONE',  ( 10.08627239375047147, 0.000000000000000000, 0.000000000000000000 ) ) ;
#1368 = CARTESIAN_POINT ( 'NONE',  ( 10.08627239375047324, -12.47007880054810514, -6.010808495292878639 ) ) ;
#1369 = FACE_OUTER_BOUND ( 'NONE', #374, .T. ) ;
#1370 = CARTESIAN_POINT ( 'NONE',  ( 8.080971495803112248, -9.837952534379770242, 6.584279350100894490 ) ) ;
#1371 = ORIENTED_EDGE ( 'NONE', *, *, #1597, .F. ) ;
#1372 = ADVANCED_FACE ( 'NONE', ( #789 ), #2072, .F. ) ;
#1373 = B_SPLINE_CURVE_WITH_KNOTS ( 'NONE', 3,
 ( #2556, #5388, #3517, #867, #5358, #3909 ),
 .UNSPECIFIED., .F., .F.,
 ( 4, 2, 4 ),
 ( 3.831699941510343630E-18, 0.0002683118749524654326, 0.0005366237499049268537 ),
 .UNSPECIFIED. ) ;
#1374 = CARTESIAN_POINT ( 'NONE',  ( 0.4193753327645566853, -6.047271053276280561, -17.29173522588864031 ) ) ;
#1375 = CARTESIAN_POINT ( 'NONE',  ( 8.230357535800608915, 3.084191986338736591, 11.58367230890923061 ) ) ;
#1376 = CARTESIAN_POINT ( 'NONE',  ( 8.081832178819821522, -6.718072109375970768, 9.748479977926702844 ) ) ;
#1377 = CARTESIAN_POINT ( 'NONE',  ( 11.36374701386286823, 9.262755989700087511, -0.5019282638044899603 ) ) ;
#1378 = ORIENTED_EDGE ( 'NONE', *, *, #145, .T. ) ;
#1379 = ORIENTED_EDGE ( 'NONE', *, *, #4827, .T. ) ;
#1380 = CARTESIAN_POINT ( 'NONE',  ( 22.09324635661532810, 0.003825913808669330948, -0.009386341494718678652 ) ) ;
#1381 = CARTESIAN_POINT ( 'NONE',  ( 0.6480971303263367567, 0.9956912648605836802, 18.52036025205820735 ) ) ;
#1382 = CARTESIAN_POINT ( 'NONE',  ( 3.515204589129467649, -19.29113524658052015, 9.296270399399698903 ) ) ;
#1383 = ORIENTED_EDGE ( 'NONE', *, *, #3017, .T. ) ;
#1384 = CARTESIAN_POINT ( 'NONE',  ( 0.4201982046941600268, 5.661209250449932284, 17.42251593794369313 ) ) ;
#1385 = CARTESIAN_POINT ( 'NONE',  ( 0.4201985021554900945, -17.39116675331613493, -5.757698063725425364 ) ) ;
#1386 = CARTESIAN_POINT ( 'NONE',  ( 0.4126876516628505409, 17.60450345064208122, 5.076804625281920558 ) ) ;
#1387 = CARTESIAN_POINT ( 'NONE',  ( 8.727656808823665457, -2.746281162584481184, 15.16180672979638722 ) ) ;
#1388 = AXIS2_PLACEMENT_3D ( 'NONE', #4461, #1777, #1327 ) ;
#1389 = CARTESIAN_POINT ( 'NONE',  ( 10.08627239375047324, 13.62157025872565619, -2.466882191261871693 ) ) ;
#1390 = DIRECTION ( 'NONE',  ( 1.000000000000000000, -0.000000000000000000, -0.000000000000000000 ) ) ;
#1391 = VECTOR ( 'NONE', #3694, 1000.000000000000114 ) ;
#1392 = FACE_OUTER_BOUND ( 'NONE', #5003, .T. ) ;
#1393 = CARTESIAN_POINT ( 'NONE',  ( 0.4960052067975748158, -0.9627173165654095977, -18.39501418419230205 ) ) ;
#1394 = ORIENTED_EDGE ( 'NONE', *, *, #113, .T. ) ;
#1395 = CARTESIAN_POINT ( 'NONE',  ( 1.672572369782456159, 1.347264104294882525, 19.52715064513627041 ) ) ;
#1396 = AXIS2_PLACEMENT_3D ( 'NONE', #622, #1574, #3398 ) ;
#1397 = CONICAL_SURFACE ( 'NONE', #4533, 11.57075366007362227, 0.7853981625000063804 ) ;
#1398 = CARTESIAN_POINT ( 'NONE',  ( 0.6480971303263367567, 17.30622377986108162, 6.670064725496167135 ) ) ;
#1399 = CARTESIAN_POINT ( 'NONE',  ( 6.010425613513215914, 13.39640291774664860, -12.81564292679715500 ) ) ;
#1400 = DIRECTION ( 'NONE',  ( -0.000000000000000000, 0.000000000000000000, 1.000000000000000000 ) ) ;
#1401 = ORIENTED_EDGE ( 'NONE', *, *, #1110, .T. ) ;
#1402 = EDGE_CURVE ( 'NONE', #2220, #5022, #1439, .T. ) ;
#1403 = CARTESIAN_POINT ( 'NONE',  ( 0.4126876516628502078, 17.22641335661284501, -6.240446283244745374 ) ) ;
#1404 = CARTESIAN_POINT ( 'NONE',  ( 2.631852984180939714, 8.223134425292041527, 18.81299134293618280 ) ) ;
#1405 = CARTESIAN_POINT ( 'NONE',  ( 8.081585098691661528, 7.231631613797114611, -9.373138221438669149 ) ) ;
#1406 = CARTESIAN_POINT ( 'NONE',  ( 1.789743172660314130, -12.60719369824060365, 15.17697366616988042 ) ) ;
#1407 = ORIENTED_EDGE ( 'NONE', *, *, #3663, .T. ) ;
#1408 = VERTEX_POINT ( 'NONE', #3978 ) ;
#1409 = CARTESIAN_POINT ( 'NONE',  ( 3.515204589129327761, -21.07106689736141902, -3.818204060499455821 ) ) ;
#1410 = CARTESIAN_POINT ( 'NONE',  ( 0.4227027292401573932, 14.70266627381667490, 10.93427370550527655 ) ) ;
#1411 = DIRECTION ( 'NONE',  ( -0.7562523480584152358, -0.5490550112864712728, -0.3558384192823287329 ) ) ;
#1412 = ORIENTED_EDGE ( 'NONE', *, *, #3483, .T. ) ;
#1413 = CARTESIAN_POINT ( 'NONE',  ( 0.4182233646136210847, 17.60000663291087264, -5.075506595180807601 ) ) ;
#1414 = CARTESIAN_POINT ( 'NONE',  ( 22.09374604753667626, -0.009375618690969511268, -0.004571497438468690930 ) ) ;
#1415 = CARTESIAN_POINT ( 'NONE',  ( 5.178685273547315226, -2.622572754073897894, -19.32039755927299041 ) ) ;
#1416 = FACE_OUTER_BOUND ( 'NONE', #3260, .T. ) ;
#1417 = CARTESIAN_POINT ( 'NONE',  ( 6.743615739646593887, -15.93990481716222796, -7.682096374798701888 ) ) ;
#1418 = CARTESIAN_POINT ( 'NONE',  ( 8.230357535800605362, -10.06365929432208084, -6.512792486836304739 ) ) ;
#1419 = ADVANCED_FACE ( 'NONE', ( #4005 ), #3705, .F. ) ;
#1420 = CARTESIAN_POINT ( 'NONE',  ( 0.4126876516628502078, -17.60450345064204214, -5.076804625282043126 ) ) ;
#1421 = CARTESIAN_POINT ( 'NONE',  ( 10.08627239375047147, 0.000000000000000000, 0.000000000000000000 ) ) ;
#1422 = ORIENTED_EDGE ( 'NONE', *, *, #5764, .T. ) ;
#1423 =( BOUNDED_SURFACE ( )  B_SPLINE_SURFACE ( 3, 1, ( 
 ( #3198, #4153 ),
 ( #3678, #885 ),
 ( #1923, #23 ),
 ( #2747, #3258 ) ),
 .UNSPECIFIED., .F., .F., .F. ) 
 B_SPLINE_SURFACE_WITH_KNOTS ( ( 4, 4 ),
 ( 2, 2 ),
 ( 0.000000000000000000, 1.000000000000000000 ),
 ( 0.000000000000000000, 1.000000000000000000 ),
 .UNSPECIFIED. ) 
 GEOMETRIC_REPRESENTATION_ITEM ( )  RATIONAL_B_SPLINE_SURFACE ( (
 ( 1.000000000000000000, 1.000000000000000000),
 ( 0.7790009610346629865, 0.9689941987838144311),
 ( 0.7790009610346629865, 0.9689941987838144311),
 ( 1.000000000000000000, 1.000000000000000000) ) ) 
 REPRESENTATION_ITEM ( '' )  SURFACE ( )  );
#1424 = CARTESIAN_POINT ( 'NONE',  ( 10.08627239375047324, -12.19257463651242013, 6.555441082950738796 ) ) ;
#1425 = CARTESIAN_POINT ( 'NONE',  ( 3.515204589130986434, 14.80256717257209154, -15.47425434527158572 ) ) ;
#1426 = EDGE_CURVE ( 'NONE', #1725, #4256, #3918, .T. ) ;
#1427 = CARTESIAN_POINT ( 'NONE',  ( 22.09712324851893683, 0.01137293111426534477, 0.009073241573048508937 ) ) ;
#1428 = B_SPLINE_CURVE_WITH_KNOTS ( 'NONE', 3,
 ( #1269, #1217, #3086, #1776, #1298, #3113 ),
 .UNSPECIFIED., .F., .F.,
 ( 4, 2, 4 ),
 ( 0.000000000000000000, 0.0001740257916702654369, 0.0003480515833405308738 ),
 .UNSPECIFIED. ) ;
#1429 = VERTEX_POINT ( 'NONE', #5728 ) ;
#1430 = UNCERTAINTY_MEASURE_WITH_UNIT (LENGTH_MEASURE( 1.000000000000000082E-05 ), #4329, 'distance_accuracy_value', 'NONE');
#1431 = CARTESIAN_POINT ( 'NONE',  ( 50.00005079999999680, 4.898587196589404447E-17, -0.3999999999999993006 ) ) ;
#1432 = CARTESIAN_POINT ( 'NONE',  ( 10.08627239375047324, 2.466882191262205204, -13.62157025872559579 ) ) ;
#1433 = DIRECTION ( 'NONE',  ( 0.000000000000000000, 0.000000000000000000, 1.000000000000000000 ) ) ;
#1434 = CARTESIAN_POINT ( 'NONE',  ( 8.082162653057823221, -6.802027618238044582, 9.690490208268434102 ) ) ;
#1435 = ORIENTED_EDGE ( 'NONE', *, *, #2655, .F. ) ;
#1436 = ORIENTED_EDGE ( 'NONE', *, *, #4361, .F. ) ;
#1437 = B_SPLINE_CURVE_WITH_KNOTS ( 'NONE', 3,
 ( #329, #4815, #355, #1220, #2078, #2977 ),
 .UNSPECIFIED., .F., .F.,
 ( 4, 2, 4 ),
 ( 0.000000000000000000, 0.0001740257916702620217, 0.0003480515833405240433 ),
 .UNSPECIFIED. ) ;
#1438 = CARTESIAN_POINT ( 'NONE',  ( 0.4182233646136193639, -0.6116075298353469414, 18.30701878804081417 ) ) ;
#1439 = B_SPLINE_CURVE_WITH_KNOTS ( 'NONE', 3,
 ( #761, #2061, #3445, #728, #3052, #5699, #287 ),
 .UNSPECIFIED., .F., .F.,
 ( 4, 3, 4 ),
 ( 2.030163863491599423E-16, 0.003806765355762677713, 0.01002496898031622966 ),
 .UNSPECIFIED. ) ;
#1440 = EDGE_CURVE ( 'NONE', #1221, #3539, #390, .T. ) ;
#1441 = CARTESIAN_POINT ( 'NONE',  ( 7.813880306852850843, 0.000000000000000000, 0.3999999999999993006 ) ) ;
#1442 = CARTESIAN_POINT ( 'NONE',  ( 0.4409628251481724770, -11.41056943264444890, -14.35820807885286143 ) ) ;
#1443 = ORIENTED_EDGE ( 'NONE', *, *, #667, .T. ) ;
#1444 = CARTESIAN_POINT ( 'NONE',  ( 4.346944931879049179, 2.751281166208079831, 20.27003151284779037 ) ) ;
#1445 = ORIENTED_EDGE ( 'NONE', *, *, #4956, .F. ) ;
#1446 = CARTESIAN_POINT ( 'NONE',  ( 0.4409628251481779726, -18.32299877733132476, 0.7918016284083568834 ) ) ;
#1447 = CARTESIAN_POINT ( 'NONE',  ( 6.010425613513223020, 18.37076353496886227, -2.493864852800894205 ) ) ;
#1448 = ADVANCED_FACE ( 'NONE', ( #1793 ), #4317, .F. ) ;
#1449 = B_SPLINE_CURVE_WITH_KNOTS ( 'NONE', 3,
 ( #5443, #2347, #4493, #4965, #1363, #4937, #2285, #4519, #5508, #4605, #3688, #4162, #2226 ),
 .UNSPECIFIED., .F., .F.,
 ( 4, 3, 3, 3, 4 ),
 ( 1.138412281109779656E-18, 0.0003060394048542600088, 0.0004590327578743544790, 0.0006264795226578682551, 0.0007939722156138019800 ),
 .UNSPECIFIED. ) ;
#1450 = CARTESIAN_POINT ( 'NONE',  ( 0.4201979075620098092, 5.563776166241503951, -17.45417193693321067 ) ) ;
#1451 = EDGE_CURVE ( 'NONE', #4909, #1718, #1941, .T. ) ;
#1452 = CARTESIAN_POINT ( 'NONE',  ( 11.25262228702623979, -7.222750890525922784, 5.628421321541590139 ) ) ;
#1453 = CARTESIAN_POINT ( 'NONE',  ( 3.515204589128320123, 21.21966542070980566, -2.879989908610716132 ) ) ;
#1454 = CARTESIAN_POINT ( 'NONE',  ( 22.09255692238962965, 0.006673540516228945382, 0.006754285118807793961 ) ) ;
#1455 = CARTESIAN_POINT ( 'NONE',  ( 3.663019018077784850, 19.51437814524485148, 9.717107951874728755 ) ) ;
#1456 = ORIENTED_EDGE ( 'NONE', *, *, #1522, .T. ) ;
#1457 = B_SPLINE_CURVE_WITH_KNOTS ( 'NONE', 3,
 ( #2232, #4110, #4081, #5422, #2262, #4053 ),
 .UNSPECIFIED., .F., .F.,
 ( 4, 2, 4 ),
 ( 5.421010862427522170E-20, 0.0001743161698667581271, 0.0003486323397335161999 ),
 .UNSPECIFIED. ) ;
#1458 = CARTESIAN_POINT ( 'NONE',  ( 3.085675480213974975, 2.412795017569596911, 20.84628725004694161 ) ) ;
#1459 = EDGE_CURVE ( 'NONE', #2767, #3424, #3942, .T. ) ;
#1460 = CARTESIAN_POINT ( 'NONE',  ( 0.4960052067975748158, -14.31600804597599463, 11.59117272305962665 ) ) ;
#1461 = CARTESIAN_POINT ( 'NONE',  ( -27.89911057639946890, 0.000000000000000000, -10.00000000000000000 ) ) ;
#1462 = EDGE_LOOP ( 'NONE', ( #2051, #5289, #910, #4707 ) ) ;
#1463 = CARTESIAN_POINT ( 'NONE',  ( 0.6337479801890599784, -0.9963524547569290180, 18.53275695733654160 ) ) ;
#1464 = CARTESIAN_POINT ( 'NONE',  ( 4.346944931879025198, -18.01596246481702934, -9.688592366989606575 ) ) ;
#1465 = CARTESIAN_POINT ( 'NONE',  ( 0.4176373827249094672, -4.988173467447079013, -17.62458198156994627 ) ) ;
#1466 = CARTESIAN_POINT ( 'NONE',  ( 0.4176373827249089676, -15.22054316821885145, 10.19033023168579533 ) ) ;
#1467 = CARTESIAN_POINT ( 'NONE',  ( 8.080971495803115801, 11.10939730240547618, 4.088928491204088189 ) ) ;
#1468 = ORIENTED_EDGE ( 'NONE', *, *, #2532, .F. ) ;
#1469 = B_SPLINE_CURVE_WITH_KNOTS ( 'NONE', 3,
 ( #1838, #2783, #4101, #4547, #5504, #5441, #4962 ),
 .UNSPECIFIED., .F., .F.,
 ( 4, 3, 4 ),
 ( 0.000000000000000000, 0.002636963911865877058, 0.01002496898031686456 ),
 .UNSPECIFIED. ) ;
#1470 = ORIENTED_EDGE ( 'NONE', *, *, #3142, .T. ) ;
#1471 = EDGE_CURVE ( 'NONE', #3081, #686, #2017, .T. ) ;
#1472 = CARTESIAN_POINT ( 'NONE',  ( 0.4126876516628502078, -17.22641335661280593, 6.240446283244857284 ) ) ;
#1473 =( BOUNDED_SURFACE ( )  B_SPLINE_SURFACE ( 3, 1, ( 
 ( #5054, #5387 ),
 ( #3121, #4049 ),
 ( #5864, #2730 ),
 ( #4550, #2022 ) ),
 .UNSPECIFIED., .F., .F., .F. ) 
 B_SPLINE_SURFACE_WITH_KNOTS ( ( 4, 4 ),
 ( 2, 2 ),
 ( 0.000000000000000000, 1.000000000000000000 ),
 ( 0.000000000000000000, 1.000000000000000000 ),
 .UNSPECIFIED. ) 
 GEOMETRIC_REPRESENTATION_ITEM ( )  RATIONAL_B_SPLINE_SURFACE ( (
 ( 1.000000000000000000, 1.000000000000000000),
 ( 0.9934036227985141299, 0.8357362271078285776),
 ( 0.9934036227985141299, 0.8357362271078285776),
 ( 1.000000000000000000, 1.000000000000000000) ) ) 
 REPRESENTATION_ITEM ( '' )  SURFACE ( )  );
#1474 = CARTESIAN_POINT ( 'NONE',  ( 0.4188821999575217392, 0.5096840345096039782, -18.31108308808429186 ) ) ;
#1475 = CARTESIAN_POINT ( 'NONE',  ( 0.6480971303263367567, -11.69152577772633528, -14.39803354453995610 ) ) ;
#1476 = AXIS2_PLACEMENT_3D ( 'NONE', #1541, #3742, #618 ) ;
#1477 = ORIENTED_EDGE ( 'NONE', *, *, #5217, .T. ) ;
#1478 = CARTESIAN_POINT ( 'NONE',  ( 22.09255692238962965, -0.006673540516228994822, -0.006754285118807747991 ) ) ;
#1479 = ORIENTED_EDGE ( 'NONE', *, *, #3855, .T. ) ;
#1480 = CARTESIAN_POINT ( 'NONE',  ( 0.4960052067975748158, -10.03346338329854603, 15.44775012758356780 ) ) ;
#1481 = CARTESIAN_POINT ( 'NONE',  ( 0.4126876516628503189, -14.45488872119366874, -11.25827158159105323 ) ) ;
#1482 = EDGE_CURVE ( 'NONE', #2538, #747, #4055, .T. ) ;
#1483 = CARTESIAN_POINT ( 'NONE',  ( 0.4201982046941548088, 5.660683433827362165, -17.42268678612096977 ) ) ;
#1484 = CARTESIAN_POINT ( 'NONE',  ( 1.161569255189996319, -12.11031398485067179, 14.71920668139761190 ) ) ;
#1485 = CARTESIAN_POINT ( 'NONE',  ( 8.080971495803110471, 4.088928491204203652, -11.10939730240542822 ) ) ;
#1486 = ADVANCED_FACE ( 'NONE', ( #70 ), #5202, .T. ) ;
#1487 = CARTESIAN_POINT ( 'NONE',  ( 0.4078353108599463428, -18.30684428841291123, -0.8093236901505660441 ) ) ;
#1488 = VERTEX_POINT ( 'NONE', #484 ) ;
#1489 = CARTESIAN_POINT ( 'NONE',  ( 0.4182233646136210847, -11.25539654257590527, -14.45119542963837667 ) ) ;
#1490 = CIRCLE ( 'NONE', #2817, 21.41421356110392082 ) ;
#1491 = DIRECTION ( 'NONE',  ( 0.7636347340829117147, 0.5094783165164218364, 0.3966028717769369827 ) ) ;
#1492 = LINE ( 'NONE', #5635, #1214 ) ;
#1493 = CARTESIAN_POINT ( 'NONE',  ( 3.515204589129463653, -15.47425434527222521, 14.80256717256975918 ) ) ;
#1494 = EDGE_LOOP ( 'NONE', ( #381, #1782, #5795, #4755 ) ) ;
#1495 = VECTOR ( 'NONE', #1390, 1000.000000000000000 ) ;
#1496 = CARTESIAN_POINT ( 'NONE',  ( 8.082357490472944050, 3.648053501153186051, 11.26328965394902681 ) ) ;
#1497 = CIRCLE ( 'NONE', #5777, 21.41421356110392082 ) ;
#1498 = ADVANCED_FACE ( 'NONE', ( #40, #1850 ), #2291, .F. ) ;
#1499 = CARTESIAN_POINT ( 'NONE',  ( 22.09374604753667626, 0.001812431280206733449, 0.01027209362899846393 ) ) ;
#1500 = CARTESIAN_POINT ( 'NONE',  ( 10.08627239375047324, 13.71719167695415287, 1.863152317086330667 ) ) ;
#1501 = CARTESIAN_POINT ( 'NONE',  ( 22.09255692238962965, 0.006673540516228945382, 0.006754285118807793961 ) ) ;
#1502 = EDGE_CURVE ( 'NONE', #1952, #831, #4476, .T. ) ;
#1503 = EDGE_LOOP ( 'NONE', ( #5657, #328, #5523, #807 ) ) ;
#1504 = ORIENTED_EDGE ( 'NONE', *, *, #3054, .F. ) ;
#1505 = CARTESIAN_POINT ( 'NONE',  ( 0.5845099095027012082, 15.50863234382305045, -10.05599013805102793 ) ) ;
#1506 = CARTESIAN_POINT ( 'NONE',  ( 10.08627239375047324, 2.466882191262205204, -13.62157025872559579 ) ) ;
#1507 = ORIENTED_EDGE ( 'NONE', *, *, #5849, .F. ) ;
#1508 = CARTESIAN_POINT ( 'NONE',  ( 1.789743172660314130, -10.53832259871764343, -16.68009650493452156 ) ) ;
#1509 = ORIENTED_EDGE ( 'NONE', *, *, #2897, .F. ) ;
#1510 = CARTESIAN_POINT ( 'NONE',  ( 8.081832178819823298, -7.195356955746453842, -9.401712239066043253 ) ) ;
#1511 =( BOUNDED_SURFACE ( )  B_SPLINE_SURFACE ( 3, 1, ( 
 ( #3395, #1481 ),
 ( #1129, #1956 ),
 ( #2875, #653 ),
 ( #5561, #3776 ) ),
 .UNSPECIFIED., .F., .F., .F. ) 
 B_SPLINE_SURFACE_WITH_KNOTS ( ( 4, 4 ),
 ( 2, 2 ),
 ( 0.000000000000000000, 1.000000000000000000 ),
 ( 0.000000000000000000, 1.000000000000000000 ),
 .UNSPECIFIED. ) 
 GEOMETRIC_REPRESENTATION_ITEM ( )  RATIONAL_B_SPLINE_SURFACE ( (
 ( 1.000000000000000000, 1.000000000000000000),
 ( 0.9934036227985141299, 0.8357362271078285776),
 ( 0.9934036227985141299, 0.8357362271078285776),
 ( 1.000000000000000000, 1.000000000000000000) ) ) 
 REPRESENTATION_ITEM ( '' )  SURFACE ( )  );
#1512 = LINE ( 'NONE', #3334, #721 ) ;
#1513 = CARTESIAN_POINT ( 'NONE',  ( 1.672572369782847623, -12.56773072479071551, -15.00589475218767177 ) ) ;
#1514 = DIRECTION ( 'NONE',  ( 1.000000000000000000, 0.000000000000000000, 0.000000000000000000 ) ) ;
#1515 = CARTESIAN_POINT ( 'NONE',  ( 1.663814822678032268, 14.98344533010192059, 12.57813772451856060 ) ) ;
#1516 = VERTEX_POINT ( 'NONE', #5424 ) ;
#1517 = CARTESIAN_POINT ( 'NONE',  ( 0.4182233646136210847, -5.075506595181114911, 17.60000663291078737 ) ) ;
#1518 = ORIENTED_EDGE ( 'NONE', *, *, #749, .T. ) ;
#1519 = B_SPLINE_CURVE_WITH_KNOTS ( 'NONE', 3,
 ( #1064, #5137, #206, #3358, #4688, #526, #2367 ),
 .UNSPECIFIED., .F., .F.,
 ( 4, 3, 4 ),
 ( 1.422579022190208801E-17, 0.003806765355762688121, 0.01002496898031622098 ),
 .UNSPECIFIED. ) ;
#1520 = CARTESIAN_POINT ( 'NONE',  ( 10.08627239375047324, -12.47007880054819573, 6.010808495292698339 ) ) ;
#1521 = B_SPLINE_CURVE_WITH_KNOTS ( 'NONE', 3,
 ( #5275, #3915, #3128, #4353, #5336, #1710, #3550, #5395, #1312, #5789, #341, #3975, #3018 ),
 .UNSPECIFIED., .F., .F.,
 ( 4, 3, 3, 3, 4 ),
 ( 2.453269466693399083E-18, 0.0003060198743295315573, 0.0006120397344444684440, 0.0009177208998331739176, 0.001223526564453232806 ),
 .UNSPECIFIED. ) ;
#1522 = EDGE_CURVE ( 'NONE', #2476, #288, #4919, .T. ) ;
#1523 = CARTESIAN_POINT ( 'NONE',  ( 7.369041213193479933, -12.26503915231841546, 11.73378888757572902 ) ) ;
#1524 = ORIENTED_EDGE ( 'NONE', *, *, #1249, .F. ) ;
#1525 = CARTESIAN_POINT ( 'NONE',  ( 0.4182233646136210847, -14.45119542963816883, -11.25539654257617173 ) ) ;
#1526 = CARTESIAN_POINT ( 'NONE',  ( 8.727656808823546442, -13.57108753861025541, -7.297124540190253583 ) ) ;
#1527 = CARTESIAN_POINT ( 'NONE',  ( 8.899588490903195037, 12.63116503786080358, 0.8099465372059833079 ) ) ;
#1528 = CARTESIAN_POINT ( 'NONE',  ( 0.4182233646136210847, -15.17018320209474069, 10.26579477152710496 ) ) ;
#1529 = CARTESIAN_POINT ( 'NONE',  ( 0.6480971303263367567, 18.52036025205820380, 0.9956912648606482952 ) ) ;
#1530 = ORIENTED_EDGE ( 'NONE', *, *, #5034, .T. ) ;
#1531 = VERTEX_POINT ( 'NONE', #1461 ) ;
#1532 = B_SPLINE_CURVE_WITH_KNOTS ( 'NONE', 3,
 ( #105, #1943, #4651, #1974, #198, #575 ),
 .UNSPECIFIED., .F., .F.,
 ( 4, 2, 4 ),
 ( 0.000000000000000000, 0.001429663029798391690, 0.002859326059596783379 ),
 .UNSPECIFIED. ) ;
#1533 = CARTESIAN_POINT ( 'NONE',  ( 22.10281028718407725, 0.001819261694755275847, 0.01483263762441124588 ) ) ;
#1534 = EDGE_CURVE ( 'NONE', #4380, #4276, #1657, .T. ) ;
#1535 = CARTESIAN_POINT ( 'NONE',  ( 0.6480971303263367567, 14.39803354453999695, -11.69152577772628554 ) ) ;
#1536 = CARTESIAN_POINT ( 'NONE',  ( 2.635524340768113927, 17.70184096259512785, -10.41103666810649209 ) ) ;
#1537 = ORIENTED_EDGE ( 'NONE', *, *, #516, .T. ) ;
#1538 = CARTESIAN_POINT ( 'NONE',  ( 10.08627239375047147, 0.000000000000000000, 0.000000000000000000 ) ) ;
#1539 = VERTEX_POINT ( 'NONE', #5611 ) ;
#1540 = CARTESIAN_POINT ( 'NONE',  ( 50.00005079999999680, 0.000000000000000000, 0.000000000000000000 ) ) ;
#1541 = CARTESIAN_POINT ( 'NONE',  ( 3.515204589128320123, 0.000000000000000000, 0.000000000000000000 ) ) ;
#1542 = EDGE_CURVE ( 'NONE', #1336, #982, #4615, .T. ) ;
#1543 = CARTESIAN_POINT ( 'NONE',  ( 0.6480971303263367567, 0.9956912648605836802, 18.52036025205820735 ) ) ;
#1544 = CARTESIAN_POINT ( 'NONE',  ( 8.230357535800605362, 6.512792486836192829, 10.06365929432215189 ) ) ;
#1545 = DIRECTION ( 'NONE',  ( -1.000000000000000000, -0.000000000000000000, -0.000000000000000000 ) ) ;
#1546 = ORIENTED_EDGE ( 'NONE', *, *, #3387, .F. ) ;
#1547 =( BOUNDED_SURFACE ( )  B_SPLINE_SURFACE ( 3, 1, ( 
 ( #3411, #5522 ),
 ( #5492, #1406 ),
 ( #5214, #1141 ),
 ( #2030, #718 ) ),
 .UNSPECIFIED., .F., .F., .F. ) 
 B_SPLINE_SURFACE_WITH_KNOTS ( ( 4, 4 ),
 ( 2, 2 ),
 ( 0.000000000000000000, 1.000000000000000000 ),
 ( 0.000000000000000000, 1.000000000000000000 ),
 .UNSPECIFIED. ) 
 GEOMETRIC_REPRESENTATION_ITEM ( )  RATIONAL_B_SPLINE_SURFACE ( (
 ( 1.000000000000000000, 1.000000000000000000),
 ( 0.7790009610346629865, 0.9689941987838144311),
 ( 0.7790009610346629865, 0.9689941987838144311),
 ( 1.000000000000000000, 1.000000000000000000) ) ) 
 REPRESENTATION_ITEM ( '' )  SURFACE ( )  );
#1548 = CARTESIAN_POINT ( 'NONE',  ( 0.4193760241474209227, 11.09462361352933080, -14.57679529522206430 ) ) ;
#1549 = VERTEX_POINT ( 'NONE', #2004 ) ;
#1550 = EDGE_CURVE ( 'NONE', #72, #5057, #5637, .T. ) ;
#1551 = CARTESIAN_POINT ( 'NONE',  ( 8.081286344341222616, -3.278649261536741744, 11.37508171546217461 ) ) ;
#1552 = CARTESIAN_POINT ( 'NONE',  ( 8.082315436206476633, -11.24041035612349226, -3.717467714216650787 ) ) ;
#1553 = DIRECTION ( 'NONE',  ( -1.000000000000000000, -0.000000000000000000, -0.000000000000000000 ) ) ;
#1554 = CARTESIAN_POINT ( 'NONE',  ( 0.4200341587692271728, 17.48459763070973949, -5.466863109327161574 ) ) ;
#1555 = CARTESIAN_POINT ( 'NONE',  ( 0.6480971303263367567, 18.52036025205820380, 0.9956912648606482952 ) ) ;
#1556 = CARTESIAN_POINT ( 'NONE',  ( 3.515204589130441537, 18.85988553534021150, -10.14264561317818725 ) ) ;
#1557 = ADVANCED_FACE ( 'NONE', ( #133 ), #4920, .F. ) ;
#1558 = CARTESIAN_POINT ( 'NONE',  ( 0.4182233646136193639, 17.22201239169723763, 6.238853248511108340 ) ) ;
#1559 = CARTESIAN_POINT ( 'NONE',  ( 6.743615739646591223, -17.41107684159946345, 3.154294454835402828 ) ) ;
#1560 = FACE_OUTER_BOUND ( 'NONE', #2871, .T. ) ;
#1561 = FILL_AREA_STYLE_COLOUR ( '', #2246 ) ;
#1562 = EDGE_CURVE ( 'NONE', #2404, #55, #2505, .T. ) ;
#1563 = ORIENTED_EDGE ( 'NONE', *, *, #5252, .T. ) ;
#1564 = CARTESIAN_POINT ( 'NONE',  ( 0.4176373827249069692, -17.62458198156993561, 4.988173467447133191 ) ) ;
#1565 = CARTESIAN_POINT ( 'NONE',  ( 9.539500336054901553, 5.268429492845311479, -12.22094266401783891 ) ) ;
#1566 = CARTESIAN_POINT ( 'NONE',  ( 1.789743172660313242, 1.278632657847343035, 19.68875214773292370 ) ) ;
#1567 = VERTEX_POINT ( 'NONE', #4170 ) ;
#1568 = ORIENTED_EDGE ( 'NONE', *, *, #2731, .F. ) ;
#1569 = CARTESIAN_POINT ( 'NONE',  ( 0.4960052067975744827, 10.03346338329843768, 15.44775012758364063 ) ) ;
#1570 = DIRECTION ( 'NONE',  ( -1.000000000000000000, 0.000000000000000000, 0.000000000000000000 ) ) ;
#1571 = CARTESIAN_POINT ( 'NONE',  ( 3.663019018077783073, -21.56202798978809554, 3.211244355634021108 ) ) ;
#1572 = VECTOR ( 'NONE', #1570, 1000.000000000000000 ) ;
#1573 = CARTESIAN_POINT ( 'NONE',  ( 0.9068532551532407782, 1.058410191685775770, -18.77611816078435680 ) ) ;
#1574 = DIRECTION ( 'NONE',  ( -1.000000000000000000, -0.000000000000000000, -0.000000000000000000 ) ) ;
#1575 = ORIENTED_EDGE ( 'NONE', *, *, #2080, .F. ) ;
#1576 = CARTESIAN_POINT ( 'NONE',  ( 8.891830625034105040, -11.73196407480891246, 4.731079870203221738 ) ) ;
#1577 = ORIENTED_EDGE ( 'NONE', *, *, #2412, .T. ) ;
#1578 = CARTESIAN_POINT ( 'NONE',  ( 0.4201979075620063120, -0.1021701731430216531, -18.31920534542325285 ) ) ;
#1579 = VECTOR ( 'NONE', #3810, 1000.000000000000227 ) ;
#1580 = CARTESIAN_POINT ( 'NONE',  ( 8.899588490903191484, -4.673549587514160386, 11.76266457312522817 ) ) ;
#1581 = CARTESIAN_POINT ( 'NONE',  ( 0.4182233646136210847, 10.26579477152715647, 15.17018320209470339 ) ) ;
#1582 = CARTESIAN_POINT ( 'NONE',  ( 0.6480971303263367567, 17.92159482384639801, -4.776147394168151372 ) ) ;
#1583 = CARTESIAN_POINT ( 'NONE',  ( 8.082357490472944050, -9.571732829711539381, -6.967920695060570324 ) ) ;
#1584 = B_SPLINE_CURVE_WITH_KNOTS ( 'NONE', 3,
 ( #5074, #1326, #2306, #2720, #4121, #4510, #997, #2276, #5436, #2248, #555, #1860, #2809 ),
 .UNSPECIFIED., .F., .F.,
 ( 4, 3, 3, 3, 4 ),
 ( 2.453269466693398698E-18, 0.0003060198743295319910, 0.0006120397344444676851, 0.0009177208998331781459, 0.001223526564453232372 ),
 .UNSPECIFIED. ) ;
#1585 = CARTESIAN_POINT ( 'NONE',  ( 8.081286344341222616, 4.033622304792354285, 11.12977610358352898 ) ) ;
#1586 = CARTESIAN_POINT ( 'NONE',  ( 9.516581620098309102, 5.304806250607160045, 12.16864918556659703 ) ) ;
#1587 = DIRECTION ( 'NONE',  ( 0.000000000000000000, 0.000000000000000000, 1.000000000000000000 ) ) ;
#1588 = CARTESIAN_POINT ( 'NONE',  ( 2.631852984181793698, -15.35112972325913105, 13.63419961954201476 ) ) ;
#1589 = CIRCLE ( 'NONE', #830, 21.41421356110392082 ) ;
#1590 = VECTOR ( 'NONE', #4173, 1000.000000000000227 ) ;
#1591 = VERTEX_POINT ( 'NONE', #3346 ) ;
#1592 = B_SPLINE_CURVE_WITH_KNOTS ( 'NONE', 3,
 ( #5685, #5603, #1548, #4699, #2433, #659, #5178, #4756, #565, #3339, #156, #2913, #1606 ),
 .UNSPECIFIED., .F., .F.,
 ( 4, 3, 3, 3, 4 ),
 ( 4.906538933386797396E-18, 0.0003060198743295285758, 0.0006120397344444668177, 0.0009177208998331743512, 0.001223526564453230421 ),
 .UNSPECIFIED. ) ;
#1593 = SHAPE_REPRESENTATION_RELATIONSHIP ( 'NONE' , 'NONE' ,  #2879, #762 ) ;
#1594 = CIRCLE ( 'NONE', #5206, 21.41421356110392082 ) ;
#1595 = LINE ( 'NONE', #230, #1121 ) ;
#1596 = CARTESIAN_POINT ( 'NONE',  ( 8.564997480335415858, 11.47346859402567354, -4.493561965211548603 ) ) ;
#1597 = EDGE_CURVE ( 'NONE', #155, #4599, #5853, .T. ) ;
#1598 = ORIENTED_EDGE ( 'NONE', *, *, #5060, .F. ) ;
#1599 = ORIENTED_EDGE ( 'NONE', *, *, #502, .F. ) ;
#1600 = EDGE_CURVE ( 'NONE', #1549, #5426, #600, .T. ) ;
#1601 = CARTESIAN_POINT ( 'NONE',  ( 22.09374604753667626, -0.007244977936371201598, -0.007504072852115211377 ) ) ;
#1602 = CARTESIAN_POINT ( 'NONE',  ( 0.4227027292401573932, -5.467702049515555274, -17.48802365402831072 ) ) ;
#1603 = CARTESIAN_POINT ( 'NONE',  ( 0.4201979075620099757, -14.88060256888944366, -10.68510132936626889 ) ) ;
#1604 = LINE ( 'NONE', #3958, #1123 ) ;
#1605 = VERTEX_POINT ( 'NONE', #4230 ) ;
#1606 = CARTESIAN_POINT ( 'NONE',  ( 0.4182233646136210847, 10.26579477152737496, -15.17018320209455418 ) ) ;
#1607 = ORIENTED_EDGE ( 'NONE', *, *, #4587, .F. ) ;
#1608 = CARTESIAN_POINT ( 'NONE',  ( 0.4201979075620149717, -18.31920534542324575, 0.1021701731430854770 ) ) ;
#1609 = CARTESIAN_POINT ( 'NONE',  ( 8.082162653057832102, 7.114261728424790654, 9.463638848523842739 ) ) ;
#1610 = EDGE_CURVE ( 'NONE', #1336, #1823, #4073, .T. ) ;
#1611 = CARTESIAN_POINT ( 'NONE',  ( 10.08627239375047324, 13.71719167695415287, 1.863152317086330667 ) ) ;
#1612 = CARTESIAN_POINT ( 'NONE',  ( 0.4201985021554920929, 17.45403946445208376, -5.564195755724706594 ) ) ;
#1613 = DIRECTION ( 'NONE',  ( 0.000000000000000000, 0.000000000000000000, -1.000000000000000000 ) ) ;
#1614 = CARTESIAN_POINT ( 'NONE',  ( 2.396304448593419067, 15.28062761925642832, -13.35745674208899381 ) ) ;
#1615 = VECTOR ( 'NONE', #5028, 1000.000000000000000 ) ;
#1616 = EDGE_CURVE ( 'NONE', #4365, #586, #3407, .T. ) ;
#1617 = CARTESIAN_POINT ( 'NONE',  ( 3.515204589128320123, 0.000000000000000000, 0.000000000000000000 ) ) ;
#1618 = CARTESIAN_POINT ( 'NONE',  ( 10.08627239375047324, -13.62157025872564375, 2.466882191261958290 ) ) ;
#1619 = CARTESIAN_POINT ( 'NONE',  ( 1.161569255190193273, 6.969108021403664033, -17.74109025757392999 ) ) ;
#1620 = CARTESIAN_POINT ( 'NONE',  ( 22.10703667329342181, -0.0006288272689281160926, 0.01115097685428880978 ) ) ;
#1621 = VERTEX_POINT ( 'NONE', #4739 ) ;
#1622 = CARTESIAN_POINT ( 'NONE',  ( 1.911690948751815444, 4.672810395856387800, 19.25222388065029477 ) ) ;
#1623 = CARTESIAN_POINT ( 'NONE',  ( 0.6337479801890597564, -14.40767405211421526, -11.69934729212877400 ) ) ;
#1624 = ORIENTED_EDGE ( 'NONE', *, *, #2552, .F. ) ;
#1625 = ORIENTED_EDGE ( 'NONE', *, *, #5378, .F. ) ;
#1626 = CARTESIAN_POINT ( 'NONE',  ( 0.6480971303263367567, 18.52036025205820380, -0.9956912648606485172 ) ) ;
#1627 = CARTESIAN_POINT ( 'NONE',  ( 3.515204589129327761, -21.07106689736141902, -3.818204060499455821 ) ) ;
#1628 = EDGE_CURVE ( 'NONE', #1549, #1158, #27, .T. ) ;
#1629 = CARTESIAN_POINT ( 'NONE',  ( 0.4078353108599468979, 14.33483961330078849, -11.41524970802556815 ) ) ;
#1630 = EDGE_CURVE ( 'NONE', #5315, #2325, #5283, .T. ) ;
#1631 = CARTESIAN_POINT ( 'NONE',  ( 8.230357535800607138, 3.084191986338900460, -11.58367230890918798 ) ) ;
#1632 = CARTESIAN_POINT ( 'NONE',  ( 8.189061701664858361, 4.291264874532806139, -11.14856373681655199 ) ) ;
#1633 = ORIENTED_EDGE ( 'NONE', *, *, #4645, .F. ) ;
#1634 = DIRECTION ( 'NONE',  ( 0.7071067818211347333, 0.000000000000000000, -0.7071067805519603011 ) ) ;
#1635 = ORIENTED_EDGE ( 'NONE', *, *, #4093, .F. ) ;
#1636 = CARTESIAN_POINT ( 'NONE',  ( 2.396304448591570324, 17.42566989475774264, 10.40505933543967210 ) ) ;
#1637 = CARTESIAN_POINT ( 'NONE',  ( 0.4176364164252653888, -10.19020578866309279, 15.22062621313532382 ) ) ;
#1638 = CARTESIAN_POINT ( 'NONE',  ( 22.09712324851893683, 0.0006555654423623792464, 0.01453401213442271495 ) ) ;
#1639 = DIRECTION ( 'NONE',  ( -1.000000000000000000, -0.000000000000000000, -0.000000000000000000 ) ) ;
#1640 = CARTESIAN_POINT ( 'NONE',  ( 0.4182233646136210847, 10.26579477152737496, -15.17018320209455418 ) ) ;
#1641 = VERTEX_POINT ( 'NONE', #3493 ) ;
#1642 = CARTESIAN_POINT ( 'NONE',  ( 8.096103227782993628, 0.5137535998239707302, -11.84192035489958528 ) ) ;
#1643 = EDGE_CURVE ( 'NONE', #3680, #2222, #270, .T. ) ;
#1644 = CARTESIAN_POINT ( 'NONE',  ( 8.096103227782993628, -7.376141536610882454, 9.278338023859713957 ) ) ;
#1645 = CARTESIAN_POINT ( 'NONE',  ( 0.6480971303263367567, 0.9956912648608423622, -18.52036025205819314 ) ) ;
#1646 = B_SPLINE_CURVE_WITH_KNOTS ( 'NONE', 3,
 ( #851, #4390, #3922, #1209, #3447, #2994, #2099 ),
 .UNSPECIFIED., .F., .F.,
 ( 4, 3, 4 ),
 ( 0.000000000000000000, 0.002636963911865864481, 0.01002496898031664252 ),
 .UNSPECIFIED. ) ;
#1647 = CARTESIAN_POINT ( 'NONE',  ( 8.081585098691663305, 11.83367452437121514, 0.3411204583602971407 ) ) ;
#1648 = CARTESIAN_POINT ( 'NONE',  ( 11.36374701386286823, -2.384986869561602330, -8.964508806328952417 ) ) ;
#1649 = ORIENTED_EDGE ( 'NONE', *, *, #2983, .T. ) ;
#1650 = FILL_AREA_STYLE_COLOUR ( '', #2800 ) ;
#1651 = CARTESIAN_POINT ( 'NONE',  ( 8.230357535800605362, -11.96979476970954437, -0.6463107146107404111 ) ) ;
#1652 = CARTESIAN_POINT ( 'NONE',  ( 3.093381936066811999, 10.32610956502212574, 18.28226749055739120 ) ) ;
#1653 = ORIENTED_EDGE ( 'NONE', *, *, #5817, .T. ) ;
#1654 = ORIENTED_EDGE ( 'NONE', *, *, #673, .T. ) ;
#1655 = CARTESIAN_POINT ( 'NONE',  ( 8.081286344341224392, 11.37508171546222968, -3.278649261536542348 ) ) ;
#1656 = VECTOR ( 'NONE', #93, 1000.000000000000114 ) ;
#1657 = B_SPLINE_CURVE_WITH_KNOTS ( 'NONE', 3,
 ( #4261, #162, #1018, #3757, #3726, #3378, #2888, #665, #5575, #196 ),
 .UNSPECIFIED., .F., .F.,
 ( 4, 3, 3, 4 ),
 ( 0.0003969943494949347432, 0.0004590327578743543164, 0.0006264795226578681467, 0.0007939722156138016547 ),
 .UNSPECIFIED. ) ;
#1658 = CARTESIAN_POINT ( 'NONE',  ( 0.4078353108599463428, 15.28625667210347494, -10.10573646946165915 ) ) ;
#1659 = B_SPLINE_CURVE_WITH_KNOTS ( 'NONE', 3,
 ( #9, #1821, #68, #540, #4169, #3724 ),
 .UNSPECIFIED., .F., .F.,
 ( 4, 2, 4 ),
 ( 1.270738600076576032E-17, 0.0002687592685055686698, 0.0005375185370111245460 ),
 .UNSPECIFIED. ) ;
#1660 = CARTESIAN_POINT ( 'NONE',  ( 0.000000000000000000, 0.000000000000000000, 0.000000000000000000 ) ) ;
#1661 = CARTESIAN_POINT ( 'NONE',  ( 8.150690745220673605, -0.6048916129665308228, -11.89227257948016359 ) ) ;
#1662 = ORIENTED_EDGE ( 'NONE', *, *, #4726, .F. ) ;
#1663 = CARTESIAN_POINT ( 'NONE',  ( 0.6480971303263350913, -4.776147394168215321, -17.92159482384638025 ) ) ;
#1664 = EDGE_LOOP ( 'NONE', ( #4165, #1864, #2867, #3503 ) ) ;
#1665 = CARTESIAN_POINT ( 'NONE',  ( 0.4182233646136210847, -18.30701878804082128, 0.6116075298351546508 ) ) ;
#1666 = EDGE_CURVE ( 'NONE', #55, #822, #2091, .T. ) ;
#1667 = B_SPLINE_CURVE_WITH_KNOTS ( 'NONE', 3,
 ( #3529, #3135, #5370, #1291, #45, #1264, #4035 ),
 .UNSPECIFIED., .F., .F.,
 ( 4, 3, 4 ),
 ( 0.000000000000000000, 0.002636963911865827185, 0.01002496898031676395 ),
 .UNSPECIFIED. ) ;
#1668 = CARTESIAN_POINT ( 'NONE',  ( 0.5251777261828679544, -10.06146128471075407, 15.43445239695160431 ) ) ;
#1669 = EDGE_CURVE ( 'NONE', #4256, #2167, #4994, .T. ) ;
#1670 = FACE_OUTER_BOUND ( 'NONE', #415, .T. ) ;
#1671 = CARTESIAN_POINT ( 'NONE',  ( 10.08627239375047324, -10.00230772699651283, -9.570084858214697121 ) ) ;
#1672 = CARTESIAN_POINT ( 'NONE',  ( 9.812871695695719154, -9.998540115812820872, 9.178548006489078759 ) ) ;
#1673 = VERTEX_POINT ( 'NONE', #3883 ) ;
#1674 = VECTOR ( 'NONE', #332, 999.9999999999998863 ) ;
#1675 = CARTESIAN_POINT ( 'NONE',  ( 0.4188817388287995880, 18.31108024341983054, -0.5097553722899544892 ) ) ;
#1676 = EDGE_CURVE ( 'NONE', #391, #586, #5421, .T. ) ;
#1677 = CARTESIAN_POINT ( 'NONE',  ( 0.4182233646136210847, 6.238853248511289529, -17.22201239169717013 ) ) ;
#1678 = CARTESIAN_POINT ( 'NONE',  ( 10.08627239375047324, 10.00230772699672599, -9.570084858214476853 ) ) ;
#1679 = CARTESIAN_POINT ( 'NONE',  ( 8.230357535800607138, -11.18423031998663220, 4.313548019702379221 ) ) ;
#1680 = CARTESIAN_POINT ( 'NONE',  ( 1.789743172660314130, 15.17697366616992483, 12.60719369824055391 ) ) ;
#1681 =( BOUNDED_SURFACE ( )  B_SPLINE_SURFACE ( 3, 1, ( 
 ( #3140, #5464 ),
 ( #1380, #968 ),
 ( #5496, #383 ),
 ( #2190, #5824 ) ),
 .UNSPECIFIED., .F., .F., .F. ) 
 B_SPLINE_SURFACE_WITH_KNOTS ( ( 4, 4 ),
 ( 2, 2 ),
 ( 0.000000000000000000, 1.000000000000000000 ),
 ( 0.000000000000000000, 1.000000000000000000 ),
 .UNSPECIFIED. ) 
 GEOMETRIC_REPRESENTATION_ITEM ( )  RATIONAL_B_SPLINE_SURFACE ( (
 ( 1.000000000000000000, 1.000000000000000000),
 ( 0.9934036227985141299, 0.8357362271078294658),
 ( 0.9934036227985141299, 0.8357362271078294658),
 ( 1.000000000000000000, 1.000000000000000000) ) ) 
 REPRESENTATION_ITEM ( '' )  SURFACE ( )  );
#1682 = VERTEX_POINT ( 'NONE', #3043 ) ;
#1683 =( NAMED_UNIT ( * ) SI_UNIT ( $, .STERADIAN. ) SOLID_ANGLE_UNIT ( ) );
#1684 = VECTOR ( 'NONE', #3213, 1000.000000000000114 ) ;
#1685 = VECTOR ( 'NONE', #3473, 1000.000000000000227 ) ;
#1686 = ADVANCED_FACE ( 'NONE', ( #1195 ), #5679, .T. ) ;
#1687 = B_SPLINE_CURVE_WITH_KNOTS ( 'NONE', 3,
 ( #2490, #4314, #4735, #3751, #5633, #1551 ),
 .UNSPECIFIED., .F., .F.,
 ( 4, 2, 4 ),
 ( 0.000000000000000000, 0.0001740257916702664940, 0.0003480515833405329880 ),
 .UNSPECIFIED. ) ;
#1688 = CARTESIAN_POINT ( 'NONE',  ( 1.663814822677782468, 10.36324500328070464, 16.59265908705046400 ) ) ;
#1689 = ORIENTED_EDGE ( 'NONE', *, *, #612, .F. ) ;
#1690 = ORIENTED_EDGE ( 'NONE', *, *, #5724, .F. ) ;
#1691 = AXIS2_PLACEMENT_3D ( 'NONE', #5026, #2256, #420 ) ;
#1692 = CARTESIAN_POINT ( 'NONE',  ( 0.4126876516628540381, -5.076804625281742034, -17.60450345064213096 ) ) ;
#1693 = VECTOR ( 'NONE', #4792, 1000.000000000000114 ) ;
#1694 = CARTESIAN_POINT ( 'NONE',  ( 3.515204589129466761, -14.80256717256992438, 15.47425434527206711 ) ) ;
#1695 = CARTESIAN_POINT ( 'NONE',  ( 1.672572369781984758, 12.56773072479002629, 15.00589475218712820 ) ) ;
#1696 = ORIENTED_EDGE ( 'NONE', *, *, #3098, .T. ) ;
#1697 = CARTESIAN_POINT ( 'NONE',  ( 10.08627239375047324, 6.010808495292922160, -12.47007880054808915 ) ) ;
#1698 = EDGE_LOOP ( 'NONE', ( #1028, #53, #3894, #97 ) ) ;
#1699 = CARTESIAN_POINT ( 'NONE',  ( 0.4193760241474231432, 14.57679529522218687, 11.09462361352917270 ) ) ;
#1700 = B_SPLINE_CURVE_WITH_KNOTS ( 'NONE', 3,
 ( #2715, #3532, #1349, #3560, #5883, #5346, #1267, #2632, #4539, #3169, #4039, #3616, #4457 ),
 .UNSPECIFIED., .F., .F.,
 ( 4, 3, 3, 3, 4 ),
 ( 3.469446951953614189E-18, 0.0003060198743295297684, 0.0006120397344444659504, 0.0009177208998331742428, 0.001223526564453231071 ),
 .UNSPECIFIED. ) ;
#1701 = CARTESIAN_POINT ( 'NONE',  ( 8.933971668274601541, 2.703851977427214948, 14.92791162624998336 ) ) ;
#1702 = CARTESIAN_POINT ( 'NONE',  ( 10.08627239375047324, 12.19257463651237927, 6.555441082950826726 ) ) ;
#1703 = CARTESIAN_POINT ( 'NONE',  ( 8.081819171567941495, -3.385991351433669916, -11.34428582074115610 ) ) ;
#1704 = CARTESIAN_POINT ( 'NONE',  ( 6.743615739646601881, -7.682096374798644156, 15.93990481716225283 ) ) ;
#1705 = ORIENTED_EDGE ( 'NONE', *, *, #4726, .T. ) ;
#1706 = CARTESIAN_POINT ( 'NONE',  ( 8.933971668274596212, -13.36175141552393164, 7.184494425268255213 ) ) ;
#1707 =( BOUNDED_SURFACE ( )  B_SPLINE_SURFACE ( 3, 1, ( 
 ( #3272, #1817 ),
 ( #478, #1393 ),
 ( #4966, #926 ),
 ( #1335, #3242 ) ),
 .UNSPECIFIED., .F., .F., .F. ) 
 B_SPLINE_SURFACE_WITH_KNOTS ( ( 4, 4 ),
 ( 2, 2 ),
 ( 0.000000000000000000, 1.000000000000000000 ),
 ( 0.000000000000000000, 1.000000000000000000 ),
 .UNSPECIFIED. ) 
 GEOMETRIC_REPRESENTATION_ITEM ( )  RATIONAL_B_SPLINE_SURFACE ( (
 ( 1.000000000000000000, 1.000000000000000000),
 ( 0.9934036227985141299, 0.8357362271078294658),
 ( 0.9934036227985141299, 0.8357362271078294658),
 ( 1.000000000000000000, 1.000000000000000000) ) ) 
 REPRESENTATION_ITEM ( '' )  SURFACE ( )  );
#1708 = CARTESIAN_POINT ( 'NONE',  ( 22.09712324851893683, -0.01137293111426527191, -0.009073241573048593939 ) ) ;
#1709 = EDGE_CURVE ( 'NONE', #2538, #802, #104, .T. ) ;
#1710 = CARTESIAN_POINT ( 'NONE',  ( 0.4201985021554922040, -10.68545944643057055, -14.88034691979200552 ) ) ;
#1711 = CARTESIAN_POINT ( 'NONE',  ( 8.081832178819823298, 11.34735385821356957, 3.376820274059435523 ) ) ;
#1712 = CARTESIAN_POINT ( 'NONE',  ( 22.09255692238962965, 0.008485944307322029409, -0.004259725308153868538 ) ) ;
#1713 = B_SPLINE_CURVE_WITH_KNOTS ( 'NONE', 3,
 ( #1916, #4712, #3730, #5066, #4204, #5581, #638, #2803 ),
 .UNSPECIFIED., .F., .F.,
 ( 4, 2, 2, 4 ),
 ( 0.000000000000000000, 0.002211116461526273745, 0.003316674692289410618, 0.004422232923052547490 ),
 .UNSPECIFIED. ) ;
#1714 = EDGE_LOOP ( 'NONE', ( #2229, #4419, #2038, #82 ) ) ;
#1715 = LINE ( 'NONE', #319, #5485 ) ;
#1716 = CARTESIAN_POINT ( 'NONE',  ( 22.09255692238962965, 0.004361469442992997082, -0.008434103081284699543 ) ) ;
#1717 = VERTEX_POINT ( 'NONE', #1640 ) ;
#1718 = VERTEX_POINT ( 'NONE', #3518 ) ;
#1719 = DIRECTION ( 'NONE',  ( 0.7636347340829117147, 0.5346292036539388448, -0.3619856454370477539 ) ) ;
#1720 = CARTESIAN_POINT ( 'NONE',  ( 22.09374604753667626, -0.001450526919793379207, 0.01032941364857354119 ) ) ;
#1721 = EDGE_CURVE ( 'NONE', #2175, #4891, #3578, .T. ) ;
#1722 = DIRECTION ( 'NONE',  ( 0.000000000000000000, 0.000000000000000000, 1.000000000000000000 ) ) ;
#1723 = CARTESIAN_POINT ( 'NONE',  ( 0.4200341587692231204, 14.93948690478174512, -10.60233359151643207 ) ) ;
#1724 = B_SPLINE_CURVE_WITH_KNOTS ( 'NONE', 3,
 ( #4597, #3143, #2335, #1892, #675, #5194 ),
 .UNSPECIFIED., .F., .F.,
 ( 4, 2, 4 ),
 ( 8.673617379884035472E-19, 0.0001740257916702672529, 0.0003480515833405336385 ),
 .UNSPECIFIED. ) ;
#1725 = VERTEX_POINT ( 'NONE', #2953 ) ;
#1726 = FACE_OUTER_BOUND ( 'NONE', #2813, .T. ) ;
#1727 = ORIENTED_EDGE ( 'NONE', *, *, #2784, .F. ) ;
#1728 = ADVANCED_FACE ( 'NONE', ( #2497 ), #258, .F. ) ;
#1729 = CARTESIAN_POINT ( 'NONE',  ( 2.635524340768113927, -10.41103666810655248, -17.70184096259509943 ) ) ;
#1730 = LINE ( 'NONE', #3040, #1693 ) ;
#1731 = CARTESIAN_POINT ( 'NONE',  ( 0.4126876516628505409, 6.240446283244921233, 17.22641335661278816 ) ) ;
#1732 = CARTESIAN_POINT ( 'NONE',  ( 0.4176373827249066917, -17.19056114188659024, -6.323952260531543246 ) ) ;
#1733 = LINE ( 'NONE', #3095, #832 ) ;
#1734 = EDGE_CURVE ( 'NONE', #5419, #3513, #1733, .T. ) ;
#1735 = EDGE_LOOP ( 'NONE', ( #441, #4006, #3317, #2377 ) ) ;
#1736 = CARTESIAN_POINT ( 'NONE',  ( 10.08627239375047324, -6.010808495292662812, -12.47007880054821349 ) ) ;
#1737 = FACE_OUTER_BOUND ( 'NONE', #264, .T. ) ;
#1738 = CARTESIAN_POINT ( 'NONE',  ( 22.09374604753667626, 0.004571497438468724757, -0.009375618690969492186 ) ) ;
#1739 = CARTESIAN_POINT ( 'NONE',  ( 0.4176373827249070803, -6.323952260531483738, 17.19056114188661510 ) ) ;
#1740 = CARTESIAN_POINT ( 'NONE',  ( 2.831810311861893137, 15.57217759773292620, 13.83611265739385487 ) ) ;
#1741 =( BOUNDED_SURFACE ( )  B_SPLINE_SURFACE ( 3, 1, ( 
 ( #632, #2440 ),
 ( #4468, #5301 ),
 ( #806, #396 ),
 ( #3010, #2670 ) ),
 .UNSPECIFIED., .F., .F., .F. ) 
 B_SPLINE_SURFACE_WITH_KNOTS ( ( 4, 4 ),
 ( 2, 2 ),
 ( 0.000000000000000000, 1.000000000000000000 ),
 ( 0.000000000000000000, 1.000000000000000000 ),
 .UNSPECIFIED. ) 
 GEOMETRIC_REPRESENTATION_ITEM ( )  RATIONAL_B_SPLINE_SURFACE ( (
 ( 1.000000000000000000, 1.000000000000000000),
 ( 0.9934036227985141299, 0.8357362271078294658),
 ( 0.9934036227985141299, 0.8357362271078294658),
 ( 1.000000000000000000, 1.000000000000000000) ) ) 
 REPRESENTATION_ITEM ( '' )  SURFACE ( )  );
#1742 = VERTEX_POINT ( 'NONE', #4908 ) ;
#1743 = EDGE_CURVE ( 'NONE', #1605, #1889, #3545, .T. ) ;
#1744 = CARTESIAN_POINT ( 'NONE',  ( 2.831810311861893137, -20.73081928506409710, -2.040553937891413927 ) ) ;
#1745 = CARTESIAN_POINT ( 'NONE',  ( 11.36374701386286823, -0.5019282638043929268, -9.262755989700092840 ) ) ;
#1746 = CARTESIAN_POINT ( 'NONE',  ( 22.10703667329342181, -0.002847791080119363091, 0.01079952751295139117 ) ) ;
#1747 = EDGE_LOOP ( 'NONE', ( #3635, #5310, #1978, #5371 ) ) ;
#1748 = B_SPLINE_CURVE_WITH_KNOTS ( 'NONE', 3,
 ( #3879, #780, #1701, #5238, #4316, #2554, #2053 ),
 .UNSPECIFIED., .F., .F.,
 ( 4, 3, 4 ),
 ( 0.000000000000000000, 0.002636963911865756495, 0.01002496898031648986 ),
 .UNSPECIFIED. ) ;
#1749 = VERTEX_POINT ( 'NONE', #3610 ) ;
#1750 = CARTESIAN_POINT ( 'NONE',  ( 11.25262228702623979, -7.584899545616062611, 5.129966460152565411 ) ) ;
#1751 = CARTESIAN_POINT ( 'NONE',  ( 10.08627239375047324, -1.863152317086374410, 13.71719167695414576 ) ) ;
#1752 = DIRECTION ( 'NONE',  ( 0.000000000000000000, 0.000000000000000000, -1.000000000000000000 ) ) ;
#1753 = CARTESIAN_POINT ( 'NONE',  ( 2.631852984181798139, -18.81299134293675124, 8.223134425292867533 ) ) ;
#1754 = ORIENTED_EDGE ( 'NONE', *, *, #2866, .F. ) ;
#1755 = CARTESIAN_POINT ( 'NONE',  ( 0.6480971303263367567, 17.30622377986108162, 6.670064725496167135 ) ) ;
#1756 = ORIENTED_EDGE ( 'NONE', *, *, #5594, .F. ) ;
#1757 = CARTESIAN_POINT ( 'NONE',  ( 3.515204589128168244, 2.879989908612509808, 21.21966542071173478 ) ) ;
#1758 = CARTESIAN_POINT ( 'NONE',  ( 3.515204589130440649, -3.818204060499263086, -21.07106689736058058 ) ) ;
#1759 = B_SPLINE_CURVE_WITH_KNOTS ( 'NONE', 3,
 ( #5023, #3600, #5413, #2312, #1331, #950 ),
 .UNSPECIFIED., .F., .F.,
 ( 4, 2, 4 ),
 ( 0.000000000000000000, 0.0001740257916702665753, 0.0003480515833405331506 ),
 .UNSPECIFIED. ) ;
#1760 = DIRECTION ( 'NONE',  ( -1.000000000000000000, -0.000000000000000000, -0.000000000000000000 ) ) ;
#1761 = EDGE_LOOP ( 'NONE', ( #2110, #2213, #5233, #180 ) ) ;
#1762 = CARTESIAN_POINT ( 'NONE',  ( 2.631852984182514010, -17.71065435997664395, -10.38659256865886960 ) ) ;
#1763 = CARTESIAN_POINT ( 'NONE',  ( 0.4182233646136210847, -14.45119542963832870, 11.25539654257596034 ) ) ;
#1764 = CARTESIAN_POINT ( 'NONE',  ( 5.129410166199473764, 9.261438769390343495, 17.22203624868312488 ) ) ;
#1765 = CARTESIAN_POINT ( 'NONE',  ( 8.230357535800608915, 3.084191986338736591, 11.58367230890923061 ) ) ;
#1766 = CARTESIAN_POINT ( 'NONE',  ( 8.891830625034106816, -6.710499338793509239, 10.72339948033743084 ) ) ;
#1767 = ORIENTED_EDGE ( 'NONE', *, *, #3365, .F. ) ;
#1768 = CARTESIAN_POINT ( 'NONE',  ( 0.4227027292401573932, -0.2040028437735661448, 18.32171170676644678 ) ) ;
#1769 = LINE ( 'NONE', #1377, #3497 ) ;
#1770 = ORIENTED_EDGE ( 'NONE', *, *, #188, .F. ) ;
#1771 = ORIENTED_EDGE ( 'NONE', *, *, #2294, .F. ) ;
#1772 = CARTESIAN_POINT ( 'NONE',  ( 8.230357535800608915, -3.084191986338819635, 11.58367230890921107 ) ) ;
#1773 = CARTESIAN_POINT ( 'NONE',  ( 5.178685273547078083, -19.18520954615337715, -3.476116276675498717 ) ) ;
#1774 = EDGE_CURVE ( 'NONE', #410, #1742, #3668, .T. ) ;
#1775 = EDGE_CURVE ( 'NONE', #2351, #5398, #3728, .T. ) ;
#1776 = CARTESIAN_POINT ( 'NONE',  ( 8.096182984839499497, 11.10359438725373948, -4.148143494210933646 ) ) ;
#1777 = DIRECTION ( 'NONE',  ( -1.000000000000000000, 0.000000000000000000, 0.000000000000000000 ) ) ;
#1778 = VERTEX_POINT ( 'NONE', #4502 ) ;
#1779 = CARTESIAN_POINT ( 'NONE',  ( 8.150690745220670053, 11.49714511843434472, 3.099628218634347565 ) ) ;
#1780 = AXIS2_PLACEMENT_3D ( 'NONE', #3903, #3487, #5800 ) ;
#1781 = B_SPLINE_CURVE_WITH_KNOTS ( 'NONE', 3,
 ( #63, #1046, #2759, #3271 ),
 .UNSPECIFIED., .F., .F.,
 ( 4, 4 ),
 ( 0.000000000000000000, 0.002859022159864002804 ),
 .UNSPECIFIED. ) ;
#1782 = ORIENTED_EDGE ( 'NONE', *, *, #47, .F. ) ;
#1783 = VECTOR ( 'NONE', #700, 1000.000000000000000 ) ;
#1784 = CARTESIAN_POINT ( 'NONE',  ( 8.081286344341222616, -11.83150392928987671, -0.3969128176508653350 ) ) ;
#1785 = CARTESIAN_POINT ( 'NONE',  ( 8.933971668274594435, 6.586944101422290920, -13.66621851287710854 ) ) ;
#1786 = CARTESIAN_POINT ( 'NONE',  ( 0.6480971303263367567, -17.30622377986112781, 6.670064725496040126 ) ) ;
#1787 = CARTESIAN_POINT ( 'NONE',  ( 8.082341011147274656, 1.479851376041587411E-15, 11.83921436388618709 ) ) ;
#1788 = ORIENTED_EDGE ( 'NONE', *, *, #1795, .T. ) ;
#1789 = CARTESIAN_POINT ( 'NONE',  ( 0.4227027292401541181, 10.60419017047827239, -14.94248599980813808 ) ) ;
#1790 = CARTESIAN_POINT ( 'NONE',  ( 22.09374604753667626, 0.001812431280206733449, 0.01027209362899846393 ) ) ;
#1791 = EDGE_CURVE ( 'NONE', #802, #1809, #3290, .T. ) ;
#1792 = CARTESIAN_POINT ( 'NONE',  ( 8.899588490903195037, 9.742752544669020409, 8.079673041661672883 ) ) ;
#1793 = FACE_OUTER_BOUND ( 'NONE', #1818, .T. ) ;
#1794 = ORIENTED_EDGE ( 'NONE', *, *, #542, .T. ) ;
#1795 = EDGE_CURVE ( 'NONE', #3062, #3513, #3007, .T. ) ;
#1796 = CARTESIAN_POINT ( 'NONE',  ( 8.082161297655169108, 9.474968733891142136, 7.098649502977338877 ) ) ;
#1797 = CARTESIAN_POINT ( 'NONE',  ( 3.663019018077783073, -3.211244355633945613, -21.56202798978810975 ) ) ;
#1798 = CARTESIAN_POINT ( 'NONE',  ( 1.663814822677783578, -1.368878983159626195, 19.51510576211576975 ) ) ;
#1799 = CARTESIAN_POINT ( 'NONE',  ( 0.6337479801890598674, 15.57895661009728450, 10.08721515555767212 ) ) ;
#1800 = ORIENTED_EDGE ( 'NONE', *, *, #723, .F. ) ;
#1801 = ORIENTED_EDGE ( 'NONE', *, *, #5331, .T. ) ;
#1802 = B_SPLINE_CURVE_WITH_KNOTS ( 'NONE', 3,
 ( #4133, #4520, #2760, #2227, #5866, #3603 ),
 .UNSPECIFIED., .F., .F.,
 ( 4, 2, 4 ),
 ( 0.000000000000000000, 0.0001740257916702653556, 0.0003480515833405307112 ),
 .UNSPECIFIED. ) ;
#1803 = EDGE_CURVE ( 'NONE', #3062, #677, #430, .T. ) ;
#1804 = CARTESIAN_POINT ( 'NONE',  ( 0.4193753327645620699, -14.57670793957773192, 11.09473658805303131 ) ) ;
#1805 = CARTESIAN_POINT ( 'NONE',  ( 8.150690745220677158, 3.099628218634467913, -11.49714511843431097 ) ) ;
#1806 = B_SPLINE_CURVE_WITH_KNOTS ( 'NONE', 3,
 ( #787, #2591, #4970, #1399, #5481, #3185, #933 ),
 .UNSPECIFIED., .F., .F.,
 ( 4, 3, 4 ),
 ( 1.389491373362680115E-15, 0.003806765355762675111, 0.01002496898031622619 ),
 .UNSPECIFIED. ) ;
#1807 = CARTESIAN_POINT ( 'NONE',  ( 22.09255692238962965, -0.004259725308153898028, -0.008485944307322015531 ) ) ;
#1808 = DIRECTION ( 'NONE',  ( 0.000000000000000000, 0.000000000000000000, 1.000000000000000000 ) ) ;
#1809 = VERTEX_POINT ( 'NONE', #4559 ) ;
#1810 = ORIENTED_EDGE ( 'NONE', *, *, #1859, .F. ) ;
#1811 = CARTESIAN_POINT ( 'NONE',  ( 10.08627239375047324, 13.62157025872565619, -2.466882191261871693 ) ) ;
#1812 = EDGE_CURVE ( 'NONE', #4570, #2222, #3189, .T. ) ;
#1813 = B_SPLINE_CURVE_WITH_KNOTS ( 'NONE', 3,
 ( #5205, #685, #4730, #2944, #2881, #4754, #154, #5629, #2374, #1960, #1101, #186, #3270 ),
 .UNSPECIFIED., .F., .F.,
 ( 4, 3, 3, 3, 4 ),
 ( 4.336808689942017736E-18, 0.0003060198743295313405, 0.0006120397344444663840, 0.0009177208998331748933, 0.001223526564453230204 ),
 .UNSPECIFIED. ) ;
#1814 = CARTESIAN_POINT ( 'NONE',  ( 22.10281028718407725, 0.01354449388564464389, 0.006313757786991052758 ) ) ;
#1815 =( BOUNDED_SURFACE ( )  B_SPLINE_SURFACE ( 3, 1, ( 
 ( #2127, #5793 ),
 ( #3025, #3951 ),
 ( #766, #733 ),
 ( #5733, #2540 ) ),
 .UNSPECIFIED., .F., .F., .F. ) 
 B_SPLINE_SURFACE_WITH_KNOTS ( ( 4, 4 ),
 ( 2, 2 ),
 ( 0.000000000000000000, 1.000000000000000000 ),
 ( 0.000000000000000000, 1.000000000000000000 ),
 .UNSPECIFIED. ) 
 GEOMETRIC_REPRESENTATION_ITEM ( )  RATIONAL_B_SPLINE_SURFACE ( (
 ( 1.000000000000000000, 1.000000000000000000),
 ( 0.9934036227985141299, 0.8357362271078285776),
 ( 0.9934036227985141299, 0.8357362271078285776),
 ( 1.000000000000000000, 1.000000000000000000) ) ) 
 REPRESENTATION_ITEM ( '' )  SURFACE ( )  );
#1816 = CARTESIAN_POINT ( 'NONE',  ( 3.093381936068821503, -20.57841297091695409, 4.171182439499409256 ) ) ;
#1817 = CARTESIAN_POINT ( 'NONE',  ( 0.6337479801890598674, -0.9963524547566701139, -18.53275695733655581 ) ) ;
#1818 = EDGE_LOOP ( 'NONE', ( #1035, #4631, #4721, #1918 ) ) ;
#1819 = CARTESIAN_POINT ( 'NONE',  ( 0.4227027292401573932, -10.60419017047795087, -14.94248599980836900 ) ) ;
#1820 = DIRECTION ( 'NONE',  ( 0.000000000000000000, 0.000000000000000000, 1.000000000000000000 ) ) ;
#1821 = CARTESIAN_POINT ( 'NONE',  ( 0.4176364164252730493, -6.324092591053634749, -17.19050927794361527 ) ) ;
#1822 = CARTESIAN_POINT ( 'NONE',  ( 8.081286344341222616, 4.033622304792354285, 11.12977610358352898 ) ) ;
#1823 = VERTEX_POINT ( 'NONE', #42 ) ;
#1824 = CARTESIAN_POINT ( 'NONE',  ( 0.4200333337418699631, -5.854712935319069445, -17.35857222711749515 ) ) ;
#1825 = CARTESIAN_POINT ( 'NONE',  ( 8.096103227782997180, 3.170745926815978333, 11.42109411224236659 ) ) ;
#1826 = CARTESIAN_POINT ( 'NONE',  ( 8.082347709208528741, 6.926614404480845089, -9.601654516717358590 ) ) ;
#1827 = CARTESIAN_POINT ( 'NONE',  ( 8.727656808823475387, 6.690098262020570452, 13.88038287584969765 ) ) ;
#1828 = ORIENTED_EDGE ( 'NONE', *, *, #1337, .T. ) ;
#1829 = B_SPLINE_CURVE_WITH_KNOTS ( 'NONE', 3,
 ( #2170, #3994, #1729, #714, #393, #5832, #2523, #1359 ),
 .UNSPECIFIED., .F., .F.,
 ( 4, 2, 2, 4 ),
 ( 0.000000000000000000, 0.002211116461526279383, 0.003316674692289422327, 0.004422232923052565705 ),
 .UNSPECIFIED. ) ;
#1830 = ORIENTED_EDGE ( 'NONE', *, *, #690, .F. ) ;
#1831 = DIRECTION ( 'NONE',  ( -1.000000000000000000, -0.000000000000000000, -0.000000000000000000 ) ) ;
#1832 = DIRECTION ( 'NONE',  ( 0.000000000000000000, 0.000000000000000000, -1.000000000000000000 ) ) ;
#1833 = CARTESIAN_POINT ( 'NONE',  ( 10.08627239375047147, 0.000000000000000000, 0.000000000000000000 ) ) ;
#1834 = LINE ( 'NONE', #3144, #3302 ) ;
#1835 = ORIENTED_EDGE ( 'NONE', *, *, #2507, .F. ) ;
#1836 = CARTESIAN_POINT ( 'NONE',  ( 8.081286344341222616, 11.37508171546218882, 3.278649261536699999 ) ) ;
#1837 = CARTESIAN_POINT ( 'NONE',  ( 22.09324635661532810, -0.008612382393805316505, -0.005344894070955750164 ) ) ;
#1838 = CARTESIAN_POINT ( 'NONE',  ( 10.08627239375047324, -2.466882191261917878, -13.62157025872565086 ) ) ;
#1839 = CARTESIAN_POINT ( 'NONE',  ( 8.080972016268402669, -4.088837066448536284, -11.10943098990115097 ) ) ;
#1840 = CARTESIAN_POINT ( 'NONE',  ( 1.663814822678600480, -18.98297537028920345, 4.728618050564586284 ) ) ;
#1841 = CARTESIAN_POINT ( 'NONE',  ( 22.09374604753667626, 0.004571497438469090784, 0.009375618690968003793 ) ) ;
#1842 = CARTESIAN_POINT ( 'NONE',  ( 8.230357535800608915, -4.313548019702501790, 11.18423031998658601 ) ) ;
#1843 = VERTEX_POINT ( 'NONE', #3132 ) ;
#1844 = ADVANCED_FACE ( 'NONE', ( #2680 ), #5309, .F. ) ;
#1845 = CARTESIAN_POINT ( 'NONE',  ( 0.4182233646136210847, 0.6116075298354747281, -18.30701878804080707 ) ) ;
#1846 = EDGE_CURVE ( 'NONE', #881, #2244, #3793, .T. ) ;
#1847 = CARTESIAN_POINT ( 'NONE',  ( 0.6337479801890599784, -11.69934729212871538, 14.40767405211426144 ) ) ;
#1848 = CARTESIAN_POINT ( 'NONE',  ( 8.230357535800607138, -9.303875481428564242, -7.558545190369572175 ) ) ;
#1849 = EDGE_CURVE ( 'NONE', #2837, #1003, #77, .T. ) ;
#1850 = FACE_OUTER_BOUND ( 'NONE', #3984, .T. ) ;
#1851 = ORIENTED_EDGE ( 'NONE', *, *, #2941, .T. ) ;
#1852 = CARTESIAN_POINT ( 'NONE',  ( 22.09284734956529661, -0.009439964330423242928, -0.002699733992272465750 ) ) ;
#1853 = CARTESIAN_POINT ( 'NONE',  ( 8.230357535800605362, 7.558545190369603262, -9.303875481428539373 ) ) ;
#1854 = CARTESIAN_POINT ( 'NONE',  ( 1.161569255189763172, -1.145717208190324188, 19.02635230989424286 ) ) ;
#1855 = LINE ( 'NONE', #3377, #268 ) ;
#1856 = ORIENTED_EDGE ( 'NONE', *, *, #4093, .T. ) ;
#1857 = VERTEX_POINT ( 'NONE', #2266 ) ;
#1858 = VECTOR ( 'NONE', #2898, 1000.000000000000000 ) ;
#1859 = EDGE_CURVE ( 'NONE', #5796, #1356, #1532, .T. ) ;
#1860 = CARTESIAN_POINT ( 'NONE',  ( 0.4188817388288012533, -10.35058216146981636, 15.11360179239884083 ) ) ;
#1861 = CARTESIAN_POINT ( 'NONE',  ( 0.4193760241474248640, 10.43492890944748019, 15.05609155323744019 ) ) ;
#1862 = ORIENTED_EDGE ( 'NONE', *, *, #4361, .T. ) ;
#1863 = CARTESIAN_POINT ( 'NONE',  ( 0.4201985021554937028, 5.564195755724884229, 17.45403946445203403 ) ) ;
#1864 = ORIENTED_EDGE ( 'NONE', *, *, #5768, .F. ) ;
#1865 = CARTESIAN_POINT ( 'NONE',  ( 0.4197050914631917373, -17.32523076550100427, -5.950770039560234537 ) ) ;
#1866 = CARTESIAN_POINT ( 'NONE',  ( 22.09324635661532810, 0.008612382393805280076, 0.005344894070955807409 ) ) ;
#1867 = EDGE_CURVE ( 'NONE', #1137, #4858, #4935, .T. ) ;
#1868 = CARTESIAN_POINT ( 'NONE',  ( 22.09374604753667626, -0.004897976078547581699, 0.009209269515131681197 ) ) ;
#1869 = AXIS2_PLACEMENT_3D ( 'NONE', #2249, #5887, #1808 ) ;
#1870 = CARTESIAN_POINT ( 'NONE',  ( 3.515204589129667934, -19.29113524658032119, -9.296270399400189177 ) ) ;
#1871 = CARTESIAN_POINT ( 'NONE',  ( 8.189061701664885007, 10.02466755960474210, -6.497035319025735056 ) ) ;
#1872 = CARTESIAN_POINT ( 'NONE',  ( 8.230357535800605362, 11.58367230890926436, -3.084191986338616687 ) ) ;
#1873 = VECTOR ( 'NONE', #859, 1000.000000000000114 ) ;
#1874 = CARTESIAN_POINT ( 'NONE',  ( 10.08627239375047147, 0.000000000000000000, 0.000000000000000000 ) ) ;
#1875 = VERTEX_POINT ( 'NONE', #2384 ) ;
#1876 = CARTESIAN_POINT ( 'NONE',  ( 7.369041213193499473, 8.038805233758896662, -14.94960191710099195 ) ) ;
#1877 = CIRCLE ( 'NONE', #4061, 13.84314574289256150 ) ;
#1878 = CARTESIAN_POINT ( 'NONE',  ( 8.899588490903193261, -10.69490180409913904, 6.769152015392036148 ) ) ;
#1879 = CARTESIAN_POINT ( 'NONE',  ( 7.813880306852852620, 1.556152527884770646E-15, 11.57075366007362227 ) ) ;
#1880 = CARTESIAN_POINT ( 'NONE',  ( 11.25262228702623979, 8.798914955062926424, 2.535025170081555590 ) ) ;
#1881 = ORIENTED_EDGE ( 'NONE', *, *, #3131, .T. ) ;
#1882 = ADVANCED_FACE ( 'NONE', ( #2006 ), #2673, .F. ) ;
#1883 = CARTESIAN_POINT ( 'NONE',  ( 0.4193760241474210892, -5.271618977591109534, -17.54376434975663912 ) ) ;
#1884 = CARTESIAN_POINT ( 'NONE',  ( 0.4182233646136210847, -5.075506595180868885, -17.60000663291085843 ) ) ;
#1885 = CARTESIAN_POINT ( 'NONE',  ( 0.4960052067975744827, 14.31600804597591647, 11.59117272305972790 ) ) ;
#1886 = DIRECTION ( 'NONE',  ( 1.000000000000000000, -0.000000000000000000, -0.000000000000000000 ) ) ;
#1887 = CARTESIAN_POINT ( 'NONE',  ( 1.789743172660313242, -18.32999680698398492, 7.300210932879171111 ) ) ;
#1888 = VERTEX_POINT ( 'NONE', #2471 ) ;
#1889 = VERTEX_POINT ( 'NONE', #3382 ) ;
#1890 = CARTESIAN_POINT ( 'NONE',  ( 22.09324635661532810, 0.009386341494718661305, 0.003825913808669365208 ) ) ;
#1891 =( BOUNDED_SURFACE ( )  B_SPLINE_SURFACE ( 3, 1, ( 
 ( #1790, #5871 ),
 ( #5059, #3605 ),
 ( #4969, #4137 ),
 ( #2702, #1339 ) ),
 .UNSPECIFIED., .F., .F., .F. ) 
 B_SPLINE_SURFACE_WITH_KNOTS ( ( 4, 4 ),
 ( 2, 2 ),
 ( 0.000000000000000000, 1.000000000000000000 ),
 ( 0.000000000000000000, 1.000000000000000000 ),
 .UNSPECIFIED. ) 
 GEOMETRIC_REPRESENTATION_ITEM ( )  RATIONAL_B_SPLINE_SURFACE ( (
 ( 1.000000000000000000, 1.000000000000000000),
 ( 0.7790009610346629865, 0.9689941987838144311),
 ( 0.7790009610346629865, 0.9689941987838144311),
 ( 1.000000000000000000, 1.000000000000000000) ) ) 
 REPRESENTATION_ITEM ( '' )  SURFACE ( )  );
#1892 = CARTESIAN_POINT ( 'NONE',  ( 8.096182984839499497, 9.278298961478906648, -7.376318265004345065 ) ) ;
#1893 = CARTESIAN_POINT ( 'NONE',  ( 8.230357535800608915, -11.18423031998657002, -4.313548019702539982 ) ) ;
#1894 = VERTEX_POINT ( 'NONE', #5127 ) ;
#1895 = CARTESIAN_POINT ( 'NONE',  ( 8.082347709208526965, 3.620527345462734470, -11.27215765980572648 ) ) ;
#1896 = ORIENTED_EDGE ( 'NONE', *, *, #4701, .T. ) ;
#1897 = FACE_OUTER_BOUND ( 'NONE', #4903, .T. ) ;
#1898 = CARTESIAN_POINT ( 'NONE',  ( 0.4409628251481767514, 6.415166108417714952, 17.18152722589712411 ) ) ;
#1899 = EDGE_CURVE ( 'NONE', #4015, #4365, #2514, .T. ) ;
#1900 = CARTESIAN_POINT ( 'NONE',  ( 8.230357535800608915, 9.303875481428622862, 7.558545190369504674 ) ) ;
#1901 = CARTESIAN_POINT ( 'NONE',  ( 0.9068532551530907870, -11.89259718230317020, 14.56808077891765407 ) ) ;
#1902 = LINE ( 'NONE', #5601, #451 ) ;
#1903 = CARTESIAN_POINT ( 'NONE',  ( 0.4126876516628503189, -15.17405881654027944, 10.26841886461245323 ) ) ;
#1904 = CARTESIAN_POINT ( 'NONE',  ( 0.6337479801890599784, -10.08721515555749804, -15.57895661009739285 ) ) ;
#1905 = EDGE_CURVE ( 'NONE', #1137, #3323, #1497, .T. ) ;
#1906 = EDGE_LOOP ( 'NONE', ( #3227, #660, #4079, #5119 ) ) ;
#1907 = B_SPLINE_CURVE_WITH_KNOTS ( 'NONE', 3,
 ( #2352, #1908, #3154, #2231, #5868, #1338, #896 ),
 .UNSPECIFIED., .F., .F.,
 ( 4, 3, 4 ),
 ( 0.000000000000000000, 0.002636963911865830654, 0.01002496898031664252 ),
 .UNSPECIFIED. ) ;
#1908 = CARTESIAN_POINT ( 'NONE',  ( 9.510122032027844341, 1.952307035624994302, -14.37500779818197394 ) ) ;
#1909 = LINE ( 'NONE', #4258, #5780 ) ;
#1910 = FACE_OUTER_BOUND ( 'NONE', #5101, .T. ) ;
#1911 = EDGE_CURVE ( 'NONE', #1151, #5041, #4821, .T. ) ;
#1912 = CARTESIAN_POINT ( 'NONE',  ( 11.36374701386286823, 5.038442870954632724, -7.788753041588689641 ) ) ;
#1913 = ORIENTED_EDGE ( 'NONE', *, *, #1600, .T. ) ;
#1914 = DIRECTION ( 'NONE',  ( 1.000000000000000000, -0.000000000000000000, -0.000000000000000000 ) ) ;
#1915 = CARTESIAN_POINT ( 'NONE',  ( 0.5845099095027015412, -4.771383994838996223, -17.85705769734331483 ) ) ;
#1916 = CARTESIAN_POINT ( 'NONE',  ( 3.515204589130437984, -15.47425434527200849, -14.80256717257137566 ) ) ;
#1917 = CARTESIAN_POINT ( 'NONE',  ( 3.663019018077783073, 9.717107951874657701, 19.51437814524488346 ) ) ;
#1918 = ORIENTED_EDGE ( 'NONE', *, *, #4392, .F. ) ;
#1919 = ORIENTED_EDGE ( 'NONE', *, *, #5831, .T. ) ;
#1920 = EDGE_CURVE ( 'NONE', #3027, #1940, #3197, .T. ) ;
#1921 = CARTESIAN_POINT ( 'NONE',  ( 0.4126876516628505409, -18.31169662920711616, 0.6117626229489454559 ) ) ;
#1922 = EDGE_CURVE ( 'NONE', #1875, #831, #1176, .T. ) ;
#1923 = CARTESIAN_POINT ( 'NONE',  ( 22.10281028718407725, 0.01354449388564629188, -0.006313757786991362406 ) ) ;
#1924 = CARTESIAN_POINT ( 'NONE',  ( 4.346944931879232144, 3.647160332703695662, -20.12813819246331803 ) ) ;
#1925 = ORIENTED_EDGE ( 'NONE', *, *, #4290, .T. ) ;
#1926 = CARTESIAN_POINT ( 'NONE',  ( 0.5251777261828666221, -15.43445239695156346, -10.06146128471081802 ) ) ;
#1927 = ORIENTED_EDGE ( 'NONE', *, *, #3478, .F. ) ;
#1928 =( BOUNDED_SURFACE ( )  B_SPLINE_SURFACE ( 3, 1, ( 
 ( #1301, #918 ),
 ( #2338, #3597 ),
 ( #4571, #1357 ),
 ( #416, #4960 ) ),
 .UNSPECIFIED., .F., .F., .F. ) 
 B_SPLINE_SURFACE_WITH_KNOTS ( ( 4, 4 ),
 ( 2, 2 ),
 ( 0.000000000000000000, 1.000000000000000000 ),
 ( 0.000000000000000000, 1.000000000000000000 ),
 .UNSPECIFIED. ) 
 GEOMETRIC_REPRESENTATION_ITEM ( )  RATIONAL_B_SPLINE_SURFACE ( (
 ( 1.000000000000000000, 1.000000000000000000),
 ( 0.7790009610346629865, 0.9689941987838144311),
 ( 0.7790009610346629865, 0.9689941987838144311),
 ( 1.000000000000000000, 1.000000000000000000) ) ) 
 REPRESENTATION_ITEM ( '' )  SURFACE ( )  );
#1929 = CARTESIAN_POINT ( 'NONE',  ( 22.09182100077397237, 0.008309353891892225230, -0.004164133372276299615 ) ) ;
#1930 = CARTESIAN_POINT ( 'NONE',  ( 0.4182233646136210847, 0.6116075298352183776, 18.30701878804082128 ) ) ;
#1931 = LINE ( 'NONE', #1452, #1656 ) ;
#1932 = DIRECTION ( 'NONE',  ( 0.000000000000000000, 0.000000000000000000, 1.000000000000000000 ) ) ;
#1933 = CARTESIAN_POINT ( 'NONE',  ( 8.891830625034108593, 9.695776800649701599, -8.124900616181852442 ) ) ;
#1934 = CARTESIAN_POINT ( 'NONE',  ( 0.4126876516628540381, -6.240446283245042913, 17.22641335661274553 ) ) ;
#1935 = ORIENTED_EDGE ( 'NONE', *, *, #4459, .F. ) ;
#1936 = CARTESIAN_POINT ( 'NONE',  ( 0.4193753327645619589, -0.4078564939899383401, -18.31412698968589226 ) ) ;
#1937 = CARTESIAN_POINT ( 'NONE',  ( 0.4182233646136228611, 14.45119542963825410, 11.25539654257606514 ) ) ;
#1938 = CARTESIAN_POINT ( 'NONE',  ( 10.08627239375047324, -6.555441082950864029, 12.19257463651235796 ) ) ;
#1939 = CARTESIAN_POINT ( 'NONE',  ( 8.082341011147272880, -9.216374873587886543E-17, -11.83921436388618709 ) ) ;
#1940 = VERTEX_POINT ( 'NONE', #2033 ) ;
#1941 = B_SPLINE_CURVE_WITH_KNOTS ( 'NONE', 3,
 ( #2766, #4915, #3582, #4084, #5035, #1822 ),
 .UNSPECIFIED., .F., .F.,
 ( 4, 2, 4 ),
 ( 2.602085213965210642E-18, 0.0001740257916702664669, 0.0003480515833405303317 ),
 .UNSPECIFIED. ) ;
#1942 = CARTESIAN_POINT ( 'NONE',  ( 0.6480971303263367567, 14.39803354453999695, -11.69152577772628554 ) ) ;
#1943 = CARTESIAN_POINT ( 'NONE',  ( 9.812871695695710272, 11.81903670642516069, 6.672849412890812459 ) ) ;
#1944 = CARTESIAN_POINT ( 'NONE',  ( 11.36374701386286823, 5.850579861704410689, 7.198700979242672382 ) ) ;
#1945 = CARTESIAN_POINT ( 'NONE',  ( 22.09182100077397237, 0.009189453143964312898, 0.001392594613553769243 ) ) ;
#1946 = FACE_OUTER_BOUND ( 'NONE', #3604, .T. ) ;
#1947 = ORIENTED_EDGE ( 'NONE', *, *, #2422, .F. ) ;
#1948 = ORIENTED_EDGE ( 'NONE', *, *, #809, .F. ) ;
#1949 = DIRECTION ( 'NONE',  ( -1.000000000000000000, -0.000000000000000000, -0.000000000000000000 ) ) ;
#1950 = CARTESIAN_POINT ( 'NONE',  ( 0.5844060700456927826, -4.771376216093869083, 17.85695230666746625 ) ) ;
#1951 = CARTESIAN_POINT ( 'NONE',  ( 3.515204589128309909, 21.07106689735807237, 3.818204060501265040 ) ) ;
#1952 = VERTEX_POINT ( 'NONE', #2501 ) ;
#1953 = CARTESIAN_POINT ( 'NONE',  ( 0.6337479801890597564, -10.08721515555749804, -15.57895661009739285 ) ) ;
#1954 = ORIENTED_EDGE ( 'NONE', *, *, #1562, .T. ) ;
#1955 = CARTESIAN_POINT ( 'NONE',  ( 22.09324635661532810, -0.009842525497513424093, -0.002421923813348355117 ) ) ;
#1956 = CARTESIAN_POINT ( 'NONE',  ( 0.4078353108599463428, -14.33483961330053802, -11.41524970802588079 ) ) ;
#1957 = EDGE_CURVE ( 'NONE', #2394, #4909, #194, .T. ) ;
#1958 = CARTESIAN_POINT ( 'NONE',  ( 3.663019018077783073, -19.33156915067596060, -10.07589080511644930 ) ) ;
#1959 = CARTESIAN_POINT ( 'NONE',  ( 8.189061701664906323, 6.497035319025833644, 10.02466755960465505 ) ) ;
#1960 = CARTESIAN_POINT ( 'NONE',  ( 0.4197044002284168185, -17.32516052956425767, 5.950972394605317461 ) ) ;
#1961 = VERTEX_POINT ( 'NONE', #1677 ) ;
#1962 = CARTESIAN_POINT ( 'NONE',  ( 2.396304448591571656, 19.78813706634817038, 4.510971347559562084 ) ) ;
#1963 = ORIENTED_EDGE ( 'NONE', *, *, #1775, .F. ) ;
#1964 = CARTESIAN_POINT ( 'NONE',  ( 8.230357535800605362, -7.558545190369534872, 9.303875481428594441 ) ) ;
#1965 = CIRCLE ( 'NONE', #4245, 11.57075366007362227 ) ;
#1966 = CARTESIAN_POINT ( 'NONE',  ( 22.10703667329342181, -0.004043891623593627235, -0.01041089088770172193 ) ) ;
#1967 = VECTOR ( 'NONE', #4236, 999.9999999999998863 ) ;
#1968 = DIRECTION ( 'NONE',  ( 0.000000000000000000, 0.000000000000000000, 1.000000000000000000 ) ) ;
#1969 = ORIENTED_EDGE ( 'NONE', *, *, #1709, .T. ) ;
#1970 = CIRCLE ( 'NONE', #3020, 21.41421356110392082 ) ;
#1971 = CARTESIAN_POINT ( 'NONE',  ( 2.631852984183009170, 15.35112972325958580, -13.63419961954336834 ) ) ;
#1972 = AXIS2_PLACEMENT_3D ( 'NONE', #2466, #2027, #3313 ) ;
#1973 = ADVANCED_FACE ( 'NONE', ( #758 ), #4725, .T. ) ;
#1974 = CARTESIAN_POINT ( 'NONE',  ( 8.891830625034110369, 10.72339948033745038, 6.710499338793470159 ) ) ;
#1975 = CARTESIAN_POINT ( 'NONE',  ( 8.357821303193627926, 7.499020486873971159, 13.94634013067837941 ) ) ;
#1976 = CARTESIAN_POINT ( 'NONE',  ( 0.6337479801890598674, 10.08721515555783910, -15.57895661009717259 ) ) ;
#1977 = CARTESIAN_POINT ( 'NONE',  ( 22.09255692238962965, -0.008485944307323311370, -0.004259725308152982962 ) ) ;
#1978 = ORIENTED_EDGE ( 'NONE', *, *, #318, .T. ) ;
#1979 = ORIENTED_EDGE ( 'NONE', *, *, #2828, .F. ) ;
#1980 = ADVANCED_FACE ( 'NONE', ( #1258 ), #5116, .F. ) ;
#1981 = B_SPLINE_CURVE_WITH_KNOTS ( 'NONE', 3,
 ( #26, #2780, #1779, #3146, #4072, #1836 ),
 .UNSPECIFIED., .F., .F.,
 ( 4, 2, 4 ),
 ( 2.491306920542244202E-18, 0.0001740257916702654369, 0.0003480515833405283801 ),
 .UNSPECIFIED. ) ;
#1982 = CARTESIAN_POINT ( 'NONE',  ( 1.911690948752304164, -18.32198533640096016, -7.535790249139971309 ) ) ;
#1983 = CARTESIAN_POINT ( 'NONE',  ( 8.082161297655167331, 0.1736811973065491288, -11.83789221593258567 ) ) ;
#1984 = CARTESIAN_POINT ( 'NONE',  ( 1.789743172660314130, 16.68009650493455354, -10.53832259871758126 ) ) ;
#1985 = EDGE_CURVE ( 'NONE', #4066, #5254, #324, .T. ) ;
#1986 = ORIENTED_EDGE ( 'NONE', *, *, #5505, .F. ) ;
#1987 = DIRECTION ( 'NONE',  ( -1.000000000000000000, -0.000000000000000000, -0.000000000000000000 ) ) ;
#1988 = ORIENTED_EDGE ( 'NONE', *, *, #3965, .T. ) ;
#1989 = CARTESIAN_POINT ( 'NONE',  ( 8.081832178819821522, -11.16504726921528956, 3.937902261738014165 ) ) ;
#1990 = CARTESIAN_POINT ( 'NONE',  ( 0.6480971303263367567, 6.670064725496105851, 17.30622377986110294 ) ) ;
#1991 = CARTESIAN_POINT ( 'NONE',  ( 0.4182233646136193639, 5.075506595181238367, -17.60000663291075185 ) ) ;
#1992 = B_SPLINE_CURVE_WITH_KNOTS ( 'NONE', 3,
 ( #342, #5220, #4802, #3418, #1588, #3074, #5727, #2960 ),
 .UNSPECIFIED., .F., .F.,
 ( 4, 2, 2, 4 ),
 ( 7.589415207398531038E-19, 0.002211095967734307780, 0.003316643951601464489, 0.004422191935468620765 ),
 .UNSPECIFIED. ) ;
#1993 = CARTESIAN_POINT ( 'NONE',  ( 8.891830625034108593, 3.068351446858217813, -12.27221728903999676 ) ) ;
#1994 = CARTESIAN_POINT ( 'NONE',  ( 0.000000000000000000, 0.000000000000000000, 0.000000000000000000 ) ) ;
#1995 = ORIENTED_EDGE ( 'NONE', *, *, #5143, .T. ) ;
#1996 = CARTESIAN_POINT ( 'NONE',  ( 0.4200333337418697965, 0.2040690719085533067, 18.31818902438059027 ) ) ;
#1997 = ORIENTED_EDGE ( 'NONE', *, *, #1502, .F. ) ;
#1998 = CARTESIAN_POINT ( 'NONE',  ( 8.564997480335422964, -0.7281346084093633930, -12.30050408338315648 ) ) ;
#1999 = EDGE_CURVE ( 'NONE', #2158, #5713, #2103, .T. ) ;
#2000 = AXIS2_PLACEMENT_3D ( 'NONE', #1540, #5141, #3333 ) ;
#2001 = CYLINDRICAL_SURFACE ( 'NONE', #175, 10.00000000000000000 ) ;
#2002 = CARTESIAN_POINT ( 'NONE',  ( 3.515204589129467649, -10.14264561317895108, 18.85988553533870515 ) ) ;
#2003 = CARTESIAN_POINT ( 'NONE',  ( 0.4197050914631956231, 17.51418098979542037, -5.369241044903727555 ) ) ;
#2004 = CARTESIAN_POINT ( 'NONE',  ( 8.230357535800605362, -11.58367230890920041, -3.084191986338860492 ) ) ;
#2005 = CARTESIAN_POINT ( 'NONE',  ( 22.09255692238962965, 0.009369076872892713459, 0.001541722749953632326 ) ) ;
#2006 = FACE_OUTER_BOUND ( 'NONE', #350, .T. ) ;
#2007 = CARTESIAN_POINT ( 'NONE',  ( 9.539500336054874907, 13.25084140283899181, 1.234095229348577627 ) ) ;
#2008 = CARTESIAN_POINT ( 'NONE',  ( 22.09255692238962965, -0.009369076872892703051, -0.001541722749953693258 ) ) ;
#2009 = CARTESIAN_POINT ( 'NONE',  ( 8.189061701664858361, 11.14856373681659818, 4.291264874532687124 ) ) ;
#2010 = VERTEX_POINT ( 'NONE', #5305 ) ;
#2011 = CARTESIAN_POINT ( 'NONE',  ( 0.4201982050972177252, 2.250397674467486219E-15, 18.31920718262799497 ) ) ;
#2012 = LINE ( 'NONE', #4777, #3677 ) ;
#2013 = CARTESIAN_POINT ( 'NONE',  ( 0.6480971303263367567, 15.56853882718303161, -10.08046346888036737 ) ) ;
#2014 = VERTEX_POINT ( 'NONE', #399 ) ;
#2015 = CARTESIAN_POINT ( 'NONE',  ( 3.663019018077784850, -10.07589080511609225, -19.33156915067614889 ) ) ;
#2016 = EDGE_LOOP ( 'NONE', ( #4009, #4661, #2630, #868 ) ) ;
#2017 = B_SPLINE_CURVE_WITH_KNOTS ( 'NONE', 3,
 ( #3186, #3218, #402, #10, #427, #846, #935, #3607, #4030, #1314, #4945, #2737, #5842 ),
 .UNSPECIFIED., .F., .F.,
 ( 4, 3, 3, 3, 4 ),
 ( 8.673617379884035472E-19, 0.0003060394048542617977, 0.0004590327578743571353, 0.0006264795226578722667, 0.0007939722156138024137 ),
 .UNSPECIFIED. ) ;
#2018 = LINE ( 'NONE', #5171, #1579 ) ;
#2019 = B_SPLINE_CURVE_WITH_KNOTS ( 'NONE', 3,
 ( #5065, #1025, #5877, #906 ),
 .UNSPECIFIED., .F., .F.,
 ( 4, 4 ),
 ( 0.000000000000000000, 0.002859022159863997600 ),
 .UNSPECIFIED. ) ;
#2020 = CARTESIAN_POINT ( 'NONE',  ( 0.4176364164252709954, 10.19020578866320115, -15.22062621313524389 ) ) ;
#2021 = CARTESIAN_POINT ( 'NONE',  ( 9.516581620098314431, 2.860874122989335078, -12.96273087008603042 ) ) ;
#2022 = CARTESIAN_POINT ( 'NONE',  ( 0.6337479801890599784, 18.53275695733654516, 0.9963524547568644030 ) ) ;
#2023 = ORIENTED_EDGE ( 'NONE', *, *, #1721, .F. ) ;
#2024 = CARTESIAN_POINT ( 'NONE',  ( 10.08627239375047324, -12.47007880054819573, 6.010808495292698339 ) ) ;
#2025 = ORIENTED_EDGE ( 'NONE', *, *, #5825, .F. ) ;
#2026 = CARTESIAN_POINT ( 'NONE',  ( 0.4201985021554936472, -18.31920901688781811, -0.1017301835827705836 ) ) ;
#2027 = DIRECTION ( 'NONE',  ( -1.000000000000000000, -0.000000000000000000, -0.000000000000000000 ) ) ;
#2028 = CARTESIAN_POINT ( 'NONE',  ( 10.08627239375047147, 0.000000000000000000, 0.000000000000000000 ) ) ;
#2029 = EDGE_CURVE ( 'NONE', #2761, #1940, #5007, .T. ) ;
#2030 = CARTESIAN_POINT ( 'NONE',  ( 22.10703667329342181, -0.01115097685428880457, -0.0006288272689281550155 ) ) ;
#2031 = CARTESIAN_POINT ( 'NONE',  ( 8.150690745220671829, -11.49714511843432341, -3.099628218634427945 ) ) ;
#2032 = CARTESIAN_POINT ( 'NONE',  ( 8.082162653057828550, 3.841639742626786980, 11.19888317126711641 ) ) ;
#2033 = CARTESIAN_POINT ( 'NONE',  ( 10.08627239375047324, 9.570084858214730872, -10.00230772699648085 ) ) ;
#2034 = EDGE_CURVE ( 'NONE', #3003, #5167, #340, .T. ) ;
#2035 = DIRECTION ( 'NONE',  ( -1.000000000000000000, -0.000000000000000000, -0.000000000000000000 ) ) ;
#2036 = CARTESIAN_POINT ( 'NONE',  ( 8.081286344341222616, 11.12977610358351477, 4.033622304792393365 ) ) ;
#2037 = CARTESIAN_POINT ( 'NONE',  ( 1.663814822677785132, 19.51510576211576620, 1.368878983159558249 ) ) ;
#2038 = ORIENTED_EDGE ( 'NONE', *, *, #5011, .T. ) ;
#2039 = DIRECTION ( 'NONE',  ( 0.000000000000000000, 0.000000000000000000, 1.000000000000000000 ) ) ;
#2040 = B_SPLINE_CURVE_WITH_KNOTS ( 'NONE', 3,
 ( #2949, #191, #3877, #5180, #1998, #4642 ),
 .UNSPECIFIED., .F., .F.,
 ( 4, 2, 4 ),
 ( 3.403842317065347708E-17, 0.001429663029798427468, 0.002859326059596820676 ),
 .UNSPECIFIED. ) ;
#2041 = CARTESIAN_POINT ( 'NONE',  ( 8.081585098691661528, 0.3411204583604210971, -11.83367452437121337 ) ) ;
#2042 = CARTESIAN_POINT ( 'NONE',  ( 10.08627239375047324, -9.570084858214508827, -10.00230772699669402 ) ) ;
#2043 = ORIENTED_EDGE ( 'NONE', *, *, #1562, .F. ) ;
#2044 = VERTEX_POINT ( 'NONE', #2590 ) ;
#2045 = CARTESIAN_POINT ( 'NONE',  ( 22.09284734956529661, -0.009223955395377424205, -0.003364541135548814767 ) ) ;
#2046 = EDGE_CURVE ( 'NONE', #2914, #3168, #3161, .T. ) ;
#2047 = CARTESIAN_POINT ( 'NONE',  ( 8.230357535800605362, -4.313548019702345471, -11.18423031998664463 ) ) ;
#2048 = CARTESIAN_POINT ( 'NONE',  ( 3.663019018077783073, 21.49903630320802606, 3.608958212190906512 ) ) ;
#2049 = CARTESIAN_POINT ( 'NONE',  ( 8.081286344341222616, -11.12977610358348279, -4.033622304792472413 ) ) ;
#2050 = ORIENTED_EDGE ( 'NONE', *, *, #113, .F. ) ;
#2051 = ORIENTED_EDGE ( 'NONE', *, *, #487, .F. ) ;
#2052 = CARTESIAN_POINT ( 'NONE',  ( 0.4201982046941598603, -18.31920718013920180, 0.0002764381577574153651 ) ) ;
#2053 = CARTESIAN_POINT ( 'NONE',  ( 3.515204589128663848, 3.818204060500772545, 21.07106689735823579 ) ) ;
#2054 = CARTESIAN_POINT ( 'NONE',  ( 3.085675480215387623, 19.08040266534638363, -8.736561453831861002 ) ) ;
#2055 = CARTESIAN_POINT ( 'NONE',  ( 2.631852984182515787, -8.223134425293567418, -18.81299134293723441 ) ) ;
#2056 = CARTESIAN_POINT ( 'NONE',  ( 8.080972016268351155, -11.39107659535104489, -3.222021023237794157 ) ) ;
#2057 = CARTESIAN_POINT ( 'NONE',  ( 0.4227027292401541181, -17.36194296277463067, 5.855738517342674143 ) ) ;
#2058 = CARTESIAN_POINT ( 'NONE',  ( 5.178685273546801859, -17.17203955144134753, -9.234538826737919592 ) ) ;
#2059 = CARTESIAN_POINT ( 'NONE',  ( 8.150687306238463492, -6.500710348059664412, -9.976609266190402892 ) ) ;
#2060 = AXIS2_PLACEMENT_3D ( 'NONE', #2245, #4067, #3279 ) ;
#2061 = CARTESIAN_POINT ( 'NONE',  ( 4.346944931879230367, -8.880408095267373625, -18.42775291913959279 ) ) ;
#2062 = ORIENTED_EDGE ( 'NONE', *, *, #3799, .T. ) ;
#2063 = EDGE_CURVE ( 'NONE', #1673, #3434, #1022, .T. ) ;
#2064 =( LENGTH_UNIT ( ) NAMED_UNIT ( * ) SI_UNIT ( .MILLI., .METRE. ) );
#2065 = ADVANCED_FACE ( 'NONE', ( #1737 ), #5729, .F. ) ;
#2066 = CARTESIAN_POINT ( 'NONE',  ( 0.5845099095027013192, 6.635984425320846647, -17.25121229187540095 ) ) ;
#2067 = CARTESIAN_POINT ( 'NONE',  ( 8.081286344341222616, -9.338588247148535970, 7.275492736841711938 ) ) ;
#2068 = VERTEX_POINT ( 'NONE', #5362 ) ;
#2069 = ORIENTED_EDGE ( 'NONE', *, *, #755, .F. ) ;
#2070 = CARTESIAN_POINT ( 'NONE',  ( 1.165599648441569824, -19.03186645073164129, 1.121126759719235588 ) ) ;
#2071 = CARTESIAN_POINT ( 'NONE',  ( 3.663019018077784850, 3.608958212190828352, 21.49903630320804027 ) ) ;
#2072 =( BOUNDED_SURFACE ( )  B_SPLINE_SURFACE ( 3, 1, ( 
 ( #3888, #4885 ),
 ( #3948, #4355 ),
 ( #4327, #4446 ),
 ( #2992, #5758 ) ),
 .UNSPECIFIED., .F., .F., .F. ) 
 B_SPLINE_SURFACE_WITH_KNOTS ( ( 4, 4 ),
 ( 2, 2 ),
 ( 0.000000000000000000, 1.000000000000000000 ),
 ( 0.000000000000000000, 1.000000000000000000 ),
 .UNSPECIFIED. ) 
 GEOMETRIC_REPRESENTATION_ITEM ( )  RATIONAL_B_SPLINE_SURFACE ( (
 ( 1.000000000000000000, 1.000000000000000000),
 ( 0.7790009610346629865, 0.9689941987838144311),
 ( 0.7790009610346629865, 0.9689941987838144311),
 ( 1.000000000000000000, 1.000000000000000000) ) ) 
 REPRESENTATION_ITEM ( '' )  SURFACE ( )  );
#2073 = CARTESIAN_POINT ( 'NONE',  ( 10.08627239375047324, -6.010808495292662812, -12.47007880054821349 ) ) ;
#2074 = CARTESIAN_POINT ( 'NONE',  ( 1.663814822678763239, 1.368878983160248586, -19.51510576211670411 ) ) ;
#2075 = CARTESIAN_POINT ( 'NONE',  ( 8.189129401831875654, -0.6361564387246129160, -11.92905486128450399 ) ) ;
#2076 = B_SPLINE_CURVE_WITH_KNOTS ( 'NONE', 3,
 ( #3060, #297, #2635, #2603, #4423, #4486, #1694 ),
 .UNSPECIFIED., .F., .F.,
 ( 4, 3, 4 ),
 ( 0.000000000000000000, 0.002636963911865838461, 0.01002496898031677262 ),
 .UNSPECIFIED. ) ;
#2077 = VERTEX_POINT ( 'NONE', #5696 ) ;
#2078 = CARTESIAN_POINT ( 'NONE',  ( 8.080972016268402669, 9.837898371211998949, 6.584360341980381115 ) ) ;
#2079 = ORIENTED_EDGE ( 'NONE', *, *, #934, .F. ) ;
#2080 = EDGE_CURVE ( 'NONE', #410, #5110, #3804, .T. ) ;
#2081 = CARTESIAN_POINT ( 'NONE',  ( 22.10281028718407725, 0.002853316407705268690, -0.01466885944743570938 ) ) ;
#2082 =( BOUNDED_SURFACE ( )  B_SPLINE_SURFACE ( 3, 1, ( 
 ( #5647, #2901 ),
 ( #5622, #3293 ),
 ( #3770, #1566 ),
 ( #144, #2870 ) ),
 .UNSPECIFIED., .F., .F., .F. ) 
 B_SPLINE_SURFACE_WITH_KNOTS ( ( 4, 4 ),
 ( 2, 2 ),
 ( 0.000000000000000000, 1.000000000000000000 ),
 ( 0.000000000000000000, 1.000000000000000000 ),
 .UNSPECIFIED. ) 
 GEOMETRIC_REPRESENTATION_ITEM ( )  RATIONAL_B_SPLINE_SURFACE ( (
 ( 1.000000000000000000, 1.000000000000000000),
 ( 0.7790009610346629865, 0.9689941987838144311),
 ( 0.7790009610346629865, 0.9689941987838144311),
 ( 1.000000000000000000, 1.000000000000000000) ) ) 
 REPRESENTATION_ITEM ( '' )  SURFACE ( )  );
#2083 =( BOUNDED_SURFACE ( )  B_SPLINE_SURFACE ( 3, 1, ( 
 ( #2008, #3828 ),
 ( #1118, #2473 ),
 ( #2930, #670 ),
 ( #4298, #1173 ) ),
 .UNSPECIFIED., .F., .F., .F. ) 
 B_SPLINE_SURFACE_WITH_KNOTS ( ( 4, 4 ),
 ( 2, 2 ),
 ( 0.000000000000000000, 1.000000000000000000 ),
 ( 0.000000000000000000, 1.000000000000000000 ),
 .UNSPECIFIED. ) 
 GEOMETRIC_REPRESENTATION_ITEM ( )  RATIONAL_B_SPLINE_SURFACE ( (
 ( 1.000000000000000000, 1.000000000000000000),
 ( 0.9594539417957813621, 0.9995981945367502508),
 ( 0.9594539417957813621, 0.9995981945367502508),
 ( 1.000000000000000000, 1.000000000000000000) ) ) 
 REPRESENTATION_ITEM ( '' )  SURFACE ( )  );
#2084 = CARTESIAN_POINT ( 'NONE',  ( 0.4182233646136228611, -17.60000663291076606, -5.075506595181174418 ) ) ;
#2085 = DIRECTION ( 'NONE',  ( 0.000000000000000000, 0.000000000000000000, 1.000000000000000000 ) ) ;
#2086 = CARTESIAN_POINT ( 'NONE',  ( 22.09255692238962965, -0.008434103081284722095, 0.004361469442994585222 ) ) ;
#2087 = B_SPLINE_CURVE_WITH_KNOTS ( 'NONE', 3,
 ( #3254, #5636, #3672, #2495, #2055, #4592, #3224, #965 ),
 .UNSPECIFIED., .F., .F.,
 ( 4, 2, 2, 4 ),
 ( 0.000000000000000000, 0.002211095967735169504, 0.003316643951602755123, 0.004422191935470340743 ),
 .UNSPECIFIED. ) ;
#2088 = CARTESIAN_POINT ( 'NONE',  ( 4.346944931879207275, -18.42775291913957858, 8.880408095267419810 ) ) ;
#2089 = VERTEX_POINT ( 'NONE', #1398 ) ;
#2090 = DIRECTION ( 'NONE',  ( -1.000000000000000000, -0.000000000000000000, -0.000000000000000000 ) ) ;
#2091 = B_SPLINE_CURVE_WITH_KNOTS ( 'NONE', 3,
 ( #281, #1672, #3011, #4796, #5721, #695 ),
 .UNSPECIFIED., .F., .F.,
 ( 4, 2, 4 ),
 ( 1.743375517060540341E-17, 0.001429663029798408386, 0.002859326059596799426 ),
 .UNSPECIFIED. ) ;
#2092 = ADVANCED_FACE ( 'NONE', ( #3579 ), #635, .F. ) ;
#2093 = DIRECTION ( 'NONE',  ( -1.000000000000000000, -0.000000000000000000, -0.000000000000000000 ) ) ;
#2094 = DIRECTION ( 'NONE',  ( 0.7636347340829116037, 0.6203223040965992752, -0.1790592972799988913 ) ) ;
#2095 = CARTESIAN_POINT ( 'NONE',  ( 8.082347709208525188, 11.27215765980576911, 3.620527345462616342 ) ) ;
#2096 = CARTESIAN_POINT ( 'NONE',  ( 22.09712324851893683, -0.01137293111426637519, 0.009073241573049750999 ) ) ;
#2097 = EDGE_LOOP ( 'NONE', ( #1935, #276, #6, #5759 ) ) ;
#2098 = B_SPLINE_CURVE_WITH_KNOTS ( 'NONE', 3,
 ( #5084, #4668, #4191, #94, #4222, #592 ),
 .UNSPECIFIED., .F., .F.,
 ( 4, 2, 4 ),
 ( 1.072867218403649326E-17, 0.001429663029798402098, 0.002859326059596793788 ),
 .UNSPECIFIED. ) ;
#2099 = CARTESIAN_POINT ( 'NONE',  ( 3.515204589130986434, 14.80256717257209154, -15.47425434527158572 ) ) ;
#2100 = CARTESIAN_POINT ( 'NONE',  ( 0.6480971303263367567, -10.08046346888064626, 15.56853882718285398 ) ) ;
#2101 = EDGE_CURVE ( 'NONE', #1236, #3615, #3245, .T. ) ;
#2102 = ORIENTED_EDGE ( 'NONE', *, *, #2063, .F. ) ;
#2103 = B_SPLINE_CURVE_WITH_KNOTS ( 'NONE', 3,
 ( #2560, #4854, #2122, #5755, #2533, #3499 ),
 .UNSPECIFIED., .F., .F.,
 ( 4, 2, 4 ),
 ( 6.307271007948149409E-18, 0.0002687592685055695913, 0.0005375185370111327859 ),
 .UNSPECIFIED. ) ;
#2104 = VERTEX_POINT ( 'NONE', #1310 ) ;
#2105 = CARTESIAN_POINT ( 'NONE',  ( 8.082315436206476633, -6.908610303562084276, -9.614441993886449822 ) ) ;
#2106 = CARTESIAN_POINT ( 'NONE',  ( 3.663019018077784850, 9.717107951874934813, -19.51437814524474490 ) ) ;
#2107 = EDGE_CURVE ( 'NONE', #4276, #4285, #1457, .T. ) ;
#2108 = CARTESIAN_POINT ( 'NONE',  ( 0.4409628251481722550, 14.35820807885289874, -11.41056943264440093 ) ) ;
#2109 = CARTESIAN_POINT ( 'NONE',  ( 10.08627239375047679, 9.570084858214588763, 10.00230772699661763 ) ) ;
#2110 = ORIENTED_EDGE ( 'NONE', *, *, #3860, .F. ) ;
#2111 = CARTESIAN_POINT ( 'NONE',  ( 2.635524340766545404, 18.82758664979817453, 8.201636355871034567 ) ) ;
#2112 = ORIENTED_EDGE ( 'NONE', *, *, #1208, .T. ) ;
#2113 = CARTESIAN_POINT ( 'NONE',  ( 0.4188817388287960353, 15.11360179239888168, 10.35058216146977017 ) ) ;
#2114 = CARTESIAN_POINT ( 'NONE',  ( 3.515204589129467649, -3.818204060500374197, 21.07106689735939398 ) ) ;
#2115 = CARTESIAN_POINT ( 'NONE',  ( 22.09374604753667626, -0.004571497438468785472, 0.009375618690969464430 ) ) ;
#2116 = CARTESIAN_POINT ( 'NONE',  ( 22.09182100077397237, -0.009170024695619359567, -0.001515261008717876633 ) ) ;
#2117 = DIRECTION ( 'NONE',  ( 1.000000000000000000, 0.000000000000000000, 0.000000000000000000 ) ) ;
#2118 = ORIENTED_EDGE ( 'NONE', *, *, #2507, .T. ) ;
#2119 = CARTESIAN_POINT ( 'NONE',  ( 1.165599648441769665, -16.05608516862989532, -10.27963982187868197 ) ) ;
#2120 =( BOUNDED_SURFACE ( )  B_SPLINE_SURFACE ( 3, 1, ( 
 ( #4934, #4075 ),
 ( #2727, #3237 ),
 ( #2668, #3177 ),
 ( #3623, #473 ) ),
 .UNSPECIFIED., .F., .F., .F. ) 
 B_SPLINE_SURFACE_WITH_KNOTS ( ( 4, 4 ),
 ( 2, 2 ),
 ( 0.000000000000000000, 1.000000000000000000 ),
 ( 0.000000000000000000, 1.000000000000000000 ),
 .UNSPECIFIED. ) 
 GEOMETRIC_REPRESENTATION_ITEM ( )  RATIONAL_B_SPLINE_SURFACE ( (
 ( 1.000000000000000000, 1.000000000000000000),
 ( 0.9934036227985141299, 0.8357362271078285776),
 ( 0.9934036227985141299, 0.8357362271078285776),
 ( 1.000000000000000000, 1.000000000000000000) ) ) 
 REPRESENTATION_ITEM ( '' )  SURFACE ( )  );
#2121 = EDGE_CURVE ( 'NONE', #4343, #1857, #8, .T. ) ;
#2122 = CARTESIAN_POINT ( 'NONE',  ( 0.4409628251481728656, -14.35820807885281702, 11.41056943264450219 ) ) ;
#2123 = CARTESIAN_POINT ( 'NONE',  ( 8.230357535800605362, 11.58367230890926436, -3.084191986338616687 ) ) ;
#2124 = CARTESIAN_POINT ( 'NONE',  ( 8.082315436206480186, 11.24041035612352246, 3.717467714216572183 ) ) ;
#2125 = DIRECTION ( 'NONE',  ( 0.7636347340829116037, 0.2197542875157116049, -0.6070997002310105639 ) ) ;
#2126 = ORIENTED_EDGE ( 'NONE', *, *, #229, .T. ) ;
#2127 = CARTESIAN_POINT ( 'NONE',  ( 22.09255692238962965, 0.001541722749955001023, 0.009369076872893247754 ) ) ;
#2128 = CARTESIAN_POINT ( 'NONE',  ( 22.09712324851893683, 0.01137293111426643938, -0.009073241573049664263 ) ) ;
#2129 = ORIENTED_EDGE ( 'NONE', *, *, #3725, .T. ) ;
#2130 = ORIENTED_EDGE ( 'NONE', *, *, #3645, .F. ) ;
#2131 = CARTESIAN_POINT ( 'NONE',  ( 0.5845099095027010971, -0.9802784579749099780, 18.45750982601076728 ) ) ;
#2132 = CARTESIAN_POINT ( 'NONE',  ( 8.082162653057830326, -3.474586532165922392, 11.31814598891137891 ) ) ;
#2133 = CARTESIAN_POINT ( 'NONE',  ( -27.89911057639946890, 0.000000000000000000, 0.3999999999999993006 ) ) ;
#2134 = ORIENTED_EDGE ( 'NONE', *, *, #2176, .F. ) ;
#2135 = CARTESIAN_POINT ( 'NONE',  ( 0.4078353108599468979, 11.41524970802572625, 14.33483961330066414 ) ) ;
#2136 = VERTEX_POINT ( 'NONE', #984 ) ;
#2137 = CARTESIAN_POINT ( 'NONE',  ( 10.08627239375047147, 0.000000000000000000, 0.000000000000000000 ) ) ;
#2138 = ADVANCED_FACE ( 'NONE', ( #3127 ), #1891, .F. ) ;
#2139 = CARTESIAN_POINT ( 'NONE',  ( 8.082269409299112084, 6.863252771113477202, 9.646977693303307788 ) ) ;
#2140 = CARTESIAN_POINT ( 'NONE',  ( 0.5251705844569032333, 14.33855408788794783, 11.56982749897263396 ) ) ;
#2141 = CARTESIAN_POINT ( 'NONE',  ( 8.082357490472944050, -3.648053501153107447, -11.26328965394904280 ) ) ;
#2142 = CARTESIAN_POINT ( 'NONE',  ( 7.369041213193471052, -15.29068558309644388, 7.369390847620060470 ) ) ;
#2143 = ORIENTED_EDGE ( 'NONE', *, *, #1029, .T. ) ;
#2144 = CARTESIAN_POINT ( 'NONE',  ( 0.4197050914631916818, 18.31616268768839362, 0.3057278850900945200 ) ) ;
#2145 = CARTESIAN_POINT ( 'NONE',  ( 0.4182233646136210847, 10.26579477152715647, 15.17018320209470339 ) ) ;
#2146 = CARTESIAN_POINT ( 'NONE',  ( 3.093381936067833848, -8.721130179694545959, 19.10004533329692222 ) ) ;
#2147 = CARTESIAN_POINT ( 'NONE',  ( 8.081286344341222616, 11.83150392928987849, -0.3969128176507829564 ) ) ;
#2148 = B_SPLINE_CURVE_WITH_KNOTS ( 'NONE', 3,
 ( #3504, #3476, #1239, #1622, #3555, #3891, #4362, #4860 ),
 .UNSPECIFIED., .F., .F.,
 ( 4, 2, 2, 4 ),
 ( 0.000000000000000000, 0.002211116461524634431, 0.003316674692286951213, 0.004422232923049267996 ),
 .UNSPECIFIED. ) ;
#2149 =( BOUNDED_SURFACE ( )  B_SPLINE_SURFACE ( 3, 1, ( 
 ( #2468, #81 ),
 ( #5068, #3438 ),
 ( #2985, #4794 ),
 ( #2526, #4292 ) ),
 .UNSPECIFIED., .F., .F., .F. ) 
 B_SPLINE_SURFACE_WITH_KNOTS ( ( 4, 4 ),
 ( 2, 2 ),
 ( 0.000000000000000000, 1.000000000000000000 ),
 ( 0.000000000000000000, 1.000000000000000000 ),
 .UNSPECIFIED. ) 
 GEOMETRIC_REPRESENTATION_ITEM ( )  RATIONAL_B_SPLINE_SURFACE ( (
 ( 1.000000000000000000, 1.000000000000000000),
 ( 0.7790009610346629865, 0.9689941987838144311),
 ( 0.7790009610346629865, 0.9689941987838144311),
 ( 1.000000000000000000, 1.000000000000000000) ) ) 
 REPRESENTATION_ITEM ( '' )  SURFACE ( )  );
#2150 = ORIENTED_EDGE ( 'NONE', *, *, #3559, .T. ) ;
#2151 = APPLICATION_CONTEXT ( 'automotive_design' ) ;
#2152 = EDGE_CURVE ( 'NONE', #2351, #1531, #5585, .T. ) ;
#2153 = VECTOR ( 'NONE', #786, 1000.000000000000000 ) ;
#2154 = CARTESIAN_POINT ( 'NONE',  ( 0.4960052067975748158, -4.768773417413806115, 17.79219411881565449 ) ) ;
#2155 = CARTESIAN_POINT ( 'NONE',  ( 8.230357535800605362, -10.06365929432208084, -6.512792486836304739 ) ) ;
#2156 = EDGE_CURVE ( 'NONE', #936, #1241, #3024, .T. ) ;
#2157 = ORIENTED_EDGE ( 'NONE', *, *, #815, .T. ) ;
#2158 = VERTEX_POINT ( 'NONE', #1763 ) ;
#2159 = B_SPLINE_CURVE_WITH_KNOTS ( 'NONE', 3,
 ( #86, #3806, #1536, #2840, #648, #4598, #2451, #2013 ),
 .UNSPECIFIED., .F., .F.,
 ( 4, 2, 2, 4 ),
 ( 0.000000000000000000, 0.002211116461526279817, 0.003316674692289419725, 0.004422232923052559633 ),
 .UNSPECIFIED. ) ;
#2160 = AXIS2_PLACEMENT_3D ( 'NONE', #5798, #4842, #4813 ) ;
#2161 = CARTESIAN_POINT ( 'NONE',  ( 2.831810311861893137, 4.465493346917423167, 20.34674661394459605 ) ) ;
#2162 = AXIS2_PLACEMENT_3D ( 'NONE', #5230, #5680, #2942 ) ;
#2163 = B_SPLINE_CURVE_WITH_KNOTS ( 'NONE', 3,
 ( #199, #1085, #224, #3796, #4711, #5580 ),
 .UNSPECIFIED., .F., .F.,
 ( 4, 2, 4 ),
 ( 2.453269466693398698E-18, 0.001429663029798395376, 0.002859326059596788584 ),
 .UNSPECIFIED. ) ;
#2164 = ADVANCED_FACE ( 'NONE', ( #5480 ), #2634, .T. ) ;
#2165 = DIRECTION ( 'NONE',  ( 0.000000000000000000, 0.000000000000000000, 1.000000000000000000 ) ) ;
#2166 = DIRECTION ( 'NONE',  ( -0.7636347340829116037, 0.02139462247429284661, 0.6452939353746502960 ) ) ;
#2167 = VERTEX_POINT ( 'NONE', #1368 ) ;
#2168 = DIRECTION ( 'NONE',  ( 0.7071067818211347333, 8.659560554583479511E-17, 0.7071067805519603011 ) ) ;
#2169 = VERTEX_POINT ( 'NONE', #4555 ) ;
#2170 = CARTESIAN_POINT ( 'NONE',  ( 3.515204589130440205, -10.14264561317825475, -18.85988553534018664 ) ) ;
#2171 = CARTESIAN_POINT ( 'NONE',  ( -27.89911057639946890, 1.224646799147353256E-15, 10.00000000000000000 ) ) ;
#2172 = CARTESIAN_POINT ( 'NONE',  ( 4.346944931879228591, 18.01596246481606300, 9.688592366989475124 ) ) ;
#2173 = CARTESIAN_POINT ( 'NONE',  ( 0.4410764106479096447, -17.18155385183582240, -6.415418025555806203 ) ) ;
#2174 = CARTESIAN_POINT ( 'NONE',  ( 22.10703667329342181, -0.01079952751295298712, 0.002847791080118732519 ) ) ;
#2175 = VERTEX_POINT ( 'NONE', #3184 ) ;
#2176 = EDGE_CURVE ( 'NONE', #72, #2136, #4650, .T. ) ;
#2177 = CARTESIAN_POINT ( 'NONE',  ( 8.080971495803112248, -11.39110307971751546, 3.221927258043631337 ) ) ;
#2178 = EDGE_CURVE ( 'NONE', #3424, #5595, #2877, .T. ) ;
#2179 = CARTESIAN_POINT ( 'NONE',  ( 22.09284734956529661, 0.009439964330423804978, -0.002699733992273809727 ) ) ;
#2180 = CARTESIAN_POINT ( 'NONE',  ( 0.6480971303263367567, 15.56853882718288951, 10.08046346888059475 ) ) ;
#2181 = CARTESIAN_POINT ( 'NONE',  ( 8.357821303193640361, -14.26428806731432886, -6.875012526228577059 ) ) ;
#2182 = ORIENTED_EDGE ( 'NONE', *, *, #1089, .F. ) ;
#2183 = CARTESIAN_POINT ( 'NONE',  ( 2.831810311861891361, -20.73081928506412197, 2.040553937891123493 ) ) ;
#2184 = CARTESIAN_POINT ( 'NONE',  ( 8.081286344341222616, -11.37508171546216396, -3.278649261536780823 ) ) ;
#2185 = CARTESIAN_POINT ( 'NONE',  ( 0.4078353108599463428, -17.66093832750258485, 4.887413429185802016 ) ) ;
#2186 = ORIENTED_EDGE ( 'NONE', *, *, #5377, .T. ) ;
#2187 = B_SPLINE_CURVE_WITH_KNOTS ( 'NONE', 3,
 ( #4437, #3125, #1706, #5723, #3520, #3941, #785 ),
 .UNSPECIFIED., .F., .F.,
 ( 4, 3, 4 ),
 ( 0.000000000000000000, 0.002636963911865850604, 0.01002496898031677609 ),
 .UNSPECIFIED. ) ;
#2188 = ORIENTED_EDGE ( 'NONE', *, *, #755, .T. ) ;
#2189 = CARTESIAN_POINT ( 'NONE',  ( 9.812871695695726260, -13.30259574546541224, -2.693973716959492393 ) ) ;
#2190 = CARTESIAN_POINT ( 'NONE',  ( 22.09255692238962965, 0.001541722749953597631, -0.009369076872892722133 ) ) ;
#2191 = DIRECTION ( 'NONE',  ( -1.000000000000000000, -0.000000000000000000, -0.000000000000000000 ) ) ;
#2192 = CARTESIAN_POINT ( 'NONE',  ( 0.4182233646136210847, 11.25539654257601185, 14.45119542963828962 ) ) ;
#2193 = VERTEX_POINT ( 'NONE', #957 ) ;
#2194 = CARTESIAN_POINT ( 'NONE',  ( 11.36374701386286823, -0.5019282638045231559, 9.262755989700085735 ) ) ;
#2195 = EDGE_LOOP ( 'NONE', ( #3953, #3766, #527, #4495 ) ) ;
#2196 = CARTESIAN_POINT ( 'NONE',  ( 0.4188821999575235711, 14.51439264485831693, 11.17532763835779086 ) ) ;
#2197 = CARTESIAN_POINT ( 'NONE',  ( 0.4188821999575216837, 6.143174181901716935, -17.25737386291949349 ) ) ;
#2198 = CARTESIAN_POINT ( 'NONE',  ( 0.4176373827249061921, 14.39498647264145959, 11.32661154180244623 ) ) ;
#2199 = CARTESIAN_POINT ( 'NONE',  ( 22.09182100077397237, -0.009170024695619361302, 0.001515261008719492094 ) ) ;
#2200 = ORIENTED_EDGE ( 'NONE', *, *, #5505, .T. ) ;
#2201 = CARTESIAN_POINT ( 'NONE',  ( 3.515204589128320123, 19.29113524657993395, 9.296270399398265383 ) ) ;
#2202 = CARTESIAN_POINT ( 'NONE',  ( 0.5251705844568961279, 10.06150198036719168, 15.43441672323053737 ) ) ;
#2203 = CARTESIAN_POINT ( 'NONE',  ( 8.189129401831875654, -11.92905486128450043, 0.6361564387246543273 ) ) ;
#2204 = CARTESIAN_POINT ( 'NONE',  ( 0.4410764106479139190, -6.415418025555743142, 17.18155385183583661 ) ) ;
#2205 = CARTESIAN_POINT ( 'NONE',  ( 0.6337479801890599784, -6.674524347060798668, 17.31780942828217107 ) ) ;
#2206 = ORIENTED_EDGE ( 'NONE', *, *, #4179, .T. ) ;
#2207 = EDGE_CURVE ( 'NONE', #1158, #3615, #1042, .T. ) ;
#2208 = EDGE_CURVE ( 'NONE', #784, #391, #2305, .T. ) ;
#2209 = B_SPLINE_CURVE_WITH_KNOTS ( 'NONE', 3,
 ( #978, #2787, #5565, #4604, #4161, #1484, #1901, #2818 ),
 .UNSPECIFIED., .F., .F.,
 ( 4, 2, 2, 4 ),
 ( 0.000000000000000000, 0.002211116461525421129, 0.003316674692288131693, 0.004422232923050842257 ),
 .UNSPECIFIED. ) ;
#2210 = CARTESIAN_POINT ( 'NONE',  ( 22.09255692238962965, 0.009386940141985919417, 0.001428938507664092878 ) ) ;
#2211 = CARTESIAN_POINT ( 'NONE',  ( 8.081585098691663305, 11.35990528688154377, -3.332381699167279443 ) ) ;
#2212 = CARTESIAN_POINT ( 'NONE',  ( 3.515204589128320123, 0.000000000000000000, 0.000000000000000000 ) ) ;
#2213 = ORIENTED_EDGE ( 'NONE', *, *, #3387, .T. ) ;
#2214 = ORIENTED_EDGE ( 'NONE', *, *, #4971, .F. ) ;
#2215 = CARTESIAN_POINT ( 'NONE',  ( 0.5251777261828698418, 15.43445239695163984, 10.06146128471070078 ) ) ;
#2216 = CARTESIAN_POINT ( 'NONE',  ( 1.663814822678227889, -16.59265908705096493, 10.36324500328071530 ) ) ;
#2217 = CARTESIAN_POINT ( 'NONE',  ( 8.081819171567945048, -3.928679357105773651, 11.16795579878893463 ) ) ;
#2218 = CARTESIAN_POINT ( 'NONE',  ( 0.4182233646136210847, 10.26579477152715647, 15.17018320209470339 ) ) ;
#2219 = VECTOR ( 'NONE', #4681, 999.9999999999998863 ) ;
#2220 = VERTEX_POINT ( 'NONE', #3789 ) ;
#2221 = CARTESIAN_POINT ( 'NONE',  ( 8.081819171567943272, -9.742728082130962974, 6.725846246555827967 ) ) ;
#2222 = VERTEX_POINT ( 'NONE', #4703 ) ;
#2223 = EDGE_CURVE ( 'NONE', #4455, #4507, #5634, .T. ) ;
#2224 = CARTESIAN_POINT ( 'NONE',  ( 22.09255692238962965, -0.006673540516228994822, -0.006754285118807747991 ) ) ;
#2225 = DIRECTION ( 'NONE',  ( -1.000000000000000000, -0.000000000000000000, -0.000000000000000000 ) ) ;
#2226 = CARTESIAN_POINT ( 'NONE',  ( 8.081286344341222616, -11.83150392928987671, -0.3969128176508653350 ) ) ;
#2227 = CARTESIAN_POINT ( 'NONE',  ( 8.096182984839499497, 11.84199263111301015, -0.5139195363891273516 ) ) ;
#2228 = ADVANCED_FACE ( 'NONE', ( #1015 ), #3752, .F. ) ;
#2229 = ORIENTED_EDGE ( 'NONE', *, *, #5086, .T. ) ;
#2230 = B_SPLINE_CURVE_WITH_KNOTS ( 'NONE', 3,
 ( #744, #2075, #1661, #3990, #1187, #4900 ),
 .UNSPECIFIED., .F., .F.,
 ( 4, 2, 4 ),
 ( 0.000000000000000000, 0.0001740257916702650845, 0.0003480515833405301690 ),
 .UNSPECIFIED. ) ;
#2231 = CARTESIAN_POINT ( 'NONE',  ( 8.357821303193642137, 2.130618037220635586, -15.69063982387575784 ) ) ;
#2232 = CARTESIAN_POINT ( 'NONE',  ( 8.081286344341224392, -0.3969128176508239791, 11.83150392928987493 ) ) ;
#2233 = CARTESIAN_POINT ( 'NONE',  ( 8.899588490903195037, -12.26323906218884652, 3.132939723393137754 ) ) ;
#2234 = EDGE_CURVE ( 'NONE', #3168, #4789, #4643, .T. ) ;
#2235 = PRODUCT_DEFINITION_FORMATION_WITH_SPECIFIED_SOURCE ( 'ANY', '', #3233, .NOT_KNOWN. ) ;
#2236 = DIRECTION ( 'NONE',  ( -0.7636347340829117147, -0.5346292036539336268, -0.3619856454370554144 ) ) ;
#2237 = VERTEX_POINT ( 'NONE', #1079 ) ;
#2238 = APPLICATION_PROTOCOL_DEFINITION ( 'draft international standard', 'automotive_design', 1998, #2753 ) ;
#2239 = CARTESIAN_POINT ( 'NONE',  ( 0.4078353108599468979, 17.16074877908917529, -6.426838567804924018 ) ) ;
#2240 = CARTESIAN_POINT ( 'NONE',  ( 3.663019018077784850, -21.56202798978805291, -3.211244355634323977 ) ) ;
#2241 = CARTESIAN_POINT ( 'NONE',  ( 8.081286344341224392, 11.37508171546222968, -3.278649261536542348 ) ) ;
#2242 = DIRECTION ( 'NONE',  ( -1.000000000000000000, -0.000000000000000000, -0.000000000000000000 ) ) ;
#2243 = ORIENTED_EDGE ( 'NONE', *, *, #4269, .T. ) ;
#2244 = VERTEX_POINT ( 'NONE', #219 ) ;
#2245 = CARTESIAN_POINT ( 'NONE',  ( 10.08627239375047147, 0.000000000000000000, 0.000000000000000000 ) ) ;
#2246 = COLOUR_RGB ( '',0.7764705882352941346, 0.7568627450980391913, 0.7372549019607843590 ) ;
#2247 = EDGE_CURVE ( 'NONE', #1356, #2978, #1909, .T. ) ;
#2248 = CARTESIAN_POINT ( 'NONE',  ( 0.4197044002284094910, -10.51845548834289445, 14.99791165316942987 ) ) ;
#2249 = CARTESIAN_POINT ( 'NONE',  ( 3.515204589128320123, 0.000000000000000000, 0.000000000000000000 ) ) ;
#2250 = ORIENTED_EDGE ( 'NONE', *, *, #5044, .T. ) ;
#2251 = CARTESIAN_POINT ( 'NONE',  ( 8.082315436206481962, 3.717467714216688091, -11.24041035612347450 ) ) ;
#2252 = ORIENTED_EDGE ( 'NONE', *, *, #1426, .T. ) ;
#2253 = VECTOR ( 'NONE', #38, 1000.000000000000000 ) ;
#2254 = CARTESIAN_POINT ( 'NONE',  ( 22.09255692238962965, 0.006754285118809218169, 0.006673540516228570682 ) ) ;
#2255 = CARTESIAN_POINT ( 'NONE',  ( 0.6337479801890598674, -6.674524347060557083, -17.31780942828225989 ) ) ;
#2256 = DIRECTION ( 'NONE',  ( -1.000000000000000000, -0.000000000000000000, -0.000000000000000000 ) ) ;
#2257 = ADVANCED_FACE ( 'NONE', ( #2379 ), #2001, .T. ) ;
#2258 = CARTESIAN_POINT ( 'NONE',  ( 22.09255692238962965, 0.008485944307323278410, 0.004259725308153045412 ) ) ;
#2259 = ORIENTED_EDGE ( 'NONE', *, *, #2897, .T. ) ;
#2260 = B_SPLINE_CURVE_WITH_KNOTS ( 'NONE', 3,
 ( #5463, #2189, #4201, #572, #4894, #2687 ),
 .UNSPECIFIED., .F., .F.,
 ( 4, 2, 4 ),
 ( 2.969368287472575283E-17, 0.001429663029798423565, 0.002859326059596817207 ),
 .UNSPECIFIED. ) ;
#2261 = CARTESIAN_POINT ( 'NONE',  ( 0.6480971303263367567, 0.9956912648605836802, 18.52036025205820735 ) ) ;
#2262 = CARTESIAN_POINT ( 'NONE',  ( 8.189061701664879678, -0.6361397645242505838, 11.92898796282612039 ) ) ;
#2263 = CARTESIAN_POINT ( 'NONE',  ( 22.10703667329342181, -0.01079952751295138250, -0.002847791080119395184 ) ) ;
#2264 = DIRECTION ( 'NONE',  ( -1.000000000000000000, -0.000000000000000000, -0.000000000000000000 ) ) ;
#2265 = ORIENTED_EDGE ( 'NONE', *, *, #2980, .T. ) ;
#2266 = CARTESIAN_POINT ( 'NONE',  ( 0.4182233646136210847, 18.30701878804081417, -0.6116075298352824374 ) ) ;
#2267 = B_SPLINE_CURVE_WITH_KNOTS ( 'NONE', 3,
 ( #5098, #5551, #5642, #4619, #1466, #1528 ),
 .UNSPECIFIED., .F., .F.,
 ( 4, 2, 4 ),
 ( 2.235140038340936352E-18, 0.0002683118749524641858, 0.0005366237499049262031 ),
 .UNSPECIFIED. ) ;
#2268 = CARTESIAN_POINT ( 'NONE',  ( 0.4410764106479139190, -4.908881756883983982, -17.67105715861651305 ) ) ;
#2269 = CARTESIAN_POINT ( 'NONE',  ( 8.082315436206485515, 11.27875570014203355, -3.599452880203453109 ) ) ;
#2270 = CARTESIAN_POINT ( 'NONE',  ( 22.09284734956529661, -0.003364541135549733303, -0.009223955395376121427 ) ) ;
#2271 = ORIENTED_EDGE ( 'NONE', *, *, #976, .F. ) ;
#2272 = VERTEX_POINT ( 'NONE', #1937 ) ;
#2273 = CARTESIAN_POINT ( 'NONE',  ( 22.09374604753667626, -0.007504072852116820333, -0.007244977936371231955 ) ) ;
#2274 = CARTESIAN_POINT ( 'NONE',  ( 1.911690948752229779, -16.86597515105457390, 10.39337113502309329 ) ) ;
#2275 = CLOSED_SHELL ( 'NONE', ( #69, #2257, #1686, #5787, #725, #3785, #325, #692, #2479, #3240, #5229, #858, #1, #1070, #4102, #4248, #4574, #1973, #3345, #1486, #3563, #2164, #4875, #1498, #2707, #4359, #793, #3546, #5265, #5855, #58, #3462, #4263, #654, #4410, #4758, #5447, #5486, #2228, #1419, #4032, #311, #872, #2827, #1372, #4538, #132, #1235, #1282, #5640, #5810, #36, #3312, #3832, #560, #3920, #4832, #1163, #2496, #1728, #1130, #1448, #4501, #5760, #4159, #12, #2092, #1352, #1557, #1016, #3044, #237, #5541, #4152, #2927, #5885, #4069, #4897, #2618, #2644, #4211, #4521, #5865, #3080, #5376, #245, #1980, #361, #2583, #3988, #2465, #5578, #2675, #5081, #4773, #3703, #4396, #5135, #3038, #848, #2428, #5515, #5672, #2679, #4665, #4337, #3217, #4198, #4208, #5653, #2602, #1115, #4762, #2331, #2138, #377, #1882, #5198, #2065, #3848, #2661, #5687, #2876, #4012, #3266, #1844, #3205, #385, #1174, #3811, #5340 ) ) ;
#2276 = CARTESIAN_POINT ( 'NONE',  ( 0.4201979075620100312, -10.68510132936620671, 14.88060256888948629 ) ) ;
#2277 = CARTESIAN_POINT ( 'NONE',  ( 0.4200333337418767354, 10.93225670443711728, 14.69977743597965336 ) ) ;
#2278 = ORIENTED_EDGE ( 'NONE', *, *, #2746, .F. ) ;
#2279 = CARTESIAN_POINT ( 'NONE',  ( 8.082357490472944050, -9.584714492062659019, 6.950052969702828598 ) ) ;
#2280 = DIRECTION ( 'NONE',  ( 0.000000000000000000, 0.000000000000000000, 1.000000000000000000 ) ) ;
#2281 = EDGE_CURVE ( 'NONE', #5446, #768, #4442, .T. ) ;
#2282 = LINE ( 'NONE', #29, #817 ) ;
#2283 = B_SPLINE_CURVE_WITH_KNOTS ( 'NONE', 3,
 ( #5286, #2066, #5250, #290, #4889, #3528 ),
 .UNSPECIFIED., .F., .F.,
 ( 4, 2, 4 ),
 ( 3.252606517456513302E-19, 0.0002683118749524637521, 0.0005366237499049271789 ),
 .UNSPECIFIED. ) ;
#2284 = CARTESIAN_POINT ( 'NONE',  ( 22.09255692238962965, -0.001541722749953660298, 0.009369076872892709990 ) ) ;
#2285 = CARTESIAN_POINT ( 'NONE',  ( 8.082315436206483739, -11.83902621475590422, -0.06204406993227182254 ) ) ;
#2286 = CARTESIAN_POINT ( 'NONE',  ( 10.08627239375047324, -9.570084858214658041, 10.00230772699655191 ) ) ;
#2287 = ORIENTED_EDGE ( 'NONE', *, *, #1616, .T. ) ;
#2288 = CARTESIAN_POINT ( 'NONE',  ( 6.010425613513232790, 8.780484831616929497, -16.32811688112017734 ) ) ;
#2289 = CARTESIAN_POINT ( 'NONE',  ( 8.081286344341222616, 6.633274307312430729, -9.805187248470378591 ) ) ;
#2290 = CARTESIAN_POINT ( 'NONE',  ( 10.08627239375047324, 13.71719167695415287, 1.863152317086330667 ) ) ;
#2291 = PLANE ( 'NONE',  #2719 ) ;
#2292 = ORIENTED_EDGE ( 'NONE', *, *, #673, .F. ) ;
#2293 = B_SPLINE_CURVE_WITH_KNOTS ( 'NONE', 3,
 ( #4620, #5221, #3764, #5584, #2416, #1120, #2448 ),
 .UNSPECIFIED., .F., .F.,
 ( 4, 3, 4 ),
 ( 0.000000000000000000, 0.002636963911865912186, 0.01002496898031665293 ),
 .UNSPECIFIED. ) ;
#2294 = EDGE_CURVE ( 'NONE', #4930, #802, #5544, .T. ) ;
#2295 = CONTEXT_DEPENDENT_SHAPE_REPRESENTATION ( #5311, #106 ) ;
#2296 = DIRECTION ( 'NONE',  ( -1.000000000000000000, 0.000000000000000000, 0.000000000000000000 ) ) ;
#2297 = CARTESIAN_POINT ( 'NONE',  ( 0.4182233646136210847, -18.30701878804082128, 0.6116075298351546508 ) ) ;
#2298 = CARTESIAN_POINT ( 'NONE',  ( 8.082357490472936945, -6.967920695060533021, 9.571732829711567803 ) ) ;
#2299 = CARTESIAN_POINT ( 'NONE',  ( 22.09255692238962965, -0.004259725308153898028, -0.008485944307322015531 ) ) ;
#2300 = EDGE_LOOP ( 'NONE', ( #4522, #5125, #2417, #403 ) ) ;
#2301 = ORIENTED_EDGE ( 'NONE', *, *, #3065, .T. ) ;
#2302 = B_SPLINE_CURVE_WITH_KNOTS ( 'NONE', 3,
 ( #4097, #4487, #2721, #5827, #1753, #3565, #24, #1382 ),
 .UNSPECIFIED., .F., .F.,
 ( 4, 2, 2, 4 ),
 ( 1.843143693225357538E-18, 0.002211095967734314285, 0.003316643951601473597, 0.004422191935468633775 ),
 .UNSPECIFIED. ) ;
#2303 = CARTESIAN_POINT ( 'NONE',  ( 8.096182984839495944, 3.170610446342683630, -11.42121412822471527 ) ) ;
#2304 =( BOUNDED_SURFACE ( )  B_SPLINE_SURFACE ( 3, 1, ( 
 ( #3429, #1571 ),
 ( #4503, #2183 ),
 ( #2682, #3133 ),
 ( #3870, #4451 ) ),
 .UNSPECIFIED., .F., .F., .F. ) 
 B_SPLINE_SURFACE_WITH_KNOTS ( ( 4, 4 ),
 ( 2, 2 ),
 ( 0.000000000000000000, 1.000000000000000000 ),
 ( 0.000000000000000000, 1.000000000000000000 ),
 .UNSPECIFIED. ) 
 GEOMETRIC_REPRESENTATION_ITEM ( )  RATIONAL_B_SPLINE_SURFACE ( (
 ( 1.000000000000000000, 1.000000000000000000),
 ( 0.7790009610346629865, 0.9689941987838144311),
 ( 0.7790009610346629865, 0.9689941987838144311),
 ( 1.000000000000000000, 1.000000000000000000) ) ) 
 REPRESENTATION_ITEM ( '' )  SURFACE ( )  );
#2305 = B_SPLINE_CURVE_WITH_KNOTS ( 'NONE', 3,
 ( #5608, #1580, #192, #3819 ),
 .UNSPECIFIED., .F., .F.,
 ( 4, 4 ),
 ( 1.939479807224432123E-18, 0.002859022159863997166 ),
 .UNSPECIFIED. ) ;
#2306 = CARTESIAN_POINT ( 'NONE',  ( 0.4193760241474159822, -11.09462361352922599, 14.57679529522215134 ) ) ;
#2307 = CARTESIAN_POINT ( 'NONE',  ( 1.663814822678229000, -19.51510576211620318, -1.368878983159917295 ) ) ;
#2308 = ORIENTED_EDGE ( 'NONE', *, *, #306, .T. ) ;
#2309 = CARTESIAN_POINT ( 'NONE',  ( 0.4176364164252706623, -15.22062621313527941, -10.19020578866315496 ) ) ;
#2310 = EDGE_LOOP ( 'NONE', ( #128, #1436, #3537, #3911 ) ) ;
#2311 = ORIENTED_EDGE ( 'NONE', *, *, #4760, .F. ) ;
#2312 = CARTESIAN_POINT ( 'NONE',  ( 8.096182984839495944, -7.376318265004373487, -9.278298961478880003 ) ) ;
#2313 = CARTESIAN_POINT ( 'NONE',  ( 3.515204589130439761, 9.296270399401365125, -19.29113524658079726 ) ) ;
#2314 = DIRECTION ( 'NONE',  ( 0.000000000000000000, 0.000000000000000000, 1.000000000000000000 ) ) ;
#2315 = CARTESIAN_POINT ( 'NONE',  ( 9.539500336054890894, -2.921040873643555802, -12.98365546110944457 ) ) ;
#2316 = CARTESIAN_POINT ( 'NONE',  ( 0.6337479801890598674, -17.93358911009629608, -4.779349357814487220 ) ) ;
#2317 = CARTESIAN_POINT ( 'NONE',  ( 3.515204589129467649, -10.14264561317895108, 18.85988553533870515 ) ) ;
#2318 = EDGE_LOOP ( 'NONE', ( #2993, #4624, #3905, #5822, #2356, #2657, #5353, #3758, #3330, #4512, #3124, #4036, #672, #3749, #3399, #5784, #3673, #1445, #5743, #1422, #1896, #2996, #5837, #4387, #3558, #5542, #587, #4207, #1330, #5715, #775, #1383, #552, #596, #2332, #3919, #3511, #4119, #4142, #3557, #5500, #1599, #854, #5612, #1969, #2807, #3620, #5659, #1988, #2200, #1342, #3506, #3058, #260, #642, #5303, #103, #1127, #5776, #3702, #5381, #4462, #1456, #1633 ) ) ;
#2319 = EDGE_CURVE ( 'NONE', #4031, #2104, #3414, .T. ) ;
#2320 = CARTESIAN_POINT ( 'NONE',  ( 22.09255692238962965, -0.008485944307322058899, 0.004259725308153806088 ) ) ;
#2321 = CARTESIAN_POINT ( 'NONE',  ( 8.230357535800607138, 6.512792486836337602, -10.06365929432205952 ) ) ;
#2322 = B_SPLINE_CURVE_WITH_KNOTS ( 'NONE', 3,
 ( #567, #3818, #4761, #5688 ),
 .UNSPECIFIED., .F., .F.,
 ( 4, 4 ),
 ( 0.000000000000000000, 0.002859022159864001936 ),
 .UNSPECIFIED. ) ;
#2323 = CARTESIAN_POINT ( 'NONE',  ( 10.08627239375047147, 10.00230772699658566, 9.570084858214620738 ) ) ;
#2324 = CARTESIAN_POINT ( 'NONE',  ( 8.189061701664851256, -10.02466755960471723, 6.497035319025823874 ) ) ;
#2325 = VERTEX_POINT ( 'NONE', #1520 ) ;
#2326 = CARTESIAN_POINT ( 'NONE',  ( 8.082269409299115637, 9.508421322534998055, 7.053959254805072909 ) ) ;
#2327 = PRESENTATION_LAYER_ASSIGNMENT (  '', '', ( #2615 ) ) ;
#2328 = CARTESIAN_POINT ( 'NONE',  ( 8.080971495803114024, 7.321794649931153032, -9.302116303998465341 ) ) ;
#2329 = CARTESIAN_POINT ( 'NONE',  ( 8.082357490472940498, 6.967920695060606739, -9.571732829711518065 ) ) ;
#2330 = ORIENTED_EDGE ( 'NONE', *, *, #3265, .T. ) ;
#2331 = ADVANCED_FACE ( 'NONE', ( #2855 ), #3105, .F. ) ;
#2332 = ORIENTED_EDGE ( 'NONE', *, *, #4779, .T. ) ;
#2333 = DIRECTION ( 'NONE',  ( 0.000000000000000000, 0.000000000000000000, 1.000000000000000000 ) ) ;
#2334 = EDGE_CURVE ( 'NONE', #768, #3837, #1730, .T. ) ;
#2335 = CARTESIAN_POINT ( 'NONE',  ( 8.150690745220675382, 9.265504249201526932, -7.479470033105378945 ) ) ;
#2336 = CARTESIAN_POINT ( 'NONE',  ( 8.080971495803112248, -11.10939730240543888, -4.088928491204164573 ) ) ;
#2337 = VERTEX_POINT ( 'NONE', #2493 ) ;
#2338 = CARTESIAN_POINT ( 'NONE',  ( 22.09712324851893683, 0.01402524781097046896, 0.003867776960171628690 ) ) ;
#2339 = CARTESIAN_POINT ( 'NONE',  ( 22.09284734956529661, 0.009223955395376131836, -0.003364541135549700343 ) ) ;
#2340 =( BOUNDED_SURFACE ( )  B_SPLINE_SURFACE ( 3, 1, ( 
 ( #3686, #4992 ),
 ( #1814, #5862 ),
 ( #4905, #922 ),
 ( #4518, #3601 ) ),
 .UNSPECIFIED., .F., .F., .F. ) 
 B_SPLINE_SURFACE_WITH_KNOTS ( ( 4, 4 ),
 ( 2, 2 ),
 ( 0.000000000000000000, 1.000000000000000000 ),
 ( 0.000000000000000000, 1.000000000000000000 ),
 .UNSPECIFIED. ) 
 GEOMETRIC_REPRESENTATION_ITEM ( )  RATIONAL_B_SPLINE_SURFACE ( (
 ( 1.000000000000000000, 1.000000000000000000),
 ( 0.7790009610346629865, 0.9689941987838144311),
 ( 0.7790009610346629865, 0.9689941987838144311),
 ( 1.000000000000000000, 1.000000000000000000) ) ) 
 REPRESENTATION_ITEM ( '' )  SURFACE ( )  );
#2341 = FACE_OUTER_BOUND ( 'NONE', #3432, .T. ) ;
#2342 = EDGE_CURVE ( 'NONE', #4940, #4015, #1251, .T. ) ;
#2343 = CARTESIAN_POINT ( 'NONE',  ( 0.6337479801890598674, 4.779349357814551169, -17.93358911009627832 ) ) ;
#2344 = VECTOR ( 'NONE', #1719, 1000.000000000000000 ) ;
#2345 = B_SPLINE_CURVE_WITH_KNOTS ( 'NONE', 3,
 ( #1655, #5290, #3029, #4551, #593, #1872 ),
 .UNSPECIFIED., .F., .F.,
 ( 4, 2, 4 ),
 ( 7.949501638480626889E-18, 0.0001743161698667577747, 0.0003486323397335076347 ),
 .UNSPECIFIED. ) ;
#2346 = LINE ( 'NONE', #5813, #3648 ) ;
#2347 = CARTESIAN_POINT ( 'NONE',  ( 8.081832178819821522, -11.83546968119519782, 0.2949782573722338763 ) ) ;
#2348 = VECTOR ( 'NONE', #2795, 1000.000000000000227 ) ;
#2349 = CARTESIAN_POINT ( 'NONE',  ( 0.4176373827249075799, 17.19056114188663287, 6.323952260531423342 ) ) ;
#2350 = CARTESIAN_POINT ( 'NONE',  ( 0.6337479801890597564, 17.31780942828219594, 6.674524347060737384 ) ) ;
#2351 = VERTEX_POINT ( 'NONE', #2171 ) ;
#2352 = CARTESIAN_POINT ( 'NONE',  ( 10.08627239375047324, 1.863152317086473664, -13.71719167695413155 ) ) ;
#2353 = CARTESIAN_POINT ( 'NONE',  ( 0.5251705844569058979, 4.799559956401675542, 17.78817770071395188 ) ) ;
#2354 = CARTESIAN_POINT ( 'NONE',  ( 9.539500336054889118, -12.98365546110944102, 2.921040873643597990 ) ) ;
#2355 = CARTESIAN_POINT ( 'NONE',  ( 8.727656808823709866, -11.13367452574569683, 10.65193574381788899 ) ) ;
#2356 = ORIENTED_EDGE ( 'NONE', *, *, #2768, .T. ) ;
#2357 = EDGE_CURVE ( 'NONE', #435, #5316, #682, .T. ) ;
#2358 = CARTESIAN_POINT ( 'NONE',  ( 0.4201982046941619142, -5.661209250449817709, -17.42251593794372866 ) ) ;
#2359 = CARTESIAN_POINT ( 'NONE',  ( 1.663814822678865823, 18.98297537028952320, -4.728618050564415753 ) ) ;
#2360 = CARTESIAN_POINT ( 'NONE',  ( 22.09374604753667626, -0.01027209362899844484, 0.001812431280206845121 ) ) ;
#2361 = CARTESIAN_POINT ( 'NONE',  ( 0.4227027292401541181, 10.93427370550522149, 14.70266627381670688 ) ) ;
#2362 = VERTEX_POINT ( 'NONE', #3092 ) ;
#2363 = VERTEX_POINT ( 'NONE', #4848 ) ;
#2364 = FACE_OUTER_BOUND ( 'NONE', #4038, .T. ) ;
#2365 = B_SPLINE_CURVE_WITH_KNOTS ( 'NONE', 3,
 ( #4378, #3466, #3938, #782, #5270, #2584 ),
 .UNSPECIFIED., .F., .F.,
 ( 4, 2, 4 ),
 ( 2.947195761583550946E-17, 0.001429663029798421614, 0.002859326059596813737 ),
 .UNSPECIFIED. ) ;
#2366 = CARTESIAN_POINT ( 'NONE',  ( 8.081286344341226169, 9.805187248470449646, 6.633274307312323259 ) ) ;
#2367 = CARTESIAN_POINT ( 'NONE',  ( 10.08627239375047324, 13.62157025872562777, 2.466882191262061763 ) ) ;
#2368 = ORIENTED_EDGE ( 'NONE', *, *, #3778, .T. ) ;
#2369 = CARTESIAN_POINT ( 'NONE',  ( 8.899588490903193261, -12.63116503786079825, -0.8099465372060712376 ) ) ;
#2370 = CARTESIAN_POINT ( 'NONE',  ( 22.09255692238962965, 0.008485944307322029409, -0.004259725308153868538 ) ) ;
#2371 = CARTESIAN_POINT ( 'NONE',  ( 8.081286344341224392, -6.633274307312356122, 9.805187248470426553 ) ) ;
#2372 = CARTESIAN_POINT ( 'NONE',  ( 22.09374604753667626, 0.001450526919794110177, 0.01032941364857224882 ) ) ;
#2373 = CARTESIAN_POINT ( 'NONE',  ( 9.539500336054880236, 2.921040873643652169, 12.98365546110941793 ) ) ;
#2374 = CARTESIAN_POINT ( 'NONE',  ( 0.4200333337418820090, -17.35857222711745962, 5.854712935319117406 ) ) ;
#2375 = CARTESIAN_POINT ( 'NONE',  ( 8.899588490903193261, -8.079673041661706634, 9.742752544668991987 ) ) ;
#2376 = DIRECTION ( 'NONE',  ( -0.7636347340829117147, 0.3966028717769314316, 0.5094783165164261662 ) ) ;
#2377 = ORIENTED_EDGE ( 'NONE', *, *, #1451, .F. ) ;
#2378 = CARTESIAN_POINT ( 'NONE',  ( 3.515204589129467649, -19.29113524658052015, 9.296270399399698903 ) ) ;
#2379 = FACE_OUTER_BOUND ( 'NONE', #5149, .T. ) ;
#2380 = CARTESIAN_POINT ( 'NONE',  ( 6.743615739646597440, 17.53364867772562974, 2.380406338837326885 ) ) ;
#2381 = DIRECTION ( 'NONE',  ( -0.7562523480584152358, -0.6321424650982653271, -0.1687551180723770028 ) ) ;
#2382 = ORIENTED_EDGE ( 'NONE', *, *, #3913, .T. ) ;
#2383 = CARTESIAN_POINT ( 'NONE',  ( 22.09324635661532810, -0.006539199295394972251, -0.007744668856831232392 ) ) ;
#2384 = CARTESIAN_POINT ( 'NONE',  ( 0.4182233646136193639, 17.22201239169723763, 6.238853248511108340 ) ) ;
#2385 = CARTESIAN_POINT ( 'NONE',  ( 8.189061701664853032, 7.526331079621522591, -9.276840415636309345 ) ) ;
#2386 = CARTESIAN_POINT ( 'NONE',  ( 0.4126876516628505409, -17.60450345064204214, -5.076804625282044903 ) ) ;
#2387 = CARTESIAN_POINT ( 'NONE',  ( 22.09255692238962965, -0.001428938507665293524, -0.009386940141984979197 ) ) ;
#2388 = ORIENTED_EDGE ( 'NONE', *, *, #4449, .F. ) ;
#2389 = ORIENTED_EDGE ( 'NONE', *, *, #4864, .F. ) ;
#2390 = EDGE_CURVE ( 'NONE', #4394, #2010, #1748, .T. ) ;
#2391 = CARTESIAN_POINT ( 'NONE',  ( 0.4126876516628540381, -18.31169662920711261, -0.6117626229491976986 ) ) ;
#2392 = CARTESIAN_POINT ( 'NONE',  ( 0.4182233646136210847, -5.075506595181114911, 17.60000663291078737 ) ) ;
#2393 = CARTESIAN_POINT ( 'NONE',  ( 22.09324635661532810, 0.006539199295393397990, -0.007744668856831182085 ) ) ;
#2394 = VERTEX_POINT ( 'NONE', #3436 ) ;
#2395 = CARTESIAN_POINT ( 'NONE',  ( 22.09255692238962965, -0.006754285118807817380, 0.006673540516228921964 ) ) ;
#2396 = ORIENTED_EDGE ( 'NONE', *, *, #765, .T. ) ;
#2397 = ORIENTED_EDGE ( 'NONE', *, *, #2342, .T. ) ;
#2398 = CARTESIAN_POINT ( 'NONE',  ( 0.4126876516628540381, -15.17405881654028121, 10.26841886461245679 ) ) ;
#2399 = CARTESIAN_POINT ( 'NONE',  ( 3.515204589128320123, 0.000000000000000000, 0.000000000000000000 ) ) ;
#2400 = LINE ( 'NONE', #2974, #4315 ) ;
#2401 = CARTESIAN_POINT ( 'NONE',  ( 8.230357535800605362, -6.512792486836263883, 10.06365929432210748 ) ) ;
#2402 = CARTESIAN_POINT ( 'NONE',  ( 0.6480971303263367567, -14.39803354453974293, -11.69152577772660351 ) ) ;
#2403 = CARTESIAN_POINT ( 'NONE',  ( 0.4182233646136210847, 0.6116075298352183776, 18.30701878804082128 ) ) ;
#2404 = VERTEX_POINT ( 'NONE', #5267 ) ;
#2405 = EDGE_CURVE ( 'NONE', #5572, #4789, #2797, .T. ) ;
#2406 = CARTESIAN_POINT ( 'NONE',  ( 0.4201982050972161153, -9.214605256839890183E-05, -18.31920718262800563 ) ) ;
#2407 = CARTESIAN_POINT ( 'NONE',  ( 3.663019018077783073, 19.33156915067604231, 10.07589080511630719 ) ) ;
#2408 = EDGE_CURVE ( 'NONE', #2362, #5860, #891, .T. ) ;
#2409 = CARTESIAN_POINT ( 'NONE',  ( 10.08627239375047324, 12.47007880054823481, -6.010808495292618403 ) ) ;
#2410 = ORIENTED_EDGE ( 'NONE', *, *, #4645, .T. ) ;
#2411 = DIRECTION ( 'NONE',  ( 0.000000000000000000, 0.000000000000000000, 1.000000000000000000 ) ) ;
#2412 = EDGE_CURVE ( 'NONE', #720, #5426, #3309, .T. ) ;
#2413 = DIRECTION ( 'NONE',  ( -1.000000000000000000, -0.000000000000000000, -0.000000000000000000 ) ) ;
#2414 = CARTESIAN_POINT ( 'NONE',  ( 2.831810311861891361, 13.83611265739379625, 15.57217759773297416 ) ) ;
#2415 = FACE_OUTER_BOUND ( 'NONE', #4734, .T. ) ;
#2416 = CARTESIAN_POINT ( 'NONE',  ( 6.743615739646682705, 15.93990481716219598, 7.682096374798550009 ) ) ;
#2417 = ORIENTED_EDGE ( 'NONE', *, *, #1643, .F. ) ;
#2418 = VERTEX_POINT ( 'NONE', #4376 ) ;
#2419 = CARTESIAN_POINT ( 'NONE',  ( 0.5845099095027015412, -17.85705769734329706, 4.771383994839050402 ) ) ;
#2420 = CARTESIAN_POINT ( 'NONE',  ( 0.4176373827249030279, -11.32661154180250662, 14.39498647264142228 ) ) ;
#2421 = DIRECTION ( 'NONE',  ( -1.000000000000000000, -0.000000000000000000, -0.000000000000000000 ) ) ;
#2422 = EDGE_CURVE ( 'NONE', #4527, #4998, #603, .T. ) ;
#2423 = ORIENTED_EDGE ( 'NONE', *, *, #318, .F. ) ;
#2424 = CARTESIAN_POINT ( 'NONE',  ( 0.4126876516628502078, 17.60450345064208122, 5.076804625281918781 ) ) ;
#2425 = ORIENTED_EDGE ( 'NONE', *, *, #1709, .F. ) ;
#2426 = CARTESIAN_POINT ( 'NONE',  ( 8.082347709208526965, -11.24745968924116646, 3.696539882870927940 ) ) ;
#2427 = CARTESIAN_POINT ( 'NONE',  ( 0.4182233646136245819, 6.238853248511044391, 17.22201239169725540 ) ) ;
#2428 = ADVANCED_FACE ( 'NONE', ( #892 ), #4129, .F. ) ;
#2429 = CARTESIAN_POINT ( 'NONE',  ( 0.4182233646136210847, 10.26579477152737496, -15.17018320209455418 ) ) ;
#2430 = DIRECTION ( 'NONE',  ( -1.000000000000000000, -0.000000000000000000, -0.000000000000000000 ) ) ;
#2431 = VERTEX_POINT ( 'NONE', #2755 ) ;
#2432 = B_SPLINE_CURVE_WITH_KNOTS ( 'NONE', 3,
 ( #1848, #3606, #4111, #101 ),
 .UNSPECIFIED., .F., .F.,
 ( 4, 4 ),
 ( 8.673617379884035472E-19, 0.002859022159863997600 ),
 .UNSPECIFIED. ) ;
#2433 = CARTESIAN_POINT ( 'NONE',  ( 0.4200341587692232870, 10.93199511108783106, -14.69997379096625068 ) ) ;
#2434 = ORIENTED_EDGE ( 'NONE', *, *, #4779, .F. ) ;
#2435 = CARTESIAN_POINT ( 'NONE',  ( 2.831810311861891361, 20.73081928506410421, -2.040553937891268266 ) ) ;
#2436 = CIRCLE ( 'NONE', #1869, 21.41421356110392082 ) ;
#2437 = CARTESIAN_POINT ( 'NONE',  ( 22.10703667329342181, 0.01041089088770168029, -0.004043891623593741727 ) ) ;
#2438 = VECTOR ( 'NONE', #4948, 1000.000000000000000 ) ;
#2439 = CARTESIAN_POINT ( 'NONE',  ( 0.4126876516628503189, 17.60450345064214517, -5.076804625281676309 ) ) ;
#2440 = CARTESIAN_POINT ( 'NONE',  ( 0.6337479801890598674, -18.53275695733655226, 0.9963524547567347289 ) ) ;
#2441 = CARTESIAN_POINT ( 'NONE',  ( 0.6337479801890594233, -14.40767405211438401, 11.69934729212856617 ) ) ;
#2442 = VECTOR ( 'NONE', #4104, 1000.000000000000114 ) ;
#2443 = CARTESIAN_POINT ( 'NONE',  ( 8.081832178819823298, 3.937902261738056797, 11.16504726921527357 ) ) ;
#2444 = AXIS2_PLACEMENT_3D ( 'NONE', #5519, #4174, #3697 ) ;
#2445 = CARTESIAN_POINT ( 'NONE',  ( 0.4201979075620134174, 17.45417193693327107, 5.563776166241320098 ) ) ;
#2446 = CARTESIAN_POINT ( 'NONE',  ( 22.10703667329342181, 0.01115097685428748098, -0.0006288272689271055078 ) ) ;
#2447 = CARTESIAN_POINT ( 'NONE',  ( 11.36374701386286823, -5.850579861704461315, 7.198700979242631526 ) ) ;
#2448 = CARTESIAN_POINT ( 'NONE',  ( 3.515204589128320123, 19.29113524657993395, 9.296270399398265383 ) ) ;
#2449 = ORIENTED_EDGE ( 'NONE', *, *, #4939, .F. ) ;
#2450 = CARTESIAN_POINT ( 'NONE',  ( 3.515204589128321899, -2.879989908610793847, 21.21966542070979855 ) ) ;
#2451 = CARTESIAN_POINT ( 'NONE',  ( 0.9068532551531897079, 15.81231658201557089, -10.18005351811643067 ) ) ;
#2452 = ORIENTED_EDGE ( 'NONE', *, *, #1089, .T. ) ;
#2453 = CARTESIAN_POINT ( 'NONE',  ( 0.4227027292401541181, 5.467702049515917651, -17.48802365402818992 ) ) ;
#2454 = ORIENTED_EDGE ( 'NONE', *, *, #1666, .F. ) ;
#2455 = CARTESIAN_POINT ( 'NONE',  ( 0.6480971303263367567, -18.52036025205821090, 0.9956912648605188432 ) ) ;
#2456 = CARTESIAN_POINT ( 'NONE',  ( 3.515204589128320123, 21.21966542070980566, -2.879989908610716132 ) ) ;
#2457 = EDGE_CURVE ( 'NONE', #4333, #3787, #2728, .T. ) ;
#2458 = CARTESIAN_POINT ( 'NONE',  ( 0.6480971303263367567, -14.39803354453974293, -11.69152577772660351 ) ) ;
#2459 = CARTESIAN_POINT ( 'NONE',  ( 0.4193753327645634021, -15.05617200401579936, -10.43481091824484253 ) ) ;
#2460 = CARTESIAN_POINT ( 'NONE',  ( 1.161569255189894179, 14.71920668139759769, 12.11031398485053678 ) ) ;
#2461 = ORIENTED_EDGE ( 'NONE', *, *, #2967, .T. ) ;
#2462 = CARTESIAN_POINT ( 'NONE',  ( 0.4201979075620081994, 0.1021701731431492455, 18.31920534542325640 ) ) ;
#2463 = ORIENTED_EDGE ( 'NONE', *, *, #1610, .T. ) ;
#2464 = CARTESIAN_POINT ( 'NONE',  ( 10.08627239375047147, 0.000000000000000000, 0.000000000000000000 ) ) ;
#2465 = ADVANCED_FACE ( 'NONE', ( #1416 ), #4549, .F. ) ;
#2466 = CARTESIAN_POINT ( 'NONE',  ( 10.08627239375047147, 0.000000000000000000, 0.000000000000000000 ) ) ;
#2467 = CARTESIAN_POINT ( 'NONE',  ( 1.672572369783109636, 18.15509636159607965, -7.315545706627323952 ) ) ;
#2468 = CARTESIAN_POINT ( 'NONE',  ( 22.10703667329342181, -0.007063111690693229562, -0.008651714384085625736 ) ) ;
#2469 = CARTESIAN_POINT ( 'NONE',  ( 8.230357535800605362, -11.58367230890920041, -3.084191986338860492 ) ) ;
#2470 = CARTESIAN_POINT ( 'NONE',  ( 22.09182100077397237, 0.009189453143963835849, -0.001392594613555171766 ) ) ;
#2471 = CARTESIAN_POINT ( 'NONE',  ( 8.081286344341224392, -11.83150392928987849, 0.3969128176507001893 ) ) ;
#2472 = CARTESIAN_POINT ( 'NONE',  ( 3.515204589130498825, -21.07106689736006899, 3.818204060498803454 ) ) ;
#2473 = CARTESIAN_POINT ( 'NONE',  ( 0.4227027292401541181, 17.36194296277466975, -5.855738517342561344 ) ) ;
#2474 = PRESENTATION_STYLE_ASSIGNMENT (( #671 ) ) ;
#2475 = EDGE_CURVE ( 'NONE', #4616, #479, #5497, .T. ) ;
#2476 = VERTEX_POINT ( 'NONE', #4128 ) ;
#2477 = CARTESIAN_POINT ( 'NONE',  ( 22.10703667329342181, -0.01041089088770261184, -0.004043891623595147720 ) ) ;
#2478 = CARTESIAN_POINT ( 'NONE',  ( 8.564997480335422964, -10.37930362734219436, -6.640981623580225701 ) ) ;
#2479 = ADVANCED_FACE ( 'NONE', ( #3571 ), #4731, .T. ) ;
#2480 = ORIENTED_EDGE ( 'NONE', *, *, #4290, .F. ) ;
#2481 = ORIENTED_EDGE ( 'NONE', *, *, #5016, .F. ) ;
#2482 = CARTESIAN_POINT ( 'NONE',  ( 8.081585098691663305, -11.35990528688152068, 3.332381699167353162 ) ) ;
#2483 = CARTESIAN_POINT ( 'NONE',  ( 10.08627239375047324, -12.19257463651242013, 6.555441082950738796 ) ) ;
#2484 = CARTESIAN_POINT ( 'NONE',  ( 0.4409628251481750860, 17.18152722589718806, -6.415166108417544422 ) ) ;
#2485 = FACE_OUTER_BOUND ( 'NONE', #4593, .T. ) ;
#2486 = DIRECTION ( 'NONE',  ( 0.7071067818211350664, 0.000000000000000000, -0.7071067805519599681 ) ) ;
#2487 = ORIENTED_EDGE ( 'NONE', *, *, #853, .T. ) ;
#2488 = CARTESIAN_POINT ( 'NONE',  ( 3.085675480212934918, 20.57159199408873818, 4.147152605942856063 ) ) ;
#2489 = VERTEX_POINT ( 'NONE', #4048 ) ;
#2490 = CARTESIAN_POINT ( 'NONE',  ( 8.230357535800608915, -3.084191986338819635, 11.58367230890921107 ) ) ;
#2491 = B_SPLINE_CURVE_WITH_KNOTS ( 'NONE', 3,
 ( #124, #845, #5083, #2204, #1739, #4576 ),
 .UNSPECIFIED., .F., .F.,
 ( 4, 2, 4 ),
 ( 1.388456241783856658E-18, 0.0002683118749524643484, 0.0005366237499049271789 ),
 .UNSPECIFIED. ) ;
#2492 =( BOUNDED_SURFACE ( )  B_SPLINE_SURFACE ( 3, 1, ( 
 ( #2515, #2654 ),
 ( #3899, #4338 ),
 ( #271, #1629 ),
 ( #4479, #5818 ) ),
 .UNSPECIFIED., .F., .F., .F. ) 
 B_SPLINE_SURFACE_WITH_KNOTS ( ( 4, 4 ),
 ( 2, 2 ),
 ( 0.000000000000000000, 1.000000000000000000 ),
 ( 0.000000000000000000, 1.000000000000000000 ),
 .UNSPECIFIED. ) 
 GEOMETRIC_REPRESENTATION_ITEM ( )  RATIONAL_B_SPLINE_SURFACE ( (
 ( 1.000000000000000000, 1.000000000000000000),
 ( 0.9934036227985141299, 0.8357362271078294658),
 ( 0.9934036227985141299, 0.8357362271078294658),
 ( 1.000000000000000000, 1.000000000000000000) ) ) 
 REPRESENTATION_ITEM ( '' )  SURFACE ( )  );
#2493 = CARTESIAN_POINT ( 'NONE',  ( 10.08627239375047324, -6.555441082950689946, -12.19257463651245210 ) ) ;
#2494 = CARTESIAN_POINT ( 'NONE',  ( 1.165599648441768554, -1.121126759719217381, -19.03186645073184380 ) ) ;
#2495 = CARTESIAN_POINT ( 'NONE',  ( 2.396304448592975866, -7.981722656628574164, -18.66042160530691874 ) ) ;
#2496 = ADVANCED_FACE ( 'NONE', ( #2696 ), #2340, .F. ) ;
#2497 = FACE_OUTER_BOUND ( 'NONE', #242, .T. ) ;
#2498 = CARTESIAN_POINT ( 'NONE',  ( 8.080972016268399116, 0.4557121623999552673, 11.82921687603961303 ) ) ;
#2499 = EDGE_CURVE ( 'NONE', #4683, #5419, #457, .T. ) ;
#2500 = B_SPLINE_CURVE_WITH_KNOTS ( 'NONE', 3,
 ( #3538, #3992, #2520, #4372, #776, #1159, #3089 ),
 .UNSPECIFIED., .F., .F.,
 ( 4, 3, 4 ),
 ( 0.000000000000000000, 0.002636963911865888768, 0.01002496898031685936 ),
 .UNSPECIFIED. ) ;
#2501 = CARTESIAN_POINT ( 'NONE',  ( 8.081286344341222616, 11.37508171546218882, 3.278649261536699999 ) ) ;
#2502 = CARTESIAN_POINT ( 'NONE',  ( 11.36374701386286823, -7.198700979242608433, -5.850579861704490625 ) ) ;
#2503 = CARTESIAN_POINT ( 'NONE',  ( 0.6480971303263403094, 17.92159482384633407, 4.776147394168400950 ) ) ;
#2504 = CARTESIAN_POINT ( 'NONE',  ( 0.4227027292401573932, -10.93427370550532451, 14.70266627381663405 ) ) ;
#2505 = B_SPLINE_CURVE_WITH_KNOTS ( 'NONE', 3,
 ( #1493, #543, #102, #3277, #1523, #2355, #5092 ),
 .UNSPECIFIED., .F., .F.,
 ( 4, 3, 4 ),
 ( 1.104933408273473328E-16, 0.003806765355762672942, 0.01002496898031623139 ),
 .UNSPECIFIED. ) ;
#2506 = ORIENTED_EDGE ( 'NONE', *, *, #5306, .F. ) ;
#2507 = EDGE_CURVE ( 'NONE', #1961, #140, #4996, .T. ) ;
#2508 = CARTESIAN_POINT ( 'NONE',  ( 8.899588490903195037, 4.673549587514243875, -11.76266457312519442 ) ) ;
#2509 = CARTESIAN_POINT ( 'NONE',  ( 2.831810311861891361, 19.08561492445044294, -8.346857585883684649 ) ) ;
#2510 = ORIENTED_EDGE ( 'NONE', *, *, #2768, .F. ) ;
#2511 = ORIENTED_EDGE ( 'NONE', *, *, #404, .T. ) ;
#2512 = CARTESIAN_POINT ( 'NONE',  ( 8.082357490472945827, -11.26328965394903392, 3.648053501153141642 ) ) ;
#2513 = CARTESIAN_POINT ( 'NONE',  ( 22.09182100077397237, 0.001392594613555144445, 0.009189453143963839318 ) ) ;
#2514 = B_SPLINE_CURVE_WITH_KNOTS ( 'NONE', 3,
 ( #3350, #254, #1057, #2861, #4679, #2832, #3885, #604 ),
 .UNSPECIFIED., .F., .F.,
 ( 4, 2, 2, 4 ),
 ( 5.421010862427522170E-19, 0.002211095967734319056, 0.003316643951601474030, 0.004422191935468629438 ),
 .UNSPECIFIED. ) ;
#2515 = CARTESIAN_POINT ( 'NONE',  ( 22.09374604753667626, -0.01027209362899745258, -0.001812431280205674617 ) ) ;
#2516 = VECTOR ( 'NONE', #4554, 1000.000000000000227 ) ;
#2517 = DIRECTION ( 'NONE',  ( 0.000000000000000000, 0.000000000000000000, 1.000000000000000000 ) ) ;
#2518 = CARTESIAN_POINT ( 'NONE',  ( 2.396304448591573433, 13.35745674208706113, 15.28062761925566626 ) ) ;
#2519 = VERTEX_POINT ( 'NONE', #2458 ) ;
#2520 = CARTESIAN_POINT ( 'NONE',  ( 8.933971668274587330, -10.96186850144795244, -10.48764987945010674 ) ) ;
#2521 = ORIENTED_EDGE ( 'NONE', *, *, #3428, .F. ) ;
#2522 = EDGE_CURVE ( 'NONE', #4979, #3547, #3812, .T. ) ;
#2523 = CARTESIAN_POINT ( 'NONE',  ( 0.9068532551531917063, -10.18005351811648218, -15.81231658201553358 ) ) ;
#2524 = CARTESIAN_POINT ( 'NONE',  ( 8.082357490472938721, 6.950052969702862349, 9.584714492062641256 ) ) ;
#2525 = CARTESIAN_POINT ( 'NONE',  ( 22.09255692238962965, -0.006754285118809264139, -0.006673540516228524712 ) ) ;
#2526 = CARTESIAN_POINT ( 'NONE',  ( 22.09374604753667626, -0.009375618690968021141, 0.004571497438469057824 ) ) ;
#2527 = CARTESIAN_POINT ( 'NONE',  ( 5.178685273547300127, -17.56437044616600218, 8.464546091115797921 ) ) ;
#2528 = ORIENTED_EDGE ( 'NONE', *, *, #2853, .T. ) ;
#2529 = CARTESIAN_POINT ( 'NONE',  ( 10.08627239375047324, -6.555441082950689946, -12.19257463651245210 ) ) ;
#2530 =( BOUNDED_SURFACE ( )  B_SPLINE_SURFACE ( 3, 1, ( 
 ( #2224, #1386 ),
 ( #418, #4573 ),
 ( #3204, #890 ),
 ( #5861, #2695 ) ),
 .UNSPECIFIED., .F., .F., .F. ) 
 B_SPLINE_SURFACE_WITH_KNOTS ( ( 4, 4 ),
 ( 2, 2 ),
 ( 0.000000000000000000, 1.000000000000000000 ),
 ( 0.000000000000000000, 1.000000000000000000 ),
 .UNSPECIFIED. ) 
 GEOMETRIC_REPRESENTATION_ITEM ( )  RATIONAL_B_SPLINE_SURFACE ( (
 ( 1.000000000000000000, 1.000000000000000000),
 ( 0.9594539417957813621, 0.9995981945367502508),
 ( 0.9594539417957813621, 0.9995981945367502508),
 ( 1.000000000000000000, 1.000000000000000000) ) ) 
 REPRESENTATION_ITEM ( '' )  SURFACE ( )  );
#2531 = AXIS2_PLACEMENT_3D ( 'NONE', #5720, #1639, #1194 ) ;
#2532 = EDGE_CURVE ( 'NONE', #1889, #1894, #5285, .T. ) ;
#2533 = CARTESIAN_POINT ( 'NONE',  ( 0.5844060700456836788, -14.35617766212558521, 11.64203331087784399 ) ) ;
#2534 = CARTESIAN_POINT ( 'NONE',  ( 3.515204589128320123, 0.000000000000000000, 0.000000000000000000 ) ) ;
#2535 = CARTESIAN_POINT ( 'NONE',  ( 8.082315436206478410, 11.83902621475590777, 0.06204406993218918032 ) ) ;
#2536 = AXIS2_PLACEMENT_3D ( 'NONE', #52, #4070, #5499 ) ;
#2537 = CONICAL_SURFACE ( 'NONE', #924, 13.84314574289256150, 0.8559913436420820698 ) ;
#2538 = VERTEX_POINT ( 'NONE', #212 ) ;
#2539 = FILL_AREA_STYLE ('',( #1650 ) ) ;
#2540 = CARTESIAN_POINT ( 'NONE',  ( 0.6337479801890599784, 6.674524347060919460, -17.31780942828212133 ) ) ;
#2541 = CARTESIAN_POINT ( 'NONE',  ( 22.09374604753667626, 0.01027209362899845699, -0.001812431280206769010 ) ) ;
#2542 = VERTEX_POINT ( 'NONE', #655 ) ;
#2543 = ORIENTED_EDGE ( 'NONE', *, *, #4430, .T. ) ;
#2544 = CARTESIAN_POINT ( 'NONE',  ( 3.515204589129470758, -21.21966542071080752, 2.879989908611899629 ) ) ;
#2545 = CARTESIAN_POINT ( 'NONE',  ( 22.09255692238962965, -0.004259725308153074035, 0.008485944307323264532 ) ) ;
#2546 =( BOUNDED_SURFACE ( )  B_SPLINE_SURFACE ( 3, 1, ( 
 ( #3176, #919 ),
 ( #1004, #3683 ),
 ( #1837, #1039 ),
 ( #1414, #4546 ) ),
 .UNSPECIFIED., .F., .F., .F. ) 
 B_SPLINE_SURFACE_WITH_KNOTS ( ( 4, 4 ),
 ( 2, 2 ),
 ( 0.000000000000000000, 1.000000000000000000 ),
 ( 0.000000000000000000, 1.000000000000000000 ),
 .UNSPECIFIED. ) 
 GEOMETRIC_REPRESENTATION_ITEM ( )  RATIONAL_B_SPLINE_SURFACE ( (
 ( 1.000000000000000000, 1.000000000000000000),
 ( 0.9934036227985141299, 0.8357362271078285776),
 ( 0.9934036227985141299, 0.8357362271078285776),
 ( 1.000000000000000000, 1.000000000000000000) ) ) 
 REPRESENTATION_ITEM ( '' )  SURFACE ( )  );
#2547 = CARTESIAN_POINT ( 'NONE',  ( 0.4176364164252682754, 14.39489378258433483, -11.32672897722019378 ) ) ;
#2548 = CARTESIAN_POINT ( 'NONE',  ( 4.346944931879227703, 14.14025880652104838, 14.78163747600216738 ) ) ;
#2549 = ORIENTED_EDGE ( 'NONE', *, *, #3767, .F. ) ;
#2550 = CARTESIAN_POINT ( 'NONE',  ( 3.515204589128320123, 19.29113524657993395, 9.296270399398265383 ) ) ;
#2551 = ORIENTED_EDGE ( 'NONE', *, *, #1402, .F. ) ;
#2552 = EDGE_CURVE ( 'NONE', #2404, #1227, #1594, .T. ) ;
#2553 = CARTESIAN_POINT ( 'NONE',  ( 11.25262228702623979, 7.584899545616027972, 5.129966460152618701 ) ) ;
#2554 = CARTESIAN_POINT ( 'NONE',  ( 5.129410166199444454, 3.486249813312794821, 19.24107177028608362 ) ) ;
#2555 = CARTESIAN_POINT ( 'NONE',  ( 0.5845099095027010971, 11.64211400149403808, -14.35624590234753306 ) ) ;
#2556 = CARTESIAN_POINT ( 'NONE',  ( 0.6480971303263367567, 17.92159482384639801, -4.776147394168151372 ) ) ;
#2557 = CARTESIAN_POINT ( 'NONE',  ( 10.08627239375047324, -12.47007880054810514, -6.010808495292878639 ) ) ;
#2558 = ORIENTED_EDGE ( 'NONE', *, *, #5768, .T. ) ;
#2559 = CARTESIAN_POINT ( 'NONE',  ( 2.831810311861891361, -13.83611265739368079, -15.57217759773307542 ) ) ;
#2560 = CARTESIAN_POINT ( 'NONE',  ( 0.4182233646136210847, -14.45119542963832870, 11.25539654257596034 ) ) ;
#2561 = CARTESIAN_POINT ( 'NONE',  ( 2.831810311861893137, -20.34674661394460671, 4.465493346917345896 ) ) ;
#2562 = CARTESIAN_POINT ( 'NONE',  ( 8.081286344341222616, 11.37508171546218882, 3.278649261536699999 ) ) ;
#2563 = CARTESIAN_POINT ( 'NONE',  ( 10.08627239375047324, -6.555441082950864029, 12.19257463651235796 ) ) ;
#2564 = ORIENTED_EDGE ( 'NONE', *, *, #1774, .T. ) ;
#2565 = PRESENTATION_STYLE_ASSIGNMENT (( #4859 ) ) ;
#2566 = LINE ( 'NONE', #3108, #5591 ) ;
#2567 = CARTESIAN_POINT ( 'NONE',  ( 1.165599648441569158, -4.814915257526592995, 18.44682782682922806 ) ) ;
#2568 = VERTEX_POINT ( 'NONE', #5654 ) ;
#2569 = ORIENTED_EDGE ( 'NONE', *, *, #778, .T. ) ;
#2570 = EDGE_CURVE ( 'NONE', #1717, #5057, #4143, .T. ) ;
#2571 = CARTESIAN_POINT ( 'NONE',  ( 8.081585098691668634, -6.679687117911997873, -9.774149370797678316 ) ) ;
#2572 = CARTESIAN_POINT ( 'NONE',  ( 0.4126876516628505409, -6.240446283244803993, -17.22641335661282724 ) ) ;
#2573 = CARTESIAN_POINT ( 'NONE',  ( 8.082347709208530517, -3.620527345462658086, 11.27215765980575846 ) ) ;
#2574 = CARTESIAN_POINT ( 'NONE',  ( 0.6480971303263367567, 11.69152577772644364, 14.39803354453986906 ) ) ;
#2575 = VERTEX_POINT ( 'NONE', #5627 ) ;
#2576 = CARTESIAN_POINT ( 'NONE',  ( 0.4960052067975744827, -18.39501418419228429, -0.9627173165657307852 ) ) ;
#2577 = B_SPLINE_CURVE_WITH_KNOTS ( 'NONE', 3,
 ( #640, #1467, #3322, #5130, #2009, #2864 ),
 .UNSPECIFIED., .F., .F.,
 ( 4, 2, 4 ),
 ( 9.013887592422956160E-18, 0.0001743161698667567989, 0.0003486323397335045447 ),
 .UNSPECIFIED. ) ;
#2578 = EDGE_LOOP ( 'NONE', ( #2564, #4108, #4622, #1575 ) ) ;
#2579 = B_SPLINE_CURVE_WITH_KNOTS ( 'NONE', 3,
 ( #5097, #2833, #1825, #2802, #4589, #1375 ),
 .UNSPECIFIED., .F., .F.,
 ( 4, 2, 4 ),
 ( 8.716877585302701703E-18, 0.0001743161698667575307, 0.0003486323397335063337 ),
 .UNSPECIFIED. ) ;
#2580 = CARTESIAN_POINT ( 'NONE',  ( 50.00005079999999680, 0.000000000000000000, 0.000000000000000000 ) ) ;
#2581 = CARTESIAN_POINT ( 'NONE',  ( 0.4182233646136210847, -10.26579477152726305, 15.17018320209463056 ) ) ;
#2582 = CARTESIAN_POINT ( 'NONE',  ( 8.096103227782988299, -11.84192035489958528, -0.5137535998239292079 ) ) ;
#2583 = ADVANCED_FACE ( 'NONE', ( #4695 ), #3141, .F. ) ;
#2584 = CARTESIAN_POINT ( 'NONE',  ( 8.230357535800605362, -11.96979476970955325, 0.6463107146105724343 ) ) ;
#2585 = CARTESIAN_POINT ( 'NONE',  ( 8.081990258054291942, -9.441153226377965169, -7.143060783097909372 ) ) ;
#2586 = ORIENTED_EDGE ( 'NONE', *, *, #5737, .F. ) ;
#2587 = B_SPLINE_CURVE_WITH_KNOTS ( 'NONE', 3,
 ( #2218, #886, #1861, #3647, #2691, #1354, #5467, #3231, #2277, #2663, #916, #387, #2192 ),
 .UNSPECIFIED., .F., .F.,
 ( 4, 3, 3, 3, 4 ),
 ( 4.906538933386796626E-18, 0.0003060198743295336715, 0.0006120397344444724556, 0.0009177208998331759775, 0.001223526564453231722 ),
 .UNSPECIFIED. ) ;
#2588 = CARTESIAN_POINT ( 'NONE',  ( 0.4197044002284150976, 18.31615842049090048, -0.3059420402726620858 ) ) ;
#2589 = EDGE_CURVE ( 'NONE', #2244, #187, #2948, .T. ) ;
#2590 = CARTESIAN_POINT ( 'NONE',  ( 8.230357535800607138, -0.6463107146105306899, -11.96979476970955503 ) ) ;
#2591 = CARTESIAN_POINT ( 'NONE',  ( 4.346944931879228591, 14.78163747600231837, -14.14025880652089207 ) ) ;
#2592 = CARTESIAN_POINT ( 'NONE',  ( 8.082161297655169108, 11.83789221593258745, 0.1736811973064251446 ) ) ;
#2593 =( NAMED_UNIT ( * ) SI_UNIT ( $, .STERADIAN. ) SOLID_ANGLE_UNIT ( ) );
#2594 = EDGE_LOOP ( 'NONE', ( #2607, #2865, #4797, #2449 ) ) ;
#2595 = EDGE_CURVE ( 'NONE', #1539, #911, #531, .T. ) ;
#2596 = CARTESIAN_POINT ( 'NONE',  ( 8.081286344341222616, 0.3969128176507416006, 11.83150392928988026 ) ) ;
#2597 = CARTESIAN_POINT ( 'NONE',  ( 9.812871695695747576, 12.34550404827376013, -5.639599076973451197 ) ) ;
#2598 = ORIENTED_EDGE ( 'NONE', *, *, #2853, .F. ) ;
#2599 = ORIENTED_EDGE ( 'NONE', *, *, #1337, .F. ) ;
#2600 = CARTESIAN_POINT ( 'NONE',  ( 1.789743172660314130, 4.868107090492092226, 19.12023524865927016 ) ) ;
#2601 = B_SPLINE_CURVE_WITH_KNOTS ( 'NONE', 3,
 ( #3569, #5050, #3148, #1811 ),
 .UNSPECIFIED., .F., .F.,
 ( 4, 4 ),
 ( 0.000000000000000000, 0.002859022159863997600 ),
 .UNSPECIFIED. ) ;
#2602 = ADVANCED_FACE ( 'NONE', ( #184 ), #1281, .F. ) ;
#2603 = CARTESIAN_POINT ( 'NONE',  ( 8.357821303193651019, -10.94643288814035387, 11.44164840958525176 ) ) ;
#2604 = CARTESIAN_POINT ( 'NONE',  ( 8.230357535800607138, 4.313548019702579950, -11.18423031998655404 ) ) ;
#2605 = VERTEX_POINT ( 'NONE', #5401 ) ;
#2606 = CARTESIAN_POINT ( 'NONE',  ( 7.813880306852852620, 1.417008643353168425E-15, 11.57075366007362227 ) ) ;
#2607 = ORIENTED_EDGE ( 'NONE', *, *, #5748, .T. ) ;
#2608 = EDGE_CURVE ( 'NONE', #955, #4300, #4916, .T. ) ;
#2609 = CARTESIAN_POINT ( 'NONE',  ( 3.515204589130440649, -3.818204060499263086, -21.07106689736058058 ) ) ;
#2610 = CARTESIAN_POINT ( 'NONE',  ( 1.672572369782847401, 4.752897095506720682, -18.98775136987277889 ) ) ;
#2611 = CARTESIAN_POINT ( 'NONE',  ( 0.6480971303263403094, 14.39803354453983175, 11.69152577772649515 ) ) ;
#2612 = CARTESIAN_POINT ( 'NONE',  ( 8.230357535800605362, -0.6463107146106985557, 11.96979476970954792 ) ) ;
#2613 = CARTESIAN_POINT ( 'NONE',  ( 22.09374604753667626, -0.004897976078549005907, -0.009209269515132260595 ) ) ;
#2614 = ORIENTED_EDGE ( 'NONE', *, *, #1899, .F. ) ;
#2615 = STYLED_ITEM ( 'NONE', ( #2565 ), #762 ) ;
#2616 =( BOUNDED_SURFACE ( )  B_SPLINE_SURFACE ( 3, 1, ( 
 ( #944, #4540 ),
 ( #5852, #4068 ),
 ( #5017, #495 ),
 ( #4927, #5884 ) ),
 .UNSPECIFIED., .F., .F., .F. ) 
 B_SPLINE_SURFACE_WITH_KNOTS ( ( 4, 4 ),
 ( 2, 2 ),
 ( 0.000000000000000000, 1.000000000000000000 ),
 ( 0.000000000000000000, 1.000000000000000000 ),
 .UNSPECIFIED. ) 
 GEOMETRIC_REPRESENTATION_ITEM ( )  RATIONAL_B_SPLINE_SURFACE ( (
 ( 1.000000000000000000, 1.000000000000000000),
 ( 0.7790009610346629865, 0.9689941987838144311),
 ( 0.7790009610346629865, 0.9689941987838144311),
 ( 1.000000000000000000, 1.000000000000000000) ) ) 
 REPRESENTATION_ITEM ( '' )  SURFACE ( )  );
#2617 = CARTESIAN_POINT ( 'NONE',  ( 3.085675480214808974, -18.28320598304295430, -10.30114803747308017 ) ) ;
#2618 = ADVANCED_FACE ( 'NONE', ( #4062 ), #2304, .F. ) ;
#2619 = CARTESIAN_POINT ( 'NONE',  ( 0.5845099095027047609, 10.05599013805119668, 15.50863234382293854 ) ) ;
#2620 = CARTESIAN_POINT ( 'NONE',  ( 11.36374701386286823, 2.384986869561791067, -8.964508806328904456 ) ) ;
#2621 = CARTESIAN_POINT ( 'NONE',  ( 0.6480971303263367567, 6.670064725496350100, -17.30622377986100346 ) ) ;
#2622 = CARTESIAN_POINT ( 'NONE',  ( 22.10281028718407725, -0.007246592019955025964, 0.01306919110379170176 ) ) ;
#2623 = VERTEX_POINT ( 'NONE', #3453 ) ;
#2624 = SHAPE_DEFINITION_REPRESENTATION ( #4288, #2879 ) ;
#2625 = CONICAL_SURFACE ( 'NONE', #1119, 13.84314574289256150, 0.8559913436420820698 ) ;
#2626 = CARTESIAN_POINT ( 'NONE',  ( 22.09182100077397237, 0.006528057743295773326, 0.006615877186209379555 ) ) ;
#2627 = VECTOR ( 'NONE', #3731, 1000.000000000000000 ) ;
#2628 = CARTESIAN_POINT ( 'NONE',  ( 0.4078353108599468979, -4.887413429185995639, 17.66093832750253156 ) ) ;
#2629 = CARTESIAN_POINT ( 'NONE',  ( 0.5251777261828638466, -0.9322503285616691171, -18.40071284766967352 ) ) ;
#2630 = ORIENTED_EDGE ( 'NONE', *, *, #516, .F. ) ;
#2631 = ORIENTED_EDGE ( 'NONE', *, *, #4887, .F. ) ;
#2632 = CARTESIAN_POINT ( 'NONE',  ( 0.4201979075620115855, -5.563776166241383159, 17.45417193693325331 ) ) ;
#2633 = CARTESIAN_POINT ( 'NONE',  ( 1.165599648441774105, -18.44682782682941635, -4.814915257526673820 ) ) ;
#2634 = CONICAL_SURFACE ( 'NONE', #5299, 13.84314574289256150, 0.8559913436420820698 ) ;
#2635 = CARTESIAN_POINT ( 'NONE',  ( 8.933971668274606870, -10.48764987945006055, 10.96186850144798974 ) ) ;
#2636 = PLANE ( 'NONE',  #1388 ) ;
#2637 = ORIENTED_EDGE ( 'NONE', *, *, #4135, .F. ) ;
#2638 = LINE ( 'NONE', #2194, #3196 ) ;
#2639 = VERTEX_POINT ( 'NONE', #5710 ) ;
#2640 = CARTESIAN_POINT ( 'NONE',  ( 3.304290419808166845, 18.57107262020601723, 10.23437882551939637 ) ) ;
#2641 = CARTESIAN_POINT ( 'NONE',  ( 8.096182984839503050, -4.148143494210973614, -11.10359438725372350 ) ) ;
#2642 = CARTESIAN_POINT ( 'NONE',  ( 0.6337479801890597564, 17.93358911009639201, -4.779349357814111521 ) ) ;
#2643 = DIRECTION ( 'NONE',  ( -0.7636347340829117147, -0.2197542875157032227, -0.6070997002310135615 ) ) ;
#2644 = ADVANCED_FACE ( 'NONE', ( #683 ), #5804, .F. ) ;
#2645 = ORIENTED_EDGE ( 'NONE', *, *, #4106, .T. ) ;
#2646 = EDGE_CURVE ( 'NONE', #2363, #293, #3943, .T. ) ;
#2647 = CARTESIAN_POINT ( 'NONE',  ( 8.189061701664885007, -11.54171973288791087, 3.081255137882166650 ) ) ;
#2648 = CARTESIAN_POINT ( 'NONE',  ( 22.10281028718407725, -0.007246592019953865434, -0.01306919110379048225 ) ) ;
#2649 = B_SPLINE_CURVE_WITH_KNOTS ( 'NONE', 3,
 ( #4255, #189, #2946, #3370, #2462, #1996, #127, #3816, #3874, #2403 ),
 .UNSPECIFIED., .F., .F.,
 ( 4, 3, 3, 4 ),
 ( 0.0006117633103563553925, 0.0006120397344444663840, 0.0009177208998331741344, 0.001223526564453231071 ),
 .UNSPECIFIED. ) ;
#2650 = CARTESIAN_POINT ( 'NONE',  ( 3.663019018077784850, -21.49903630320805092, 3.608958212190747084 ) ) ;
#2651 = CARTESIAN_POINT ( 'NONE',  ( 8.899588490903195037, 3.132939723393184384, 12.26323906218883586 ) ) ;
#2652 = CARTESIAN_POINT ( 'NONE',  ( 8.081832178819823298, -0.2949782573721925205, -11.83546968119519960 ) ) ;
#2653 = ORIENTED_EDGE ( 'NONE', *, *, #4454, .T. ) ;
#2654 = CARTESIAN_POINT ( 'NONE',  ( 0.6337479801890598674, 14.40767405211447283, -11.69934729212845781 ) ) ;
#2655 = EDGE_CURVE ( 'NONE', #5022, #4683, #1165, .T. ) ;
#2656 = DIRECTION ( 'NONE',  ( 0.7562523480584152358, -0.1687551180723703415, -0.6321424650982672144 ) ) ;
#2657 = ORIENTED_EDGE ( 'NONE', *, *, #4817, .F. ) ;
#2658 = ORIENTED_EDGE ( 'NONE', *, *, #5235, .F. ) ;
#2659 = CARTESIAN_POINT ( 'NONE',  ( 0.4126876516628503189, -0.6117626229491378576, 18.31169662920710905 ) ) ;
#2660 = CARTESIAN_POINT ( 'NONE',  ( 4.346944931879066054, -20.12813819246369107, -3.647160332703616614 ) ) ;
#2661 = ADVANCED_FACE ( 'NONE', ( #4784 ), #2492, .F. ) ;
#2662 = DIRECTION ( 'NONE',  ( -1.000000000000000000, -0.000000000000000000, -0.000000000000000000 ) ) ;
#2663 = CARTESIAN_POINT ( 'NONE',  ( 0.4197044002284111008, 11.01348010809144995, 14.63825521451241762 ) ) ;
#2664 = ORIENTED_EDGE ( 'NONE', *, *, #676, .T. ) ;
#2665 = CARTESIAN_POINT ( 'NONE',  ( 8.081585098691663305, 3.981231368697855100, -11.14908124935684697 ) ) ;
#2666 = ORIENTED_EDGE ( 'NONE', *, *, #1276, .T. ) ;
#2667 = B_SPLINE_CURVE_WITH_KNOTS ( 'NONE', 3,
 ( #1090, #3289, #581, #1982, #3831, #4209, #5620, #5103 ),
 .UNSPECIFIED., .F., .F.,
 ( 4, 2, 2, 4 ),
 ( 0.000000000000000000, 0.002211116461525545595, 0.003316674692288315573, 0.004422232923051085986 ),
 .UNSPECIFIED. ) ;
#2668 = CARTESIAN_POINT ( 'NONE',  ( 22.09324635661532810, -0.009386341494719200804, 0.003825913808670843626 ) ) ;
#2669 = CARTESIAN_POINT ( 'NONE',  ( 8.230357535800607138, 10.06365929432222295, -6.512792486836083583 ) ) ;
#2670 = CARTESIAN_POINT ( 'NONE',  ( 0.4126876516628502078, -18.31169662920711616, 0.6117626229489472323 ) ) ;
#2671 = ORIENTED_EDGE ( 'NONE', *, *, #3799, .F. ) ;
#2672 = CARTESIAN_POINT ( 'NONE',  ( 10.08627239375047324, 6.555441082950957288, -12.19257463651230644 ) ) ;
#2673 =( BOUNDED_SURFACE ( )  B_SPLINE_SURFACE ( 3, 1, ( 
 ( #5218, #3826 ),
 ( #4202, #4264 ),
 ( #1024, #1116 ),
 ( #1499, #3319 ) ),
 .UNSPECIFIED., .F., .F., .F. ) 
 B_SPLINE_SURFACE_WITH_KNOTS ( ( 4, 4 ),
 ( 2, 2 ),
 ( 0.000000000000000000, 1.000000000000000000 ),
 ( 0.000000000000000000, 1.000000000000000000 ),
 .UNSPECIFIED. ) 
 GEOMETRIC_REPRESENTATION_ITEM ( )  RATIONAL_B_SPLINE_SURFACE ( (
 ( 1.000000000000000000, 1.000000000000000000),
 ( 0.9934036227985141299, 0.8357362271078285776),
 ( 0.9934036227985141299, 0.8357362271078285776),
 ( 1.000000000000000000, 1.000000000000000000) ) ) 
 REPRESENTATION_ITEM ( '' )  SURFACE ( )  );
#2674 = CARTESIAN_POINT ( 'NONE',  ( 22.09284734956529661, 0.0003495097987787107821, -0.009812203273947706778 ) ) ;
#2675 = ADVANCED_FACE ( 'NONE', ( #1185 ), #4513, .F. ) ;
#2676 = CARTESIAN_POINT ( 'NONE',  ( 3.515204589130440205, -10.14264561317825475, -18.85988553534018664 ) ) ;
#2677 = CARTESIAN_POINT ( 'NONE',  ( 8.082322697556731939, -0.06064242629922327044, -11.83907956631290403 ) ) ;
#2678 = ORIENTED_EDGE ( 'NONE', *, *, #1440, .F. ) ;
#2679 = ADVANCED_FACE ( 'NONE', ( #5844 ), #2916, .F. ) ;
#2680 = FACE_OUTER_BOUND ( 'NONE', #5882, .T. ) ;
#2681 =( BOUNDED_SURFACE ( )  B_SPLINE_SURFACE ( 3, 1, ( 
 ( #4738, #2772 ),
 ( #694, #1167 ),
 ( #249, #521 ),
 ( #664, #4147 ) ),
 .UNSPECIFIED., .F., .F., .F. ) 
 B_SPLINE_SURFACE_WITH_KNOTS ( ( 4, 4 ),
 ( 2, 2 ),
 ( 0.000000000000000000, 1.000000000000000000 ),
 ( 0.000000000000000000, 1.000000000000000000 ),
 .UNSPECIFIED. ) 
 GEOMETRIC_REPRESENTATION_ITEM ( )  RATIONAL_B_SPLINE_SURFACE ( (
 ( 1.000000000000000000, 1.000000000000000000),
 ( 0.9594539417957813621, 0.9995981945367502508),
 ( 0.9594539417957813621, 0.9995981945367502508),
 ( 1.000000000000000000, 1.000000000000000000) ) ) 
 REPRESENTATION_ITEM ( '' )  SURFACE ( )  );
#2682 = CARTESIAN_POINT ( 'NONE',  ( 22.09712324851893683, 0.003867776960171376288, 0.01402524781096890077 ) ) ;
#2683 = FACE_OUTER_BOUND ( 'NONE', #5278, .T. ) ;
#2684 = CARTESIAN_POINT ( 'NONE',  ( 6.010425613512506260, 8.048684550965008455, 16.70098774806043451 ) ) ;
#2685 = ORIENTED_EDGE ( 'NONE', *, *, #5157, .F. ) ;
#2686 = ORIENTED_EDGE ( 'NONE', *, *, #3521, .T. ) ;
#2687 = CARTESIAN_POINT ( 'NONE',  ( 8.230357535800605362, -11.58367230890920041, -3.084191986338860492 ) ) ;
#2688 = CARTESIAN_POINT ( 'NONE',  ( 10.08627239375047324, 12.47007880054815310, 6.010808495292791598 ) ) ;
#2689 = EDGE_CURVE ( 'NONE', #5332, #5398, #646, .T. ) ;
#2690 = DIRECTION ( 'NONE',  ( -1.000000000000000000, -0.000000000000000000, -0.000000000000000000 ) ) ;
#2691 = CARTESIAN_POINT ( 'NONE',  ( 0.4200341587692271172, 10.60233359151659549, 14.93948690478162433 ) ) ;
#2692 = ORIENTED_EDGE ( 'NONE', *, *, #869, .F. ) ;
#2693 = CARTESIAN_POINT ( 'NONE',  ( 8.082162653057832102, -9.463638848523865832, 7.114261728424758680 ) ) ;
#2694 = EDGE_LOOP ( 'NONE', ( #1371, #4482, #1507, #2852 ) ) ;
#2695 = CARTESIAN_POINT ( 'NONE',  ( 0.4126876516628540381, 17.22641335661277040, 6.240446283244980741 ) ) ;
#2696 = FACE_OUTER_BOUND ( 'NONE', #4373, .T. ) ;
#2697 = CARTESIAN_POINT ( 'NONE',  ( 8.150687306238470597, 9.976609266190425984, -6.500710348059632437 ) ) ;
#2698 = CARTESIAN_POINT ( 'NONE',  ( 3.304290419808165069, 21.03993029353259914, -2.636016208693343188 ) ) ;
#2699 = ORIENTED_EDGE ( 'NONE', *, *, #5150, .T. ) ;
#2700 = B_SPLINE_CURVE_WITH_KNOTS ( 'NONE', 3,
 ( #5039, #4089, #5521, #17, #1826, #2329, #3638, #4063, #939, #4562, #3134, #1405, #4034 ),
 .UNSPECIFIED., .F., .F.,
 ( 4, 3, 3, 3, 4 ),
 ( 8.673617379884035472E-19, 0.0003060394048542605509, 0.0004590327578743555090, 0.0006264795226578668457, 0.0007939722156138012210 ),
 .UNSPECIFIED. ) ;
#2701 = FACE_OUTER_BOUND ( 'NONE', #1761, .T. ) ;
#2702 = CARTESIAN_POINT ( 'NONE',  ( 22.10703667329342181, 0.01115097685428880110, 0.0006288272689282363307 ) ) ;
#2703 = CARTESIAN_POINT ( 'NONE',  ( 22.09712324851893683, -0.0006555654423621852826, 0.01453401213442114502 ) ) ;
#2704 =( GEOMETRIC_REPRESENTATION_CONTEXT ( 3 ) GLOBAL_UNCERTAINTY_ASSIGNED_CONTEXT ( ( #5553 ) ) GLOBAL_UNIT_ASSIGNED_CONTEXT ( ( #730, #289, #4358 ) ) REPRESENTATION_CONTEXT ( 'NONE', 'WORKASPACE' ) );
#2705 = CARTESIAN_POINT ( 'NONE',  ( 9.516581620098312655, -6.726557109334448725, 11.44423094020448595 ) ) ;
#2706 = ORIENTED_EDGE ( 'NONE', *, *, #815, .F. ) ;
#2707 = ADVANCED_FACE ( 'NONE', ( #1344 ), #1397, .F. ) ;
#2708 = CARTESIAN_POINT ( 'NONE',  ( 8.081990258054291942, 9.441153226378022012, 7.143060783097840094 ) ) ;
#2709 = CARTESIAN_POINT ( 'NONE',  ( 22.09712324851893683, -0.01402524781096891639, 0.003867776960171327716 ) ) ;
#2710 = EDGE_CURVE ( 'NONE', #2542, #4155, #3723, .T. ) ;
#2711 = CARTESIAN_POINT ( 'NONE',  ( 0.4182233646136210847, 11.25539654257601185, 14.45119542963828962 ) ) ;
#2712 = DIRECTION ( 'NONE',  ( 0.000000000000000000, 0.000000000000000000, 1.000000000000000000 ) ) ;
#2713 = ORIENTED_EDGE ( 'NONE', *, *, #1774, .F. ) ;
#2714 = ORIENTED_EDGE ( 'NONE', *, *, #541, .F. ) ;
#2715 = CARTESIAN_POINT ( 'NONE',  ( 0.4182233646136228611, -6.238853248511169625, 17.22201239169721632 ) ) ;
#2716 = CARTESIAN_POINT ( 'NONE',  ( 7.813880306852852620, 0.000000000000000000, 0.000000000000000000 ) ) ;
#2717 =( BOUNDED_SURFACE ( )  B_SPLINE_SURFACE ( 3, 1, ( 
 ( #823, #2659 ),
 ( #4508, #3083 ),
 ( #2383, #5851 ),
 ( #2273, #1463 ) ),
 .UNSPECIFIED., .F., .F., .F. ) 
 B_SPLINE_SURFACE_WITH_KNOTS ( ( 4, 4 ),
 ( 2, 2 ),
 ( 0.000000000000000000, 1.000000000000000000 ),
 ( 0.000000000000000000, 1.000000000000000000 ),
 .UNSPECIFIED. ) 
 GEOMETRIC_REPRESENTATION_ITEM ( )  RATIONAL_B_SPLINE_SURFACE ( (
 ( 1.000000000000000000, 1.000000000000000000),
 ( 0.9934036227985141299, 0.8357362271078285776),
 ( 0.9934036227985141299, 0.8357362271078285776),
 ( 1.000000000000000000, 1.000000000000000000) ) ) 
 REPRESENTATION_ITEM ( '' )  SURFACE ( )  );
#2718 = VECTOR ( 'NONE', #2376, 1000.000000000000000 ) ;
#2719 = AXIS2_PLACEMENT_3D ( 'NONE', #960, #3665, #1400 ) ;
#2720 = CARTESIAN_POINT ( 'NONE',  ( 0.4197050914631866303, -11.01330936110517555, 14.63838454400564792 ) ) ;
#2721 = CARTESIAN_POINT ( 'NONE',  ( 1.672572369782445501, -18.15509636159551832, 7.315545706626967792 ) ) ;
#2722 = ORIENTED_EDGE ( 'NONE', *, *, #5393, .T. ) ;
#2723 = CARTESIAN_POINT ( 'NONE',  ( 8.082286027375504389, 3.571883207762038825, -11.28748622049484851 ) ) ;
#2724 = VECTOR ( 'NONE', #4291, 1000.000000000000000 ) ;
#2725 = ORIENTED_EDGE ( 'NONE', *, *, #5449, .T. ) ;
#2726 = VECTOR ( 'NONE', #137, 1000.000000000000227 ) ;
#2727 = CARTESIAN_POINT ( 'NONE',  ( 22.09284734956529661, -0.009439964330423787631, 0.002699733992273876948 ) ) ;
#2728 = B_SPLINE_CURVE_WITH_KNOTS ( 'NONE', 3,
 ( #4963, #419, #3150, #865, #4575, #4103 ),
 .UNSPECIFIED., .F., .F.,
 ( 4, 2, 4 ),
 ( 1.084202172485504434E-19, 0.0002683118749524633184, 0.0005366237499049265284 ),
 .UNSPECIFIED. ) ;
#2729 = CARTESIAN_POINT ( 'NONE',  ( 8.230357535800605362, -4.313548019702345471, -11.18423031998664463 ) ) ;
#2730 = CARTESIAN_POINT ( 'NONE',  ( 0.4960052067975744827, 18.39501418419229140, 0.9627173165656024434 ) ) ;
#2731 = EDGE_CURVE ( 'NONE', #1621, #2761, #3375, .T. ) ;
#2732 = FACE_OUTER_BOUND ( 'NONE', #5848, .T. ) ;
#2733 = CARTESIAN_POINT ( 'NONE',  ( 8.081286344341222616, -4.033622304792434221, 11.12977610358350056 ) ) ;
#2734 = VERTEX_POINT ( 'NONE', #4976 ) ;
#2735 = CARTESIAN_POINT ( 'NONE',  ( 3.304290419809254864, 2.636016208694414775, 21.03993029353354416 ) ) ;
#2736 = CARTESIAN_POINT ( 'NONE',  ( 22.09712324851893683, -0.01214359451213150275, 0.008012514405456638844 ) ) ;
#2737 = CARTESIAN_POINT ( 'NONE',  ( 8.081585098691663305, 9.774149370797706737, -6.679687117911965899 ) ) ;
#2738 = ORIENTED_EDGE ( 'NONE', *, *, #482, .F. ) ;
#2739 = CARTESIAN_POINT ( 'NONE',  ( 0.4201979075620169701, -5.758115384118854152, -17.39102729729436092 ) ) ;
#2740 = DIRECTION ( 'NONE',  ( 1.000000000000000000, 0.000000000000000000, 0.000000000000000000 ) ) ;
#2741 = CARTESIAN_POINT ( 'NONE',  ( 8.082286027375500836, -6.885087866093215325, 9.631264709472459273 ) ) ;
#2742 = CARTESIAN_POINT ( 'NONE',  ( 0.4960052067975748158, 15.44775012758360866, 10.03346338329849452 ) ) ;
#2743 = EDGE_LOOP ( 'NONE', ( #2699, #4787, #5462, #2631 ) ) ;
#2744 = VERTEX_POINT ( 'NONE', #938 ) ;
#2745 = CARTESIAN_POINT ( 'NONE',  ( 0.9068532551530985586, -15.81231658201539148, 10.18005351811650172 ) ) ;
#2746 = EDGE_CURVE ( 'NONE', #4608, #3062, #4790, .T. ) ;
#2747 = CARTESIAN_POINT ( 'NONE',  ( 22.10703667329342181, 0.007063111690694976429, -0.008651714384085979620 ) ) ;
#2748 = DIRECTION ( 'NONE',  ( -1.000000000000000000, -0.000000000000000000, -0.000000000000000000 ) ) ;
#2749 = VERTEX_POINT ( 'NONE', #1432 ) ;
#2750 = CARTESIAN_POINT ( 'NONE',  ( 8.081286344341222616, -9.338588247148535970, 7.275492736841711938 ) ) ;
#2751 = CARTESIAN_POINT ( 'NONE',  ( 0.4182233646136228611, -17.60000663291076606, -5.075506595181174418 ) ) ;
#2752 =( BOUNDED_SURFACE ( )  B_SPLINE_SURFACE ( 3, 1, ( 
 ( #2883, #243 ),
 ( #4284, #3786 ),
 ( #2822, #4640 ),
 ( #216, #1934 ) ),
 .UNSPECIFIED., .F., .F., .F. ) 
 B_SPLINE_SURFACE_WITH_KNOTS ( ( 4, 4 ),
 ( 2, 2 ),
 ( 0.000000000000000000, 1.000000000000000000 ),
 ( 0.000000000000000000, 1.000000000000000000 ),
 .UNSPECIFIED. ) 
 GEOMETRIC_REPRESENTATION_ITEM ( )  RATIONAL_B_SPLINE_SURFACE ( (
 ( 1.000000000000000000, 1.000000000000000000),
 ( 0.9594539417957813621, 0.9995981945367502508),
 ( 0.9594539417957813621, 0.9995981945367502508),
 ( 1.000000000000000000, 1.000000000000000000) ) ) 
 REPRESENTATION_ITEM ( '' )  SURFACE ( )  );
#2753 = APPLICATION_CONTEXT ( 'automotive_design' ) ;
#2754 = CARTESIAN_POINT ( 'NONE',  ( 0.4126876516628503189, -5.076804625281736705, -17.60450345064212740 ) ) ;
#2755 = CARTESIAN_POINT ( 'NONE',  ( 0.6480971303263367567, -6.670064725496231084, 17.30622377986105676 ) ) ;
#2756 = CONICAL_SURFACE ( 'NONE', #5425, 13.84314574289256150, 0.8559913436420820698 ) ;
#2757 = CARTESIAN_POINT ( 'NONE',  ( 10.08627239375047324, -12.47007880054810514, -6.010808495292878639 ) ) ;
#2758 = FACE_OUTER_BOUND ( 'NONE', #4698, .T. ) ;
#2759 = CARTESIAN_POINT ( 'NONE',  ( 9.539500336054912211, 11.44553886039964041, -6.790245143835064390 ) ) ;
#2760 = CARTESIAN_POINT ( 'NONE',  ( 8.150690745220673605, 11.89227257948015293, -0.6048916129666553898 ) ) ;
#2761 = VERTEX_POINT ( 'NONE', #1853 ) ;
#2762 = CARTESIAN_POINT ( 'NONE',  ( 8.230357535800607138, 10.06365929432222295, -6.512792486836083583 ) ) ;
#2763 = CARTESIAN_POINT ( 'NONE',  ( 8.727656808823699208, -15.26838263975094634, 2.073387349680890335 ) ) ;
#2764 = EDGE_CURVE ( 'NONE', #1067, #2489, #3226, .T. ) ;
#2765 = CARTESIAN_POINT ( 'NONE',  ( 2.831810311861891361, -20.34674661394454631, -4.465493346917639883 ) ) ;
#2766 = CARTESIAN_POINT ( 'NONE',  ( 8.230357535800608915, 4.313548019702420966, 11.18423031998661621 ) ) ;
#2767 = VERTEX_POINT ( 'NONE', #963 ) ;
#2768 = EDGE_CURVE ( 'NONE', #4285, #3193, #2019, .T. ) ;
#2769 = CARTESIAN_POINT ( 'NONE',  ( 0.4188821999575235155, -5.173697537357791809, -17.57237591976959834 ) ) ;
#2770 = CARTESIAN_POINT ( 'NONE',  ( 22.10281028718407725, -0.01483263762440958401, -0.001819261694755438044 ) ) ;
#2771 = CARTESIAN_POINT ( 'NONE',  ( 8.082269409299119189, 11.29568274073515077, -3.546261219361367178 ) ) ;
#2772 = CARTESIAN_POINT ( 'NONE',  ( 0.4126876516628505409, -0.6117626229488815071, -18.31169662920711971 ) ) ;
#2773 = ORIENTED_EDGE ( 'NONE', *, *, #3122, .T. ) ;
#2774 = EDGE_LOOP ( 'NONE', ( #354, #3954, #4478, #4952 ) ) ;
#2775 = EDGE_CURVE ( 'NONE', #3837, #2605, #2579, .T. ) ;
#2776 = CARTESIAN_POINT ( 'NONE',  ( 0.4200338615266716591, -0.2038341464851603502, 18.31819228322200743 ) ) ;
#2777 = FACE_OUTER_BOUND ( 'NONE', #380, .T. ) ;
#2778 = CARTESIAN_POINT ( 'NONE',  ( 2.831810311861893137, 17.97099262013271570, -10.53442703000808400 ) ) ;
#2779 = ORIENTED_EDGE ( 'NONE', *, *, #2775, .T. ) ;
#2780 = CARTESIAN_POINT ( 'NONE',  ( 8.189129401831875654, 11.54178850971398695, 3.081259952535719382 ) ) ;
#2781 = CARTESIAN_POINT ( 'NONE',  ( 22.09324635661532810, 0.009842525497512117846, -0.002421923813349238092 ) ) ;
#2782 = CIRCLE ( 'NONE', #3735, 13.84314574289256150 ) ;
#2783 = CARTESIAN_POINT ( 'NONE',  ( 9.510122032027844341, -2.585367375870611717, -14.27474089050051198 ) ) ;
#2784 = EDGE_CURVE ( 'NONE', #436, #982, #392, .T. ) ;
#2785 = CARTESIAN_POINT ( 'NONE',  ( 0.5251777261828662891, 0.9322503285617986801, 18.40071284766964865 ) ) ;
#2786 = AXIS2_PLACEMENT_3D ( 'NONE', #4914, #3238, #5053 ) ;
#2787 = CARTESIAN_POINT ( 'NONE',  ( 3.093381936067832072, -14.19652628817748230, 15.47024514008301566 ) ) ;
#2788 = CARTESIAN_POINT ( 'NONE',  ( 8.081286344341224392, 9.805187248470545569, -6.633274307312180262 ) ) ;
#2789 = CARTESIAN_POINT ( 'NONE',  ( 9.539500336054883789, -8.787053170275374470, 9.994772908928284849 ) ) ;
#2790 = CARTESIAN_POINT ( 'NONE',  ( 2.631852984180938382, 20.43330629214866079, -2.007131539549010135 ) ) ;
#2791 = ORIENTED_EDGE ( 'NONE', *, *, #339, .F. ) ;
#2792 = LINE ( 'NONE', #4968, #4611 ) ;
#2793 = DIRECTION ( 'NONE',  ( -1.000000000000000000, 0.000000000000000000, 0.000000000000000000 ) ) ;
#2794 = CARTESIAN_POINT ( 'NONE',  ( 10.08627239375047324, -13.62157025872564375, 2.466882191261958290 ) ) ;
#2795 = DIRECTION ( 'NONE',  ( 0.7562523480584153468, -0.6533514100307018513, -0.03484710988054893349 ) ) ;
#2796 = ORIENTED_EDGE ( 'NONE', *, *, #2234, .F. ) ;
#2797 = B_SPLINE_CURVE_WITH_KNOTS ( 'NONE', 3,
 ( #304, #5749, #1609, #1223, #4873, #2524, #4404, #2139, #3067, #5779, #804, #751, #3995 ),
 .UNSPECIFIED., .F., .F.,
 ( 4, 3, 3, 3, 4 ),
 ( 2.453269466693398698E-18, 0.0003060394048542617977, 0.0004590327578743569727, 0.0006264795226578690141, 0.0007939722156138002453 ),
 .UNSPECIFIED. ) ;
#2798 = PRODUCT_DEFINITION_CONTEXT ( 'detailed design', #2753, 'design' ) ;
#2799 = CARTESIAN_POINT ( 'NONE',  ( 0.4960052067975748158, 17.19720209562012769, -6.599970571953302390 ) ) ;
#2800 = COLOUR_RGB ( '',0.7764705882352941346, 0.7568627450980391913, 0.7372549019607843590 ) ;
#2801 = PRODUCT_DEFINITION_SHAPE ( 'NONE', 'NONE',  #5174 ) ;
#2802 = CARTESIAN_POINT ( 'NONE',  ( 8.150687306238467045, 3.099601127578150983, 11.49714922620049506 ) ) ;
#2803 = CARTESIAN_POINT ( 'NONE',  ( 0.6480971303263367567, -14.39803354453974293, -11.69152577772660351 ) ) ;
#2804 = CARTESIAN_POINT ( 'NONE',  ( 8.082286027375507942, 11.23126844858704665, -3.744903718859367903 ) ) ;
#2805 = FACE_OUTER_BOUND ( 'NONE', #1494, .T. ) ;
#2806 = VERTEX_POINT ( 'NONE', #2297 ) ;
#2807 = ORIENTED_EDGE ( 'NONE', *, *, #1791, .T. ) ;
#2808 = FACE_OUTER_BOUND ( 'NONE', #2578, .T. ) ;
#2809 = CARTESIAN_POINT ( 'NONE',  ( 0.4182233646136210847, -10.26579477152726305, 15.17018320209463056 ) ) ;
#2810 = CARTESIAN_POINT ( 'NONE',  ( 0.5251777261828617371, -11.56987400234689289, -14.33852640780481735 ) ) ;
#2811 = ORIENTED_EDGE ( 'NONE', *, *, #3119, .T. ) ;
#2812 = CARTESIAN_POINT ( 'NONE',  ( 0.4126876516628540381, 6.240446283245162817, -17.22641335661269935 ) ) ;
#2813 = EDGE_LOOP ( 'NONE', ( #5288, #1470, #5830, #895 ) ) ;
#2814 = ORIENTED_EDGE ( 'NONE', *, *, #188, .T. ) ;
#2815 = CARTESIAN_POINT ( 'NONE',  ( 22.09712324851893683, -0.01453401213442270801, 0.0006555654423625282157 ) ) ;
#2816 = CARTESIAN_POINT ( 'NONE',  ( 3.304290419810175017, -14.49954264608342847, -15.47224971565859342 ) ) ;
#2817 = AXIS2_PLACEMENT_3D ( 'NONE', #177, #2421, #1034 ) ;
#2818 = CARTESIAN_POINT ( 'NONE',  ( 0.6480971303263367567, -11.69152577772654489, 14.39803354453978912 ) ) ;
#2819 = DIRECTION ( 'NONE',  ( 0.000000000000000000, 0.000000000000000000, 1.000000000000000000 ) ) ;
#2820 =( GEOMETRIC_REPRESENTATION_CONTEXT ( 3 ) GLOBAL_UNCERTAINTY_ASSIGNED_CONTEXT ( ( #4388 ) ) GLOBAL_UNIT_ASSIGNED_CONTEXT ( ( #3419, #4831, #2593 ) ) REPRESENTATION_CONTEXT ( 'NONE', 'WORKASPACE' ) );
#2821 = CARTESIAN_POINT ( 'NONE',  ( 9.516581620098312655, 9.933797819138861840, -8.805489949250038251 ) ) ;
#2822 = CARTESIAN_POINT ( 'NONE',  ( 22.09182100077397237, 0.001392594613553737367, -0.009189453143964318102 ) ) ;
#2823 = ORIENTED_EDGE ( 'NONE', *, *, #3840, .F. ) ;
#2824 = CARTESIAN_POINT ( 'NONE',  ( 0.4176373827249073023, -10.19033023168573493, -15.22054316821889763 ) ) ;
#2825 = CARTESIAN_POINT ( 'NONE',  ( 11.25262228702623979, 5.129966460152591168, 7.584899545616044847 ) ) ;
#2826 = CARTESIAN_POINT ( 'NONE',  ( 11.25262228702623979, -8.608522139869956291, 3.120994002997405925 ) ) ;
#2827 = ADVANCED_FACE ( 'NONE', ( #3383 ), #4326, .F. ) ;
#2828 = EDGE_CURVE ( 'NONE', #1309, #3659, #2163, .T. ) ;
#2829 = CARTESIAN_POINT ( 'NONE',  ( 3.515204589131094348, 19.29113524658131951, -9.296270399401787898 ) ) ;
#2830 = VERTEX_POINT ( 'NONE', #5615 ) ;
#2831 = CARTESIAN_POINT ( 'NONE',  ( 0.4201979075620150272, -14.76049432689409535, 10.85041614214823369 ) ) ;
#2832 = CARTESIAN_POINT ( 'NONE',  ( 3.085675480213951438, -10.30114803747322405, 18.28320598304188849 ) ) ;
#2833 = CARTESIAN_POINT ( 'NONE',  ( 8.080971495803110471, 3.221927258043676634, 11.39110307971750302 ) ) ;
#2834 = FACE_OUTER_BOUND ( 'NONE', #5020, .T. ) ;
#2835 = CARTESIAN_POINT ( 'NONE',  ( 0.9068532551529727703, 18.77611816078411877, 1.058410191685517088 ) ) ;
#2836 = EDGE_LOOP ( 'NONE', ( #2796, #5483, #302, #2938 ) ) ;
#2837 = VERTEX_POINT ( 'NONE', #3443 ) ;
#2838 = CARTESIAN_POINT ( 'NONE',  ( 8.357821303193636808, -2.130618037220521455, 15.69063982387576139 ) ) ;
#2839 = CARTESIAN_POINT ( 'NONE',  ( 0.4182233646136210847, -11.25539654257611311, 14.45119542963821146 ) ) ;
#2840 = CARTESIAN_POINT ( 'NONE',  ( 1.911690948752700958, 16.86597515105518497, -10.39337113502301690 ) ) ;
#2841 = ORIENTED_EDGE ( 'NONE', *, *, #3981, .F. ) ;
#2842 = CARTESIAN_POINT ( 'NONE',  ( 0.5844060700456851221, -15.50853451509838621, -10.05595017251502377 ) ) ;
#2843 = ORIENTED_EDGE ( 'NONE', *, *, #2570, .T. ) ;
#2844 = ORIENTED_EDGE ( 'NONE', *, *, #5704, .T. ) ;
#2845 = CARTESIAN_POINT ( 'NONE',  ( 7.369041213193490591, 16.81957317253000994, -2.283625485934233090 ) ) ;
#2846 = EDGE_CURVE ( 'NONE', #982, #3053, #3077, .T. ) ;
#2847 = CARTESIAN_POINT ( 'NONE',  ( 0.5844060700456906732, 10.05595017251507528, -15.50853451509835601 ) ) ;
#2848 = CARTESIAN_POINT ( 'NONE',  ( 8.081286344341222616, -3.278649261536582316, -11.37508171546221902 ) ) ;
#2849 = DIRECTION ( 'NONE',  ( 0.000000000000000000, 0.000000000000000000, 1.000000000000000000 ) ) ;
#2850 = CARTESIAN_POINT ( 'NONE',  ( 10.08627239375047324, 10.00230772699672599, -9.570084858214476853 ) ) ;
#2851 = FACE_OUTER_BOUND ( 'NONE', #3359, .T. ) ;
#2852 = ORIENTED_EDGE ( 'NONE', *, *, #4002, .F. ) ;
#2853 = EDGE_CURVE ( 'NONE', #3598, #3053, #5490, .T. ) ;
#2854 = CARTESIAN_POINT ( 'NONE',  ( 0.4188821999575219057, -18.31108308808429896, -0.5096840345095402514 ) ) ;
#2855 = FACE_OUTER_BOUND ( 'NONE', #4515, .T. ) ;
#2856 = CARTESIAN_POINT ( 'NONE',  ( 2.396304448593411518, 18.66042160530723493, -7.981722656628935653 ) ) ;
#2857 = CARTESIAN_POINT ( 'NONE',  ( 0.4182233646136210847, 18.30701878804081417, 0.6116075298352831036 ) ) ;
#2858 = ORIENTED_EDGE ( 'NONE', *, *, #921, .T. ) ;
#2859 = CARTESIAN_POINT ( 'NONE',  ( 8.564997480335417634, 11.92348053040777600, 3.108567637075971390 ) ) ;
#2860 = EDGE_CURVE ( 'NONE', #3787, #5494, #669, .T. ) ;
#2861 = CARTESIAN_POINT ( 'NONE',  ( 2.396304448592333269, -10.40505933543970229, 17.42566989475860240 ) ) ;
#2862 = DIRECTION ( 'NONE',  ( -0.7562523480584153468, 0.4122222274787534224, 0.5080897767408711907 ) ) ;
#2863 = LINE ( 'NONE', #2447, #2219 ) ;
#2864 = CARTESIAN_POINT ( 'NONE',  ( 8.230357535800608915, 11.18423031998660022, 4.313548019702461822 ) ) ;
#2865 = ORIENTED_EDGE ( 'NONE', *, *, #4649, .F. ) ;
#2866 = EDGE_CURVE ( 'NONE', #178, #875, #748, .T. ) ;
#2867 = ORIENTED_EDGE ( 'NONE', *, *, #5034, .F. ) ;
#2868 = CARTESIAN_POINT ( 'NONE',  ( 6.743615739646600105, -2.380406338837385061, 17.53364867772560842 ) ) ;
#2869 = CARTESIAN_POINT ( 'NONE',  ( 0.5845099095027012082, -11.64211400149393327, 14.35624590234762010 ) ) ;
#2870 = CARTESIAN_POINT ( 'NONE',  ( 0.6337479801890594233, 0.9963524547568002321, 18.53275695733654871 ) ) ;
#2871 = EDGE_LOOP ( 'NONE', ( #321, #5263, #3263, #492 ) ) ;
#2872 = DIRECTION ( 'NONE',  ( 0.7562523480584151248, -0.5080897767408699695, -0.4122222274787551433 ) ) ;
#2873 = B_SPLINE_CURVE_WITH_KNOTS ( 'NONE', 3,
 ( #3061, #2548, #3872, #1245, #4398, #4370, #2109 ),
 .UNSPECIFIED., .F., .F.,
 ( 4, 3, 4 ),
 ( 2.776912483567713316E-18, 0.003806765355762669906, 0.01002496898031622445 ),
 .UNSPECIFIED. ) ;
#2874 = CARTESIAN_POINT ( 'NONE',  ( 8.230357535800605362, 6.512792486836192829, 10.06365929432215189 ) ) ;
#2875 = CARTESIAN_POINT ( 'NONE',  ( 22.09324635661532810, 0.01010921362861736707, -0.0007381212216449544545 ) ) ;
#2876 = ADVANCED_FACE ( 'NONE', ( #4297 ), #4776, .F. ) ;
#2877 = B_SPLINE_CURVE_WITH_KNOTS ( 'NONE', 3,
 ( #67, #1878, #3693, #1424 ),
 .UNSPECIFIED., .F., .F.,
 ( 4, 4 ),
 ( 0.000000000000000000, 0.002859022159863997166 ),
 .UNSPECIFIED. ) ;
#2878 = DIRECTION ( 'NONE',  ( 0.7562523480584152358, 0.3558384192823187409, 0.5490550112864778232 ) ) ;
#2879 = SHAPE_REPRESENTATION ( 'straight bevel pinion_iso_ISO - Straight bevel pinion 2M20PT 20GT 20PA 10FW ---20O20H50MD0.8N', ( #5373 ), #3761 ) ;
#2880 = CARTESIAN_POINT ( 'NONE',  ( 0.4197050914631898499, -14.63838454400560352, -11.01330936110523417 ) ) ;
#2881 = CARTESIAN_POINT ( 'NONE',  ( 0.4200341587692231204, -17.48459763070970396, 5.466863109327275261 ) ) ;
#2882 = ORIENTED_EDGE ( 'NONE', *, *, #2860, .F. ) ;
#2883 = CARTESIAN_POINT ( 'NONE',  ( 22.09255692238962965, 0.006754285118807771410, -0.006673540516228969668 ) ) ;
#2884 = ORIENTED_EDGE ( 'NONE', *, *, #2247, .F. ) ;
#2885 = CARTESIAN_POINT ( 'NONE',  ( 8.082341011147274656, 1.479851376041587411E-15, 11.83921436388618709 ) ) ;
#2886 = CARTESIAN_POINT ( 'NONE',  ( 8.082269409299110308, -11.22283934583987630, -3.770450136622515824 ) ) ;
#2887 = CARTESIAN_POINT ( 'NONE',  ( 0.4078353108599463428, 0.8093236901506298819, -18.30684428841290767 ) ) ;
#2888 = CARTESIAN_POINT ( 'NONE',  ( 8.081990258054290166, -0.2294869342808960322, 11.83663919117131691 ) ) ;
#2889 = ORIENTED_EDGE ( 'NONE', *, *, #4799, .T. ) ;
#2890 = CARTESIAN_POINT ( 'NONE',  ( 0.4182233646136210847, 11.25539654257622146, -14.45119542963812975 ) ) ;
#2891 = B_SPLINE_CURVE_WITH_KNOTS ( 'NONE', 3,
 ( #5120, #2854, #129, #246, #597, #2026, #2052, #1608, #4672, #5746, #1273, #779, #1665 ),
 .UNSPECIFIED., .F., .F.,
 ( 4, 3, 3, 3, 4 ),
 ( 4.228388472693467293E-18, 0.0003060198743295309610, 0.0006120397344444666009, 0.0009177208998331743512, 0.001223526564453231505 ),
 .UNSPECIFIED. ) ;
#2892 = DIRECTION ( 'NONE',  ( -1.000000000000000000, -0.000000000000000000, -0.000000000000000000 ) ) ;
#2893 = CARTESIAN_POINT ( 'NONE',  ( 3.663019018077783073, 15.27179331871358947, 15.55652500317765963 ) ) ;
#2894 = CARTESIAN_POINT ( 'NONE',  ( 22.09255692238962965, -0.008485944307322058899, 0.004259725308153806088 ) ) ;
#2895 = CARTESIAN_POINT ( 'NONE',  ( 22.09374604753667626, 0.004897976078547520117, -0.009209269515131714157 ) ) ;
#2896 = ORIENTED_EDGE ( 'NONE', *, *, #2422, .T. ) ;
#2897 = EDGE_CURVE ( 'NONE', #2519, #1809, #5128, .T. ) ;
#2898 = DIRECTION ( 'NONE',  ( -0.7562523480584152358, 0.6106057667823882040, -0.2350382599242627490 ) ) ;
#2899 = EDGE_CURVE ( 'NONE', #3659, #1641, #3417, .T. ) ;
#2900 = CARTESIAN_POINT ( 'NONE',  ( 0.4200338615266611675, 0.2038341464852461704, -18.31819228322202164 ) ) ;
#2901 = CARTESIAN_POINT ( 'NONE',  ( 3.663019018077783073, 3.211244355634096159, 21.56202798978808488 ) ) ;
#2902 = CONICAL_SURFACE ( 'NONE', #3282, 11.57075366007362227, 0.7853981625000063804 ) ;
#2903 = VERTEX_POINT ( 'NONE', #5219 ) ;
#2904 = CARTESIAN_POINT ( 'NONE',  ( 22.09284734956529661, -0.006050227743835383080, -0.007732802495629845750 ) ) ;
#2905 = EDGE_CURVE ( 'NONE', #887, #584, #1238, .T. ) ;
#2906 = CARTESIAN_POINT ( 'NONE',  ( 8.230357535800607138, 6.512792486836337602, -10.06365929432205952 ) ) ;
#2907 = CARTESIAN_POINT ( 'NONE',  ( 22.09255692238962965, 0.004259725308153012452, -0.008485944307323295757 ) ) ;
#2908 = CARTESIAN_POINT ( 'NONE',  ( 22.09324635661532810, -0.008612382393803840255, 0.005344894070956123129 ) ) ;
#2909 = CARTESIAN_POINT ( 'NONE',  ( 22.09712324851893683, 0.0006555654423620823918, -0.01453401213442115196 ) ) ;
#2910 = FACE_BOUND ( 'NONE', #4490, .T. ) ;
#2911 = EDGE_CURVE ( 'NONE', #2325, #5595, #364, .T. ) ;
#2912 = ORIENTED_EDGE ( 'NONE', *, *, #5143, .F. ) ;
#2913 = CARTESIAN_POINT ( 'NONE',  ( 0.4188817388288015309, 10.35058216146993182, -15.11360179239876267 ) ) ;
#2914 = VERTEX_POINT ( 'NONE', #4801 ) ;
#2915 = CARTESIAN_POINT ( 'NONE',  ( 0.4197044002284095465, -0.3059420402724703503, -18.31615842049090759 ) ) ;
#2916 =( BOUNDED_SURFACE ( )  B_SPLINE_SURFACE ( 3, 1, ( 
 ( #3586, #1797 ),
 ( #2770, #3729 ),
 ( #2709, #4560 ),
 ( #3637, #5429 ) ),
 .UNSPECIFIED., .F., .F., .F. ) 
 B_SPLINE_SURFACE_WITH_KNOTS ( ( 4, 4 ),
 ( 2, 2 ),
 ( 0.000000000000000000, 1.000000000000000000 ),
 ( 0.000000000000000000, 1.000000000000000000 ),
 .UNSPECIFIED. ) 
 GEOMETRIC_REPRESENTATION_ITEM ( )  RATIONAL_B_SPLINE_SURFACE ( (
 ( 1.000000000000000000, 1.000000000000000000),
 ( 0.7790009610346629865, 0.9689941987838144311),
 ( 0.7790009610346629865, 0.9689941987838144311),
 ( 1.000000000000000000, 1.000000000000000000) ) ) 
 REPRESENTATION_ITEM ( '' )  SURFACE ( )  );
#2917 = VECTOR ( 'NONE', #1634, 1000.000000000000114 ) ;
#2918 = CARTESIAN_POINT ( 'NONE',  ( 8.082347709208530517, -11.27215765980574425, -3.620527345462695390 ) ) ;
#2919 = AXIS2_PLACEMENT_3D ( 'NONE', #1081, #633, #3824 ) ;
#2920 = EDGE_CURVE ( 'NONE', #1567, #5048, #4714, .T. ) ;
#2921 = CIRCLE ( 'NONE', #4692, 13.84314574289256150 ) ;
#2922 = CARTESIAN_POINT ( 'NONE',  ( 10.08627239375047147, 0.000000000000000000, 0.000000000000000000 ) ) ;
#2923 = FACE_OUTER_BOUND ( 'NONE', #4148, .T. ) ;
#2924 = CARTESIAN_POINT ( 'NONE',  ( 6.010425613513223908, 16.70098774805976660, -8.048684550964479101 ) ) ;
#2925 = VECTOR ( 'NONE', #273, 1000.000000000000114 ) ;
#2926 = VECTOR ( 'NONE', #637, 1000.000000000000114 ) ;
#2927 = ADVANCED_FACE ( 'NONE', ( #372 ), #3917, .F. ) ;
#2928 = CARTESIAN_POINT ( 'NONE',  ( 0.4201985021554919819, 17.39116675331617046, 5.757698063725298354 ) ) ;
#2929 = CARTESIAN_POINT ( 'NONE',  ( 0.4126876516628540381, 15.17405881654035582, -10.26841886461234488 ) ) ;
#2930 = CARTESIAN_POINT ( 'NONE',  ( 22.09182100077397237, -0.008252970338748281259, 0.004274792326014869095 ) ) ;
#2931 = SURFACE_STYLE_FILL_AREA ( #5190 ) ;
#2932 = VERTEX_POINT ( 'NONE', #400 ) ;
#2933 = DIRECTION ( 'NONE',  ( 0.000000000000000000, 0.000000000000000000, 1.000000000000000000 ) ) ;
#2934 = B_SPLINE_CURVE_WITH_KNOTS ( 'NONE', 3,
 ( #1389, #533, #3207, #1044, #5507, #1007, #4029 ),
 .UNSPECIFIED., .F., .F.,
 ( 4, 3, 4 ),
 ( 0.000000000000000000, 0.002636963911866011499, 0.01002496898031693916 ),
 .UNSPECIFIED. ) ;
#2935 = CARTESIAN_POINT ( 'NONE',  ( 2.831810311861893137, -17.97099262013264109, 10.53442703000821545 ) ) ;
#2936 = CARTESIAN_POINT ( 'NONE',  ( 9.516581620098307326, -11.44423094020446108, -6.726557109334494022 ) ) ;
#2937 = VERTEX_POINT ( 'NONE', #844 ) ;
#2938 = ORIENTED_EDGE ( 'NONE', *, *, #589, .F. ) ;
#2939 = CARTESIAN_POINT ( 'NONE',  ( 0.4126876516628503189, 10.26841886461250475, 15.17405881654024213 ) ) ;
#2940 = FACE_OUTER_BOUND ( 'NONE', #5517, .T. ) ;
#2941 = EDGE_CURVE ( 'NONE', #2969, #5253, #1521, .T. ) ;
#2942 = DIRECTION ( 'NONE',  ( 0.000000000000000000, 0.000000000000000000, 1.000000000000000000 ) ) ;
#2943 = DIRECTION ( 'NONE',  ( -1.000000000000000000, -0.000000000000000000, -0.000000000000000000 ) ) ;
#2944 = CARTESIAN_POINT ( 'NONE',  ( 0.4197050914631917373, -17.51418098979538485, 5.369241044903841242 ) ) ;
#2945 = ORIENTED_EDGE ( 'NONE', *, *, #4082, .T. ) ;
#2946 = CARTESIAN_POINT ( 'NONE',  ( 0.4201982049628599225, 0.0001842921052263351222, 18.31920718179841145 ) ) ;
#2947 = ORIENTED_EDGE ( 'NONE', *, *, #3893, .T. ) ;
#2948 = B_SPLINE_CURVE_WITH_KNOTS ( 'NONE', 3,
 ( #977, #4189, #123, #532, #3366, #1900 ),
 .UNSPECIFIED., .F., .F.,
 ( 4, 2, 4 ),
 ( 6.992893892674702526E-18, 0.0001743161698667548473, 0.0003486323397335027016 ),
 .UNSPECIFIED. ) ;
#2949 = CARTESIAN_POINT ( 'NONE',  ( 10.08627239375047324, -1.863152317086184784, -13.71719167695417418 ) ) ;
#2950 = CARTESIAN_POINT ( 'NONE',  ( 8.081832178819821522, -11.34735385821354114, -3.376820274059514126 ) ) ;
#2951 = FACE_OUTER_BOUND ( 'NONE', #649, .T. ) ;
#2952 = CARTESIAN_POINT ( 'NONE',  ( 0.4188821999575220167, 17.57237591976961966, -5.173697537357729637 ) ) ;
#2953 = CARTESIAN_POINT ( 'NONE',  ( 0.6480971303263403094, -17.30622377986102833, -6.670064725496289704 ) ) ;
#2954 = B_SPLINE_CURVE_WITH_KNOTS ( 'NONE', 3,
 ( #2611, #3491, #2140, #4432, #2198, #3068 ),
 .UNSPECIFIED., .F., .F.,
 ( 4, 2, 4 ),
 ( 7.589415207398531038E-19, 0.0002683118749524646194, 0.0005366237499049283715 ),
 .UNSPECIFIED. ) ;
#2955 = CARTESIAN_POINT ( 'NONE',  ( 9.812871695695708496, 13.30259574546541401, 2.693973716959406239 ) ) ;
#2956 =( BOUNDED_SURFACE ( )  B_SPLINE_SURFACE ( 3, 1, ( 
 ( #5403, #5431 ),
 ( #3192, #2185 ),
 ( #1321, #4090 ),
 ( #5013, #909 ) ),
 .UNSPECIFIED., .F., .F., .F. ) 
 B_SPLINE_SURFACE_WITH_KNOTS ( ( 4, 4 ),
 ( 2, 2 ),
 ( 0.000000000000000000, 1.000000000000000000 ),
 ( 0.000000000000000000, 1.000000000000000000 ),
 .UNSPECIFIED. ) 
 GEOMETRIC_REPRESENTATION_ITEM ( )  RATIONAL_B_SPLINE_SURFACE ( (
 ( 1.000000000000000000, 1.000000000000000000),
 ( 0.9934036227985141299, 0.8357362271078285776),
 ( 0.9934036227985141299, 0.8357362271078285776),
 ( 1.000000000000000000, 1.000000000000000000) ) ) 
 REPRESENTATION_ITEM ( '' )  SURFACE ( )  );
#2957 = EDGE_CURVE ( 'NONE', #3111, #2362, #812, .T. ) ;
#2958 = CARTESIAN_POINT ( 'NONE',  ( 8.230357535800608915, 4.313548019702420966, 11.18423031998661621 ) ) ;
#2959 = CARTESIAN_POINT ( 'NONE',  ( 22.09255692238962965, -0.009386940141984994809, 0.001428938507665190741 ) ) ;
#2960 = CARTESIAN_POINT ( 'NONE',  ( 3.515204589129463653, -15.47425434527222521, 14.80256717256975918 ) ) ;
#2961 = CARTESIAN_POINT ( 'NONE',  ( 3.663019018077784850, 15.55652500317760634, 15.27179331871364987 ) ) ;
#2962 = ORIENTED_EDGE ( 'NONE', *, *, #2570, .F. ) ;
#2963 = EDGE_CURVE ( 'NONE', #5736, #5093, #4921, .T. ) ;
#2964 = DIRECTION ( 'NONE',  ( -0.9868413270816109861, 0.1616916669584593791, 0.000000000000000000 ) ) ;
#2965 = CARTESIAN_POINT ( 'NONE',  ( 11.36374701386286823, -9.262755989700083958, -0.5019282638045555744 ) ) ;
#2966 = CARTESIAN_POINT ( 'NONE',  ( 3.085675480213952770, -4.147152605942278747, 20.57159199408990347 ) ) ;
#2967 = EDGE_CURVE ( 'NONE', #2068, #479, #1216, .T. ) ;
#2968 = ORIENTED_EDGE ( 'NONE', *, *, #5695, .T. ) ;
#2969 = VERTEX_POINT ( 'NONE', #3945 ) ;
#2970 = CARTESIAN_POINT ( 'NONE',  ( 3.085675480213955879, -20.84628725004692740, 2.412795017569507650 ) ) ;
#2971 = CARTESIAN_POINT ( 'NONE',  ( 0.5251705844569024562, -0.9321964365970022426, 18.40070790732974260 ) ) ;
#2972 = B_SPLINE_CURVE_WITH_KNOTS ( 'NONE', 3,
 ( #2750, #88, #2693, #3681, #4987, #2279, #4514, #5859, #3621, #5047, #2221, #973, #5411 ),
 .UNSPECIFIED., .F., .F.,
 ( 4, 3, 3, 3, 4 ),
 ( 0.000000000000000000, 0.0003060394048542590330, 0.0004590327578743523106, 0.0006264795226578696646, 0.0007939722156138033895 ),
 .UNSPECIFIED. ) ;
#2973 = CARTESIAN_POINT ( 'NONE',  ( 0.5844060700456817914, 17.25112245679600775, -6.635928771372677559 ) ) ;
#2974 = CARTESIAN_POINT ( 'NONE',  ( 11.25262228702623979, 8.798914955062958398, -2.535025170081433021 ) ) ;
#2975 = CARTESIAN_POINT ( 'NONE',  ( 22.09255692238962965, 0.001428938507665224135, 0.009386940141984991340 ) ) ;
#2976 = ORIENTED_EDGE ( 'NONE', *, *, #2860, .T. ) ;
#2977 = CARTESIAN_POINT ( 'NONE',  ( 8.081286344341226169, 9.805187248470449646, 6.633274307312323259 ) ) ;
#2978 = VERTEX_POINT ( 'NONE', #2180 ) ;
#2979 = CARTESIAN_POINT ( 'NONE',  ( 3.085675480212946464, 18.28320598304061306, 10.30114803747342656 ) ) ;
#2980 = EDGE_CURVE ( 'NONE', #586, #2431, #5854, .T. ) ;
#2981 = CARTESIAN_POINT ( 'NONE',  ( 3.304290419810176349, 3.994695628827161560, -20.82473661399631126 ) ) ;
#2982 = CIRCLE ( 'NONE', #3464, 21.41421356110392082 ) ;
#2983 = EDGE_CURVE ( 'NONE', #2903, #4886, #4384, .T. ) ;
#2984 = CARTESIAN_POINT ( 'NONE',  ( 8.230357535800605362, -3.084191986338657543, -11.58367230890925192 ) ) ;
#2985 = CARTESIAN_POINT ( 'NONE',  ( 22.09712324851893683, -0.01453401213442113808, -0.0006555654423622364569 ) ) ;
#2986 = CARTESIAN_POINT ( 'NONE',  ( 9.510122032027846117, 12.77716288648883847, -6.869968015302228892 ) ) ;
#2987 = EDGE_LOOP ( 'NONE', ( #3494, #357, #5676, #217 ) ) ;
#2988 = CARTESIAN_POINT ( 'NONE',  ( 8.081585098691666857, 3.332381699167395794, 11.35990528688151002 ) ) ;
#2989 = CARTESIAN_POINT ( 'NONE',  ( 0.6480971303263350913, 10.08046346888053790, 15.56853882718292148 ) ) ;
#2990 = CARTESIAN_POINT ( 'NONE',  ( 8.933971668274589106, 7.184494425268304951, 13.36175141552391210 ) ) ;
#2991 = CARTESIAN_POINT ( 'NONE',  ( 8.080971495803110471, -6.584279350100858075, -9.837952534379795111 ) ) ;
#2992 = CARTESIAN_POINT ( 'NONE',  ( 22.10703667329342181, -0.004043891623595111291, 0.01041089088770262572 ) ) ;
#2993 = ORIENTED_EDGE ( 'NONE', *, *, #5016, .T. ) ;
#2994 = CARTESIAN_POINT ( 'NONE',  ( 5.129410166199497745, 13.51718782607694003, -14.13005357048155375 ) ) ;
#2995 = CARTESIAN_POINT ( 'NONE',  ( 8.891830625034106816, 11.73196407480894798, -4.731079870203148907 ) ) ;
#2996 = ORIENTED_EDGE ( 'NONE', *, *, #1459, .T. ) ;
#2997 = ORIENTED_EDGE ( 'NONE', *, *, #5011, .F. ) ;
#2998 = B_SPLINE_CURVE_WITH_KNOTS ( 'NONE', 3,
 ( #2711, #3699, #907, #4534, #3223, #461 ),
 .UNSPECIFIED., .F., .F.,
 ( 4, 2, 4 ),
 ( 1.017302917750628482E-17, 0.0002687592685055708924, 0.0005375185370111315933 ),
 .UNSPECIFIED. ) ;
#2999 = CARTESIAN_POINT ( 'NONE',  ( 8.082162653057835655, -7.114261728424717823, -9.463638848523894254 ) ) ;
#3000 = DIRECTION ( 'NONE',  ( -1.000000000000000000, -0.000000000000000000, -0.000000000000000000 ) ) ;
#3001 = CARTESIAN_POINT ( 'NONE',  ( 8.150690745220670053, -9.976596987875783640, -6.500734843815796360 ) ) ;
#3002 = CARTESIAN_POINT ( 'NONE',  ( 0.4201982046941562521, 14.82038744593593904, -10.76798345734363593 ) ) ;
#3003 = VERTEX_POINT ( 'NONE', #759 ) ;
#3004 = CARTESIAN_POINT ( 'NONE',  ( 1.161569255189768501, 17.74109025757364577, 6.969108021403207509 ) ) ;
#3005 = VERTEX_POINT ( 'NONE', #2123 ) ;
#3006 = FACE_OUTER_BOUND ( 'NONE', #5405, .T. ) ;
#3007 = B_SPLINE_CURVE_WITH_KNOTS ( 'NONE', 3,
 ( #3162, #2769, #1883, #15, #5457, #3696, #2358, #2739, #1824, #5037, #1374, #5549, #4114 ),
 .UNSPECIFIED., .F., .F.,
 ( 4, 3, 3, 3, 4 ),
 ( 4.336808689942017736E-18, 0.0003060198743295320452, 0.0006120397344444687693, 0.0009177208998331722913, 0.001223526564453230638 ),
 .UNSPECIFIED. ) ;
#3008 = CARTESIAN_POINT ( 'NONE',  ( 5.129410166199525278, 14.13005357048167632, 13.51718782607676417 ) ) ;
#3009 = CARTESIAN_POINT ( 'NONE',  ( 22.09182100077397237, -0.004274792326014954964, -0.008252970338748243095 ) ) ;
#3010 = CARTESIAN_POINT ( 'NONE',  ( 22.09255692238962965, 0.008434103081284683931, 0.004361469442993027440 ) ) ;
#3011 = CARTESIAN_POINT ( 'NONE',  ( 9.516581620098312655, -9.933797819138789009, 8.805489949250109305 ) ) ;
#3012 = ORIENTED_EDGE ( 'NONE', *, *, #3893, .F. ) ;
#3013 = CARTESIAN_POINT ( 'NONE',  ( 8.081286344341222616, -11.37508171546221014, 3.278649261536616955 ) ) ;
#3014 = CONICAL_SURFACE ( 'NONE', #5099, 13.84314574289256150, 0.8559913436420820698 ) ;
#3015 = AXIS2_PLACEMENT_3D ( 'NONE', #3215, #2793, #1820 ) ;
#3016 = CARTESIAN_POINT ( 'NONE',  ( 8.080972016268404445, -11.10943098990113853, 4.088837066448571811 ) ) ;
#3017 = EDGE_CURVE ( 'NONE', #1488, #1888, #1030, .T. ) ;
#3018 = CARTESIAN_POINT ( 'NONE',  ( 0.4182233646136210847, -11.25539654257590527, -14.45119542963837667 ) ) ;
#3019 = CARTESIAN_POINT ( 'NONE',  ( 8.081819171567943272, 11.83538582293019026, 0.2853079687556265842 ) ) ;
#3020 = AXIS2_PLACEMENT_3D ( 'NONE', #3572, #3179, #4993 ) ;
#3021 = LINE ( 'NONE', #1648, #1685 ) ;
#3022 = AXIS2_PLACEMENT_3D ( 'NONE', #5246, #2035, #1587 ) ;
#3023 = ORIENTED_EDGE ( 'NONE', *, *, #5006, .T. ) ;
#3024 = B_SPLINE_CURVE_WITH_KNOTS ( 'NONE', 3,
 ( #3662, #4613, #539, #4943, #5839, #2763, #3156 ),
 .UNSPECIFIED., .F., .F.,
 ( 4, 3, 4 ),
 ( 9.260889149320063899E-18, 0.003806765355762688988, 0.01002496898031634935 ),
 .UNSPECIFIED. ) ;
#3025 = CARTESIAN_POINT ( 'NONE',  ( 22.09284734956529661, 0.002699733992273775900, 0.009439964330423811917 ) ) ;
#3026 = CARTESIAN_POINT ( 'NONE',  ( 3.515204589128320123, 10.14264561317931701, 18.85988553533719880 ) ) ;
#3027 = VERTEX_POINT ( 'NONE', #1678 ) ;
#3028 = ORIENTED_EDGE ( 'NONE', *, *, #2589, .F. ) ;
#3029 = CARTESIAN_POINT ( 'NONE',  ( 8.096103227782995404, 11.42109411224238613, -3.170745926815864202 ) ) ;
#3030 = CARTESIAN_POINT ( 'NONE',  ( 3.304290419810170576, -20.82473661399632547, -3.994695628827094058 ) ) ;
#3031 = EDGE_CURVE ( 'NONE', #4659, #3027, #1806, .T. ) ;
#3032 = CARTESIAN_POINT ( 'NONE',  ( 8.081286344341224392, -9.805187248470398131, -6.633274307312396090 ) ) ;
#3033 = CARTESIAN_POINT ( 'NONE',  ( 10.08627239375047324, 13.62157025872562777, 2.466882191262061763 ) ) ;
#3034 =( BOUNDED_SURFACE ( )  B_SPLINE_SURFACE ( 3, 1, ( 
 ( #1712, #4803 ),
 ( #5338, #4414 ),
 ( #5365, #2504 ),
 ( #1261, #257 ) ),
 .UNSPECIFIED., .F., .F., .F. ) 
 B_SPLINE_SURFACE_WITH_KNOTS ( ( 4, 4 ),
 ( 2, 2 ),
 ( 0.000000000000000000, 1.000000000000000000 ),
 ( 0.000000000000000000, 1.000000000000000000 ),
 .UNSPECIFIED. ) 
 GEOMETRIC_REPRESENTATION_ITEM ( )  RATIONAL_B_SPLINE_SURFACE ( (
 ( 1.000000000000000000, 1.000000000000000000),
 ( 0.9594539417957813621, 0.9995981945367502508),
 ( 0.9594539417957813621, 0.9995981945367502508),
 ( 1.000000000000000000, 1.000000000000000000) ) ) 
 REPRESENTATION_ITEM ( '' )  SURFACE ( )  );
#3035 = VERTEX_POINT ( 'NONE', #1879 ) ;
#3036 = CARTESIAN_POINT ( 'NONE',  ( 7.813880306852850843, 4.898587196589404447E-17, -0.3999999999999993006 ) ) ;
#3037 = ORIENTED_EDGE ( 'NONE', *, *, #4269, .F. ) ;
#3038 = ADVANCED_FACE ( 'NONE', ( #1369 ), #5193, .F. ) ;
#3039 = CARTESIAN_POINT ( 'NONE',  ( 0.4201982046941565851, 14.82071241848053944, 10.76753617100860794 ) ) ;
#3040 = CARTESIAN_POINT ( 'NONE',  ( 11.25262228702623979, 2.535025170081524060, 8.798914955062935306 ) ) ;
#3041 = CARTESIAN_POINT ( 'NONE',  ( 3.515204589128320123, 18.85988553533717038, 10.14264561317938274 ) ) ;
#3042 = CARTESIAN_POINT ( 'NONE',  ( 8.082269409299117413, -3.546261219361405814, -11.29568274073513479 ) ) ;
#3043 = CARTESIAN_POINT ( 'NONE',  ( 0.4201982050972177252, -5.422644998716832695E-17, -18.31920718262799497 ) ) ;
#3044 = ADVANCED_FACE ( 'NONE', ( #5545 ), #5773, .F. ) ;
#3045 = EDGE_LOOP ( 'NONE', ( #1546, #1468, #470, #111 ) ) ;
#3046 = FACE_OUTER_BOUND ( 'NONE', #3045, .T. ) ;
#3047 = CONICAL_SURFACE ( 'NONE', #475, 13.84314574289256150, 0.8559913436420820698 ) ;
#3048 = CARTESIAN_POINT ( 'NONE',  ( 8.899588490903193261, 8.079673041661779465, -9.742752544668933368 ) ) ;
#3049 = B_SPLINE_CURVE_WITH_KNOTS ( 'NONE', 3,
 ( #4708, #5638, #5754, #2144, #4352, #4910, #4472, #370, #5273, #2588, #3972, #1675, #1257 ),
 .UNSPECIFIED., .F., .F.,
 ( 4, 3, 3, 3, 4 ),
 ( 4.228388472693467293E-18, 0.0003060198743295309068, 0.0006120397344444663840, 0.0009177208998331743512, 0.001223526564453231505 ),
 .UNSPECIFIED. ) ;
#3050 = CARTESIAN_POINT ( 'NONE',  ( 11.25262228702623979, -8.798914955062944188, 2.535025170081490753 ) ) ;
#3051 = CARTESIAN_POINT ( 'NONE',  ( 8.082286027375504389, 11.83880993571434992, -0.09096226571876406264 ) ) ;
#3052 = CARTESIAN_POINT ( 'NONE',  ( 7.369041213193487039, -7.369390847620010732, -15.29068558309645454 ) ) ;
#3053 = VERTEX_POINT ( 'NONE', #2290 ) ;
#3054 = EDGE_CURVE ( 'NONE', #1809, #4300, #2432, .T. ) ;
#3055 = CARTESIAN_POINT ( 'NONE',  ( 0.6337479801890598674, -4.779349357814425048, 17.93358911009631385 ) ) ;
#3056 = CARTESIAN_POINT ( 'NONE',  ( 11.36374701386286823, -9.262755989700091064, 0.5019282638044252343 ) ) ;
#3057 = VERTEX_POINT ( 'NONE', #3246 ) ;
#3058 = ORIENTED_EDGE ( 'NONE', *, *, #5284, .T. ) ;
#3059 = CARTESIAN_POINT ( 'NONE',  ( 0.4126876516628503189, 15.17405881654035582, -10.26841886461233955 ) ) ;
#3060 = CARTESIAN_POINT ( 'NONE',  ( 10.08627239375047324, -9.570084858214658041, 10.00230772699655191 ) ) ;
#3061 = CARTESIAN_POINT ( 'NONE',  ( 3.515204589128320567, 14.80256717256817467, 15.47425434527215593 ) ) ;
#3062 = VERTEX_POINT ( 'NONE', #39 ) ;
#3063 = CARTESIAN_POINT ( 'NONE',  ( 0.4126876516628502078, 11.25827158159089514, 14.45488872119379131 ) ) ;
#3064 = ORIENTED_EDGE ( 'NONE', *, *, #2980, .F. ) ;
#3065 = EDGE_CURVE ( 'NONE', #187, #435, #594, .T. ) ;
#3066 = LINE ( 'NONE', #2553, #1674 ) ;
#3067 = CARTESIAN_POINT ( 'NONE',  ( 8.082161297655170884, 6.817627422528730996, 9.679143226645599896 ) ) ;
#3068 = CARTESIAN_POINT ( 'NONE',  ( 0.4182233646136228611, 14.45119542963825410, 11.25539654257606514 ) ) ;
#3069 = CARTESIAN_POINT ( 'NONE',  ( 0.5845099095027013192, -17.25121229187543648, -6.635984425320787139 ) ) ;
#3070 = CARTESIAN_POINT ( 'NONE',  ( 3.515204589130441537, 18.85988553534021150, -10.14264561317818725 ) ) ;
#3071 = VERTEX_POINT ( 'NONE', #5423 ) ;
#3072 = CARTESIAN_POINT ( 'NONE',  ( 8.230357535800605362, 7.558545190369470035, 9.303875481428647731 ) ) ;
#3073 = DIRECTION ( 'NONE',  ( 0.000000000000000000, 0.000000000000000000, 1.000000000000000000 ) ) ;
#3074 = CARTESIAN_POINT ( 'NONE',  ( 3.085675480213954103, -15.44679532677761813, 14.20513238378714682 ) ) ;
#3075 = CARTESIAN_POINT ( 'NONE',  ( 0.5844060700456829016, 4.771376216093995204, -17.85695230666744493 ) ) ;
#3076 = VERTEX_POINT ( 'NONE', #1425 ) ;
#3077 = B_SPLINE_CURVE_WITH_KNOTS ( 'NONE', 3,
 ( #3320, #1527, #2007, #1500 ),
 .UNSPECIFIED., .F., .F.,
 ( 4, 4 ),
 ( 0.000000000000000000, 0.002859022159863999768 ),
 .UNSPECIFIED. ) ;
#3078 = CARTESIAN_POINT ( 'NONE',  ( 3.515204589130436208, -18.85988553533999124, -10.14264561317860114 ) ) ;
#3079 = CARTESIAN_POINT ( 'NONE',  ( 10.08627239375047324, 6.010808495292747189, 12.47007880054817264 ) ) ;
#3080 = ADVANCED_FACE ( 'NONE', ( #1910 ), #109, .F. ) ;
#3081 = VERTEX_POINT ( 'NONE', #985 ) ;
#3082 = EDGE_LOOP ( 'NONE', ( #4959, #5070, #3425, #941 ) ) ;
#3083 = CARTESIAN_POINT ( 'NONE',  ( 0.4078353108599463428, -0.8093236901505022063, 18.30684428841291478 ) ) ;
#3084 = CARTESIAN_POINT ( 'NONE',  ( 0.4409628251481774730, 18.32299877733132476, -0.7918016284084847811 ) ) ;
#3085 = EDGE_CURVE ( 'NONE', #2077, #178, #5134, .T. ) ;
#3086 = CARTESIAN_POINT ( 'NONE',  ( 8.150690745220671829, 11.12330154211125866, -4.250200438962637328 ) ) ;
#3087 = CARTESIAN_POINT ( 'NONE',  ( 11.25262228702623979, 0.3080620461960020817, 9.151631263062915522 ) ) ;
#3088 = ORIENTED_EDGE ( 'NONE', *, *, #3663, .F. ) ;
#3089 = CARTESIAN_POINT ( 'NONE',  ( 3.515204589130437984, -15.47425434527200849, -14.80256717257137566 ) ) ;
#3090 = ORIENTED_EDGE ( 'NONE', *, *, #3736, .F. ) ;
#3091 = CARTESIAN_POINT ( 'NONE',  ( 3.093381936068698934, -4.171182439499827588, -20.57841297091739463 ) ) ;
#3092 = CARTESIAN_POINT ( 'NONE',  ( 0.6480971303263367567, 4.776147394168590132, -17.92159482384628078 ) ) ;
#3093 = DIRECTION ( 'NONE',  ( -1.000000000000000000, -0.000000000000000000, -0.000000000000000000 ) ) ;
#3094 = CARTESIAN_POINT ( 'NONE',  ( 0.6480971303263367567, -18.52036025205819669, -0.9956912648607777472 ) ) ;
#3095 = CARTESIAN_POINT ( 'NONE',  ( 11.25262228702623979, -3.120994002997379280, -8.608522139869966949 ) ) ;
#3096 = ORIENTED_EDGE ( 'NONE', *, *, #5427, .T. ) ;
#3097 = CARTESIAN_POINT ( 'NONE',  ( 8.081286344341224392, 0.3969128176509065797, -11.83150392928987138 ) ) ;
#3098 = EDGE_CURVE ( 'NONE', #3513, #3262, #1659, .T. ) ;
#3099 =( BOUNDED_SURFACE ( )  B_SPLINE_SURFACE ( 3, 1, ( 
 ( #5313, #3055 ),
 ( #4417, #2154 ),
 ( #3982, #2628 ),
 ( #378, #5342 ) ),
 .UNSPECIFIED., .F., .F., .F. ) 
 B_SPLINE_SURFACE_WITH_KNOTS ( ( 4, 4 ),
 ( 2, 2 ),
 ( 0.000000000000000000, 1.000000000000000000 ),
 ( 0.000000000000000000, 1.000000000000000000 ),
 .UNSPECIFIED. ) 
 GEOMETRIC_REPRESENTATION_ITEM ( )  RATIONAL_B_SPLINE_SURFACE ( (
 ( 1.000000000000000000, 1.000000000000000000),
 ( 0.9934036227985141299, 0.8357362271078294658),
 ( 0.9934036227985141299, 0.8357362271078294658),
 ( 1.000000000000000000, 1.000000000000000000) ) ) 
 REPRESENTATION_ITEM ( '' )  SURFACE ( )  );
#3100 = CARTESIAN_POINT ( 'NONE',  ( 8.080971495803110471, -7.321794649931081089, 9.302116303998516855 ) ) ;
#3101 = CARTESIAN_POINT ( 'NONE',  ( 6.743615739646621421, 8.380230930007252610, 15.58418749411194426 ) ) ;
#3102 = CARTESIAN_POINT ( 'NONE',  ( 8.150687306238467045, 6.500710348059741683, 9.976609266190356706 ) ) ;
#3103 = CARTESIAN_POINT ( 'NONE',  ( 22.09255692238962965, -0.001541722749955066725, -0.009369076872893239080 ) ) ;
#3104 = ORIENTED_EDGE ( 'NONE', *, *, #4525, .T. ) ;
#3105 =( BOUNDED_SURFACE ( )  B_SPLINE_SURFACE ( 3, 1, ( 
 ( #1966, #5152 ),
 ( #5211, #363 ),
 ( #333, #5803 ),
 ( #247, #691 ) ),
 .UNSPECIFIED., .F., .F., .F. ) 
 B_SPLINE_SURFACE_WITH_KNOTS ( ( 4, 4 ),
 ( 2, 2 ),
 ( 0.000000000000000000, 1.000000000000000000 ),
 ( 0.000000000000000000, 1.000000000000000000 ),
 .UNSPECIFIED. ) 
 GEOMETRIC_REPRESENTATION_ITEM ( )  RATIONAL_B_SPLINE_SURFACE ( (
 ( 1.000000000000000000, 1.000000000000000000),
 ( 0.7790009610346629865, 0.9689941987838144311),
 ( 0.7790009610346629865, 0.9689941987838144311),
 ( 1.000000000000000000, 1.000000000000000000) ) ) 
 REPRESENTATION_ITEM ( '' )  SURFACE ( )  );
#3106 = AXIS2_PLACEMENT_3D ( 'NONE', #4014, #2748, #1299 ) ;
#3107 = AXIS2_PLACEMENT_3D ( 'NONE', #5215, #2117, #1613 ) ;
#3108 = CARTESIAN_POINT ( 'NONE',  ( 11.25262228702623979, -5.628421321541561717, -7.222750890525945877 ) ) ;
#3109 = CARTESIAN_POINT ( 'NONE',  ( 3.663019018077783073, -19.51437814524491543, 9.717107951874583094 ) ) ;
#3110 = ORIENTED_EDGE ( 'NONE', *, *, #2029, .T. ) ;
#3111 = VERTEX_POINT ( 'NONE', #873 ) ;
#3112 = CARTESIAN_POINT ( 'NONE',  ( 0.6480971303263367567, 0.9956912648608423622, -18.52036025205819314 ) ) ;
#3113 = CARTESIAN_POINT ( 'NONE',  ( 8.081286344341224392, 11.12977610358356984, -4.033622304792239710 ) ) ;
#3114 = CARTESIAN_POINT ( 'NONE',  ( 3.515204589129470314, -21.21966542071076489, -2.879989908612190952 ) ) ;
#3115 = VERTEX_POINT ( 'NONE', #2676 ) ;
#3116 = CARTESIAN_POINT ( 'NONE',  ( 8.230357535800605362, -4.313548019702345471, -11.18423031998664463 ) ) ;
#3117 = ORIENTED_EDGE ( 'NONE', *, *, #1867, .T. ) ;
#3118 = CARTESIAN_POINT ( 'NONE',  ( 8.081286344341222616, -4.033622304792278790, -11.12977610358355562 ) ) ;
#3119 = EDGE_CURVE ( 'NONE', #293, #155, #3291, .T. ) ;
#3120 = CARTESIAN_POINT ( 'NONE',  ( 5.178685273547170453, -3.476116276675413896, 19.18520954615329543 ) ) ;
#3121 = CARTESIAN_POINT ( 'NONE',  ( 22.09284734956529661, -0.008143675906139001899, 0.005484709010009876547 ) ) ;
#3122 = EDGE_CURVE ( 'NONE', #3053, #1778, #878, .T. ) ;
#3123 = FACE_OUTER_BOUND ( 'NONE', #4837, .T. ) ;
#3124 = ORIENTED_EDGE ( 'NONE', *, *, #2208, .T. ) ;
#3125 = CARTESIAN_POINT ( 'NONE',  ( 9.510122032027844341, -12.77716288648878162, 6.869968015302325703 ) ) ;
#3126 = B_SPLINE_CURVE_WITH_KNOTS ( 'NONE', 3,
 ( #2455, #2070, #1153, #1128, #3868, #2970, #652, #2544 ),
 .UNSPECIFIED., .F., .F.,
 ( 4, 2, 2, 4 ),
 ( 0.000000000000000000, 0.002211095967734320791, 0.003316643951601477933, 0.004422191935468635510 ),
 .UNSPECIFIED. ) ;
#3127 = FACE_OUTER_BOUND ( 'NONE', #2097, .T. ) ;
#3128 = CARTESIAN_POINT ( 'NONE',  ( 0.4193760241474192019, -10.43492890944737006, -15.05609155323752546 ) ) ;
#3129 = DIRECTION ( 'NONE',  ( 0.000000000000000000, 0.000000000000000000, 1.000000000000000000 ) ) ;
#3130 = EDGE_LOOP ( 'NONE', ( #579, #4399, #2713, #5533 ) ) ;
#3131 = EDGE_CURVE ( 'NONE', #1241, #178, #931, .T. ) ;
#3132 = CARTESIAN_POINT ( 'NONE',  ( 0.6480971303263403094, -4.776147394168464899, 17.92159482384631630 ) ) ;
#3133 = CARTESIAN_POINT ( 'NONE',  ( 1.789743172660313242, -19.68875214773292726, 1.278632657847274645 ) ) ;
#3134 = CARTESIAN_POINT ( 'NONE',  ( 8.081819171567941495, 7.187484237263798370, -9.407328449338683285 ) ) ;
#3135 = CARTESIAN_POINT ( 'NONE',  ( 9.510122032027842565, -14.37500779818198282, -1.952307035624940346 ) ) ;
#3136 = ORIENTED_EDGE ( 'NONE', *, *, #3754, .F. ) ;
#3137 = VERTEX_POINT ( 'NONE', #3344 ) ;
#3138 = CARTESIAN_POINT ( 'NONE',  ( 0.4197050914631937912, -14.99778922814680904, 10.51863125172062396 ) ) ;
#3139 = B_SPLINE_CURVE_WITH_KNOTS ( 'NONE', 3,
 ( #5145, #4309, #213, #5711, #5231, #4753 ),
 .UNSPECIFIED., .F., .F.,
 ( 4, 2, 4 ),
 ( 9.404477388769081365E-18, 0.001429663029798401664, 0.002859326059596794221 ),
 .UNSPECIFIED. ) ;
#3140 = CARTESIAN_POINT ( 'NONE',  ( 22.09374604753667626, 0.004897976078547520117, -0.009209269515131714157 ) ) ;
#3141 =( BOUNDED_SURFACE ( )  B_SPLINE_SURFACE ( 3, 1, ( 
 ( #5536, #1958 ),
 ( #5052, #92 ),
 ( #3779, #561 ),
 ( #2372, #5599 ) ),
 .UNSPECIFIED., .F., .F., .F. ) 
 B_SPLINE_SURFACE_WITH_KNOTS ( ( 4, 4 ),
 ( 2, 2 ),
 ( 0.000000000000000000, 1.000000000000000000 ),
 ( 0.000000000000000000, 1.000000000000000000 ),
 .UNSPECIFIED. ) 
 GEOMETRIC_REPRESENTATION_ITEM ( )  RATIONAL_B_SPLINE_SURFACE ( (
 ( 1.000000000000000000, 1.000000000000000000),
 ( 0.7790009610346629865, 0.9689941987838144311),
 ( 0.7790009610346629865, 0.9689941987838144311),
 ( 1.000000000000000000, 1.000000000000000000) ) ) 
 REPRESENTATION_ITEM ( '' )  SURFACE ( )  );
#3142 = EDGE_CURVE ( 'NONE', #4365, #1221, #316, .T. ) ;
#3143 = CARTESIAN_POINT ( 'NONE',  ( 8.189129401831877431, 9.276884736777040175, -7.526383891260093328 ) ) ;
#3144 = CARTESIAN_POINT ( 'NONE',  ( 11.36374701386286823, -7.788753041588706516, -5.038442870954606967 ) ) ;
#3145 = ORIENTED_EDGE ( 'NONE', *, *, #3349, .T. ) ;
#3146 = CARTESIAN_POINT ( 'NONE',  ( 8.096182984839494168, 11.42121412822474902, 3.170610446342563282 ) ) ;
#3147 = ORIENTED_EDGE ( 'NONE', *, *, #3171, .T. ) ;
#3148 = CARTESIAN_POINT ( 'NONE',  ( 9.539500336054908658, 12.98365546110948188, -2.921040873643502067 ) ) ;
#3149 = B_SPLINE_CURVE_WITH_KNOTS ( 'NONE', 3,
 ( #3707, #5558, #1442, #2810, #3329, #1475 ),
 .UNSPECIFIED., .F., .F.,
 ( 4, 2, 4 ),
 ( 7.806255641895631925E-18, 0.0002687592685055715971, 0.0005375185370111353880 ),
 .UNSPECIFIED. ) ;
#3150 = CARTESIAN_POINT ( 'NONE',  ( 0.5251705844569025672, -18.40070790732974260, -0.9321964365970664135 ) ) ;
#3151 = CARTESIAN_POINT ( 'NONE',  ( 8.080971495803114024, 9.837952534379818204, -6.584279350100824324 ) ) ;
#3152 = DIRECTION ( 'NONE',  ( 0.000000000000000000, 0.000000000000000000, 1.000000000000000000 ) ) ;
#3153 = ORIENTED_EDGE ( 'NONE', *, *, #1999, .T. ) ;
#3154 = CARTESIAN_POINT ( 'NONE',  ( 8.933971668274601541, 2.041462340809034881, -15.03282383812253720 ) ) ;
#3155 = EDGE_CURVE ( 'NONE', #4243, #1673, #3795, .T. ) ;
#3156 = CARTESIAN_POINT ( 'NONE',  ( 10.08627239375047147, -13.71719167695416353, 1.863152317086231191 ) ) ;
#3157 = CARTESIAN_POINT ( 'NONE',  ( 9.539500336054878460, 9.994772908928316824, 8.787053170275328284 ) ) ;
#3158 =( BOUNDED_SURFACE ( )  B_SPLINE_SURFACE ( 3, 1, ( 
 ( #1601, #3451 ),
 ( #3838, #4244 ),
 ( #3426, #5707 ),
 ( #5170, #181 ) ),
 .UNSPECIFIED., .F., .F., .F. ) 
 B_SPLINE_SURFACE_WITH_KNOTS ( ( 4, 4 ),
 ( 2, 2 ),
 ( 0.000000000000000000, 1.000000000000000000 ),
 ( 0.000000000000000000, 1.000000000000000000 ),
 .UNSPECIFIED. ) 
 GEOMETRIC_REPRESENTATION_ITEM ( )  RATIONAL_B_SPLINE_SURFACE ( (
 ( 1.000000000000000000, 1.000000000000000000),
 ( 0.9934036227985141299, 0.8357362271078294658),
 ( 0.9934036227985141299, 0.8357362271078294658),
 ( 1.000000000000000000, 1.000000000000000000) ) ) 
 REPRESENTATION_ITEM ( '' )  SURFACE ( )  );
#3159 = CARTESIAN_POINT ( 'NONE',  ( 8.230357535800605362, -6.512792486836263883, 10.06365929432210748 ) ) ;
#3160 = EDGE_LOOP ( 'NONE', ( #46, #1927, #1649, #5179 ) ) ;
#3161 = B_SPLINE_CURVE_WITH_KNOTS ( 'NONE', 3,
 ( #2989, #2619, #2202, #4411, #3522, #2145 ),
 .UNSPECIFIED., .F., .F.,
 ( 4, 2, 4 ),
 ( 4.755682002596558371E-18, 0.0002683118749524677094, 0.0005366237499049306484 ),
 .UNSPECIFIED. ) ;
#3162 = CARTESIAN_POINT ( 'NONE',  ( 0.4182233646136210847, -5.075506595180868885, -17.60000663291085843 ) ) ;
#3163 = CARTESIAN_POINT ( 'NONE',  ( 8.096103227782993628, 7.376141536610949068, -9.278338023859660666 ) ) ;
#3164 = CONICAL_SURFACE ( 'NONE', #5257, 13.84314574289256150, 0.8559913436420820698 ) ;
#3165 = CARTESIAN_POINT ( 'NONE',  ( 3.515204589129466761, -14.80256717256992438, 15.47425434527206711 ) ) ;
#3166 = CARTESIAN_POINT ( 'NONE',  ( 11.36374701386286823, 2.384986869561663614, 8.964508806328938206 ) ) ;
#3167 = EDGE_LOOP ( 'NONE', ( #4356, #3012, #2023, #974 ) ) ;
#3168 = VERTEX_POINT ( 'NONE', #1581 ) ;
#3169 = CARTESIAN_POINT ( 'NONE',  ( 0.4197044002284094910, -5.369036052585610896, 17.51424310904019777 ) ) ;
#3170 = CARTESIAN_POINT ( 'NONE',  ( 7.369041213193330719, -16.70204375097937088, -3.025677049269445362 ) ) ;
#3171 = EDGE_CURVE ( 'NONE', #4683, #3262, #1492, .T. ) ;
#3172 = CARTESIAN_POINT ( 'NONE',  ( 0.4126876516628540381, 14.45488872119375934, 11.25827158159094665 ) ) ;
#3173 = CARTESIAN_POINT ( 'NONE',  ( 3.515204589130986434, 14.80256717257209154, -15.47425434527158572 ) ) ;
#3174 = ORIENTED_EDGE ( 'NONE', *, *, #2522, .F. ) ;
#3175 = CARTESIAN_POINT ( 'NONE',  ( 0.4197044002284135433, 5.950972394605383187, 17.32516052956424701 ) ) ;
#3176 = CARTESIAN_POINT ( 'NONE',  ( 22.09255692238962965, -0.006754285118809264139, -0.006673540516228524712 ) ) ;
#3177 = CARTESIAN_POINT ( 'NONE',  ( 0.4960052067975744827, 17.19720209562003888, 6.599970571953541310 ) ) ;
#3178 = CARTESIAN_POINT ( 'NONE',  ( 5.129410166199450671, 8.489182879268790671, -17.61552027822206057 ) ) ;
#3179 = DIRECTION ( 'NONE',  ( -1.000000000000000000, -0.000000000000000000, -0.000000000000000000 ) ) ;
#3180 = CARTESIAN_POINT ( 'NONE',  ( 22.09374604753667626, 0.001450526919793302012, -0.01032941364857355333 ) ) ;
#3181 = CARTESIAN_POINT ( 'NONE',  ( 22.09712324851893683, -0.008012514405457277222, 0.01214359451213297726 ) ) ;
#3182 = VERTEX_POINT ( 'NONE', #3409 ) ;
#3183 = CARTESIAN_POINT ( 'NONE',  ( 22.09255692238962965, 0.001428938507665224135, 0.009386940141984991340 ) ) ;
#3184 = CARTESIAN_POINT ( 'NONE',  ( 10.08627239375047324, 12.19257463651247519, -6.555441082950646425 ) ) ;
#3185 = CARTESIAN_POINT ( 'NONE',  ( 8.727656808823720525, 11.13367452574577676, -10.65193574381781083 ) ) ;
#3186 = CARTESIAN_POINT ( 'NONE',  ( 8.081286344341224392, 9.338588247148589261, -7.275492736841641772 ) ) ;
#3187 = ORIENTED_EDGE ( 'NONE', *, *, #4172, .F. ) ;
#3188 = EDGE_CURVE ( 'NONE', #1309, #435, #1877, .T. ) ;
#3189 = LINE ( 'NONE', #1431, #3880 ) ;
#3190 = CARTESIAN_POINT ( 'NONE',  ( 8.189061701664892112, 11.92898796282611507, 0.6361397645242085064 ) ) ;
#3191 = CARTESIAN_POINT ( 'NONE',  ( 2.635524340766545848, -1.982175462679923061, 20.44054398504974657 ) ) ;
#3192 = CARTESIAN_POINT ( 'NONE',  ( 22.09284734956529661, 0.006050227743834944195, -0.007732802495631347153 ) ) ;
#3193 = VERTEX_POINT ( 'NONE', #5122 ) ;
#3194 = EDGE_LOOP ( 'NONE', ( #1265, #4283, #1190, #1122 ) ) ;
#3195 = CARTESIAN_POINT ( 'NONE',  ( 0.6480971303263367567, -14.39803354453990991, 11.69152577772639390 ) ) ;
#3196 = VECTOR ( 'NONE', #4788, 999.9999999999998863 ) ;
#3197 = CIRCLE ( 'NONE', #4628, 13.84314574289256150 ) ;
#3198 = CARTESIAN_POINT ( 'NONE',  ( 22.09374604753667626, 0.009375618690969480043, 0.004571497438468753380 ) ) ;
#3199 = CARTESIAN_POINT ( 'NONE',  ( 3.515204589128320567, 14.80256717256817467, 15.47425434527215593 ) ) ;
#3200 = ORIENTED_EDGE ( 'NONE', *, *, #1197, .T. ) ;
#3201 = CARTESIAN_POINT ( 'NONE',  ( 3.515204589130224822, 15.47425434527272969, -14.80256717257262977 ) ) ;
#3202 = AXIS2_PLACEMENT_3D ( 'NONE', #5781, #3093, #2085 ) ;
#3203 = CARTESIAN_POINT ( 'NONE',  ( 0.4200333337418749591, -17.48469384960955963, -5.466550494093382007 ) ) ;
#3204 = CARTESIAN_POINT ( 'NONE',  ( 22.09182100077397237, -0.009189453143964323306, -0.001392594613553703540 ) ) ;
#3205 = ADVANCED_FACE ( 'NONE', ( #1140 ), #4931, .F. ) ;
#3206 = CARTESIAN_POINT ( 'NONE',  ( 22.09284734956529661, -0.002699733992272431923, 0.009439964330423251601 ) ) ;
#3207 = CARTESIAN_POINT ( 'NONE',  ( 8.933971668274601541, 14.92791162625001533, -2.703851977427060405 ) ) ;
#3208 = CARTESIAN_POINT ( 'NONE',  ( 7.369041213192885742, -11.73378888757615535, -12.26503915231895547 ) ) ;
#3209 = CARTESIAN_POINT ( 'NONE',  ( 0.4078353108599468979, -17.66093832750251025, -4.887413429186058700 ) ) ;
#3210 = CARTESIAN_POINT ( 'NONE',  ( 0.4182233646136193639, 14.45119542963841397, -11.25539654257585376 ) ) ;
#3211 = EDGE_CURVE ( 'NONE', #5110, #2568, #3881, .T. ) ;
#3212 = ORIENTED_EDGE ( 'NONE', *, *, #4541, .T. ) ;
#3213 = DIRECTION ( 'NONE',  ( -0.7636347340829116037, 0.3619856454370571908, -0.5346292036539324055 ) ) ;
#3214 = B_SPLINE_CURVE_WITH_KNOTS ( 'NONE', 3,
 ( #3900, #1156, #239, #2880, #4221, #5175, #656, #1603, #591, #5655, #2459, #4280, #3336 ),
 .UNSPECIFIED., .F., .F.,
 ( 4, 3, 3, 3, 4 ),
 ( 4.906538933386797396E-18, 0.0003060198743295292805, 0.0006120397344444657335, 0.0009177208998331746765, 0.001223526564453232372 ),
 .UNSPECIFIED. ) ;
#3215 = CARTESIAN_POINT ( 'NONE',  ( -27.89911057639946890, 0.000000000000000000, 0.000000000000000000 ) ) ;
#3216 = CARTESIAN_POINT ( 'NONE',  ( 8.230357535800608915, 9.303875481428622862, 7.558545190369504674 ) ) ;
#3217 = ADVANCED_FACE ( 'NONE', ( #2951 ), #4360, .F. ) ;
#3218 = CARTESIAN_POINT ( 'NONE',  ( 8.081832178819825074, 9.401712239066066346, -7.195356955746421868 ) ) ;
#3219 = EDGE_LOOP ( 'NONE', ( #3486, #1180, #1754, #4045 ) ) ;
#3220 = B_SPLINE_CURVE_WITH_KNOTS ( 'NONE', 3,
 ( #3114, #497, #4042, #5437, #2307, #5857, #4122, #4929 ),
 .UNSPECIFIED., .F., .F.,
 ( 4, 2, 2, 4 ),
 ( 0.000000000000000000, 0.002211116461525425465, 0.003316674692288135162, 0.004422232923050844859 ),
 .UNSPECIFIED. ) ;
#3221 = CARTESIAN_POINT ( 'NONE',  ( 8.081286344341226169, 9.805187248470449646, 6.633274307312323259 ) ) ;
#3222 = CARTESIAN_POINT ( 'NONE',  ( 3.304290419808167734, 9.008696413503241018, 19.19558900212594921 ) ) ;
#3223 = CARTESIAN_POINT ( 'NONE',  ( 0.5844060700456849000, 11.64203331087789195, 14.35617766212554791 ) ) ;
#3224 = CARTESIAN_POINT ( 'NONE',  ( 3.304290419810171464, -9.008696413505669298, -19.19558900212701857 ) ) ;
#3225 = ORIENTED_EDGE ( 'NONE', *, *, #3653, .T. ) ;
#3226 = B_SPLINE_CURVE_WITH_KNOTS ( 'NONE', 3,
 ( #5489, #16, #3283, #3251, #1404, #4145, #3222, #5038 ),
 .UNSPECIFIED., .F., .F.,
 ( 4, 2, 2, 4 ),
 ( 5.421010862427522170E-19, 0.002211095967733299472, 0.003316643951599952244, 0.004422191935466605016 ),
 .UNSPECIFIED. ) ;
#3227 = ORIENTED_EDGE ( 'NONE', *, *, #4525, .F. ) ;
#3228 =( BOUNDED_SURFACE ( )  B_SPLINE_SURFACE ( 3, 1, ( 
 ( #996, #4656 ),
 ( #5589, #3326 ),
 ( #1533, #142 ),
 ( #4239, #5645 ) ),
 .UNSPECIFIED., .F., .F., .F. ) 
 B_SPLINE_SURFACE_WITH_KNOTS ( ( 4, 4 ),
 ( 2, 2 ),
 ( 0.000000000000000000, 1.000000000000000000 ),
 ( 0.000000000000000000, 1.000000000000000000 ),
 .UNSPECIFIED. ) 
 GEOMETRIC_REPRESENTATION_ITEM ( )  RATIONAL_B_SPLINE_SURFACE ( (
 ( 1.000000000000000000, 1.000000000000000000),
 ( 0.7790009610346629865, 0.9689941987838144311),
 ( 0.7790009610346629865, 0.9689941987838144311),
 ( 1.000000000000000000, 1.000000000000000000) ) ) 
 REPRESENTATION_ITEM ( '' )  SURFACE ( )  );
#3229 = CARTESIAN_POINT ( 'NONE',  ( 8.081286344341222616, -9.338588247148535970, 7.275492736841711938 ) ) ;
#3230 = CARTESIAN_POINT ( 'NONE',  ( 8.230357535800607138, 0.6463107146107820444, -11.96979476970954082 ) ) ;
#3231 = CARTESIAN_POINT ( 'NONE',  ( 0.4201979075620149162, 10.85041614214828520, 14.76049432689405450 ) ) ;
#3232 = EDGE_LOOP ( 'NONE', ( #3174, #423, #4564, #3873 ) ) ;
#3233 = PRODUCT ( 'straight bevel pinion_iso_ISO - Straight bevel pinion 2M20PT 20GT 20PA 10FW ---20O20H50MD0.8N', 'straight bevel pinion_iso_ISO - Straight bevel pinion 2M20PT 20GT 20PA 10FW ---20O20H50MD0.8N', '', ( #903 ) ) ;
#3234 = DIRECTION ( 'NONE',  ( 0.000000000000000000, 0.000000000000000000, 1.000000000000000000 ) ) ;
#3235 = ORIENTED_EDGE ( 'NONE', *, *, #2357, .T. ) ;
#3236 = FACE_OUTER_BOUND ( 'NONE', #5138, .T. ) ;
#3237 = CARTESIAN_POINT ( 'NONE',  ( 0.4078353108599463428, 17.16074877908909002, 6.426838567805159386 ) ) ;
#3238 = DIRECTION ( 'NONE',  ( -1.000000000000000000, 0.000000000000000000, 0.000000000000000000 ) ) ;
#3239 = FACE_OUTER_BOUND ( 'NONE', #3519, .T. ) ;
#3240 = ADVANCED_FACE ( 'NONE', ( #1670 ), #5778, .T. ) ;
#3241 = CARTESIAN_POINT ( 'NONE',  ( 22.09324635661532810, 0.005344894070956153487, 0.008612382393803824643 ) ) ;
#3242 = CARTESIAN_POINT ( 'NONE',  ( 0.4126876516628502078, -0.6117626229488832834, -18.31169662920711971 ) ) ;
#3243 = ORIENTED_EDGE ( 'NONE', *, *, #5378, .T. ) ;
#3244 = CARTESIAN_POINT ( 'NONE',  ( 22.09374604753667626, -0.001812431280205638187, 0.01027209362899746126 ) ) ;
#3245 = LINE ( 'NONE', #453, #5105 ) ;
#3246 = CARTESIAN_POINT ( 'NONE',  ( 8.230357535800608915, 11.18423031998660022, 4.313548019702461822 ) ) ;
#3247 = CARTESIAN_POINT ( 'NONE',  ( 7.369041213193490591, 15.29068558309647408, -7.369390847619952112 ) ) ;
#3248 = ORIENTED_EDGE ( 'NONE', *, *, #4709, .F. ) ;
#3249 = B_SPLINE_CURVE_WITH_KNOTS ( 'NONE', 3,
 ( #471, #4489, #5469, #3650, #4600, #1863, #1384, #4932, #888, #3175, #5382, #54, #5501 ),
 .UNSPECIFIED., .F., .F.,
 ( 4, 3, 3, 3, 4 ),
 ( 3.469446951953614189E-18, 0.0003060198743295298226, 0.0006120397344444656251, 0.0009177208998331726165, 0.001223526564453231505 ),
 .UNSPECIFIED. ) ;
#3250 = CARTESIAN_POINT ( 'NONE',  ( 22.09374604753667626, -0.009209269515131663850, -0.004897976078547612924 ) ) ;
#3251 = CARTESIAN_POINT ( 'NONE',  ( 2.396304448591572545, 7.981722656627325385, 18.66042160530593108 ) ) ;
#3252 = CARTESIAN_POINT ( 'NONE',  ( 0.4078353108599463428, 14.33483961330062861, 11.41524970802577776 ) ) ;
#3253 = CARTESIAN_POINT ( 'NONE',  ( 8.081990258054290166, -7.143060783097876509, 9.441153226378000696 ) ) ;
#3254 = CARTESIAN_POINT ( 'NONE',  ( 0.6480971303263367567, -6.670064725495987723, -17.30622377986114202 ) ) ;
#3255 = ORIENTED_EDGE ( 'NONE', *, *, #629, .F. ) ;
#3256 = VERTEX_POINT ( 'NONE', #805 ) ;
#3257 = CARTESIAN_POINT ( 'NONE',  ( 8.933971668274594435, -2.041462340808925191, 15.03282383812254075 ) ) ;
#3258 = CARTESIAN_POINT ( 'NONE',  ( 3.663019018077784850, -3.608958212190681802, -21.49903630320806158 ) ) ;
#3259 = CARTESIAN_POINT ( 'NONE',  ( 22.10281028718407725, 0.01019021927649963605, 0.01093052071531631572 ) ) ;
#3260 = EDGE_LOOP ( 'NONE', ( #3583, #3807, #5705, #1948 ) ) ;
#3261 = CARTESIAN_POINT ( 'NONE',  ( 5.178685273546943968, 2.622572754074090629, 19.32039755927340252 ) ) ;
#3262 = VERTEX_POINT ( 'NONE', #334 ) ;
#3263 = ORIENTED_EDGE ( 'NONE', *, *, #3767, .T. ) ;
#3264 = CARTESIAN_POINT ( 'NONE',  ( 0.4227027292401573932, -14.94248599980832637, 10.60419017047800949 ) ) ;
#3265 = EDGE_CURVE ( 'NONE', #2734, #2272, #2954, .T. ) ;
#3266 = ADVANCED_FACE ( 'NONE', ( #5357 ), #71, .F. ) ;
#3267 = CARTESIAN_POINT ( 'NONE',  ( 3.085675480214812971, -14.20513238378821796, -15.44679532677781708 ) ) ;
#3268 = AXIS2_PLACEMENT_3D ( 'NONE', #3871, #1514, #3455 ) ;
#3269 = CARTESIAN_POINT ( 'NONE',  ( 8.933971668274599764, -13.66621851287712452, -6.586944101422239406 ) ) ;
#3270 = CARTESIAN_POINT ( 'NONE',  ( 0.4182233646136210847, -17.22201239169728026, 6.238853248510979554 ) ) ;
#3271 = CARTESIAN_POINT ( 'NONE',  ( 10.08627239375047324, 12.19257463651247519, -6.555441082950646425 ) ) ;
#3272 = CARTESIAN_POINT ( 'NONE',  ( 22.09374604753667626, -0.007504072852115287705, 0.007244977936371122668 ) ) ;
#3273 = ORIENTED_EDGE ( 'NONE', *, *, #3310, .T. ) ;
#3274 = CARTESIAN_POINT ( 'NONE',  ( 11.36374701386286823, 0.5019282638044576528, 9.262755989700089287 ) ) ;
#3275 = CARTESIAN_POINT ( 'NONE',  ( 0.6337479801890594233, 15.57895661009728450, 10.08721515555767212 ) ) ;
#3276 = CARTESIAN_POINT ( 'NONE',  ( 22.10281028718407725, -0.006313757786991097860, 0.01354449388564462134 ) ) ;
#3277 = CARTESIAN_POINT ( 'NONE',  ( 6.010425613513209697, -13.39640291774655978, 12.81564292679725803 ) ) ;
#3278 = ORIENTED_EDGE ( 'NONE', *, *, #1534, .F. ) ;
#3279 = DIRECTION ( 'NONE',  ( 0.000000000000000000, 0.000000000000000000, 1.000000000000000000 ) ) ;
#3280 = EDGE_CURVE ( 'NONE', #677, #710, #1313, .T. ) ;
#3281 = DIRECTION ( 'NONE',  ( 0.000000000000000000, 0.000000000000000000, 1.000000000000000000 ) ) ;
#3282 = AXIS2_PLACEMENT_3D ( 'NONE', #2716, #4095, #1832 ) ;
#3283 = CARTESIAN_POINT ( 'NONE',  ( 1.672572369781984758, 7.315545706626692457, 18.15509636159511331 ) ) ;
#3284 = DIRECTION ( 'NONE',  ( 0.7636347340829117147, -0.6452939353746501849, -0.02139462247429500114 ) ) ;
#3285 = CARTESIAN_POINT ( 'NONE',  ( 2.831810311861891361, 8.346857585883880049, 19.08561492445036123 ) ) ;
#3286 = EDGE_LOOP ( 'NONE', ( #1509, #4677, #3479, #1504 ) ) ;
#3287 = EDGE_LOOP ( 'NONE', ( #4961, #3568, #1412, #4953, #2645, #3784, #735, #2722, #777, #1788, #1696, #2206, #1219, #4838, #3979, #1851, #2382, #5372, #901, #4862, #2126, #3338, #3488, #5131, #966, #1919, #4043, #1348, #1577, #2968, #5632, #2062, #5432, #4843, #4506, #1394, #2814, #3145, #4986, #1206, #5030, #2368, #3708, #2558, #1346, #2889, #3153, #2511, #4655, #5404, #5648, #1303, #2397, #5559, #2287, #2265, #1794, #4008, #397, #5412, #2844, #2112, #456, #3420 ) ) ;
#3288 = EDGE_CURVE ( 'NONE', #1126, #4974, #3454, .T. ) ;
#3289 = CARTESIAN_POINT ( 'NONE',  ( 3.093381936068027027, -19.10004533329684762, -8.721130179694783990 ) ) ;
#3290 = B_SPLINE_CURVE_WITH_KNOTS ( 'NONE', 3,
 ( #4060, #5428, #4588, #488, #937, #4087 ),
 .UNSPECIFIED., .F., .F.,
 ( 4, 2, 4 ),
 ( 6.992893892674702526E-18, 0.0001743161698667496161, 0.0003486323397334922390 ),
 .UNSPECIFIED. ) ;
#3291 = B_SPLINE_CURVE_WITH_KNOTS ( 'NONE', 3,
 ( #3632, #4498, #2467, #2856, #4675, #2054, #569, #693 ),
 .UNSPECIFIED., .F., .F.,
 ( 4, 2, 2, 4 ),
 ( 0.000000000000000000, 0.002211095967735749769, 0.003316643951603623353, 0.004422191935471496936 ),
 .UNSPECIFIED. ) ;
#3292 = DIRECTION ( 'NONE',  ( 0.7562523480584153468, 0.6533514100307016292, 0.03484710988055349234 ) ) ;
#3293 = CARTESIAN_POINT ( 'NONE',  ( 2.831810311861891361, 2.040553937891195879, 20.73081928506411131 ) ) ;
#3294 = EDGE_LOOP ( 'NONE', ( #2653, #3136, #265, #701 ) ) ;
#3295 = CARTESIAN_POINT ( 'NONE',  ( 22.10703667329342181, 0.004043891623595189354, -0.01041089088770259796 ) ) ;
#3296 = VERTEX_POINT ( 'NONE', #3996 ) ;
#3297 = AXIS2_PLACEMENT_3D ( 'NONE', #4156, #912, #3234 ) ;
#3298 = CARTESIAN_POINT ( 'NONE',  ( 0.4126876516628505409, -14.45488872119383039, 11.25827158159084540 ) ) ;
#3299 = B_SPLINE_CURVE_WITH_KNOTS ( 'NONE', 3,
 ( #3536, #3901, #3456, #5260, #1723, #3431, #3002, #709, #827, #298, #3931, #5712, #4310 ),
 .UNSPECIFIED., .F., .F.,
 ( 4, 3, 3, 3, 4 ),
 ( 3.878959614448864246E-18, 0.0003060198743295311236, 0.0006120397344444680103, 0.0009177208998331768449, 0.001223526564453231939 ),
 .UNSPECIFIED. ) ;
#3300 = CARTESIAN_POINT ( 'NONE',  ( 0.4200341587692231204, 5.854403468231934582, -17.35867813501641166 ) ) ;
#3301 =( BOUNDED_SURFACE ( )  B_SPLINE_SURFACE ( 3, 1, ( 
 ( #2005, #3825 ),
 ( #2470, #2057 ),
 ( #634, #3348 ),
 ( #4798, #5156 ) ),
 .UNSPECIFIED., .F., .F., .F. ) 
 B_SPLINE_SURFACE_WITH_KNOTS ( ( 4, 4 ),
 ( 2, 2 ),
 ( 0.000000000000000000, 1.000000000000000000 ),
 ( 0.000000000000000000, 1.000000000000000000 ),
 .UNSPECIFIED. ) 
 GEOMETRIC_REPRESENTATION_ITEM ( )  RATIONAL_B_SPLINE_SURFACE ( (
 ( 1.000000000000000000, 1.000000000000000000),
 ( 0.9594539417957813621, 0.9995981945367502508),
 ( 0.9594539417957813621, 0.9995981945367502508),
 ( 1.000000000000000000, 1.000000000000000000) ) ) 
 REPRESENTATION_ITEM ( '' )  SURFACE ( )  );
#3302 = VECTOR ( 'NONE', #1411, 1000.000000000000341 ) ;
#3303 = CARTESIAN_POINT ( 'NONE',  ( 8.081286344341224392, 6.633274307312288620, 9.805187248470469186 ) ) ;
#3304 = CARTESIAN_POINT ( 'NONE',  ( -27.89911057639946890, 0.000000000000000000, 0.000000000000000000 ) ) ;
#3305 = VECTOR ( 'NONE', #1343, 1000.000000000000000 ) ;
#3306 = CARTESIAN_POINT ( 'NONE',  ( 8.564997480335417634, 9.523330058328653536, -7.819128168371663357 ) ) ;
#3307 = CARTESIAN_POINT ( 'NONE',  ( 9.516581620098305550, -12.16864918556661834, 5.304806250607110307 ) ) ;
#3308 = ORIENTED_EDGE ( 'NONE', *, *, #2101, .T. ) ;
#3309 = B_SPLINE_CURVE_WITH_KNOTS ( 'NONE', 3,
 ( #2084, #3907, #5718, #3463, #1193, #5298 ),
 .UNSPECIFIED., .F., .F.,
 ( 4, 2, 4 ),
 ( 9.404477388769081365E-18, 0.0002687592685055699166, 0.0005375185370111304007 ),
 .UNSPECIFIED. ) ;
#3310 = EDGE_CURVE ( 'NONE', #544, #5796, #4436, .T. ) ;
#3311 = CARTESIAN_POINT ( 'NONE',  ( 1.789743172660313242, 19.68875214773292015, -1.278632657847411647 ) ) ;
#3312 = ADVANCED_FACE ( 'NONE', ( #5328 ), #1097, .F. ) ;
#3313 = DIRECTION ( 'NONE',  ( 0.000000000000000000, 0.000000000000000000, 1.000000000000000000 ) ) ;
#3314 = EDGE_CURVE ( 'NONE', #5494, #1031, #4366, .T. ) ;
#3315 = CARTESIAN_POINT ( 'NONE',  ( 3.515204589130417112, -2.879989908612937910, -21.21966542071166018 ) ) ;
#3316 = CARTESIAN_POINT ( 'NONE',  ( 0.5845099095027012082, 18.45750982601077794, 0.9802784579748455851 ) ) ;
#3317 = ORIENTED_EDGE ( 'NONE', *, *, #5748, .F. ) ;
#3318 = CARTESIAN_POINT ( 'NONE',  ( 8.933971668274601541, -7.184494425268199258, -13.36175141552396006 ) ) ;
#3319 = CARTESIAN_POINT ( 'NONE',  ( 0.6337479801890599784, 11.69934729212882374, -14.40767405211417618 ) ) ;
#3320 = CARTESIAN_POINT ( 'NONE',  ( 8.230357535800607138, 11.96979476970954792, 0.6463107146106567003 ) ) ;
#3321 = CARTESIAN_POINT ( 'NONE',  ( 11.25262228702623979, 9.151631263062913746, 0.3080620461960342782 ) ) ;
#3322 = CARTESIAN_POINT ( 'NONE',  ( 8.096103227782993628, 11.10357692570859989, 4.147963344581163447 ) ) ;
#3323 = VERTEX_POINT ( 'NONE', #4906 ) ;
#3324 = EDGE_CURVE ( 'NONE', #2568, #1742, #538, .T. ) ;
#3325 = EDGE_LOOP ( 'NONE', ( #2043, #3847, #5132, #2454 ) ) ;
#3326 = CARTESIAN_POINT ( 'NONE',  ( 1.789743172660314130, 19.68875214773292015, 1.278632657847411647 ) ) ;
#3327 = B_SPLINE_CURVE_WITH_KNOTS ( 'NONE', 3,
 ( #5031, #5058, #480, #2288, #1876, #4109, #2672 ),
 .UNSPECIFIED., .F., .F.,
 ( 4, 3, 4 ),
 ( 2.082481164044863295E-16, 0.003806765355762691590, 0.01002496898031622445 ),
 .UNSPECIFIED. ) ;
#3328 = CARTESIAN_POINT ( 'NONE',  ( 0.5251705844569001247, 15.43441672323064751, -10.06150198036702470 ) ) ;
#3329 = CARTESIAN_POINT ( 'NONE',  ( 0.5844060700456804591, -11.64203331087778892, -14.35617766212563495 ) ) ;
#3330 = ORIENTED_EDGE ( 'NONE', *, *, #723, .T. ) ;
#3331 = CARTESIAN_POINT ( 'NONE',  ( 0.6337479801890598674, 17.93358911009633161, 4.779349357814361099 ) ) ;
#3332 = ORIENTED_EDGE ( 'NONE', *, *, #4086, .T. ) ;
#3333 = DIRECTION ( 'NONE',  ( 0.000000000000000000, 0.000000000000000000, 1.000000000000000000 ) ) ;
#3334 = CARTESIAN_POINT ( 'NONE',  ( 11.25262228702623979, 2.535025170081648405, -8.798914955062898002 ) ) ;
#3335 = CARTESIAN_POINT ( 'NONE',  ( 0.4197050914631917373, 5.950770039560293156, -17.32523076550098295 ) ) ;
#3336 = CARTESIAN_POINT ( 'NONE',  ( 0.4182233646136193639, -15.17018320209459148, -10.26579477152732345 ) ) ;
#3337 = CARTESIAN_POINT ( 'NONE',  ( 0.000000000000000000, 0.000000000000000000, 0.000000000000000000 ) ) ;
#3338 = ORIENTED_EDGE ( 'NONE', *, *, #610, .T. ) ;
#3339 = CARTESIAN_POINT ( 'NONE',  ( 0.4197044002284129882, 10.51845548834300459, -14.99791165316934460 ) ) ;
#3340 = ORIENTED_EDGE ( 'NONE', *, *, #4827, .F. ) ;
#3341 = CARTESIAN_POINT ( 'NONE',  ( 3.663019018077783073, 21.56202798978807422, -3.211244355634171654 ) ) ;
#3342 =( BOUNDED_SURFACE ( )  B_SPLINE_SURFACE ( 3, 1, ( 
 ( #3712, #5080 ),
 ( #2815, #2600 ),
 ( #236, #2161 ),
 ( #3955, #2071 ) ),
 .UNSPECIFIED., .F., .F., .F. ) 
 B_SPLINE_SURFACE_WITH_KNOTS ( ( 4, 4 ),
 ( 2, 2 ),
 ( 0.000000000000000000, 1.000000000000000000 ),
 ( 0.000000000000000000, 1.000000000000000000 ),
 .UNSPECIFIED. ) 
 GEOMETRIC_REPRESENTATION_ITEM ( )  RATIONAL_B_SPLINE_SURFACE ( (
 ( 1.000000000000000000, 1.000000000000000000),
 ( 0.7790009610346629865, 0.9689941987838144311),
 ( 0.7790009610346629865, 0.9689941987838144311),
 ( 1.000000000000000000, 1.000000000000000000) ) ) 
 REPRESENTATION_ITEM ( '' )  SURFACE ( )  );
#3343 = CARTESIAN_POINT ( 'NONE',  ( 8.081819171567943272, -11.16795579878891864, -3.928679357105810954 ) ) ;
#3344 = CARTESIAN_POINT ( 'NONE',  ( 0.4182233646136210847, -15.17018320209474069, 10.26579477152710496 ) ) ;
#3345 = ADVANCED_FACE ( 'NONE', ( #2758 ), #738, .T. ) ;
#3346 = CARTESIAN_POINT ( 'NONE',  ( 0.4182233646136228611, 15.17018320209466786, 10.26579477152721154 ) ) ;
#3347 = ORIENTED_EDGE ( 'NONE', *, *, #853, .F. ) ;
#3348 = CARTESIAN_POINT ( 'NONE',  ( 0.4227027292401573932, -17.48802365402829295, 5.467702049515608564 ) ) ;
#3349 = EDGE_CURVE ( 'NONE', #875, #3182, #1038, .T. ) ;
#3350 = CARTESIAN_POINT ( 'NONE',  ( 0.6480971303263367567, -10.08046346888064626, 15.56853882718285398 ) ) ;
#3351 = CARTESIAN_POINT ( 'NONE',  ( 11.25262228702623979, -9.151631263062911970, -0.3080620461960981715 ) ) ;
#3352 = CARTESIAN_POINT ( 'NONE',  ( 0.4960052067975748158, 10.03346338329865794, -15.44775012758349320 ) ) ;
#3353 = CARTESIAN_POINT ( 'NONE',  ( 1.789743172660313242, 7.300210932879240389, 18.32999680698396006 ) ) ;
#3354 = ORIENTED_EDGE ( 'NONE', *, *, #4357, .F. ) ;
#3355 = EDGE_LOOP ( 'NONE', ( #1443, #5847, #1997, #3248 ) ) ;
#3356 = CARTESIAN_POINT ( 'NONE',  ( 22.09182100077397237, 0.009170024695619349159, 0.001515261008717940817 ) ) ;
#3357 = CARTESIAN_POINT ( 'NONE',  ( 0.6480971303263367567, 15.56853882718303161, -10.08046346888036737 ) ) ;
#3358 = CARTESIAN_POINT ( 'NONE',  ( 6.010425613513224796, 18.24228099043935458, 3.305071712933229655 ) ) ;
#3359 = EDGE_LOOP ( 'NONE', ( #2882, #1088, #5272, #3386 ) ) ;
#3360 = CARTESIAN_POINT ( 'NONE',  ( 22.09712324851893683, 0.01362008608574063681, -0.005114736531805023564 ) ) ;
#3361 = ORIENTED_EDGE ( 'NONE', *, *, #1812, .F. ) ;
#3362 = B_SPLINE_CURVE_WITH_KNOTS ( 'NONE', 3,
 ( #3813, #3843, #5600, #3367, #2074, #5628, #1573, #3397 ),
 .UNSPECIFIED., .F., .F.,
 ( 4, 2, 2, 4 ),
 ( 0.000000000000000000, 0.002211116461526591633, 0.003316674692289890702, 0.004422232923053189338 ),
 .UNSPECIFIED. ) ;
#3363 = CARTESIAN_POINT ( 'NONE',  ( 8.082162653057826773, -11.19888317126713240, 3.841639742626744791 ) ) ;
#3364 = CARTESIAN_POINT ( 'NONE',  ( 0.4182233646136210847, 11.25539654257601185, 14.45119542963828962 ) ) ;
#3365 = EDGE_CURVE ( 'NONE', #1531, #5332, #3602, .T. ) ;
#3366 = CARTESIAN_POINT ( 'NONE',  ( 8.189061701664874349, 9.276840415636378623, 7.526331079621410680 ) ) ;
#3367 = CARTESIAN_POINT ( 'NONE',  ( 1.911690948752891694, 1.505157582241952507, -19.75393079867819779 ) ) ;
#3368 = CARTESIAN_POINT ( 'NONE',  ( 2.635524340767018359, 15.37165395375476251, 13.61826393838945748 ) ) ;
#3369 = ORIENTED_EDGE ( 'NONE', *, *, #988, .F. ) ;
#3370 = CARTESIAN_POINT ( 'NONE',  ( 0.4201982046941529769, 0.0002764381578211722533, 18.31920718013921245 ) ) ;
#3371 = ORIENTED_EDGE ( 'NONE', *, *, #2963, .F. ) ;
#3372 = B_SPLINE_CURVE_WITH_KNOTS ( 'NONE', 3,
 ( #767, #2567, #320, #5674, #348, #2966, #5703, #5195 ),
 .UNSPECIFIED., .F., .F.,
 ( 4, 2, 2, 4 ),
 ( 1.626303258728256651E-18, 0.002211095967734316887, 0.003316643951601474030, 0.004422191935468631173 ),
 .UNSPECIFIED. ) ;
#3373 = CARTESIAN_POINT ( 'NONE',  ( 8.082162653057830326, 0.1929712925424904579, 11.83790278199959545 ) ) ;
#3374 = CARTESIAN_POINT ( 'NONE',  ( 8.082162653057832102, -11.31814598891136647, -3.474586532165960584 ) ) ;
#3375 = B_SPLINE_CURVE_WITH_KNOTS ( 'NONE', 3,
 ( #4088, #2328, #3163, #989, #2385, #489 ),
 .UNSPECIFIED., .F., .F.,
 ( 4, 2, 4 ),
 ( 7.949501638480626889E-18, 0.0001743161698667535463, 0.0003486323397334991779 ),
 .UNSPECIFIED. ) ;
#3376 = DIRECTION ( 'NONE',  ( -1.000000000000000000, -0.000000000000000000, -0.000000000000000000 ) ) ;
#3377 = CARTESIAN_POINT ( 'NONE',  ( 11.25262228702623979, 7.222750890525884593, 5.628421321541641653 ) ) ;
#3378 = CARTESIAN_POINT ( 'NONE',  ( 8.082161297655167331, -0.1736811973064665282, 11.83789221593258567 ) ) ;
#3379 = AXIS2_PLACEMENT_3D ( 'NONE', #952, #401, #2314 ) ;
#3380 = CARTESIAN_POINT ( 'NONE',  ( 8.081286344341222616, -11.37508171546221014, 3.278649261536616955 ) ) ;
#3381 =( BOUNDED_SURFACE ( )  B_SPLINE_SURFACE ( 3, 1, ( 
 ( #4224, #3748 ),
 ( #5568, #1487 ),
 ( #5118, #2576 ),
 ( #5322, #301 ) ),
 .UNSPECIFIED., .F., .F., .F. ) 
 B_SPLINE_SURFACE_WITH_KNOTS ( ( 4, 4 ),
 ( 2, 2 ),
 ( 0.000000000000000000, 1.000000000000000000 ),
 ( 0.000000000000000000, 1.000000000000000000 ),
 .UNSPECIFIED. ) 
 GEOMETRIC_REPRESENTATION_ITEM ( )  RATIONAL_B_SPLINE_SURFACE ( (
 ( 1.000000000000000000, 1.000000000000000000),
 ( 0.9934036227985141299, 0.8357362271078285776),
 ( 0.9934036227985141299, 0.8357362271078285776),
 ( 1.000000000000000000, 1.000000000000000000) ) ) 
 REPRESENTATION_ITEM ( '' )  SURFACE ( )  );
#3382 = CARTESIAN_POINT ( 'NONE',  ( 0.6480971303263367567, -11.69152577772633528, -14.39803354453995610 ) ) ;
#3383 = FACE_OUTER_BOUND ( 'NONE', #623, .T. ) ;
#3384 = CARTESIAN_POINT ( 'NONE',  ( 10.08627239375047147, 0.000000000000000000, 0.000000000000000000 ) ) ;
#3385 = CARTESIAN_POINT ( 'NONE',  ( 22.10703667329342181, 0.01079952751295140331, 0.002847791080119322325 ) ) ;
#3386 = ORIENTED_EDGE ( 'NONE', *, *, #3314, .F. ) ;
#3387 = EDGE_CURVE ( 'NONE', #1894, #955, #4020, .T. ) ;
#3388 = CARTESIAN_POINT ( 'NONE',  ( 3.515204589130440649, 3.818204060499704511, -21.07106689736050598 ) ) ;
#3389 = CARTESIAN_POINT ( 'NONE',  ( 0.4410764106479150293, -11.41081724794779184, 14.35815555494846407 ) ) ;
#3390 = CARTESIAN_POINT ( 'NONE',  ( 22.09374604753667626, -0.001450526919793379207, 0.01032941364857354119 ) ) ;
#3391 = AXIS2_PLACEMENT_3D ( 'NONE', #2464, #1049, #218 ) ;
#3392 = ORIENTED_EDGE ( 'NONE', *, *, #4106, .F. ) ;
#3393 = ORIENTED_EDGE ( 'NONE', *, *, #988, .T. ) ;
#3394 = CARTESIAN_POINT ( 'NONE',  ( 0.4182233646136193639, 5.075506595181238367, -17.60000663291075185 ) ) ;
#3395 = CARTESIAN_POINT ( 'NONE',  ( 22.09255692238962965, 0.009386940141985919417, 0.001428938507664092444 ) ) ;
#3396 = CARTESIAN_POINT ( 'NONE',  ( 1.789743172660314130, -19.68875214773291304, -1.278632657847549314 ) ) ;
#3397 = CARTESIAN_POINT ( 'NONE',  ( 0.6480971303263367567, 0.9956912648608423622, -18.52036025205819314 ) ) ;
#3398 = DIRECTION ( 'NONE',  ( 0.000000000000000000, 0.000000000000000000, 1.000000000000000000 ) ) ;
#3399 = ORIENTED_EDGE ( 'NONE', *, *, #1230, .T. ) ;
#3400 = CARTESIAN_POINT ( 'NONE',  ( 3.515204589129327761, -21.07106689736141902, -3.818204060499455821 ) ) ;
#3401 = ORIENTED_EDGE ( 'NONE', *, *, #3573, .T. ) ;
#3402 = EDGE_CURVE ( 'NONE', #2169, #3424, #3625, .T. ) ;
#3403 = B_SPLINE_CURVE_WITH_KNOTS ( 'NONE', 3,
 ( #2609, #3091, #3461, #5716, #4791, #4465, #4375, #4429 ),
 .UNSPECIFIED., .F., .F.,
 ( 4, 2, 2, 4 ),
 ( 0.000000000000000000, 0.002211116461526281985, 0.003316674692289423194, 0.004422232923052563970 ),
 .UNSPECIFIED. ) ;
#3404 = CARTESIAN_POINT ( 'NONE',  ( 8.082341011147274656, 0.03032106046599987101, 11.83921436388618709 ) ) ;
#3405 = AXIS2_PLACEMENT_3D ( 'NONE', #4926, #1831, #856 ) ;
#3406 = CARTESIAN_POINT ( 'NONE',  ( 1.789743172660313242, 16.68009650493440432, 10.53832259871782817 ) ) ;
#3407 = CIRCLE ( 'NONE', #2919, 21.41421356110392082 ) ;
#3408 = VECTOR ( 'NONE', #4013, 1000.000000000000000 ) ;
#3409 = CARTESIAN_POINT ( 'NONE',  ( 0.6480971303263367567, -17.92159482384636604, 4.776147394168268612 ) ) ;
#3410 = EDGE_CURVE ( 'NONE', #710, #2104, #959, .T. ) ;
#3411 = CARTESIAN_POINT ( 'NONE',  ( 22.09374604753667626, -0.001812431280206809560, -0.01027209362899845005 ) ) ;
#3412 = CARTESIAN_POINT ( 'NONE',  ( 8.082286027375506166, -9.631264709472427299, -6.885087866093250852 ) ) ;
#3413 = CARTESIAN_POINT ( 'NONE',  ( 5.129410166199412480, -9.261438769390251124, -17.22203624868326699 ) ) ;
#3414 = CIRCLE ( 'NONE', #1972, 13.84314574289256150 ) ;
#3415 = EDGE_CURVE ( 'NONE', #686, #5167, #5717, .T. ) ;
#3416 = CARTESIAN_POINT ( 'NONE',  ( 8.891830625034106816, 4.731079870203269699, 11.73196407480889825 ) ) ;
#3417 = LINE ( 'NONE', #1944, #3502 ) ;
#3418 = CARTESIAN_POINT ( 'NONE',  ( 2.396304448592329717, -15.28062761925597890, 13.35745674208788003 ) ) ;
#3419 =( LENGTH_UNIT ( ) NAMED_UNIT ( * ) SI_UNIT ( .MILLI., .METRE. ) );
#3420 = ORIENTED_EDGE ( 'NONE', *, *, #5825, .T. ) ;
#3421 = DIRECTION ( 'NONE',  ( 0.7636347340829116037, -0.5346292036539415093, 0.3619856454370437016 ) ) ;
#3422 = CARTESIAN_POINT ( 'NONE',  ( 0.4126876516628502078, 0.6117626229490111811, 18.31169662920711616 ) ) ;
#3423 = EDGE_CURVE ( 'NONE', #1888, #5494, #1449, .T. ) ;
#3424 = VERTEX_POINT ( 'NONE', #446 ) ;
#3425 = ORIENTED_EDGE ( 'NONE', *, *, #2034, .T. ) ;
#3426 = CARTESIAN_POINT ( 'NONE',  ( 22.09284734956529661, -0.008143675906138996695, -0.005484709010008255448 ) ) ;
#3427 = CARTESIAN_POINT ( 'NONE',  ( 22.10703667329342181, 0.01079952751295300620, -0.002847791080118655758 ) ) ;
#3428 = EDGE_CURVE ( 'NONE', #5860, #2623, #1970, .T. ) ;
#3429 = CARTESIAN_POINT ( 'NONE',  ( 22.10703667329342181, -0.006045647796516526694, 0.009390945173914940977 ) ) ;
#3430 = CARTESIAN_POINT ( 'NONE',  ( 22.09374604753667626, -0.004571497438469157570, -0.009375618690967974303 ) ) ;
#3431 = CARTESIAN_POINT ( 'NONE',  ( 0.4201985021554899280, 14.88034691979204105, -10.68545944643051726 ) ) ;
#3432 = EDGE_LOOP ( 'NONE', ( #5147, #4691, #4933, #2738 ) ) ;
#3433 = CARTESIAN_POINT ( 'NONE',  ( 2.631852984180935717, 20.05346685426934883, 4.405343365792886878 ) ) ;
#3434 = VERTEX_POINT ( 'NONE', #1758 ) ;
#3435 = CARTESIAN_POINT ( 'NONE',  ( 0.5845099095027002090, -10.05599013805107589, -15.50863234382301314 ) ) ;
#3436 = CARTESIAN_POINT ( 'NONE',  ( 10.08627239375047324, 6.010808495292747189, 12.47007880054817264 ) ) ;
#3437 = CARTESIAN_POINT ( 'NONE',  ( 2.831810311861893137, 20.34674661394463868, -4.465493346917212669 ) ) ;
#3438 = CARTESIAN_POINT ( 'NONE',  ( 2.831810311861891361, 4.465493346917711825, -20.34674661394453565 ) ) ;
#3439 = CARTESIAN_POINT ( 'NONE',  ( 8.081832178819825074, -9.748479977926676199, -6.718072109376008960 ) ) ;
#3440 = B_SPLINE_CURVE_WITH_KNOTS ( 'NONE', 3,
 ( #1092, #2508, #1565, #5592 ),
 .UNSPECIFIED., .F., .F.,
 ( 4, 4 ),
 ( 0.000000000000000000, 0.002859022159863997600 ),
 .UNSPECIFIED. ) ;
#3441 = CARTESIAN_POINT ( 'NONE',  ( 3.085675480215396060, 15.44679532677795919, -14.20513238378893917 ) ) ;
#3442 = CARTESIAN_POINT ( 'NONE',  ( 8.230357535800607138, -11.18423031998663220, 4.313548019702379221 ) ) ;
#3443 = CARTESIAN_POINT ( 'NONE',  ( 8.230357535800605362, 9.303875481428731220, -7.558545190369368783 ) ) ;
#3444 = CARTESIAN_POINT ( 'NONE',  ( 0.5844060700456880086, 17.85695230666748756, 4.771376216093806910 ) ) ;
#3445 = CARTESIAN_POINT ( 'NONE',  ( 5.178685273547317891, -8.464546091115739301, -17.56437044616601284 ) ) ;
#3446 = ORIENTED_EDGE ( 'NONE', *, *, #253, .T. ) ;
#3447 = CARTESIAN_POINT ( 'NONE',  ( 6.743615739646646290, 12.23180929328191624, -12.78585201324757570 ) ) ;
#3448 = CARTESIAN_POINT ( 'NONE',  ( 22.09284734956529661, 0.005484709010008282336, -0.008143675906138979348 ) ) ;
#3449 = ORIENTED_EDGE ( 'NONE', *, *, #4805, .F. ) ;
#3450 = ORIENTED_EDGE ( 'NONE', *, *, #1276, .F. ) ;
#3451 = CARTESIAN_POINT ( 'NONE',  ( 0.6337479801890598674, 18.53275695733654516, -0.9963524547568641809 ) ) ;
#3452 = CARTESIAN_POINT ( 'NONE',  ( 3.515204589128320123, 0.000000000000000000, 0.000000000000000000 ) ) ;
#3453 = CARTESIAN_POINT ( 'NONE',  ( 3.515204589130917157, 2.879989908614005056, -21.21966542071161754 ) ) ;
#3454 = B_SPLINE_CURVE_WITH_KNOTS ( 'NONE', 3,
 ( #3966, #2555, #781, #5269, #1253, #1224 ),
 .UNSPECIFIED., .F., .F.,
 ( 4, 2, 4 ),
 ( 7.589415207398531038E-19, 0.0002683118749524652700, 0.0005366237499049297810 ),
 .UNSPECIFIED. ) ;
#3455 = DIRECTION ( 'NONE',  ( 0.000000000000000000, 0.000000000000000000, 1.000000000000000000 ) ) ;
#3456 = CARTESIAN_POINT ( 'NONE',  ( 0.4193760241474211448, 15.05609155323756099, -10.43492890944731499 ) ) ;
#3457 =( BOUNDED_SURFACE ( )  B_SPLINE_SURFACE ( 3, 1, ( 
 ( #5369, #991 ),
 ( #5067, #5402 ),
 ( #3588, #1768 ),
 ( #5845, #44 ) ),
 .UNSPECIFIED., .F., .F., .F. ) 
 B_SPLINE_SURFACE_WITH_KNOTS ( ( 4, 4 ),
 ( 2, 2 ),
 ( 0.000000000000000000, 1.000000000000000000 ),
 ( 0.000000000000000000, 1.000000000000000000 ),
 .UNSPECIFIED. ) 
 GEOMETRIC_REPRESENTATION_ITEM ( )  RATIONAL_B_SPLINE_SURFACE ( (
 ( 1.000000000000000000, 1.000000000000000000),
 ( 0.9594539417957813621, 0.9995981945367502508),
 ( 0.9594539417957813621, 0.9995981945367502508),
 ( 1.000000000000000000, 1.000000000000000000) ) ) 
 REPRESENTATION_ITEM ( '' )  SURFACE ( )  );
#3458 = VERTEX_POINT ( 'NONE', #1418 ) ;
#3459 = CARTESIAN_POINT ( 'NONE',  ( 22.09374604753667626, 0.001812431280205561860, -0.01027209362899747340 ) ) ;
#3460 = EDGE_LOOP ( 'NONE', ( #889, #2278, #1828, #566 ) ) ;
#3461 = CARTESIAN_POINT ( 'NONE',  ( 2.635524340768116591, -4.431314575426057445, -20.05263845740217477 ) ) ;
#3462 = ADVANCED_FACE ( 'NONE', ( #3239 ), #1473, .F. ) ;
#3463 = CARTESIAN_POINT ( 'NONE',  ( 0.5251777261828612930, -17.78819905278938052, -4.799510228746440177 ) ) ;
#3464 = AXIS2_PLACEMENT_3D ( 'NONE', #352, #386, #2165 ) ;
#3465 = CARTESIAN_POINT ( 'NONE',  ( 3.663019018077784850, 21.49903630320807579, -3.608958212190606751 ) ) ;
#3466 = CARTESIAN_POINT ( 'NONE',  ( 9.812871695695726260, -13.48400402830498734, 1.548606896406496070 ) ) ;
#3467 = CARTESIAN_POINT ( 'NONE',  ( 6.743615739646670271, 15.58418749411200466, -8.380230930007058987 ) ) ;
#3468 = ORIENTED_EDGE ( 'NONE', *, *, #4864, .T. ) ;
#3469 = CARTESIAN_POINT ( 'NONE',  ( 8.080972016268331615, 7.321718109830293919, 9.302176594514007135 ) ) ;
#3470 = CARTESIAN_POINT ( 'NONE',  ( 11.36374701386286823, 7.788753041588817538, -5.038442870954434660 ) ) ;
#3471 = CARTESIAN_POINT ( 'NONE',  ( 0.4176373827249106885, 0.7022604704334807213, -18.30340391288160262 ) ) ;
#3472 = CARTESIAN_POINT ( 'NONE',  ( 8.081286344341224392, 11.83150392928987671, 0.3969128176507826788 ) ) ;
#3473 = DIRECTION ( 'NONE',  ( 0.7562523480584153468, 0.1687551180723660116, 0.6321424650982682136 ) ) ;
#3474 = ORIENTED_EDGE ( 'NONE', *, *, #4623, .F. ) ;
#3475 = CARTESIAN_POINT ( 'NONE',  ( 41.99999999999999289, 0.000000000000000000, 22.00000000000000000 ) ) ;
#3476 = CARTESIAN_POINT ( 'NONE',  ( 3.093381936067144622, 4.171182439500825900, 20.57841297091533050 ) ) ;
#3477 = CARTESIAN_POINT ( 'NONE',  ( 8.230357535800605362, -7.558545190369400757, -9.303875481428706351 ) ) ;
#3478 = EDGE_CURVE ( 'NONE', #2903, #2568, #1813, .T. ) ;
#3479 = ORIENTED_EDGE ( 'NONE', *, *, #4595, .F. ) ;
#3480 = ORIENTED_EDGE ( 'NONE', *, *, #4471, .T. ) ;
#3481 = CARTESIAN_POINT ( 'NONE',  ( 8.081990258054288390, -6.771743123457298452, -9.710931297506295579 ) ) ;
#3482 = CARTESIAN_POINT ( 'NONE',  ( 22.09374604753667626, 0.004897976078548939988, 0.009209269515132293554 ) ) ;
#3483 = EDGE_CURVE ( 'NONE', #4194, #1682, #1902, .T. ) ;
#3484 = CARTESIAN_POINT ( 'NONE',  ( 11.25262228702623979, -8.798914955062906884, -2.535025170081617762 ) ) ;
#3485 = DIRECTION ( 'NONE',  ( 0.7562523480584152358, 0.6321424650982677695, -0.1687551180723679267 ) ) ;
#3486 = ORIENTED_EDGE ( 'NONE', *, *, #3667, .F. ) ;
#3487 = DIRECTION ( 'NONE',  ( 1.000000000000000000, 0.000000000000000000, 0.000000000000000000 ) ) ;
#3488 = ORIENTED_EDGE ( 'NONE', *, *, #4719, .T. ) ;
#3489 = CYLINDRICAL_SURFACE ( 'NONE', #5473, 0.3999999999999993006 ) ;
#3490 = CARTESIAN_POINT ( 'NONE',  ( 1.165599648441769887, 4.814915257526736880, -18.44682782682940214 ) ) ;
#3491 = CARTESIAN_POINT ( 'NONE',  ( 0.5845099095027029845, 14.35624590234766274, 11.64211400149388176 ) ) ;
#3492 = CARTESIAN_POINT ( 'NONE',  ( 0.4126876516628540381, 18.31169662920711616, 0.6117626229490699119 ) ) ;
#3493 = CARTESIAN_POINT ( 'NONE',  ( 0.6480971303263367567, 11.69152577772644364, 14.39803354453986906 ) ) ;
#3494 = ORIENTED_EDGE ( 'NONE', *, *, #1305, .F. ) ;
#3495 = EDGE_CURVE ( 'NONE', #3566, #2542, #4531, .T. ) ;
#3496 = LINE ( 'NONE', #398, #4346 ) ;
#3497 = VECTOR ( 'NONE', #880, 1000.000000000000227 ) ;
#3498 = EDGE_CURVE ( 'NONE', #4998, #4868, #2098, .T. ) ;
#3499 = CARTESIAN_POINT ( 'NONE',  ( 0.6480971303263367567, -14.39803354453990991, 11.69152577772639390 ) ) ;
#3500 = CARTESIAN_POINT ( 'NONE',  ( 22.10703667329342181, -0.008651714384086000437, -0.007063111690694952143 ) ) ;
#3501 = CARTESIAN_POINT ( 'NONE',  ( 10.08627239375047147, 10.00230772699658566, 9.570084858214620738 ) ) ;
#3502 = VECTOR ( 'NONE', #2862, 1000.000000000000227 ) ;
#3503 = ORIENTED_EDGE ( 'NONE', *, *, #2178, .F. ) ;
#3504 = CARTESIAN_POINT ( 'NONE',  ( 3.515204589128663848, 3.818204060500772545, 21.07106689735823579 ) ) ;
#3505 = CARTESIAN_POINT ( 'NONE',  ( 0.9068532551529759900, 10.18005351811651416, 15.81231658201524759 ) ) ;
#3506 = ORIENTED_EDGE ( 'NONE', *, *, #447, .T. ) ;
#3507 = ORIENTED_EDGE ( 'NONE', *, *, #3428, .T. ) ;
#3508 = CARTESIAN_POINT ( 'NONE',  ( 22.09284734956529661, -0.003364541135548916682, 0.009223955395377387775 ) ) ;
#3509 = CARTESIAN_POINT ( 'NONE',  ( 8.081585098691668634, -3.981231368697776496, 11.14908124935687361 ) ) ;
#3510 = CARTESIAN_POINT ( 'NONE',  ( 2.631852984180935717, 13.63419961954105730, 15.35112972325885394 ) ) ;
#3511 = ORIENTED_EDGE ( 'NONE', *, *, #4805, .T. ) ;
#3512 = CARTESIAN_POINT ( 'NONE',  ( 10.08627239375047324, 6.555441082950957288, -12.19257463651230644 ) ) ;
#3513 = VERTEX_POINT ( 'NONE', #4252 ) ;
#3514 = CARTESIAN_POINT ( 'NONE',  ( 0.4200333337418791224, 14.93967501781341589, 10.60206601003638127 ) ) ;
#3515 = CARTESIAN_POINT ( 'NONE',  ( 2.631852984182520228, 4.405343365792342425, -20.05346685427108255 ) ) ;
#3516 = CARTESIAN_POINT ( 'NONE',  ( 5.178685273547323220, 17.17203955144089278, 9.234538826737512807 ) ) ;
#3517 = CARTESIAN_POINT ( 'NONE',  ( 0.5251705844568961279, 17.78817770071400162, -4.799559956401491689 ) ) ;
#3518 = CARTESIAN_POINT ( 'NONE',  ( 8.081286344341222616, 4.033622304792354285, 11.12977610358352898 ) ) ;
#3519 = EDGE_LOOP ( 'NONE', ( #2423, #4134, #5623, #1727 ) ) ;
#3520 = CARTESIAN_POINT ( 'NONE',  ( 6.743615739646593887, -15.58418749411200110, 8.380230930007213530 ) ) ;
#3521 = EDGE_CURVE ( 'NONE', #2222, #3680, #4445, .T. ) ;
#3522 = CARTESIAN_POINT ( 'NONE',  ( 0.4176373827249089121, 10.19033023168585217, 15.22054316821881770 ) ) ;
#3523 = CARTESIAN_POINT ( 'NONE',  ( 1.789743172660314130, -19.12023524865928437, 4.868107090492020284 ) ) ;
#3524 = CARTESIAN_POINT ( 'NONE',  ( 8.081990258054290166, 11.18639747111828697, 3.875977710608883076 ) ) ;
#3525 = ORIENTED_EDGE ( 'NONE', *, *, #5415, .F. ) ;
#3526 = EDGE_CURVE ( 'NONE', #4194, #2014, #644, .T. ) ;
#3527 =( BOUNDED_SURFACE ( )  B_SPLINE_SURFACE ( 3, 1, ( 
 ( #2254, #2754 ),
 ( #501, #57 ),
 ( #1866, #5535 ),
 ( #5142, #149 ) ),
 .UNSPECIFIED., .F., .F., .F. ) 
 B_SPLINE_SURFACE_WITH_KNOTS ( ( 4, 4 ),
 ( 2, 2 ),
 ( 0.000000000000000000, 1.000000000000000000 ),
 ( 0.000000000000000000, 1.000000000000000000 ),
 .UNSPECIFIED. ) 
 GEOMETRIC_REPRESENTATION_ITEM ( )  RATIONAL_B_SPLINE_SURFACE ( (
 ( 1.000000000000000000, 1.000000000000000000),
 ( 0.9934036227985141299, 0.8357362271078285776),
 ( 0.9934036227985141299, 0.8357362271078285776),
 ( 1.000000000000000000, 1.000000000000000000) ) ) 
 REPRESENTATION_ITEM ( '' )  SURFACE ( )  );
#3528 = CARTESIAN_POINT ( 'NONE',  ( 0.4182233646136210847, 6.238853248511289529, -17.22201239169717013 ) ) ;
#3529 = CARTESIAN_POINT ( 'NONE',  ( 10.08627239375047324, -13.71719167695413866, -1.863152317086421927 ) ) ;
#3530 = ORIENTED_EDGE ( 'NONE', *, *, #4374, .T. ) ;
#3531 = EDGE_LOOP ( 'NONE', ( #337, #4488, #2976, #5675 ) ) ;
#3532 = CARTESIAN_POINT ( 'NONE',  ( 0.4188821999575234045, -6.143174181901597031, 17.25737386291953257 ) ) ;
#3533 = CARTESIAN_POINT ( 'NONE',  ( 0.4182233646136210847, 18.30701878804081417, -0.6116075298352824374 ) ) ;
#3534 = B_SPLINE_CURVE_WITH_KNOTS ( 'NONE', 3,
 ( #7, #2406, #4702, #1013, #1578, #1138, #2915, #1936, #5151, #626 ),
 .UNSPECIFIED., .F., .F.,
 ( 4, 3, 3, 4 ),
 ( 0.0006117633103564813768, 0.0006120397344444670346, 0.0009177208998331744597, 0.001223526564453231505 ),
 .UNSPECIFIED. ) ;
#3535 = DIRECTION ( 'NONE',  ( 1.000000000000000000, 0.000000000000000000, 0.000000000000000000 ) ) ;
#3536 = CARTESIAN_POINT ( 'NONE',  ( 0.4182233646136193639, 15.17018320209481885, -10.26579477152699127 ) ) ;
#3537 = ORIENTED_EDGE ( 'NONE', *, *, #4141, .F. ) ;
#3538 = CARTESIAN_POINT ( 'NONE',  ( 10.08627239375047324, -10.00230772699651283, -9.570084858214697121 ) ) ;
#3539 = VERTEX_POINT ( 'NONE', #2401 ) ;
#3540 = EDGE_CURVE ( 'NONE', #5316, #2734, #114, .T. ) ;
#3541 = CARTESIAN_POINT ( 'NONE',  ( 1.672572369781983426, 16.58969869508204908, 10.38781161221851690 ) ) ;
#3542 = CARTESIAN_POINT ( 'NONE',  ( 6.743615739646666718, 12.78585201324769116, 12.23180929328175814 ) ) ;
#3543 = CARTESIAN_POINT ( 'NONE',  ( 8.230357535800605362, -11.96979476970954437, -0.6463107146107404111 ) ) ;
#3544 = CARTESIAN_POINT ( 'NONE',  ( 0.4182233646136210847, -17.22201239169719145, -6.238853248511230021 ) ) ;
#3545 = LINE ( 'NONE', #3998, #170 ) ;
#3546 = ADVANCED_FACE ( 'NONE', ( #2910, #4281 ), #563, .F. ) ;
#3547 = VERTEX_POINT ( 'NONE', #3716 ) ;
#3548 = CARTESIAN_POINT ( 'NONE',  ( 8.096103227782997180, -11.42109411224237547, 3.170745926815936144 ) ) ;
#3549 = CARTESIAN_POINT ( 'NONE',  ( 0.6337479801890594233, 14.40767405211447105, -11.69934729212845781 ) ) ;
#3550 = CARTESIAN_POINT ( 'NONE',  ( 0.4201982046941583060, -10.76798345734368922, -14.82038744593590351 ) ) ;
#3551 = CARTESIAN_POINT ( 'NONE',  ( 0.6337479801890597564, 14.40767405211430585, 11.69934729212866920 ) ) ;
#3552 = ORIENTED_EDGE ( 'NONE', *, *, #3265, .F. ) ;
#3553 = VECTOR ( 'NONE', #621, 1000.000000000000114 ) ;
#3554 = CARTESIAN_POINT ( 'NONE',  ( 0.4227027292401541181, -14.94248599980817183, -10.60419017047822088 ) ) ;
#3555 = CARTESIAN_POINT ( 'NONE',  ( 1.663814822677899707, 4.728618050564779907, 18.98297537028843962 ) ) ;
#3556 = CARTESIAN_POINT ( 'NONE',  ( 22.10281028718407725, 0.002853316407704543575, 0.01466885944743419150 ) ) ;
#3557 = ORIENTED_EDGE ( 'NONE', *, *, #3896, .T. ) ;
#3558 = ORIENTED_EDGE ( 'NONE', *, *, #4517, .T. ) ;
#3559 = EDGE_CURVE ( 'NONE', #3861, #1778, #3780, .T. ) ;
#3560 = CARTESIAN_POINT ( 'NONE',  ( 0.4197050914631956231, -5.950770039560173252, 17.32523076550102559 ) ) ;
#3561 = CARTESIAN_POINT ( 'NONE',  ( 10.08627239375047324, -13.62157025872561000, -2.466882191262156798 ) ) ;
#3562 =( BOUNDED_SURFACE ( )  B_SPLINE_SURFACE ( 3, 1, ( 
 ( #3183, #5089 ),
 ( #511, #98 ),
 ( #4999, #1819 ),
 ( #4610, #929 ) ),
 .UNSPECIFIED., .F., .F., .F. ) 
 B_SPLINE_SURFACE_WITH_KNOTS ( ( 4, 4 ),
 ( 2, 2 ),
 ( 0.000000000000000000, 1.000000000000000000 ),
 ( 0.000000000000000000, 1.000000000000000000 ),
 .UNSPECIFIED. ) 
 GEOMETRIC_REPRESENTATION_ITEM ( )  RATIONAL_B_SPLINE_SURFACE ( (
 ( 1.000000000000000000, 1.000000000000000000),
 ( 0.9594539417957813621, 0.9995981945367502508),
 ( 0.9594539417957813621, 0.9995981945367502508),
 ( 1.000000000000000000, 1.000000000000000000) ) ) 
 REPRESENTATION_ITEM ( '' )  SURFACE ( )  );
#3563 = ADVANCED_FACE ( 'NONE', ( #214 ), #3977, .T. ) ;
#3564 = CARTESIAN_POINT ( 'NONE',  ( 0.4182233646136228611, 5.075506595180987901, 17.60000663291082645 ) ) ;
#3565 = CARTESIAN_POINT ( 'NONE',  ( 3.085675480213958988, -19.08040266534552387, 8.736561453830256951 ) ) ;
#3566 = VERTEX_POINT ( 'NONE', #1453 ) ;
#3567 = CARTESIAN_POINT ( 'NONE',  ( 0.4960052067975748158, 11.59117272305967283, 14.31600804597595200 ) ) ;
#3568 = ORIENTED_EDGE ( 'NONE', *, *, #3526, .F. ) ;
#3569 = CARTESIAN_POINT ( 'NONE',  ( 8.230357535800605362, 11.58367230890926436, -3.084191986338616687 ) ) ;
#3570 = VECTOR ( 'NONE', #4166, 1000.000000000000000 ) ;
#3571 = FACE_OUTER_BOUND ( 'NONE', #4700, .T. ) ;
#3572 = CARTESIAN_POINT ( 'NONE',  ( 3.515204589128320123, 0.000000000000000000, 0.000000000000000000 ) ) ;
#3573 = EDGE_CURVE ( 'NONE', #2489, #5048, #4250, .T. ) ;
#3574 = CARTESIAN_POINT ( 'NONE',  ( 8.081990258054290166, -3.439467622103956845, -11.32822819647790347 ) ) ;
#3575 = B_SPLINE_CURVE_WITH_KNOTS ( 'NONE', 3,
 ( #2024, #3846, #3307, #1576, #5208, #1136 ),
 .UNSPECIFIED., .F., .F.,
 ( 4, 2, 4 ),
 ( 2.263465170623099742E-17, 0.001429663029798415108, 0.002859326059596807666 ),
 .UNSPECIFIED. ) ;
#3576 = ORIENTED_EDGE ( 'NONE', *, *, #2121, .F. ) ;
#3577 = DIRECTION ( 'NONE',  ( 0.7636347340829117147, -0.3966028717769387035, 0.5094783165164205041 ) ) ;
#3578 = B_SPLINE_CURVE_WITH_KNOTS ( 'NONE', 3,
 ( #1168, #2986, #719, #4877, #3467, #1142, #3070 ),
 .UNSPECIFIED., .F., .F.,
 ( 4, 3, 4 ),
 ( 0.000000000000000000, 0.002636963911865945580, 0.01002496898031685763 ),
 .UNSPECIFIED. ) ;
#3579 = FACE_OUTER_BOUND ( 'NONE', #1188, .T. ) ;
#3580 = CARTESIAN_POINT ( 'NONE',  ( 22.10281028718407725, -0.006313757786991403172, -0.01354449388564627453 ) ) ;
#3581 = FACE_OUTER_BOUND ( 'NONE', #4917, .T. ) ;
#3582 = CARTESIAN_POINT ( 'NONE',  ( 8.150690745220670053, 4.250200438962750127, 11.12330154211121780 ) ) ;
#3583 = ORIENTED_EDGE ( 'NONE', *, *, #3736, .T. ) ;
#3584 = EDGE_CURVE ( 'NONE', #3296, #4415, #4150, .T. ) ;
#3585 = SHAPE_DEFINITION_REPRESENTATION ( #2801, #4673 ) ;
#3586 = CARTESIAN_POINT ( 'NONE',  ( 22.10703667329342181, -0.009390945173914920160, -0.006045647796516559654 ) ) ;
#3587 = AXIS2_PLACEMENT_3D ( 'NONE', #1283, #2093, #3073 ) ;
#3588 = CARTESIAN_POINT ( 'NONE',  ( 22.09182100077397237, -0.001515261008719460002, -0.009170024695619366506 ) ) ;
#3589 = CARTESIAN_POINT ( 'NONE',  ( 0.4126876516628502078, 15.17405881654021016, 10.26841886461255982 ) ) ;
#3590 = ORIENTED_EDGE ( 'NONE', *, *, #1600, .F. ) ;
#3591 = ORIENTED_EDGE ( 'NONE', *, *, #1056, .T. ) ;
#3592 = FACE_OUTER_BOUND ( 'NONE', #3596, .T. ) ;
#3593 = DIRECTION ( 'NONE',  ( -0.7636347340829116037, 0.2197542875157073305, 0.6070997002310120072 ) ) ;
#3594 = CARTESIAN_POINT ( 'NONE',  ( 8.230357535800605362, -10.06365929432208084, -6.512792486836304739 ) ) ;
#3595 = CARTESIAN_POINT ( 'NONE',  ( 3.093381936069223404, 14.19652628817924978, -15.47024514008279539 ) ) ;
#3596 = EDGE_LOOP ( 'NONE', ( #4863, #3792, #2528, #2773 ) ) ;
#3597 = CARTESIAN_POINT ( 'NONE',  ( 1.789743172660314130, 1.278632657847618148, -19.68875214773290594 ) ) ;
#3598 = VERTEX_POINT ( 'NONE', #3033 ) ;
#3599 = EDGE_CURVE ( 'NONE', #5315, #1749, #4728, .T. ) ;
#3600 = CARTESIAN_POINT ( 'NONE',  ( 8.189129401831875654, -7.526383891260127967, -9.276884736777008200 ) ) ;
#3601 = CARTESIAN_POINT ( 'NONE',  ( 0.6337479801890594233, -4.779349357814424160, 17.93358911009631385 ) ) ;
#3602 = LINE ( 'NONE', #3656, #1495 ) ;
#3603 = CARTESIAN_POINT ( 'NONE',  ( 8.081286344341222616, 11.83150392928987849, -0.3969128176507829564 ) ) ;
#3604 = EDGE_LOOP ( 'NONE', ( #5874, #4781, #1756, #3608 ) ) ;
#3605 = CARTESIAN_POINT ( 'NONE',  ( 1.789743172660314130, 12.60719369824071734, -15.17697366616978805 ) ) ;
#3606 = CARTESIAN_POINT ( 'NONE',  ( 8.899588490903193261, -9.742752544668960013, -8.079673041661745714 ) ) ;
#3607 = CARTESIAN_POINT ( 'NONE',  ( 8.082269409299108531, 9.646977693303380619, -6.863252771113367956 ) ) ;
#3608 = ORIENTED_EDGE ( 'NONE', *, *, #1957, .F. ) ;
#3609 = EDGE_CURVE ( 'NONE', #1408, #4415, #1604, .T. ) ;
#3610 = CARTESIAN_POINT ( 'NONE',  ( 3.515204589129458768, -18.85988553533880108, 10.14264561317876279 ) ) ;
#3611 = CARTESIAN_POINT ( 'NONE',  ( 8.080971495803110471, 11.82921308913048897, 0.4558095225180573418 ) ) ;
#3612 = CARTESIAN_POINT ( 'NONE',  ( 0.6480971303263367567, -0.9956912648607131322, 18.52036025205820025 ) ) ;
#3613 = CARTESIAN_POINT ( 'NONE',  ( 22.09324635661532810, -0.002421923813349273220, -0.009842525497512112642 ) ) ;
#3614 = ORIENTED_EDGE ( 'NONE', *, *, #5562, .F. ) ;
#3615 = VERTEX_POINT ( 'NONE', #2049 ) ;
#3616 = CARTESIAN_POINT ( 'NONE',  ( 0.4188817388287960908, -5.173628812047332381, 17.57239525891938570 ) ) ;
#3617 = CARTESIAN_POINT ( 'NONE',  ( 8.096182984839499497, -9.278298961478849805, 7.376318265004414343 ) ) ;
#3618 = CARTESIAN_POINT ( 'NONE',  ( 3.515204589130441537, 10.14264561317866509, -18.85988553533995926 ) ) ;
#3619 = FACE_OUTER_BOUND ( 'NONE', #5169, .T. ) ;
#3620 = ORIENTED_EDGE ( 'NONE', *, *, #3054, .T. ) ;
#3621 = CARTESIAN_POINT ( 'NONE',  ( 8.082161297655169108, -9.679143226645621212, 6.817627422528698133 ) ) ;
#3622 = CARTESIAN_POINT ( 'NONE',  ( 10.08627239375047324, 13.62157025872565619, -2.466882191261871693 ) ) ;
#3623 = CARTESIAN_POINT ( 'NONE',  ( 22.09374604753667626, -0.009209269515132241513, 0.004897976078549040602 ) ) ;
#3624 = CARTESIAN_POINT ( 'NONE',  ( 0.4193760241474210892, 6.047136613740740074, -17.29178339499563677 ) ) ;
#3625 = LINE ( 'NONE', #506, #2442 ) ;
#3626 = CARTESIAN_POINT ( 'NONE',  ( 0.4078353108599463428, -15.28625667210340033, 10.10573646946177107 ) ) ;
#3627 = CARTESIAN_POINT ( 'NONE',  ( 8.080971495803114024, -4.088928491204128157, 11.10939730240545487 ) ) ;
#3628 = ORIENTED_EDGE ( 'NONE', *, *, #2983, .F. ) ;
#3629 = EDGE_CURVE ( 'NONE', #1082, #1539, #4340, .T. ) ;
#3630 = CARTESIAN_POINT ( 'NONE',  ( 3.515204589128168244, 2.879989908612509808, 21.21966542071173478 ) ) ;
#3631 = DIRECTION ( 'NONE',  ( -1.000000000000000000, -0.000000000000000000, -0.000000000000000000 ) ) ;
#3632 = CARTESIAN_POINT ( 'NONE',  ( 0.6480971303263367567, 17.30622377986117044, -6.670064725495927327 ) ) ;
#3633 = CARTESIAN_POINT ( 'NONE',  ( 0.4126876516628503189, -6.240446283245045578, 17.22641335661274198 ) ) ;
#3634 = B_SPLINE_CURVE_WITH_KNOTS ( 'NONE', 3,
 ( #2392, #3737, #5557, #4213, #1950, #5621 ),
 .UNSPECIFIED., .F., .F.,
 ( 4, 2, 4 ),
 ( 8.604392654375131855E-18, 0.0002687592685055717055, 0.0005375185370111346291 ),
 .UNSPECIFIED. ) ;
#3635 = ORIENTED_EDGE ( 'NONE', *, *, #2121, .T. ) ;
#3636 = CARTESIAN_POINT ( 'NONE',  ( -27.89911057639946890, 1.224646799147353256E-15, 10.00000000000000000 ) ) ;
#3637 = CARTESIAN_POINT ( 'NONE',  ( 22.09374604753667626, -0.007504072852115287705, 0.007244977936371122668 ) ) ;
#3638 = CARTESIAN_POINT ( 'NONE',  ( 8.082315436206480186, 7.008999717512953254, -9.541504815289608032 ) ) ;
#3639 = CARTESIAN_POINT ( 'NONE',  ( 0.4409628251481758077, -0.7918016284082927125, -18.32299877733133897 ) ) ;
#3640 = ORIENTED_EDGE ( 'NONE', *, *, #3031, .T. ) ;
#3641 = EDGE_CURVE ( 'NONE', #2830, #2363, #353, .T. ) ;
#3642 = EDGE_LOOP ( 'NONE', ( #2569, #5468, #4774, #4025 ) ) ;
#3643 = DIRECTION ( 'NONE',  ( 0.000000000000000000, 0.000000000000000000, 1.000000000000000000 ) ) ;
#3644 = CARTESIAN_POINT ( 'NONE',  ( 6.010425613512987653, -18.24228099043959617, -3.305071712933407291 ) ) ;
#3645 = EDGE_CURVE ( 'NONE', #2044, #2476, #2230, .T. ) ;
#3646 = CARTESIAN_POINT ( 'NONE',  ( 8.230357535800605362, -9.303875481428676153, 7.558545190369438060 ) ) ;
#3647 = CARTESIAN_POINT ( 'NONE',  ( 0.4197050914631955676, 10.51863125172067548, 14.99778922814676818 ) ) ;
#3648 = VECTOR ( 'NONE', #5396, 1000.000000000000000 ) ;
#3649 = ORIENTED_EDGE ( 'NONE', *, *, #4846, .F. ) ;
#3650 = CARTESIAN_POINT ( 'NONE',  ( 0.4197050914631933471, 5.369241044903904303, 17.51418098979536708 ) ) ;
#3651 = CARTESIAN_POINT ( 'NONE',  ( 0.4182233646136210847, -18.30701878804082128, 0.6116075298351546508 ) ) ;
#3652 = CARTESIAN_POINT ( 'NONE',  ( 8.230357535800607138, 0.6463107146106141787, 11.96979476970955147 ) ) ;
#3653 = EDGE_CURVE ( 'NONE', #5046, #1309, #2873, .T. ) ;
#3654 = B_SPLINE_CURVE_WITH_KNOTS ( 'NONE', 3,
 ( #3173, #3595, #469, #4985, #5409, #5019, #4569, #3679 ),
 .UNSPECIFIED., .F., .F.,
 ( 4, 2, 2, 4 ),
 ( 0.000000000000000000, 0.002211116461526663191, 0.003316674692289993918, 0.004422232923053324646 ),
 .UNSPECIFIED. ) ;
#3655 = CARTESIAN_POINT ( 'NONE',  ( 22.09284734956529661, 0.003364541135549664348, 0.009223955395376145713 ) ) ;
#3656 = CARTESIAN_POINT ( 'NONE',  ( -27.89911057639946890, 0.000000000000000000, -10.00000000000000000 ) ) ;
#3657 = CARTESIAN_POINT ( 'NONE',  ( 22.09284734956529661, 0.006050227743835329304, 0.007732802495629889118 ) ) ;
#3658 = CARTESIAN_POINT ( 'NONE',  ( 10.08627239375047502, 2.466882191262009805, 13.62157025872563487 ) ) ;
#3659 = VERTEX_POINT ( 'NONE', #327 ) ;
#3660 = CARTESIAN_POINT ( 'NONE',  ( 1.165599648441573155, 1.121126759719302646, 19.03186645073165195 ) ) ;
#3661 = B_SPLINE_CURVE_WITH_KNOTS ( 'NONE', 3,
 ( #1438, #3768, #5164, #1062, #2776, #4716, #2011 ),
 .UNSPECIFIED., .F., .F.,
 ( 4, 3, 4 ),
 ( 4.011548038196366406E-18, 0.0003060198743295307984, 0.0006117633103563553925 ),
 .UNSPECIFIED. ) ;
#3662 = CARTESIAN_POINT ( 'NONE',  ( 3.515204589129470758, -21.21966542071080752, 2.879989908611899629 ) ) ;
#3663 = EDGE_CURVE ( 'NONE', #2575, #4408, #3299, .T. ) ;
#3664 = PRODUCT_DEFINITION_FORMATION_WITH_SPECIFIED_SOURCE ( 'ANY', '', #4234, .NOT_KNOWN. ) ;
#3665 = DIRECTION ( 'NONE',  ( -1.000000000000000000, 0.000000000000000000, -0.000000000000000000 ) ) ;
#3666 = ORIENTED_EDGE ( 'NONE', *, *, #207, .F. ) ;
#3667 = EDGE_CURVE ( 'NONE', #3182, #2077, #5683, .T. ) ;
#3668 = LINE ( 'NONE', #5008, #3305 ) ;
#3669 = CARTESIAN_POINT ( 'NONE',  ( 0.9068532551532677566, 18.18421626379232947, -4.795531690358441956 ) ) ;
#3670 =( BOUNDED_SURFACE ( )  B_SPLINE_SURFACE ( 3, 1, ( 
 ( #1807, #4984 ),
 ( #525, #4629 ),
 ( #1353, #1410 ),
 ( #4542, #3172 ) ),
 .UNSPECIFIED., .F., .F., .F. ) 
 B_SPLINE_SURFACE_WITH_KNOTS ( ( 4, 4 ),
 ( 2, 2 ),
 ( 0.000000000000000000, 1.000000000000000000 ),
 ( 0.000000000000000000, 1.000000000000000000 ),
 .UNSPECIFIED. ) 
 GEOMETRIC_REPRESENTATION_ITEM ( )  RATIONAL_B_SPLINE_SURFACE ( (
 ( 1.000000000000000000, 1.000000000000000000),
 ( 0.9594539417957813621, 0.9995981945367502508),
 ( 0.9594539417957813621, 0.9995981945367502508),
 ( 1.000000000000000000, 1.000000000000000000) ) ) 
 REPRESENTATION_ITEM ( '' )  SURFACE ( )  );
#3671 = CARTESIAN_POINT ( 'NONE',  ( 8.082269409299110308, -7.053959254805104884, 9.508421322534971409 ) ) ;
#3672 = CARTESIAN_POINT ( 'NONE',  ( 1.672572369782843404, -7.315545706627195166, -18.15509636159584517 ) ) ;
#3673 = ORIENTED_EDGE ( 'NONE', *, *, #201, .T. ) ;
#3674 = VERTEX_POINT ( 'NONE', #5349 ) ;
#3675 = CARTESIAN_POINT ( 'NONE',  ( 2.635524340767390505, -17.70184096259417927, 10.41103666810668038 ) ) ;
#3676 = CIRCLE ( 'NONE', #168, 13.84314574289256150 ) ;
#3677 = VECTOR ( 'NONE', #5223, 1000.000000000000000 ) ;
#3678 = CARTESIAN_POINT ( 'NONE',  ( 22.09712324851893683, 0.01453401213442270974, -0.0006555654423624305291 ) ) ;
#3679 = CARTESIAN_POINT ( 'NONE',  ( 0.6480971303263367567, 11.69152577772664969, -14.39803354453970208 ) ) ;
#3680 = VERTEX_POINT ( 'NONE', #2133 ) ;
#3681 = CARTESIAN_POINT ( 'NONE',  ( 8.082286027375509718, -9.524332152863328460, 7.032267903719774615 ) ) ;
#3682 = VECTOR ( 'NONE', #5380, 999.9999999999998863 ) ;
#3683 = CARTESIAN_POINT ( 'NONE',  ( 0.4078353108599463428, 4.887413429185867741, 17.66093832750256354 ) ) ;
#3684 = AXIS2_PLACEMENT_3D ( 'NONE', #60, #2225, #5416 ) ;
#3685 = DIRECTION ( 'NONE',  ( -0.7636347340829117147, -0.02139462247428834327, -0.6452939353746504070 ) ) ;
#3686 = CARTESIAN_POINT ( 'NONE',  ( 22.10703667329342181, 0.007063111690693291145, 0.008651714384085575429 ) ) ;
#3687 = CARTESIAN_POINT ( 'NONE',  ( 2.831810311861893137, -2.040553937891341985, 20.73081928506410065 ) ) ;
#3688 = CARTESIAN_POINT ( 'NONE',  ( 8.081819171567945048, -11.83538582293018493, -0.2853079687557091848 ) ) ;
#3689 = CARTESIAN_POINT ( 'NONE',  ( 0.5845099095027015412, 17.25121229187547200, 6.635984425320662794 ) ) ;
#3690 = CARTESIAN_POINT ( 'NONE',  ( 8.150687306238468821, -4.250224770572011757, 11.12328894164052251 ) ) ;
#3691 = ORIENTED_EDGE ( 'NONE', *, *, #4705, .F. ) ;
#3692 = CARTESIAN_POINT ( 'NONE',  ( 11.25262228702623979, 5.129966460152700414, -7.584899545615971128 ) ) ;
#3693 = CARTESIAN_POINT ( 'NONE',  ( 9.539500336054885565, -11.44553886039955515, 6.790245143835152319 ) ) ;
#3694 = DIRECTION ( 'NONE',  ( -0.7636347340829116037, 0.6203223040965979429, 0.1790592972800033045 ) ) ;
#3695 = ORIENTED_EDGE ( 'NONE', *, *, #927, .F. ) ;
#3696 = CARTESIAN_POINT ( 'NONE',  ( 0.4201985021554956456, -5.564195755724769654, -17.45403946445206955 ) ) ;
#3697 = DIRECTION ( 'NONE',  ( 0.000000000000000000, 0.000000000000000000, -1.000000000000000000 ) ) ;
#3698 = CARTESIAN_POINT ( 'NONE',  ( 22.09284734956529661, -0.009812203273947710247, -0.0003495097987786775513 ) ) ;
#3699 = CARTESIAN_POINT ( 'NONE',  ( 0.4176364164252646671, 11.32672897722035010, 14.39489378258421404 ) ) ;
#3700 = CARTESIAN_POINT ( 'NONE',  ( 0.6337479801890594233, -17.31780942828223857, 6.674524347060608598 ) ) ;
#3701 = ORIENTED_EDGE ( 'NONE', *, *, #1597, .T. ) ;
#3702 = ORIENTED_EDGE ( 'NONE', *, *, #2319, .F. ) ;
#3703 = ADVANCED_FACE ( 'NONE', ( #5232 ), #519, .F. ) ;
#3704 = CARTESIAN_POINT ( 'NONE',  ( 0.4960052067975748158, -17.19720209562008861, 6.599970571953416076 ) ) ;
#3705 =( BOUNDED_SURFACE ( )  B_SPLINE_SURFACE ( 3, 1, ( 
 ( #5791, #3551 ),
 ( #2096, #1680 ),
 ( #2622, #1740 ),
 ( #1620, #2961 ) ),
 .UNSPECIFIED., .F., .F., .F. ) 
 B_SPLINE_SURFACE_WITH_KNOTS ( ( 4, 4 ),
 ( 2, 2 ),
 ( 0.000000000000000000, 1.000000000000000000 ),
 ( 0.000000000000000000, 1.000000000000000000 ),
 .UNSPECIFIED. ) 
 GEOMETRIC_REPRESENTATION_ITEM ( )  RATIONAL_B_SPLINE_SURFACE ( (
 ( 1.000000000000000000, 1.000000000000000000),
 ( 0.7790009610346629865, 0.9689941987838144311),
 ( 0.7790009610346629865, 0.9689941987838144311),
 ( 1.000000000000000000, 1.000000000000000000) ) ) 
 REPRESENTATION_ITEM ( '' )  SURFACE ( )  );
#3706 = CARTESIAN_POINT ( 'NONE',  ( 0.6480971303263367567, 10.08046346888076172, -15.56853882718277760 ) ) ;
#3707 = CARTESIAN_POINT ( 'NONE',  ( 0.4182233646136210847, -11.25539654257590527, -14.45119542963837667 ) ) ;
#3708 = ORIENTED_EDGE ( 'NONE', *, *, #3599, .T. ) ;
#3709 = CARTESIAN_POINT ( 'NONE',  ( 0.4126876516628505409, 5.076804625282106187, -17.60450345064202082 ) ) ;
#3710 = B_SPLINE_CURVE_WITH_KNOTS ( 'NONE', 3,
 ( #3303, #373, #4004, #3102, #1959, #1544 ),
 .UNSPECIFIED., .F., .F.,
 ( 4, 2, 4 ),
 ( 9.965227682168975268E-18, 0.0001743161698667555792, 0.0003486323397335011837 ),
 .UNSPECIFIED. ) ;
#3711 = ORIENTED_EDGE ( 'NONE', *, *, #2784, .T. ) ;
#3712 = CARTESIAN_POINT ( 'NONE',  ( 22.09374604753667626, -0.009375618690969511268, -0.004571497438468690930 ) ) ;
#3713 = CARTESIAN_POINT ( 'NONE',  ( 22.09284734956529661, -0.007732802495629908200, 0.006050227743835301548 ) ) ;
#3714 =( BOUNDED_SURFACE ( )  B_SPLINE_SURFACE ( 3, 1, ( 
 ( #1746, #3109 ),
 ( #3556, #4923 ),
 ( #852, #1887 ),
 ( #3852, #3700 ) ),
 .UNSPECIFIED., .F., .F., .F. ) 
 B_SPLINE_SURFACE_WITH_KNOTS ( ( 4, 4 ),
 ( 2, 2 ),
 ( 0.000000000000000000, 1.000000000000000000 ),
 ( 0.000000000000000000, 1.000000000000000000 ),
 .UNSPECIFIED. ) 
 GEOMETRIC_REPRESENTATION_ITEM ( )  RATIONAL_B_SPLINE_SURFACE ( (
 ( 1.000000000000000000, 1.000000000000000000),
 ( 0.7790009610346629865, 0.9689941987838144311),
 ( 0.7790009610346629865, 0.9689941987838144311),
 ( 1.000000000000000000, 1.000000000000000000) ) ) 
 REPRESENTATION_ITEM ( '' )  SURFACE ( )  );
#3715 = CARTESIAN_POINT ( 'NONE',  ( 3.515204589128320123, 18.85988553533717038, 10.14264561317938274 ) ) ;
#3716 = CARTESIAN_POINT ( 'NONE',  ( 8.230357535800605362, -6.512792486836119110, -10.06365929432220163 ) ) ;
#3717 = EDGE_CURVE ( 'NONE', #1641, #5046, #5078, .T. ) ;
#3718 = CARTESIAN_POINT ( 'NONE',  ( 8.081286344341224392, -6.633274307312356122, 9.805187248470426553 ) ) ;
#3719 = CARTESIAN_POINT ( 'NONE',  ( 8.096103227782998957, -4.147963344581203415, 11.10357692570858390 ) ) ;
#3720 = ORIENTED_EDGE ( 'NONE', *, *, #741, .F. ) ;
#3721 = CARTESIAN_POINT ( 'NONE',  ( 2.631852984181810573, 2.007131539549638521, 20.43330629214948146 ) ) ;
#3722 = CARTESIAN_POINT ( 'NONE',  ( 8.082161297655169108, -11.20483408959125704, -3.823290506758381113 ) ) ;
#3723 = B_SPLINE_CURVE_WITH_KNOTS ( 'NONE', 3,
 ( #4618, #548, #4115, #460, #2359, #78, #3669, #518 ),
 .UNSPECIFIED., .F., .F.,
 ( 4, 2, 2, 4 ),
 ( 0.000000000000000000, 0.002211116461526857046, 0.003316674692290289255, 0.004422232923053721898 ),
 .UNSPECIFIED. ) ;
#3724 = CARTESIAN_POINT ( 'NONE',  ( 0.6480971303263367567, -6.670064725495987723, -17.30622377986114202 ) ) ;
#3725 = EDGE_CURVE ( 'NONE', #2932, #4066, #946, .T. ) ;
#3726 = CARTESIAN_POINT ( 'NONE',  ( 8.082269409299115637, -0.1178630887964049884, 11.83868765985435267 ) ) ;
#3727 = ORIENTED_EDGE ( 'NONE', *, *, #667, .F. ) ;
#3728 = LINE ( 'NONE', #3636, #5005 ) ;
#3729 = CARTESIAN_POINT ( 'NONE',  ( 2.831810311861891361, -2.040553937891050662, -20.73081928506412908 ) ) ;
#3730 = CARTESIAN_POINT ( 'NONE',  ( 2.635524340768111706, -15.37165395375498456, -13.61826393839086435 ) ) ;
#3731 = DIRECTION ( 'NONE',  ( -0.7636347340829117147, -0.3619856454370532495, 0.5346292036539350701 ) ) ;
#3732 = ORIENTED_EDGE ( 'NONE', *, *, #150, .F. ) ;
#3733 = EDGE_LOOP ( 'NONE', ( #3985, #2896, #48, #1653 ) ) ;
#3734 = CARTESIAN_POINT ( 'NONE',  ( 22.09255692238962965, 0.008434103081284751585, -0.004361469442994525374 ) ) ;
#3735 = AXIS2_PLACEMENT_3D ( 'NONE', #826, #5348, #798 ) ;
#3736 = EDGE_CURVE ( 'NONE', #3458, #578, #1834, .T. ) ;
#3737 = CARTESIAN_POINT ( 'NONE',  ( 0.4176364164252648892, -4.988029452809006337, 17.62462250697003441 ) ) ;
#3738 = CARTESIAN_POINT ( 'NONE',  ( 8.081286344341222616, 3.278649261536660031, 11.37508171546219771 ) ) ;
#3739 = ORIENTED_EDGE ( 'NONE', *, *, #4082, .F. ) ;
#3740 = ORIENTED_EDGE ( 'NONE', *, *, #3415, .T. ) ;
#3741 = DIRECTION ( 'NONE',  ( -1.000000000000000000, -0.000000000000000000, -0.000000000000000000 ) ) ;
#3742 = DIRECTION ( 'NONE',  ( -1.000000000000000000, -0.000000000000000000, -0.000000000000000000 ) ) ;
#3743 = CARTESIAN_POINT ( 'NONE',  ( 0.4409628251481775285, 0.7918016284084211653, 18.32299877733132476 ) ) ;
#3744 = VECTOR ( 'NONE', #5114, 1000.000000000000000 ) ;
#3745 = CARTESIAN_POINT ( 'NONE',  ( 1.789743172660314130, -1.278632657847480480, 19.68875214773291660 ) ) ;
#3746 = CARTESIAN_POINT ( 'NONE',  ( 8.081286344341224392, 4.033622304792511493, -11.12977610358346858 ) ) ;
#3747 = CARTESIAN_POINT ( 'NONE',  ( 0.4960052067975748158, -17.79219411881564028, -4.768773417413866511 ) ) ;
#3748 = CARTESIAN_POINT ( 'NONE',  ( 0.4126876516628503189, -18.31169662920710905, -0.6117626229492016954 ) ) ;
#3749 = ORIENTED_EDGE ( 'NONE', *, *, #207, .T. ) ;
#3750 = B_SPLINE_CURVE_WITH_KNOTS ( 'NONE', 3,
 ( #3097, #3912, #1642, #1199, #5333, #4409 ),
 .UNSPECIFIED., .F., .F.,
 ( 4, 2, 4 ),
 ( 2.168404344971008868E-19, 0.0001743161698667592113, 0.0003486323397335182057 ),
 .UNSPECIFIED. ) ;
#3751 = CARTESIAN_POINT ( 'NONE',  ( 8.096182984839495944, -3.170610446342604583, 11.42121412822474014 ) ) ;
#3752 =( BOUNDED_SURFACE ( )  B_SPLINE_SURFACE ( 3, 1, ( 
 ( #2437, #2407 ),
 ( #598, #568 ),
 ( #5181, #3406 ),
 ( #1139, #3275 ) ),
 .UNSPECIFIED., .F., .F., .F. ) 
 B_SPLINE_SURFACE_WITH_KNOTS ( ( 4, 4 ),
 ( 2, 2 ),
 ( 0.000000000000000000, 1.000000000000000000 ),
 ( 0.000000000000000000, 1.000000000000000000 ),
 .UNSPECIFIED. ) 
 GEOMETRIC_REPRESENTATION_ITEM ( )  RATIONAL_B_SPLINE_SURFACE ( (
 ( 1.000000000000000000, 1.000000000000000000),
 ( 0.7790009610346629865, 0.9689941987838144311),
 ( 0.7790009610346629865, 0.9689941987838144311),
 ( 1.000000000000000000, 1.000000000000000000) ) ) 
 REPRESENTATION_ITEM ( '' )  SURFACE ( )  );
#3753 = CARTESIAN_POINT ( 'NONE',  ( 0.5845099095027032066, 4.771383994839115239, 17.85705769734328641 ) ) ;
#3754 = EDGE_CURVE ( 'NONE', #3168, #5619, #2587, .T. ) ;
#3755 = EDGE_CURVE ( 'NONE', #3076, #1126, #3654, .T. ) ;
#3756 = CARTESIAN_POINT ( 'NONE',  ( 0.6480971303263367567, -0.9956912648604544502, -18.52036025205821446 ) ) ;
#3757 = CARTESIAN_POINT ( 'NONE',  ( 8.082315436206481962, -0.06204406993223061245, 11.83902621475590955 ) ) ;
#3758 = ORIENTED_EDGE ( 'NONE', *, *, #5306, .T. ) ;
#3759 = CARTESIAN_POINT ( 'NONE',  ( 9.516581620098312655, 12.96273087008606240, 2.860874122989197854 ) ) ;
#3760 = CARTESIAN_POINT ( 'NONE',  ( 6.010425613512722087, -16.32811688112072090, -8.780484831617151542 ) ) ;
#3761 =( GEOMETRIC_REPRESENTATION_CONTEXT ( 3 ) GLOBAL_UNCERTAINTY_ASSIGNED_CONTEXT ( ( #4177 ) ) GLOBAL_UNIT_ASSIGNED_CONTEXT ( ( #2064, #674, #1683 ) ) REPRESENTATION_CONTEXT ( 'NONE', 'WORKASPACE' ) );
#3762 = CARTESIAN_POINT ( 'NONE',  ( 10.08627239375047324, 1.863152317086473664, -13.71719167695413155 ) ) ;
#3763 = CARTESIAN_POINT ( 'NONE',  ( 0.4227027292401573932, -17.36194296277455251, -5.855738517342922833 ) ) ;
#3764 = CARTESIAN_POINT ( 'NONE',  ( 8.933971668274605094, 13.66621851287717249, 6.586944101422145259 ) ) ;
#3765 = ORIENTED_EDGE ( 'NONE', *, *, #5268, .F. ) ;
#3766 = ORIENTED_EDGE ( 'NONE', *, *, #3963, .F. ) ;
#3767 = EDGE_CURVE ( 'NONE', #5618, #4616, #3775, .T. ) ;
#3768 = CARTESIAN_POINT ( 'NONE',  ( 0.4188821999575221278, -0.5096840345094764135, 18.31108308808429541 ) ) ;
#3769 = CARTESIAN_POINT ( 'NONE',  ( 0.4201982050972164484, 0.1019144803975222668, -18.31920718262800563 ) ) ;
#3770 = CARTESIAN_POINT ( 'NONE',  ( 22.09712324851893683, 0.01402524781096889037, -0.003867776960171424860 ) ) ;
#3771 =( BOUNDED_SURFACE ( )  B_SPLINE_SURFACE ( 3, 1, ( 
 ( #4693, #2939 ),
 ( #2045, #3897 ),
 ( #1955, #1569 ),
 ( #617, #1096 ) ),
 .UNSPECIFIED., .F., .F., .F. ) 
 B_SPLINE_SURFACE_WITH_KNOTS ( ( 4, 4 ),
 ( 2, 2 ),
 ( 0.000000000000000000, 1.000000000000000000 ),
 ( 0.000000000000000000, 1.000000000000000000 ),
 .UNSPECIFIED. ) 
 GEOMETRIC_REPRESENTATION_ITEM ( )  RATIONAL_B_SPLINE_SURFACE ( (
 ( 1.000000000000000000, 1.000000000000000000),
 ( 0.9934036227985141299, 0.8357362271078285776),
 ( 0.9934036227985141299, 0.8357362271078285776),
 ( 1.000000000000000000, 1.000000000000000000) ) ) 
 REPRESENTATION_ITEM ( '' )  SURFACE ( )  );
#3772 = ORIENTED_EDGE ( 'NONE', *, *, #2101, .F. ) ;
#3773 = CARTESIAN_POINT ( 'NONE',  ( 7.369041213193248119, 2.283625485934205113, 16.81957317253027639 ) ) ;
#3774 = CARTESIAN_POINT ( 'NONE',  ( 8.082357490472936945, -6.950052969702790406, -9.584714492062692770 ) ) ;
#3775 = CIRCLE ( 'NONE', #3106, 13.84314574289256150 ) ;
#3776 = CARTESIAN_POINT ( 'NONE',  ( 0.6337479801890599784, -14.40767405211421526, -11.69934729212877400 ) ) ;
#3777 = VECTOR ( 'NONE', #2236, 1000.000000000000000 ) ;
#3778 = EDGE_CURVE ( 'NONE', #1742, #5315, #2302, .T. ) ;
#3779 = CARTESIAN_POINT ( 'NONE',  ( 22.09712324851893683, -0.005114736531804319267, 0.01362008608573920913 ) ) ;
#3780 = CIRCLE ( 'NONE', #5590, 21.41421356110392082 ) ;
#3781 = CARTESIAN_POINT ( 'NONE',  ( 22.10703667329342181, 0.008651714384085551143, -0.007063111690693322370 ) ) ;
#3782 = DIRECTION ( 'NONE',  ( 0.000000000000000000, 0.000000000000000000, 1.000000000000000000 ) ) ;
#3783 = VECTOR ( 'NONE', #2094, 1000.000000000000114 ) ;
#3784 = ORIENTED_EDGE ( 'NONE', *, *, #3155, .T. ) ;
#3785 = ADVANCED_FACE ( 'NONE', ( #440 ), #5583, .T. ) ;
#3786 = CARTESIAN_POINT ( 'NONE',  ( 0.4227027292401541181, -5.467702049515795970, 17.48802365402823256 ) ) ;
#3787 = VERTEX_POINT ( 'NONE', #414 ) ;
#3788 = FACE_OUTER_BOUND ( 'NONE', #2310, .T. ) ;
#3789 = CARTESIAN_POINT ( 'NONE',  ( 3.515204589130439761, -9.296270399400958340, -19.29113524658098555 ) ) ;
#3790 = CARTESIAN_POINT ( 'NONE',  ( 2.631852984182512234, -2.007131539550061294, -20.43330629215013872 ) ) ;
#3791 = CARTESIAN_POINT ( 'NONE',  ( 1.789743172660313242, -15.17697366617001364, 12.60719369824044556 ) ) ;
#3792 = ORIENTED_EDGE ( 'NONE', *, *, #3840, .T. ) ;
#3793 = B_SPLINE_CURVE_WITH_KNOTS ( 'NONE', 3,
 ( #3221, #876, #962, #4617, #5876, #517, #905, #2326, #1796, #2708, #4530, #4144, #459 ),
 .UNSPECIFIED., .F., .F.,
 ( 4, 3, 3, 3, 4 ),
 ( 8.673617379884035472E-19, 0.0003060394048542607135, 0.0004590327578743555632, 0.0006264795226578697730, 0.0007939722156138037147 ),
 .UNSPECIFIED. ) ;
#3794 = CARTESIAN_POINT ( 'NONE',  ( 8.082269409299117413, 3.546261219361484418, 11.29568274073511702 ) ) ;
#3795 = B_SPLINE_CURVE_WITH_KNOTS ( 'NONE', 3,
 ( #3756, #2494, #193, #5574, #3790, #4318, #599, #3315 ),
 .UNSPECIFIED., .F., .F.,
 ( 4, 2, 2, 4 ),
 ( 0.000000000000000000, 0.002211095967735169070, 0.003316643951602750353, 0.004422191935470332069 ),
 .UNSPECIFIED. ) ;
#3796 = CARTESIAN_POINT ( 'NONE',  ( 8.891830625034108593, 8.124900616181959023, 9.695776800649607452 ) ) ;
#3797 = CARTESIAN_POINT ( 'NONE',  ( 22.09324635661532810, -0.009842525497512138663, 0.002421923813349165667 ) ) ;
#3798 = FACE_OUTER_BOUND ( 'NONE', #3294, .T. ) ;
#3799 = EDGE_CURVE ( 'NONE', #4852, #4333, #3220, .T. ) ;
#3800 = ORIENTED_EDGE ( 'NONE', *, *, #3288, .T. ) ;
#3801 = ORIENTED_EDGE ( 'NONE', *, *, #1791, .F. ) ;
#3802 = B_SPLINE_CURVE_WITH_KNOTS ( 'NONE', 3,
 ( #5040, #2952, #5664, #2003, #1554, #1612, #5183, #3822, #4319, #4621, #4766, #5240, #1111 ),
 .UNSPECIFIED., .F., .F.,
 ( 4, 3, 3, 3, 4 ),
 ( 2.602085213965210642E-18, 0.0003060198743295330210, 0.0006120397344444679019, 0.0009177208998331721828, 0.001223526564453230421 ),
 .UNSPECIFIED. ) ;
#3803 = CARTESIAN_POINT ( 'NONE',  ( 0.6480971303263367567, -17.92159482384636604, 4.776147394168268612 ) ) ;
#3804 = B_SPLINE_CURVE_WITH_KNOTS ( 'NONE', 3,
 ( #3442, #4800, #724, #1201, #3016, #4828 ),
 .UNSPECIFIED., .F., .F.,
 ( 4, 2, 4 ),
 ( 8.673617379884034509E-19, 0.0001740257916702653285, 0.0003480515833405297896 ),
 .UNSPECIFIED. ) ;
#3805 = CARTESIAN_POINT ( 'NONE',  ( 8.081990258054290166, 0.2294869342809785773, -11.83663919117131691 ) ) ;
#3806 = CARTESIAN_POINT ( 'NONE',  ( 3.093381936068700711, 18.28226749055993849, -10.32610956502148802 ) ) ;
#3807 = ORIENTED_EDGE ( 'NONE', *, *, #4719, .F. ) ;
#3808 = ORIENTED_EDGE ( 'NONE', *, *, #1360, .T. ) ;
#3809 = CARTESIAN_POINT ( 'NONE',  ( 8.082286027375504389, -11.23126844858702000, 3.744903718859441177 ) ) ;
#3810 = DIRECTION ( 'NONE',  ( 0.7562523480584153468, -0.3558384192823227377, -0.5490550112864750476 ) ) ;
#3811 = ADVANCED_FACE ( 'NONE', ( #860, #5045 ), #2636, .T. ) ;
#3812 = LINE ( 'NONE', #5082, #4158 ) ;
#3813 = CARTESIAN_POINT ( 'NONE',  ( 3.515204589130917157, 2.879989908614005056, -21.21966542071161754 ) ) ;
#3814 = CARTESIAN_POINT ( 'NONE',  ( 3.515204589128320123, 0.000000000000000000, 0.000000000000000000 ) ) ;
#3815 = EDGE_LOOP ( 'NONE', ( #2725, #3088, #2143, #1037 ) ) ;
#3816 = CARTESIAN_POINT ( 'NONE',  ( 0.4193753327645567408, 0.4078564939900661823, 18.31412698968589581 ) ) ;
#3817 = VERTEX_POINT ( 'NONE', #4958 ) ;
#3818 = CARTESIAN_POINT ( 'NONE',  ( 8.899588490903193261, -6.769152015391994404, -10.69490180409916569 ) ) ;
#3819 = CARTESIAN_POINT ( 'NONE',  ( 10.08627239375047324, -6.010808495292834230, 12.47007880054813000 ) ) ;
#3820 = B_SPLINE_CURVE_WITH_KNOTS ( 'NONE', 3,
 ( #1409, #2660, #1773, #3644, #3170, #5043, #3561 ),
 .UNSPECIFIED., .F., .F.,
 ( 4, 3, 4 ),
 ( 1.200951596345169194E-15, 0.003806765355762720647, 0.01002496898031661476 ),
 .UNSPECIFIED. ) ;
#3821 = CARTESIAN_POINT ( 'NONE',  ( 0.6337479801890599784, 0.9963524547570584700, -18.53275695733653450 ) ) ;
#3822 = CARTESIAN_POINT ( 'NONE',  ( 0.4201979075620136395, 17.39102729729438224, -5.758115384118791980 ) ) ;
#3823 = EDGE_CURVE ( 'NONE', #155, #4891, #2436, .T. ) ;
#3824 = DIRECTION ( 'NONE',  ( 0.000000000000000000, 0.000000000000000000, 1.000000000000000000 ) ) ;
#3825 = CARTESIAN_POINT ( 'NONE',  ( 0.4126876516628505409, -17.22641335661280948, 6.240446283244855508 ) ) ;
#3826 = CARTESIAN_POINT ( 'NONE',  ( 0.4126876516628503189, 11.25827158159110297, -14.45488872119362966 ) ) ;
#3827 = CARTESIAN_POINT ( 'NONE',  ( 9.510122032027846117, -14.27474089050050310, 2.585367375870653905 ) ) ;
#3828 = CARTESIAN_POINT ( 'NONE',  ( 0.4126876516628505409, 17.22641335661284856, -6.240446283244743597 ) ) ;
#3829 = CARTESIAN_POINT ( 'NONE',  ( 0.6480971303263367567, 18.52036025205820380, 0.9956912648606482952 ) ) ;
#3830 = EDGE_LOOP ( 'NONE', ( #34, #3640, #4218, #4057 ) ) ;
#3831 = CARTESIAN_POINT ( 'NONE',  ( 1.663814822678292948, -18.13696163221062818, -7.332380604472140462 ) ) ;
#3832 = ADVANCED_FACE ( 'NONE', ( #3619 ), #2082, .F. ) ;
#3833 = CARTESIAN_POINT ( 'NONE',  ( 1.789743172660314130, -16.68009650493447538, 10.53832259871770916 ) ) ;
#3834 = CARTESIAN_POINT ( 'NONE',  ( 22.10703667329342181, 0.01041089088770258235, 0.004043891623595224916 ) ) ;
#3835 = ORIENTED_EDGE ( 'NONE', *, *, #3717, .T. ) ;
#3836 = CARTESIAN_POINT ( 'NONE',  ( 2.831810311861893137, -10.53442703000814618, -17.97099262013268373 ) ) ;
#3837 = VERTEX_POINT ( 'NONE', #3738 ) ;
#3838 = CARTESIAN_POINT ( 'NONE',  ( 22.09324635661532810, -0.007744668856831203770, -0.006539199295393370234 ) ) ;
#3839 = CARTESIAN_POINT ( 'NONE',  ( 11.36374701386286823, 8.654300079383531852, 3.339711161569642872 ) ) ;
#3840 = EDGE_CURVE ( 'NONE', #3861, #3598, #1519, .T. ) ;
#3841 = CARTESIAN_POINT ( 'NONE',  ( 0.4409628251481790273, 10.12940748553233128, -15.28902671869197150 ) ) ;
#3842 = B_SPLINE_CURVE_WITH_KNOTS ( 'NONE', 3,
 ( #286, #2991, #699, #2059, #5276, #1204 ),
 .UNSPECIFIED., .F., .F.,
 ( 4, 2, 4 ),
 ( 8.845388854693243284E-18, 0.0001743161698667575578, 0.0003486323397335062794 ),
 .UNSPECIFIED. ) ;
#3843 = CARTESIAN_POINT ( 'NONE',  ( 3.093381936069157234, 2.392049085537590880, -20.86020001144753522 ) ) ;
#3844 = CARTESIAN_POINT ( 'NONE',  ( 0.9068532551530396058, 14.56808077891766295, 11.89259718230308316 ) ) ;
#3845 = ORIENTED_EDGE ( 'NONE', *, *, #494, .T. ) ;
#3846 = CARTESIAN_POINT ( 'NONE',  ( 9.812871695695722707, -12.34550404827370684, 5.639599076973506264 ) ) ;
#3847 = ORIENTED_EDGE ( 'NONE', *, *, #404, .F. ) ;
#3848 = ADVANCED_FACE ( 'NONE', ( #4718 ), #4582, .F. ) ;
#3849 = CARTESIAN_POINT ( 'NONE',  ( 22.09374604753667626, -0.007244977936371201598, -0.007504072852115211377 ) ) ;
#3850 = CARTESIAN_POINT ( 'NONE',  ( 8.081990258054291942, -11.18639747111825677, -3.875977710608961235 ) ) ;
#3851 = CARTESIAN_POINT ( 'NONE',  ( 8.357821303193640361, 15.69063982387577560, 2.130618037220468608 ) ) ;
#3852 = CARTESIAN_POINT ( 'NONE',  ( 22.09374604753667626, 0.009209269515131696809, 0.004897976078547553944 ) ) ;
#3853 = CARTESIAN_POINT ( 'NONE',  ( 0.6337479801890597564, -6.674524347060799556, 17.31780942828217107 ) ) ;
#3854 = CARTESIAN_POINT ( 'NONE',  ( 8.081286344341222616, 3.278649261536660031, 11.37508171546219771 ) ) ;
#3855 = EDGE_CURVE ( 'NONE', #5860, #2749, #811, .T. ) ;
#3856 = CARTESIAN_POINT ( 'NONE',  ( 10.08627239375047324, -12.19257463651232598, -6.555441082950914655 ) ) ;
#3857 = CARTESIAN_POINT ( 'NONE',  ( 0.4227027292401573932, 14.94248599980840453, -10.60419017047789580 ) ) ;
#3858 = CARTESIAN_POINT ( 'NONE',  ( 8.081990258054291942, 11.83663919117131869, 0.2294869342808545931 ) ) ;
#3859 = CARTESIAN_POINT ( 'NONE',  ( 0.4126876516628540381, 10.26841886461251185, 15.17405881654024391 ) ) ;
#3860 = EDGE_CURVE ( 'NONE', #1894, #5461, #1490, .T. ) ;
#3861 = VERTEX_POINT ( 'NONE', #1951 ) ;
#3862 = DIRECTION ( 'NONE',  ( 1.000000000000000000, 0.000000000000000000, 0.000000000000000000 ) ) ;
#3863 = AXIS2_PLACEMENT_3D ( 'NONE', #3475, #5280, #4775 ) ;
#3864 = CARTESIAN_POINT ( 'NONE',  ( 8.082341011147272880, -9.216374873587886543E-17, -11.83921436388618709 ) ) ;
#3865 = CARTESIAN_POINT ( 'NONE',  ( 1.911690948751679553, 10.39337113502308974, 16.86597515105392375 ) ) ;
#3866 = ORIENTED_EDGE ( 'NONE', *, *, #4709, .T. ) ;
#3867 = ORIENTED_EDGE ( 'NONE', *, *, #1179, .F. ) ;
#3868 = CARTESIAN_POINT ( 'NONE',  ( 2.631852984181795030, -20.43330629214947436, 2.007131539549556809 ) ) ;
#3869 = CARTESIAN_POINT ( 'NONE',  ( 22.09712324851893683, 0.01214359451213289053, 0.008012514405457403857 ) ) ;
#3870 = CARTESIAN_POINT ( 'NONE',  ( 22.09374604753667626, 0.007244977936371149556, 0.007504072852115262551 ) ) ;
#3871 = CARTESIAN_POINT ( 'NONE',  ( 7.813880306852850843, 0.000000000000000000, 0.000000000000000000 ) ) ;
#3872 = CARTESIAN_POINT ( 'NONE',  ( 5.178685273547322332, 13.47795068079877900, 14.08902037562330456 ) ) ;
#3873 = ORIENTED_EDGE ( 'NONE', *, *, #5284, .F. ) ;
#3874 = CARTESIAN_POINT ( 'NONE',  ( 0.4188817388287974786, 0.5097553722898906514, 18.31108024341983764 ) ) ;
#3875 =( REPRESENTATION_RELATIONSHIP ('NONE','NONE', #4673, #2879 ) REPRESENTATION_RELATIONSHIP_WITH_TRANSFORMATION ( #458 )SHAPE_REPRESENTATION_RELATIONSHIP( ) );
#3876 = ORIENTED_EDGE ( 'NONE', *, *, #4357, .T. ) ;
#3877 = CARTESIAN_POINT ( 'NONE',  ( 9.516581620098309102, -1.284851155396156130, -13.21234838574689263 ) ) ;
#3878 = AXIS2_PLACEMENT_3D ( 'NONE', #4094, #5406, #3643 ) ;
#3879 = CARTESIAN_POINT ( 'NONE',  ( 10.08627239375047502, 2.466882191262009805, 13.62157025872563487 ) ) ;
#3880 = VECTOR ( 'NONE', #2296, 1000.000000000000000 ) ;
#3881 = LINE ( 'NONE', #2826, #2724 ) ;
#3882 = FACE_OUTER_BOUND ( 'NONE', #449, .T. ) ;
#3883 = CARTESIAN_POINT ( 'NONE',  ( 3.515204589130417112, -2.879989908612937910, -21.21966542071166018 ) ) ;
#3884 = CARTESIAN_POINT ( 'NONE',  ( 1.165599648441906888, 14.73812161800320197, -12.09366102480151106 ) ) ;
#3885 = CARTESIAN_POINT ( 'NONE',  ( 3.304290419809254420, -10.23437882551908373, 18.57107262020739213 ) ) ;
#3886 = CARTESIAN_POINT ( 'NONE',  ( 0.6337479801890594233, 11.69934729212861590, 14.40767405211434316 ) ) ;
#3887 = CARTESIAN_POINT ( 'NONE',  ( 3.093381936068698934, 8.721130179695704143, -19.10004533329735921 ) ) ;
#3888 = CARTESIAN_POINT ( 'NONE',  ( 22.09374604753667626, -0.01032941364857355680, -0.001450526919793266450 ) ) ;
#3889 = ORIENTED_EDGE ( 'NONE', *, *, #306, .F. ) ;
#3890 = B_SPLINE_CURVE_WITH_KNOTS ( 'NONE', 3,
 ( #1154, #2131, #2971, #4783, #3927, #5678 ),
 .UNSPECIFIED., .F., .F.,
 ( 4, 2, 4 ),
 ( 1.084202172485504434E-19, 0.0002683118749524626679, 0.0005366237499049252273 ),
 .UNSPECIFIED. ) ;
#3891 = CARTESIAN_POINT ( 'NONE',  ( 1.161569255189827787, 4.789824388041468595, 18.44918243373094668 ) ) ;
#3892 = CARTESIAN_POINT ( 'NONE',  ( 0.4078353108599468979, 0.8093236901503750858, 18.30684428841292188 ) ) ;
#3893 = EDGE_CURVE ( 'NONE', #4891, #3003, #2159, .T. ) ;
#3894 = ORIENTED_EDGE ( 'NONE', *, *, #4635, .T. ) ;
#3895 = ORIENTED_EDGE ( 'NONE', *, *, #764, .T. ) ;
#3896 = EDGE_CURVE ( 'NONE', #3615, #4256, #1023, .T. ) ;
#3897 = CARTESIAN_POINT ( 'NONE',  ( 0.4078353108599463428, 10.10573646946182436, 15.28625667210336303 ) ) ;
#3898 = CARTESIAN_POINT ( 'NONE',  ( 2.396304448592992298, -19.78813706634972291, -4.510971347559136646 ) ) ;
#3899 = CARTESIAN_POINT ( 'NONE',  ( 22.09324635661532810, -0.01010921362861638695, -0.0007381212216438630966 ) ) ;
#3900 = CARTESIAN_POINT ( 'NONE',  ( 0.4182233646136210847, -14.45119542963816883, -11.25539654257617173 ) ) ;
#3901 = CARTESIAN_POINT ( 'NONE',  ( 0.4188821999575216837, 15.11356216248558582, -10.35064154699816719 ) ) ;
#3902 = ORIENTED_EDGE ( 'NONE', *, *, #2963, .T. ) ;
#3903 = CARTESIAN_POINT ( 'NONE',  ( 7.813880306852850843, 0.000000000000000000, 0.000000000000000000 ) ) ;
#3904 = VECTOR ( 'NONE', #3284, 1000.000000000000000 ) ;
#3905 = ORIENTED_EDGE ( 'NONE', *, *, #1534, .T. ) ;
#3906 = CARTESIAN_POINT ( 'NONE',  ( 2.631852984180945043, 17.71065435997479653, 10.38659256865890335 ) ) ;
#3907 = CARTESIAN_POINT ( 'NONE',  ( 0.4176364164252645006, -17.62462250697002020, -4.988029452809066733 ) ) ;
#3908 = CARTESIAN_POINT ( 'NONE',  ( 22.10281028718407725, 0.006313757786991315568, 0.01354449388564631616 ) ) ;
#3909 = CARTESIAN_POINT ( 'NONE',  ( 0.4182233646136210847, 17.60000663291087264, -5.075506595180807601 ) ) ;
#3910 = CARTESIAN_POINT ( 'NONE',  ( -27.89911057639946890, 0.000000000000000000, 0.000000000000000000 ) ) ;
#3911 = ORIENTED_EDGE ( 'NONE', *, *, #5709, .F. ) ;
#3912 = CARTESIAN_POINT ( 'NONE',  ( 8.080971495803106919, 0.4558095225181815202, -11.82921308913048541 ) ) ;
#3913 = EDGE_CURVE ( 'NONE', #5253, #1889, #3149, .T. ) ;
#3914 = CARTESIAN_POINT ( 'NONE',  ( 0.4126876516628503189, -17.22641335661271711, -6.240446283245104198 ) ) ;
#3915 = CARTESIAN_POINT ( 'NONE',  ( 0.4188821999575236821, -10.35064154699822048, -15.11356216248555029 ) ) ;
#3916 = CARTESIAN_POINT ( 'NONE',  ( 8.082269409299112084, 11.83868765985435090, 0.1178630887963635354 ) ) ;
#3917 =( BOUNDED_SURFACE ( )  B_SPLINE_SURFACE ( 3, 1, ( 
 ( #1738, #4883 ),
 ( #4028, #3523 ),
 ( #3580, #2561 ),
 ( #3500, #2650 ) ),
 .UNSPECIFIED., .F., .F., .F. ) 
 B_SPLINE_SURFACE_WITH_KNOTS ( ( 4, 4 ),
 ( 2, 2 ),
 ( 0.000000000000000000, 1.000000000000000000 ),
 ( 0.000000000000000000, 1.000000000000000000 ),
 .UNSPECIFIED. ) 
 GEOMETRIC_REPRESENTATION_ITEM ( )  RATIONAL_B_SPLINE_SURFACE ( (
 ( 1.000000000000000000, 1.000000000000000000),
 ( 0.7790009610346629865, 0.9689941987838144311),
 ( 0.7790009610346629865, 0.9689941987838144311),
 ( 1.000000000000000000, 1.000000000000000000) ) ) 
 REPRESENTATION_ITEM ( '' )  SURFACE ( )  );
#3918 = LINE ( 'NONE', #4772, #1783 ) ;
#3919 = ORIENTED_EDGE ( 'NONE', *, *, #1911, .F. ) ;
#3920 = ADVANCED_FACE ( 'NONE', ( #4630 ), #5161, .F. ) ;
#3921 = CARTESIAN_POINT ( 'NONE',  ( 0.000000000000000000, 0.000000000000000000, 0.000000000000000000 ) ) ;
#3922 = CARTESIAN_POINT ( 'NONE',  ( 8.933971668274605094, 10.48764987945014404, -10.96186850144791336 ) ) ;
#3923 = CARTESIAN_POINT ( 'NONE',  ( 9.516581620098307326, -8.805489949250068449, -9.933797819138822760 ) ) ;
#3924 = ORIENTED_EDGE ( 'NONE', *, *, #2342, .F. ) ;
#3925 = ORIENTED_EDGE ( 'NONE', *, *, #1920, .F. ) ;
#3926 = CARTESIAN_POINT ( 'NONE',  ( 8.081819171567939719, -6.725846246555791552, -9.742728082130993172 ) ) ;
#3927 = CARTESIAN_POINT ( 'NONE',  ( 0.4176373827249059700, -0.7022604704333529346, 18.30340391288160973 ) ) ;
#3928 =( BOUNDED_SURFACE ( )  B_SPLINE_SURFACE ( 3, 1, ( 
 ( #643, #1921 ),
 ( #3356, #4270 ),
 ( #5527, #524 ),
 ( #3734, #2391 ) ),
 .UNSPECIFIED., .F., .F., .F. ) 
 B_SPLINE_SURFACE_WITH_KNOTS ( ( 4, 4 ),
 ( 2, 2 ),
 ( 0.000000000000000000, 1.000000000000000000 ),
 ( 0.000000000000000000, 1.000000000000000000 ),
 .UNSPECIFIED. ) 
 GEOMETRIC_REPRESENTATION_ITEM ( )  RATIONAL_B_SPLINE_SURFACE ( (
 ( 1.000000000000000000, 1.000000000000000000),
 ( 0.9594539417957813621, 0.9995981945367502508),
 ( 0.9594539417957813621, 0.9995981945367502508),
 ( 1.000000000000000000, 1.000000000000000000) ) ) 
 REPRESENTATION_ITEM ( '' )  SURFACE ( )  );
#3929 = EDGE_CURVE ( 'NONE', #4858, #3458, #4990, .T. ) ;
#3930 = FACE_OUTER_BOUND ( 'NONE', #4085, .T. ) ;
#3931 = CARTESIAN_POINT ( 'NONE',  ( 0.4193753327645622364, 14.57670793957781186, -11.09473658805291940 ) ) ;
#3932 = ORIENTED_EDGE ( 'NONE', *, *, #5123, .F. ) ;
#3933 = CARTESIAN_POINT ( 'NONE',  ( 1.911690948751678221, 18.32198533640053384, 7.535790249139312280 ) ) ;
#3934 = ORIENTED_EDGE ( 'NONE', *, *, #2281, .T. ) ;
#3935 = CARTESIAN_POINT ( 'NONE',  ( 22.10703667329342181, -0.002847791080118693922, -0.01079952751295299579 ) ) ;
#3936 = CARTESIAN_POINT ( 'NONE',  ( 4.346944931879103358, -3.647160332703597518, 20.12813819246353830 ) ) ;
#3937 = CARTESIAN_POINT ( 'NONE',  ( 0.4126876516628540381, 5.076804625281861938, 17.60450345064209898 ) ) ;
#3938 = CARTESIAN_POINT ( 'NONE',  ( 9.516581620098312655, -13.21234838574688730, 1.284851155396199207 ) ) ;
#3939 = CARTESIAN_POINT ( 'NONE',  ( 8.082315436206483739, -9.541504815289629349, -7.008999717512916838 ) ) ;
#3940 = VERTEX_POINT ( 'NONE', #2067 ) ;
#3941 = CARTESIAN_POINT ( 'NONE',  ( 5.129410166199411591, -17.22203624868322791, 9.261438769390316850 ) ) ;
#3942 = B_SPLINE_CURVE_WITH_KNOTS ( 'NONE', 3,
 ( #4585, #1370, #514, #4526, #2324, #5002 ),
 .UNSPECIFIED., .F., .F.,
 ( 4, 2, 4 ),
 ( 8.182674270850422113E-18, 0.0001743161698667580457, 0.0003486323397335079058 ),
 .UNSPECIFIED. ) ;
#3943 = B_SPLINE_CURVE_WITH_KNOTS ( 'NONE', 3,
 ( #4007, #1155, #2484, #406, #2973, #4949 ),
 .UNSPECIFIED., .F., .F.,
 ( 4, 2, 4 ),
 ( 1.355653811057356553E-17, 0.0002687592685055680193, 0.0005375185370111224860 ),
 .UNSPECIFIED. ) ;
#3944 = CARTESIAN_POINT ( 'NONE',  ( 22.09374604753667626, 0.009209269515132276207, -0.004897976078548972947 ) ) ;
#3945 = CARTESIAN_POINT ( 'NONE',  ( 0.4182233646136210847, -10.26579477152704456, -15.17018320209478155 ) ) ;
#3946 = CARTESIAN_POINT ( 'NONE',  ( 0.4176364164252687750, 17.62462250697005217, 4.988029452808941500 ) ) ;
#3947 = CIRCLE ( 'NONE', #3379, 13.84314574289256150 ) ;
#3948 = CARTESIAN_POINT ( 'NONE',  ( 22.09712324851893683, -0.01362008608574059171, 0.005114736531805125046 ) ) ;
#3949 = ORIENTED_EDGE ( 'NONE', *, *, #573, .T. ) ;
#3950 =( BOUNDED_SURFACE ( )  B_SPLINE_SURFACE ( 3, 1, ( 
 ( #4303, #231 ),
 ( #704, #2509 ),
 ( #4332, #4807 ),
 ( #734, #291 ) ),
 .UNSPECIFIED., .F., .F., .F. ) 
 B_SPLINE_SURFACE_WITH_KNOTS ( ( 4, 4 ),
 ( 2, 2 ),
 ( 0.000000000000000000, 1.000000000000000000 ),
 ( 0.000000000000000000, 1.000000000000000000 ),
 .UNSPECIFIED. ) 
 GEOMETRIC_REPRESENTATION_ITEM ( )  RATIONAL_B_SPLINE_SURFACE ( (
 ( 1.000000000000000000, 1.000000000000000000),
 ( 0.7790009610346629865, 0.9689941987838144311),
 ( 0.7790009610346629865, 0.9689941987838144311),
 ( 1.000000000000000000, 1.000000000000000000) ) ) 
 REPRESENTATION_ITEM ( '' )  SURFACE ( )  );
#3951 = CARTESIAN_POINT ( 'NONE',  ( 0.4078353108599463428, 6.426838567805340574, -17.16074877908901541 ) ) ;
#3952 = CARTESIAN_POINT ( 'NONE',  ( 1.789743172660314130, -15.17697366616982890, -12.60719369824066582 ) ) ;
#3953 = ORIENTED_EDGE ( 'NONE', *, *, #5563, .F. ) ;
#3954 = ORIENTED_EDGE ( 'NONE', *, *, #1795, .F. ) ;
#3955 = CARTESIAN_POINT ( 'NONE',  ( 22.10703667329342181, -0.007063111690694920050, 0.008651714384086028192 ) ) ;
#3956 = AXIS2_PLACEMENT_3D ( 'NONE', #4301, #1148, #816 ) ;
#3957 = CARTESIAN_POINT ( 'NONE',  ( 8.081286344341222616, -3.278649261536741744, 11.37508171546217461 ) ) ;
#3958 = CARTESIAN_POINT ( 'NONE',  ( 11.36374701386286823, 3.339711161569734355, -8.654300079383494548 ) ) ;
#3959 = ORIENTED_EDGE ( 'NONE', *, *, #2920, .T. ) ;
#3960 = CARTESIAN_POINT ( 'NONE',  ( 0.9068532551529737695, 17.53008279129103641, 6.808747509790101127 ) ) ;
#3961 = ORIENTED_EDGE ( 'NONE', *, *, #2390, .T. ) ;
#3962 = DIRECTION ( 'NONE',  ( 0.000000000000000000, 0.000000000000000000, 1.000000000000000000 ) ) ;
#3963 = EDGE_CURVE ( 'NONE', #5048, #2914, #5495, .T. ) ;
#3964 = CARTESIAN_POINT ( 'NONE',  ( 8.357821303193659901, 11.44164840958528195, 10.94643288814030591 ) ) ;
#3965 = EDGE_CURVE ( 'NONE', #955, #1605, #4293, .T. ) ;
#3966 = CARTESIAN_POINT ( 'NONE',  ( 0.6480971303263367567, 11.69152577772664969, -14.39803354453970208 ) ) ;
#3967 = B_SPLINE_CURVE_WITH_KNOTS ( 'NONE', 3,
 ( #5354, #803, #3541, #1636, #3906, #2979, #2640, #4818 ),
 .UNSPECIFIED., .F., .F.,
 ( 4, 2, 2, 4 ),
 ( 0.000000000000000000, 0.002211095967733303809, 0.003316643951599955280, 0.004422191935466606751 ),
 .UNSPECIFIED. ) ;
#3968 = CARTESIAN_POINT ( 'NONE',  ( 8.082162653057828550, -3.841639742626711040, -11.19888317126714306 ) ) ;
#3969 = CARTESIAN_POINT ( 'NONE',  ( 8.081585098691663305, -9.373138221438692241, -7.231631613797081748 ) ) ;
#3970 = ORIENTED_EDGE ( 'NONE', *, *, #5695, .F. ) ;
#3971 = EDGE_CURVE ( 'NONE', #1843, #4527, #3372, .T. ) ;
#3972 = CARTESIAN_POINT ( 'NONE',  ( 0.4193753327645673434, 18.31412698968588515, -0.4078564939901300757 ) ) ;
#3973 = CIRCLE ( 'NONE', #4058, 13.84314574289256150 ) ;
#3974 = DIRECTION ( 'NONE',  ( -1.000000000000000000, -0.000000000000000000, -0.000000000000000000 ) ) ;
#3975 = CARTESIAN_POINT ( 'NONE',  ( 0.4188817388287977006, -11.17538367978260894, -14.51434841218120830 ) ) ;
#3976 = CARTESIAN_POINT ( 'NONE',  ( 0.4409628251481793604, 17.67088754460105449, 4.909069911795771901 ) ) ;
#3977 = CONICAL_SURFACE ( 'NONE', #1396, 13.84314574289256150, 0.8559913436420820698 ) ;
#3978 = CARTESIAN_POINT ( 'NONE',  ( 0.6480971303263367567, 6.670064725496350100, -17.30622377986100346 ) ) ;
#3979 = ORIENTED_EDGE ( 'NONE', *, *, #5244, .T. ) ;
#3980 = CARTESIAN_POINT ( 'NONE',  ( 0.000000000000000000, 0.000000000000000000, 0.000000000000000000 ) ) ;
#3981 = EDGE_CURVE ( 'NONE', #1488, #2639, #4363, .T. ) ;
#3982 = CARTESIAN_POINT ( 'NONE',  ( 22.09284734956529661, 0.007732802495629867434, -0.006050227743835356192 ) ) ;
#3983 = CARTESIAN_POINT ( 'NONE',  ( 22.10281028718407725, 0.007246592019955121373, -0.01306919110379164278 ) ) ;
#3984 = EDGE_LOOP ( 'NONE', ( #2481, #828 ) ) ;
#3985 = ORIENTED_EDGE ( 'NONE', *, *, #5704, .F. ) ;
#3986 = CARTESIAN_POINT ( 'NONE',  ( 22.09255692238962965, 0.006754285118809216434, 0.006673540516228570682 ) ) ;
#3987 =( BOUNDED_SURFACE ( )  B_SPLINE_SURFACE ( 3, 1, ( 
 ( #2395, #3709 ),
 ( #4242, #2453 ),
 ( #4216, #179 ),
 ( #5596, #2812 ) ),
 .UNSPECIFIED., .F., .F., .F. ) 
 B_SPLINE_SURFACE_WITH_KNOTS ( ( 4, 4 ),
 ( 2, 2 ),
 ( 0.000000000000000000, 1.000000000000000000 ),
 ( 0.000000000000000000, 1.000000000000000000 ),
 .UNSPECIFIED. ) 
 GEOMETRIC_REPRESENTATION_ITEM ( )  RATIONAL_B_SPLINE_SURFACE ( (
 ( 1.000000000000000000, 1.000000000000000000),
 ( 0.9594539417957813621, 0.9995981945367502508),
 ( 0.9594539417957813621, 0.9995981945367502508),
 ( 1.000000000000000000, 1.000000000000000000) ) ) 
 REPRESENTATION_ITEM ( '' )  SURFACE ( )  );
#3988 = ADVANCED_FACE ( 'NONE', ( #5224 ), #1135, .F. ) ;
#3989 = LINE ( 'NONE', #3484, #1873 ) ;
#3990 = CARTESIAN_POINT ( 'NONE',  ( 8.096182984839499497, -0.5139195363890038948, -11.84199263111301370 ) ) ;
#3991 = ORIENTED_EDGE ( 'NONE', *, *, #294, .T. ) ;
#3992 = CARTESIAN_POINT ( 'NONE',  ( 9.510122032027840788, -10.48208831951442299, -10.02886715541904117 ) ) ;
#3993 = ORIENTED_EDGE ( 'NONE', *, *, #2390, .F. ) ;
#3994 = CARTESIAN_POINT ( 'NONE',  ( 3.093381936068698934, -10.32610956502155375, -18.28226749055991007 ) ) ;
#3995 = CARTESIAN_POINT ( 'NONE',  ( 8.081286344341224392, 6.633274307312288620, 9.805187248470469186 ) ) ;
#3996 = CARTESIAN_POINT ( 'NONE',  ( 8.081286344341224392, 4.033622304792511493, -11.12977610358346858 ) ) ;
#3997 = CARTESIAN_POINT ( 'NONE',  ( 8.081286344341224392, -0.3969128176508239791, 11.83150392928987493 ) ) ;
#3998 = CARTESIAN_POINT ( 'NONE',  ( 11.36374701386286823, -5.850579861704357398, -7.198700979242716791 ) ) ;
#3999 = ORIENTED_EDGE ( 'NONE', *, *, #1846, .F. ) ;
#4000 = CARTESIAN_POINT ( 'NONE',  ( 3.515204589128320123, 10.14264561317931701, 18.85988553533719880 ) ) ;
#4001 = CARTESIAN_POINT ( 'NONE',  ( 22.10703667329342181, -0.0006288272689269827761, -0.01115097685428748792 ) ) ;
#4002 = EDGE_CURVE ( 'NONE', #4599, #4732, #4138, .T. ) ;
#4003 = CARTESIAN_POINT ( 'NONE',  ( 3.515204589129467649, -9.296270399399901407, 19.29113524658042067 ) ) ;
#4004 = CARTESIAN_POINT ( 'NONE',  ( 8.096103227782993628, 6.544870750253203973, 9.882291602437021538 ) ) ;
#4005 = FACE_OUTER_BOUND ( 'NONE', #3194, .T. ) ;
#4006 = ORIENTED_EDGE ( 'NONE', *, *, #5609, .F. ) ;
#4007 = CARTESIAN_POINT ( 'NONE',  ( 0.4182233646136228611, 17.22201239169732290, -6.238853248510867644 ) ) ;
#4008 = ORIENTED_EDGE ( 'NONE', *, *, #4846, .T. ) ;
#4009 = ORIENTED_EDGE ( 'NONE', *, *, #1426, .F. ) ;
#4010 = CARTESIAN_POINT ( 'NONE',  ( 0.6480971303263367567, 15.56853882718288951, 10.08046346888059475 ) ) ;
#4011 = CARTESIAN_POINT ( 'NONE',  ( 8.081286344341224392, 3.278649261536819903, -11.37508171546214975 ) ) ;
#4012 = ADVANCED_FACE ( 'NONE', ( #1150 ), #3950, .F. ) ;
#4013 = DIRECTION ( 'NONE',  ( -0.7562523480584152358, -0.5080897767408727450, 0.4122222274787515905 ) ) ;
#4014 = CARTESIAN_POINT ( 'NONE',  ( 10.08627239375047147, 0.000000000000000000, 0.000000000000000000 ) ) ;
#4015 = VERTEX_POINT ( 'NONE', #2100 ) ;
#4016 = LINE ( 'NONE', #5829, #2917 ) ;
#4017 = PRODUCT_RELATED_PRODUCT_CATEGORY ( 'part', '', ( #4234 ) ) ;
#4018 = EDGE_LOOP ( 'NONE', ( #1830, #3037, #3530, #556 ) ) ;
#4019 = CARTESIAN_POINT ( 'NONE',  ( 22.09374604753667626, 0.009209269515132276207, -0.004897976078548972947 ) ) ;
#4020 = B_SPLINE_CURVE_WITH_KNOTS ( 'NONE', 3,
 ( #3, #476, #4577, #534, #3208, #5417, #953 ),
 .UNSPECIFIED., .F., .F.,
 ( 4, 3, 4 ),
 ( 1.348408324273673341E-15, 0.003806765355762862027, 0.01002496898031778397 ),
 .UNSPECIFIED. ) ;
#4021 = CARTESIAN_POINT ( 'NONE',  ( 22.09374604753667626, 0.001450526919794110177, 0.01032941364857224882 ) ) ;
#4022 = CARTESIAN_POINT ( 'NONE',  ( 0.4409628251481776950, -17.18152722589714543, 6.415166108417653668 ) ) ;
#4023 = CARTESIAN_POINT ( 'NONE',  ( 8.082286027375506166, -3.744903718859407871, -11.23126844858703066 ) ) ;
#4024 = EDGE_CURVE ( 'NONE', #5446, #2605, #5734, .T. ) ;
#4025 = ORIENTED_EDGE ( 'NONE', *, *, #5764, .F. ) ;
#4026 = CARTESIAN_POINT ( 'NONE',  ( 8.230357535800607138, -11.58367230890924482, 3.084191986338692182 ) ) ;
#4027 = CARTESIAN_POINT ( 'NONE',  ( 0.4078353108599463428, -11.41524970802582217, 14.33483961330058598 ) ) ;
#4028 = CARTESIAN_POINT ( 'NONE',  ( 22.09712324851893683, -0.0006555654423624738972, -0.01453401213442270801 ) ) ;
#4029 = CARTESIAN_POINT ( 'NONE',  ( 3.515204589131094792, 21.07106689736136218, -3.818204060498639141 ) ) ;
#4030 = CARTESIAN_POINT ( 'NONE',  ( 8.082161297655167331, 9.679143226645674503, -6.817627422528622638 ) ) ;
#4031 = VERTEX_POINT ( 'NONE', #4064 ) ;
#4032 = ADVANCED_FACE ( 'NONE', ( #4481 ), #680, .F. ) ;
#4033 = CARTESIAN_POINT ( 'NONE',  ( 0.4126876516628540381, -14.45488872119367407, -11.25827158159105146 ) ) ;
#4034 = CARTESIAN_POINT ( 'NONE',  ( 8.081286344341222616, 7.275492736841880692, -9.338588247148408072 ) ) ;
#4035 = CARTESIAN_POINT ( 'NONE',  ( 3.515204589129470314, -21.21966542071076489, -2.879989908612190952 ) ) ;
#4036 = ORIENTED_EDGE ( 'NONE', *, *, #4344, .F. ) ;
#4037 = B_SPLINE_CURVE_WITH_KNOTS ( 'NONE', 3,
 ( #5624, #1444, #3261, #1002, #3773, #4660, #4690 ),
 .UNSPECIFIED., .F., .F.,
 ( 4, 3, 4 ),
 ( 1.103176131398129951E-15, 0.003806765355762752739, 0.01002496898031684722 ),
 .UNSPECIFIED. ) ;
#4038 = EDGE_LOOP ( 'NONE', ( #5766, #1524, #4924, #202 ) ) ;
#4039 = CARTESIAN_POINT ( 'NONE',  ( 0.4193753327645618478, -5.271481900631305173, 17.54380440170682220 ) ) ;
#4040 = FACE_OUTER_BOUND ( 'NONE', #1735, .T. ) ;
#4041 = CARTESIAN_POINT ( 'NONE',  ( 8.230357535800608915, -4.313548019702501790, 11.18423031998658601 ) ) ;
#4042 = CARTESIAN_POINT ( 'NONE',  ( 2.635524340767397167, -20.44054398505051751, -1.982175462680648703 ) ) ;
#4043 = ORIENTED_EDGE ( 'NONE', *, *, #4323, .T. ) ;
#4044 = CARTESIAN_POINT ( 'NONE',  ( 8.082357490472942274, 3.669058272067769355, -11.25646479016401003 ) ) ;
#4045 = ORIENTED_EDGE ( 'NONE', *, *, #3085, .F. ) ;
#4046 = CARTESIAN_POINT ( 'NONE',  ( 6.010425613513215026, -2.493864852800696585, -18.37076353496887648 ) ) ;
#4047 = MECHANICAL_DESIGN_GEOMETRIC_PRESENTATION_REPRESENTATION (  '', ( #2615 ), #2704 ) ;
#4048 = CARTESIAN_POINT ( 'NONE',  ( 3.515204589128321899, 9.296270399398201434, 19.29113524657996592 ) ) ;
#4049 = CARTESIAN_POINT ( 'NONE',  ( 0.4078353108599463428, 18.30684428841291833, 0.8093236901504382574 ) ) ;
#4050 = CARTESIAN_POINT ( 'NONE',  ( 8.081286344341222616, 11.83150392928987849, -0.3969128176507829564 ) ) ;
#4051 = ORIENTED_EDGE ( 'NONE', *, *, #1451, .T. ) ;
#4052 = CARTESIAN_POINT ( 'NONE',  ( 2.396304448592345704, 1.824681945605662214, 20.21360350982720888 ) ) ;
#4053 = CARTESIAN_POINT ( 'NONE',  ( 8.230357535800605362, -0.6463107146106985557, 11.96979476970954792 ) ) ;
#4054 = CARTESIAN_POINT ( 'NONE',  ( 22.09374604753667626, 0.004571497438469090784, 0.009375618690968003793 ) ) ;
#4055 = LINE ( 'NONE', #4557, #3777 ) ;
#4056 =( BOUNDED_SURFACE ( )  B_SPLINE_SURFACE ( 3, 1, ( 
 ( #2387, #4205 ),
 ( #110, #2361 ),
 ( #226, #5162 ),
 ( #1977, #3859 ) ),
 .UNSPECIFIED., .F., .F., .F. ) 
 B_SPLINE_SURFACE_WITH_KNOTS ( ( 4, 4 ),
 ( 2, 2 ),
 ( 0.000000000000000000, 1.000000000000000000 ),
 ( 0.000000000000000000, 1.000000000000000000 ),
 .UNSPECIFIED. ) 
 GEOMETRIC_REPRESENTATION_ITEM ( )  RATIONAL_B_SPLINE_SURFACE ( (
 ( 1.000000000000000000, 1.000000000000000000),
 ( 0.9594539417957813621, 0.9995981945367502508),
 ( 0.9594539417957813621, 0.9995981945367502508),
 ( 1.000000000000000000, 1.000000000000000000) ) ) 
 REPRESENTATION_ITEM ( '' )  SURFACE ( )  );
#4057 = ORIENTED_EDGE ( 'NONE', *, *, #1105, .T. ) ;
#4058 = AXIS2_PLACEMENT_3D ( 'NONE', #1421, #981, #4107 ) ;
#4059 = B_SPLINE_CURVE_WITH_KNOTS ( 'NONE', 3,
 ( #1345, #1376, #1434, #2741, #490, #2298, #80, #3671, #5491, #3253, #5100, #1027, #4682 ),
 .UNSPECIFIED., .F., .F.,
 ( 4, 3, 3, 3, 4 ),
 ( 2.453269466693398698E-18, 0.0003060394048542580030, 0.0004590327578743538827, 0.0006264795226578683636, 0.0007939722156138011126 ),
 .UNSPECIFIED. ) ;
#4060 = CARTESIAN_POINT ( 'NONE',  ( 8.081286344341224392, -9.338588247148431165, -7.275492736841846941 ) ) ;
#4061 = AXIS2_PLACEMENT_3D ( 'NONE', #2028, #3376, #5213 ) ;
#4062 = FACE_OUTER_BOUND ( 'NONE', #5433, .T. ) ;
#4063 = CARTESIAN_POINT ( 'NONE',  ( 8.082269409299113860, 7.053959254805177714, -9.508421322534921671 ) ) ;
#4064 = CARTESIAN_POINT ( 'NONE',  ( 10.08627239375047324, -1.863152317086184784, -13.71719167695417418 ) ) ;
#4065 = ORIENTED_EDGE ( 'NONE', *, *, #3031, .F. ) ;
#4066 = VERTEX_POINT ( 'NONE', #18 ) ;
#4067 = DIRECTION ( 'NONE',  ( -1.000000000000000000, -0.000000000000000000, -0.000000000000000000 ) ) ;
#4068 = CARTESIAN_POINT ( 'NONE',  ( 2.831810311861891361, -10.53442703000840197, 17.97099262013252741 ) ) ;
#4069 = ADVANCED_FACE ( 'NONE', ( #4117 ), #2956, .F. ) ;
#4070 = DIRECTION ( 'NONE',  ( -1.000000000000000000, -0.000000000000000000, -0.000000000000000000 ) ) ;
#4071 = ORIENTED_EDGE ( 'NONE', *, *, #5875, .F. ) ;
#4072 = CARTESIAN_POINT ( 'NONE',  ( 8.080972016268349378, 11.39107659535106976, 3.222021023237715109 ) ) ;
#4073 = B_SPLINE_CURVE_WITH_KNOTS ( 'NONE', 3,
 ( #1555, #3316, #5124, #1053, #221, #2857 ),
 .UNSPECIFIED., .F., .F.,
 ( 4, 2, 4 ),
 ( 0.000000000000000000, 0.0002683118749524629389, 0.0005366237499049258779 ),
 .UNSPECIFIED. ) ;
#4074 = ORIENTED_EDGE ( 'NONE', *, *, #1522, .F. ) ;
#4075 = CARTESIAN_POINT ( 'NONE',  ( 0.4126876516628503189, 17.22641335661276329, 6.240446283244984294 ) ) ;
#4076 = CARTESIAN_POINT ( 'NONE',  ( 10.08627239375047324, 6.010808495292922160, -12.47007880054808915 ) ) ;
#4077 = CARTESIAN_POINT ( 'NONE',  ( 8.230357535800605362, -3.084191986338657543, -11.58367230890925192 ) ) ;
#4078 = CARTESIAN_POINT ( 'NONE',  ( 0.4960052067975744827, -10.03346338329832221, -15.44775012758371702 ) ) ;
#4079 = ORIENTED_EDGE ( 'NONE', *, *, #2522, .T. ) ;
#4080 = DIRECTION ( 'NONE',  ( 0.000000000000000000, 0.000000000000000000, 1.000000000000000000 ) ) ;
#4081 = CARTESIAN_POINT ( 'NONE',  ( 8.096103227782995404, -0.5137535998238883517, 11.84192035489958528 ) ) ;
#4082 = EDGE_CURVE ( 'NONE', #5041, #4852, #1667, .T. ) ;
#4083 = CARTESIAN_POINT ( 'NONE',  ( 1.789743172660313242, -19.12023524865921686, -4.868107090492296507 ) ) ;
#4084 = CARTESIAN_POINT ( 'NONE',  ( 8.096182984839494168, 4.148143494211047333, 11.10359438725369507 ) ) ;
#4085 = EDGE_LOOP ( 'NONE', ( #19, #3701, #2186, #5828 ) ) ;
#4086 = EDGE_CURVE ( 'NONE', #2489, #2394, #5570, .T. ) ;
#4087 = CARTESIAN_POINT ( 'NONE',  ( 8.230357535800607138, -9.303875481428564242, -7.558545190369572175 ) ) ;
#4088 = CARTESIAN_POINT ( 'NONE',  ( 8.081286344341222616, 7.275492736841880692, -9.338588247148408072 ) ) ;
#4089 = CARTESIAN_POINT ( 'NONE',  ( 8.081832178819823298, 6.718072109376043599, -9.748479977926653106 ) ) ;
#4090 = CARTESIAN_POINT ( 'NONE',  ( 0.4960052067975744827, -17.79219411881570778, 4.768773417413609828 ) ) ;
#4091 = ORIENTED_EDGE ( 'NONE', *, *, #1775, .T. ) ;
#4092 = ORIENTED_EDGE ( 'NONE', *, *, #1628, .F. ) ;
#4093 = EDGE_CURVE ( 'NONE', #5046, #5316, #1589, .T. ) ;
#4094 = CARTESIAN_POINT ( 'NONE',  ( 10.08627239375047147, 0.000000000000000000, 0.000000000000000000 ) ) ;
#4095 = DIRECTION ( 'NONE',  ( 1.000000000000000000, 0.000000000000000000, 0.000000000000000000 ) ) ;
#4096 = LINE ( 'NONE', #915, #1361 ) ;
#4097 = CARTESIAN_POINT ( 'NONE',  ( 0.6480971303263367567, -17.30622377986112781, 6.670064725496040126 ) ) ;
#4098 = EDGE_LOOP ( 'NONE', ( #3949, #961 ) ) ;
#4099 = CARTESIAN_POINT ( 'NONE',  ( 8.082161297655169108, 3.823290506758420637, -11.20483408959124461 ) ) ;
#4100 = ORIENTED_EDGE ( 'NONE', *, *, #1922, .T. ) ;
#4101 = CARTESIAN_POINT ( 'NONE',  ( 8.933971668274605094, -2.703851977427110587, -14.92791162625001000 ) ) ;
#4102 = ADVANCED_FACE ( 'NONE', ( #408 ), #3014, .T. ) ;
#4103 = CARTESIAN_POINT ( 'NONE',  ( 0.4182233646136210847, -18.30701878804081417, -0.6116075298354108902 ) ) ;
#4104 = DIRECTION ( 'NONE',  ( 0.7562523480584151248, 0.5490550112864764909, -0.3558384192823207948 ) ) ;
#4105 = CARTESIAN_POINT ( 'NONE',  ( 8.080972016268406222, -6.584360341980412201, 9.837898371211972304 ) ) ;
#4106 = EDGE_CURVE ( 'NONE', #608, #4243, #4212, .T. ) ;
#4107 = DIRECTION ( 'NONE',  ( 0.000000000000000000, 0.000000000000000000, 1.000000000000000000 ) ) ;
#4108 = ORIENTED_EDGE ( 'NONE', *, *, #3324, .F. ) ;
#4109 = CARTESIAN_POINT ( 'NONE',  ( 8.727656808823718748, 7.297124540190209174, -13.57108753861006889 ) ) ;
#4110 = CARTESIAN_POINT ( 'NONE',  ( 8.080971495803110471, -0.4558095225180986421, 11.82921308913048897 ) ) ;
#4111 = CARTESIAN_POINT ( 'NONE',  ( 9.539500336054896223, -9.994772908928254651, -8.787053170275431313 ) ) ;
#4112 = CARTESIAN_POINT ( 'NONE',  ( 0.4078353108599463428, -6.426838567805223335, 17.16074877908906160 ) ) ;
#4113 = ORIENTED_EDGE ( 'NONE', *, *, #4956, .T. ) ;
#4114 = CARTESIAN_POINT ( 'NONE',  ( 0.4182233646136210847, -6.238853248510928040, -17.22201239169729803 ) ) ;
#4115 = CARTESIAN_POINT ( 'NONE',  ( 2.635524340768602869, 20.05263845740274320, -4.431314575425770563 ) ) ;
#4116 = CARTESIAN_POINT ( 'NONE',  ( 8.082161297655170884, 11.31217497273348194, -3.492929237845705970 ) ) ;
#4117 = FACE_OUTER_BOUND ( 'NONE', #5209, .T. ) ;
#4118 = ORIENTED_EDGE ( 'NONE', *, *, #4471, .F. ) ;
#4119 = ORIENTED_EDGE ( 'NONE', *, *, #1628, .T. ) ;
#4120 = CARTESIAN_POINT ( 'NONE',  ( 3.093381936067826299, -18.28226749055874834, 10.32610956502183441 ) ) ;
#4121 = CARTESIAN_POINT ( 'NONE',  ( 0.4200341587692180689, -10.93199511108772448, 14.69997379096633772 ) ) ;
#4122 = CARTESIAN_POINT ( 'NONE',  ( 0.9068532551530963381, -18.77611816078422180, -1.058410191685676738 ) ) ;
#4123 = EDGE_LOOP ( 'NONE', ( #1323, #1196, #344, #2425 ) ) ;
#4124 = FACE_OUTER_BOUND ( 'NONE', #2987, .T. ) ;
#4125 = ORIENTED_EDGE ( 'NONE', *, *, #4566, .F. ) ;
#4126 = CARTESIAN_POINT ( 'NONE',  ( 0.6337479801890598674, -10.08721515555772363, 15.57895661009724719 ) ) ;
#4127 = FACE_OUTER_BOUND ( 'NONE', #3460, .T. ) ;
#4128 = CARTESIAN_POINT ( 'NONE',  ( 8.081286344341222616, -0.3969128176506590000, -11.83150392928988204 ) ) ;
#4129 =( BOUNDED_SURFACE ( )  B_SPLINE_SURFACE ( 3, 1, ( 
 ( #1868, #2255 ),
 ( #444, #5385 ),
 ( #3206, #4936 ),
 ( #2284, #5024 ) ),
 .UNSPECIFIED., .F., .F., .F. ) 
 B_SPLINE_SURFACE_WITH_KNOTS ( ( 4, 4 ),
 ( 2, 2 ),
 ( 0.000000000000000000, 1.000000000000000000 ),
 ( 0.000000000000000000, 1.000000000000000000 ),
 .UNSPECIFIED. ) 
 GEOMETRIC_REPRESENTATION_ITEM ( )  RATIONAL_B_SPLINE_SURFACE ( (
 ( 1.000000000000000000, 1.000000000000000000),
 ( 0.9934036227985141299, 0.8357362271078294658),
 ( 0.9934036227985141299, 0.8357362271078294658),
 ( 1.000000000000000000, 1.000000000000000000) ) ) 
 REPRESENTATION_ITEM ( '' )  SURFACE ( )  );
#4130 = CARTESIAN_POINT ( 'NONE',  ( 9.510122032027842565, -13.06814878600873264, -6.298876031950612742 ) ) ;
#4131 = CARTESIAN_POINT ( 'NONE',  ( 0.6480971303263367567, -17.92159482384636604, 4.776147394168268612 ) ) ;
#4132 = LINE ( 'NONE', #535, #1615 ) ;
#4133 = CARTESIAN_POINT ( 'NONE',  ( 8.230357535800607138, 11.96979476970954792, -0.6463107146106560341 ) ) ;
#4134 = ORIENTED_EDGE ( 'NONE', *, *, #1610, .F. ) ;
#4135 = EDGE_CURVE ( 'NONE', #2220, #3115, #5200, .T. ) ;
#4136 = CARTESIAN_POINT ( 'NONE',  ( 22.09182100077397237, -0.006615877186209402107, 0.006528057743295749907 ) ) ;
#4137 = CARTESIAN_POINT ( 'NONE',  ( 2.831810311861893137, 13.83611265739402185, -15.57217759773277521 ) ) ;
#4138 = B_SPLINE_CURVE_WITH_KNOTS ( 'NONE', 3,
 ( #1240, #2597, #4418, #2995, #1596, #5794 ),
 .UNSPECIFIED., .F., .F.,
 ( 4, 2, 4 ),
 ( 6.168033687123731778E-17, 0.001429663029798454573, 0.002859326059596847564 ),
 .UNSPECIFIED. ) ;
#4139 = CARTESIAN_POINT ( 'NONE',  ( 2.831810311861891361, -8.346857585883750374, -19.08561492445041807 ) ) ;
#4140 = CIRCLE ( 'NONE', #3391, 13.84314574289256150 ) ;
#4141 = EDGE_CURVE ( 'NONE', #2193, #148, #1769, .T. ) ;
#4142 = ORIENTED_EDGE ( 'NONE', *, *, #2207, .T. ) ;
#4143 = B_SPLINE_CURVE_WITH_KNOTS ( 'NONE', 3,
 ( #2429, #2020, #3841, #4220, #2847, #151 ),
 .UNSPECIFIED., .F., .F.,
 ( 4, 2, 4 ),
 ( 1.234705885456704521E-17, 0.0002687592685055701877, 0.0005375185370111280154 ),
 .UNSPECIFIED. ) ;
#4144 = CARTESIAN_POINT ( 'NONE',  ( 8.081585098691666857, 9.373138221438745532, 7.231631613797011582 ) ) ;
#4145 = CARTESIAN_POINT ( 'NONE',  ( 3.085675480212941579, 8.736561453829114754, 19.08040266534493767 ) ) ;
#4146 = CARTESIAN_POINT ( 'NONE',  ( 3.515204589128321899, -2.879989908610793847, 21.21966542070979855 ) ) ;
#4147 = CARTESIAN_POINT ( 'NONE',  ( 0.4126876516628540381, 0.6117626229492616474, -18.31169662920710905 ) ) ;
#4148 = EDGE_LOOP ( 'NONE', ( #1366, #2658, #3369, #1378, #498, #4074 ) ) ;
#4149 = ORIENTED_EDGE ( 'NONE', *, *, #2319, .T. ) ;
#4150 = B_SPLINE_CURVE_WITH_KNOTS ( 'NONE', 3,
 ( #3746, #1485, #5566, #5115, #1632, #2604 ),
 .UNSPECIFIED., .F., .F.,
 ( 4, 2, 4 ),
 ( 8.182674270850422113E-18, 0.0001743161698667573952, 0.0003486323397335066047 ),
 .UNSPECIFIED. ) ;
#4151 = CARTESIAN_POINT ( 'NONE',  ( 22.09374604753667626, 0.009209269515131696809, 0.004897976078547553944 ) ) ;
#4152 = ADVANCED_FACE ( 'NONE', ( #379 ), #3714, .F. ) ;
#4153 = CARTESIAN_POINT ( 'NONE',  ( 0.6337479801890597564, -4.779349357814174581, -17.93358911009637779 ) ) ;
#4154 = CARTESIAN_POINT ( 'NONE',  ( 8.189061701664853032, -11.14856373681657509, -4.291264874532768836 ) ) ;
#4155 = VERTEX_POINT ( 'NONE', #1582 ) ;
#4156 = CARTESIAN_POINT ( 'NONE',  ( 3.515204589128320123, 0.000000000000000000, 0.000000000000000000 ) ) ;
#4157 = CARTESIAN_POINT ( 'NONE',  ( 0.4201982046941565851, -17.42268678612099819, -5.660683433827305322 ) ) ;
#4158 = VECTOR ( 'NONE', #2878, 1000.000000000000000 ) ;
#4159 = ADVANCED_FACE ( 'NONE', ( #4260 ), #1547, .F. ) ;
#4160 = CARTESIAN_POINT ( 'NONE',  ( 0.4960052067975748158, 4.768773417413929572, -17.79219411881562252 ) ) ;
#4161 = CARTESIAN_POINT ( 'NONE',  ( 1.663814822678230332, -12.57813772451880041, 14.98344533010197210 ) ) ;
#4162 = CARTESIAN_POINT ( 'NONE',  ( 8.081585098691668634, -11.83367452437120981, -0.3411204583603796303 ) ) ;
#4163 = CARTESIAN_POINT ( 'NONE',  ( 8.230357535800605362, -7.558545190369534872, 9.303875481428594441 ) ) ;
#4164 = CARTESIAN_POINT ( 'NONE',  ( 1.789743172660314130, 18.32999680698393519, 7.300210932879306114 ) ) ;
#4165 = ORIENTED_EDGE ( 'NONE', *, *, #3402, .F. ) ;
#4166 = DIRECTION ( 'NONE',  ( 0.7636347340829117147, -0.6070997002310113411, -0.2197542875157094400 ) ) ;
#4167 =( BOUNDED_SURFACE ( )  B_SPLINE_SURFACE ( 3, 1, ( 
 ( #2320, #4496 ),
 ( #4136, #1789 ),
 ( #5420, #5448 ),
 ( #4523, #983 ) ),
 .UNSPECIFIED., .F., .F., .F. ) 
 B_SPLINE_SURFACE_WITH_KNOTS ( ( 4, 4 ),
 ( 2, 2 ),
 ( 0.000000000000000000, 1.000000000000000000 ),
 ( 0.000000000000000000, 1.000000000000000000 ),
 .UNSPECIFIED. ) 
 GEOMETRIC_REPRESENTATION_ITEM ( )  RATIONAL_B_SPLINE_SURFACE ( (
 ( 1.000000000000000000, 1.000000000000000000),
 ( 0.9594539417957813621, 0.9995981945367502508),
 ( 0.9594539417957813621, 0.9995981945367502508),
 ( 1.000000000000000000, 1.000000000000000000) ) ) 
 REPRESENTATION_ITEM ( '' )  SURFACE ( )  );
#4168 = CARTESIAN_POINT ( 'NONE',  ( 0.4176373827249088011, 4.988173467447195364, 17.62458198156991074 ) ) ;
#4169 = CARTESIAN_POINT ( 'NONE',  ( 0.5844060700456814583, -6.635928771372737955, -17.25112245679597933 ) ) ;
#4170 = CARTESIAN_POINT ( 'NONE',  ( 10.08627239375047324, 6.555441082950782317, 12.19257463651239881 ) ) ;
#4171 = ORIENTED_EDGE ( 'NONE', *, *, #5427, .F. ) ;
#4172 = EDGE_CURVE ( 'NONE', #2272, #2244, #1855, .T. ) ;
#4173 = DIRECTION ( 'NONE',  ( -0.7562523480584153468, 0.5080897767408757426, -0.4122222274787478158 ) ) ;
#4174 = DIRECTION ( 'NONE',  ( -1.000000000000000000, -0.000000000000000000, -0.000000000000000000 ) ) ;
#4175 = CARTESIAN_POINT ( 'NONE',  ( 22.09255692238962965, -0.009386940141985933295, -0.001428938507664022622 ) ) ;
#4176 = CARTESIAN_POINT ( 'NONE',  ( 1.911690948751677777, 19.75393079867705382, 1.505157582241052783 ) ) ;
#4177 = UNCERTAINTY_MEASURE_WITH_UNIT (LENGTH_MEASURE( 1.000000000000000082E-05 ), #2064, 'distance_accuracy_value', 'NONE');
#4178 = VERTEX_POINT ( 'NONE', #5692 ) ;
#4179 = EDGE_CURVE ( 'NONE', #3262, #2220, #2087, .T. ) ;
#4180 = ORIENTED_EDGE ( 'NONE', *, *, #1846, .T. ) ;
#4181 = CARTESIAN_POINT ( 'NONE',  ( 0.4182233646136210847, -17.60000663291084422, 5.075506595180922176 ) ) ;
#4182 = DIRECTION ( 'NONE',  ( 0.000000000000000000, 0.000000000000000000, 1.000000000000000000 ) ) ;
#4183 = CARTESIAN_POINT ( 'NONE',  ( 5.178685273547312562, 3.476116276675519590, -19.18520954615308582 ) ) ;
#4184 = EDGE_LOOP ( 'NONE', ( #1048, #215, #5745, #1690 ) ) ;
#4185 = LINE ( 'NONE', #5532, #5004 ) ;
#4186 = ORIENTED_EDGE ( 'NONE', *, *, #4623, .T. ) ;
#4187 = CARTESIAN_POINT ( 'NONE',  ( 10.08627239375047324, 13.71719167695415287, -1.863152317086328669 ) ) ;
#4188 = EDGE_CURVE ( 'NONE', #4654, #2363, #3802, .T. ) ;
#4189 = CARTESIAN_POINT ( 'NONE',  ( 8.080971495803115801, 9.302116303998547053, 7.321794649931051779 ) ) ;
#4190 = CARTESIAN_POINT ( 'NONE',  ( 3.515204589129467649, -9.296270399399901407, 19.29113524658042067 ) ) ;
#4191 = CARTESIAN_POINT ( 'NONE',  ( 9.516581620098309102, -2.860874122989244039, 12.96273087008605529 ) ) ;
#4192 = CARTESIAN_POINT ( 'NONE',  ( 0.4410764106479159730, 17.18155385183585793, 6.415418025555679193 ) ) ;
#4193 = CARTESIAN_POINT ( 'NONE',  ( 8.081286344341222616, -3.278649261536741744, 11.37508171546217461 ) ) ;
#4194 = VERTEX_POINT ( 'NONE', #992 ) ;
#4195 = CARTESIAN_POINT ( 'NONE',  ( 3.515204589129045765, 15.47425434527160171, 14.80256717256907883 ) ) ;
#4196 = CARTESIAN_POINT ( 'NONE',  ( 11.25262228702623979, -2.535025170081587564, 8.798914955062915766 ) ) ;
#4197 = CARTESIAN_POINT ( 'NONE',  ( 7.369041213193465722, -8.038805233758800739, 14.94960191710107011 ) ) ;
#4198 = ADVANCED_FACE ( 'NONE', ( #2923 ), #2681, .F. ) ;
#4199 = DIRECTION ( 'NONE',  ( -0.7562523480584153468, 0.3558384192823306202, -0.5490550112864700516 ) ) ;
#4200 = ORIENTED_EDGE ( 'NONE', *, *, #145, .F. ) ;
#4201 = CARTESIAN_POINT ( 'NONE',  ( 9.516581620098309102, -12.96273087008604108, -2.860874122989289337 ) ) ;
#4202 = CARTESIAN_POINT ( 'NONE',  ( 22.09284734956529661, -0.0003495097987787840741, 0.009812203273947705043 ) ) ;
#4203 = DIRECTION ( 'NONE',  ( 0.000000000000000000, 0.000000000000000000, 1.000000000000000000 ) ) ;
#4204 = CARTESIAN_POINT ( 'NONE',  ( 1.663814822678609806, -14.98344533010210533, -12.57813772451922496 ) ) ;
#4205 = CARTESIAN_POINT ( 'NONE',  ( 0.4126876516628505409, 11.25827158159089336, 14.45488872119379131 ) ) ;
#4206 = EDGE_LOOP ( 'NONE', ( #2452, #4328, #3104, #3732 ) ) ;
#4207 = ORIENTED_EDGE ( 'NONE', *, *, #5071, .T. ) ;
#4208 = ADVANCED_FACE ( 'NONE', ( #3882 ), #2149, .F. ) ;
#4209 = CARTESIAN_POINT ( 'NONE',  ( 1.161569255190030514, -17.74109025757380920, -6.969108021403493503 ) ) ;
#4210 = CIRCLE ( 'NONE', #4440, 10.00000000000000000 ) ;
#4211 = ADVANCED_FACE ( 'NONE', ( #2805 ), #1741, .F. ) ;
#4212 = B_SPLINE_CURVE_WITH_KNOTS ( 'NONE', 3,
 ( #4535, #820, #3639, #2629, #4453, #5460 ),
 .UNSPECIFIED., .F., .F.,
 ( 4, 2, 4 ),
 ( 1.309866998767512560E-17, 0.0002687592685055679108, 0.0005375185370111225944 ),
 .UNSPECIFIED. ) ;
#4213 = CARTESIAN_POINT ( 'NONE',  ( 0.5251777261828652899, -4.799510228746377116, 17.78819905278939828 ) ) ;
#4214 = CARTESIAN_POINT ( 'NONE',  ( 0.4960052067975748158, 0.9627173165655382725, 18.39501418419229850 ) ) ;
#4215 = EDGE_LOOP ( 'NONE', ( #3147, #4425, #1293, #134 ) ) ;
#4216 = CARTESIAN_POINT ( 'NONE',  ( 22.09182100077397237, -0.001392594613553801335, 0.009189453143964307694 ) ) ;
#4217 = ORIENTED_EDGE ( 'NONE', *, *, #3653, .F. ) ;
#4218 = ORIENTED_EDGE ( 'NONE', *, *, #1920, .T. ) ;
#4219 = CARTESIAN_POINT ( 'NONE',  ( 5.178685273547324108, 19.32039755927297620, -2.622572754074105283 ) ) ;
#4220 = CARTESIAN_POINT ( 'NONE',  ( 0.5251777261828673993, 10.06146128471086598, -15.43445239695152971 ) ) ;
#4221 = CARTESIAN_POINT ( 'NONE',  ( 0.4200341587692214551, -14.69997379096629153, -10.93199511108778310 ) ) ;
#4222 = CARTESIAN_POINT ( 'NONE',  ( 8.564997480335419411, -3.108567637076014023, 11.92348053040776001 ) ) ;
#4223 = ORIENTED_EDGE ( 'NONE', *, *, #3573, .F. ) ;
#4224 = CARTESIAN_POINT ( 'NONE',  ( 22.09255692238962965, 0.008434103081284751585, -0.004361469442994526241 ) ) ;
#4225 = ORIENTED_EDGE ( 'NONE', *, *, #3754, .T. ) ;
#4226 = CARTESIAN_POINT ( 'NONE',  ( 0.6480971303263367567, -10.08046346888042244, -15.56853882718299786 ) ) ;
#4227 = CARTESIAN_POINT ( 'NONE',  ( 0.4410764106479168611, 4.908881756884100334, 17.67105715861648463 ) ) ;
#4228 = EDGE_CURVE ( 'NONE', #5419, #677, #742, .T. ) ;
#4229 = CARTESIAN_POINT ( 'NONE',  ( 22.09255692238962965, -0.006673540516228593233, 0.006754285118809194750 ) ) ;
#4230 = CARTESIAN_POINT ( 'NONE',  ( 8.230357535800605362, -7.558545190369400757, -9.303875481428706351 ) ) ;
#4231 = ORIENTED_EDGE ( 'NONE', *, *, #1459, .F. ) ;
#4232 = CARTESIAN_POINT ( 'NONE',  ( 3.304290419810792301, 15.47224971565870000, -14.49954264608422250 ) ) ;
#4233 = DIRECTION ( 'NONE',  ( 0.000000000000000000, 0.000000000000000000, 1.000000000000000000 ) ) ;
#4234 = PRODUCT ( 'Power Transmission at nineghty degree', 'Power Transmission at nineghty degree', '', ( #405 ) ) ;
#4235 = CARTESIAN_POINT ( 'NONE',  ( 5.129410166199396492, -19.24107177028614046, 3.486249813312731316 ) ) ;
#4236 = DIRECTION ( 'NONE',  ( 0.7562523480584153468, -0.03484710988055578218, 0.6533514100307016292 ) ) ;
#4237 = ORIENTED_EDGE ( 'NONE', *, *, #422, .T. ) ;
#4238 = ORIENTED_EDGE ( 'NONE', *, *, #797, .F. ) ;
#4239 = CARTESIAN_POINT ( 'NONE',  ( 22.10703667329342181, 0.006045647796516456438, 0.009390945173916628863 ) ) ;
#4240 = LINE ( 'NONE', #2965, #5392 ) ;
#4241 = EDGE_LOOP ( 'NONE', ( #4580, #1925 ) ) ;
#4242 = CARTESIAN_POINT ( 'NONE',  ( 22.09182100077397237, -0.004274792326013534226, 0.008252970338748676776 ) ) ;
#4243 = VERTEX_POINT ( 'NONE', #5835 ) ;
#4244 = CARTESIAN_POINT ( 'NONE',  ( 0.4960052067975748158, 18.39501418419229140, -0.9627173165656023324 ) ) ;
#4245 = AXIS2_PLACEMENT_3D ( 'NONE', #1280, #2090, #842 ) ;
#4246 = CARTESIAN_POINT ( 'NONE',  ( 0.4176364164252774347, 6.324092591053751988, 17.19050927794357619 ) ) ;
#4247 = AXIS2_PLACEMENT_3D ( 'NONE', #1320, #1886, #879 ) ;
#4248 = ADVANCED_FACE ( 'NONE', ( #3123 ), #1020, .T. ) ;
#4249 = CARTESIAN_POINT ( 'NONE',  ( 0.6480971303263367567, -11.69152577772633528, -14.39803354453995610 ) ) ;
#4250 = CIRCLE ( 'NONE', #5869, 21.41421356110392082 ) ;
#4251 = CARTESIAN_POINT ( 'NONE',  ( 10.08627239375047324, 2.466882191262205204, -13.62157025872559579 ) ) ;
#4252 = CARTESIAN_POINT ( 'NONE',  ( 0.4182233646136210847, -6.238853248510928040, -17.22201239169729803 ) ) ;
#4253 = AXIS2_PLACEMENT_3D ( 'NONE', #2922, #1553, #1968 ) ;
#4254 = ORIENTED_EDGE ( 'NONE', *, *, #904, .F. ) ;
#4255 = CARTESIAN_POINT ( 'NONE',  ( 0.4201982050972177252, 2.250397674467486219E-15, 18.31920718262799497 ) ) ;
#4256 = VERTEX_POINT ( 'NONE', #753 ) ;
#4257 = CARTESIAN_POINT ( 'NONE',  ( 0.6337479801890594233, 18.53275695733654516, -0.9963524547568648471 ) ) ;
#4258 = CARTESIAN_POINT ( 'NONE',  ( 11.36374701386286823, 7.788753041588745596, 5.038442870954549235 ) ) ;
#4259 = CARTESIAN_POINT ( 'NONE',  ( 22.09374604753667626, 0.007504072852116769159, 0.007244977936371284864 ) ) ;
#4260 = FACE_OUTER_BOUND ( 'NONE', #4809, .T. ) ;
#4261 = CARTESIAN_POINT ( 'NONE',  ( 8.082341011147274656, 1.479851376041587411E-15, 11.83921436388618709 ) ) ;
#4262 = CARTESIAN_POINT ( 'NONE',  ( 8.082161297655167331, 3.492929237845822765, 11.31217497273344819 ) ) ;
#4263 = ADVANCED_FACE ( 'NONE', ( #280 ), #485, .F. ) ;
#4264 = CARTESIAN_POINT ( 'NONE',  ( 0.4078353108599463428, 11.41524970802593231, -14.33483961330050072 ) ) ;
#4265 = FACE_OUTER_BOUND ( 'NONE', #736, .T. ) ;
#4266 = LINE ( 'NONE', #200, #1967 ) ;
#4267 = B_SPLINE_CURVE_WITH_KNOTS ( 'NONE', 3,
 ( #2850, #1009, #2821, #1933, #3306, #5117 ),
 .UNSPECIFIED., .F., .F.,
 ( 4, 2, 4 ),
 ( 5.215722429776119311E-17, 0.001429663029798444382, 0.002859326059596836288 ),
 .UNSPECIFIED. ) ;
#4268 = ORIENTED_EDGE ( 'NONE', *, *, #574, .F. ) ;
#4269 = EDGE_CURVE ( 'NONE', #4155, #4654, #1373, .T. ) ;
#4270 = CARTESIAN_POINT ( 'NONE',  ( 0.4227027292401541181, -18.32171170676644323, 0.2040028437733776567 ) ) ;
#4271 = CARTESIAN_POINT ( 'NONE',  ( 22.09374604753667626, 0.001450526919793302012, -0.01032941364857355333 ) ) ;
#4272 = CARTESIAN_POINT ( 'NONE',  ( 8.096103227782995404, -11.10357692570856614, -4.147963344581241607 ) ) ;
#4273 = EDGE_CURVE ( 'NONE', #3035, #5808, #5677, .T. ) ;
#4274 = ORIENTED_EDGE ( 'NONE', *, *, #3171, .F. ) ;
#4275 = CARTESIAN_POINT ( 'NONE',  ( 0.4409628251481782502, -15.28902671869200169, -10.12940748553227799 ) ) ;
#4276 = VERTEX_POINT ( 'NONE', #3997 ) ;
#4277 = FACE_OUTER_BOUND ( 'NONE', #299, .T. ) ;
#4278 = LINE ( 'NONE', #5598, #1572 ) ;
#4279 = CARTESIAN_POINT ( 'NONE',  ( 0.4193753327645599605, 5.271481900631427742, -17.54380440170678312 ) ) ;
#4280 = CARTESIAN_POINT ( 'NONE',  ( 0.4188817388287978671, -15.11360179239879997, -10.35058216146988030 ) ) ;
#4281 = FACE_OUTER_BOUND ( 'NONE', #4241, .T. ) ;
#4282 = B_SPLINE_CURVE_WITH_KNOTS ( 'NONE', 3,
 ( #3957, #4866, #2132, #5797, #2573, #4397, #5319, #5292, #4928, #4460, #2217, #3509, #5826 ),
 .UNSPECIFIED., .F., .F.,
 ( 4, 3, 3, 3, 4 ),
 ( 4.336808689942017736E-19, 0.0003060394048542602798, 0.0004590327578743558885, 0.0006264795226578694478, 0.0007939722156138013295 ),
 .UNSPECIFIED. ) ;
#4283 = ORIENTED_EDGE ( 'NONE', *, *, #3540, .F. ) ;
#4284 = CARTESIAN_POINT ( 'NONE',  ( 22.09182100077397237, 0.004274792326013476980, -0.008252970338748706267 ) ) ;
#4285 = VERTEX_POINT ( 'NONE', #2612 ) ;
#4286 = CARTESIAN_POINT ( 'NONE',  ( 22.10281028718407725, 0.001819261694755282353, -0.01483263762440960309 ) ) ;
#4287 = EDGE_CURVE ( 'NONE', #1241, #1488, #2365, .T. ) ;
#4288 = PRODUCT_DEFINITION_SHAPE ( 'NONE', 'NONE',  #849 ) ;
#4289 = CARTESIAN_POINT ( 'NONE',  ( 11.25262228702623979, -7.222750890525841072, -5.628421321541694056 ) ) ;
#4290 = EDGE_CURVE ( 'NONE', #2014, #4194, #5484, .T. ) ;
#4291 = DIRECTION ( 'NONE',  ( -0.7636347340829117147, -0.6070997002310128954, 0.2197542875157050823 ) ) ;
#4292 = CARTESIAN_POINT ( 'NONE',  ( 0.6337479801890594233, 4.779349357814550281, -17.93358911009627832 ) ) ;
#4293 = B_SPLINE_CURVE_WITH_KNOTS ( 'NONE', 3,
 ( #2042, #792, #3923, #263, #4836, #3477 ),
 .UNSPECIFIED., .F., .F.,
 ( 4, 2, 4 ),
 ( 3.613891591536185570E-17, 0.001429663029798428986, 0.002859326059596821543 ),
 .UNSPECIFIED. ) ;
#4294 = CARTESIAN_POINT ( 'NONE',  ( 8.189129401831873878, -11.54178850971396741, -3.081259952535801094 ) ) ;
#4295 = CARTESIAN_POINT ( 'NONE',  ( 8.150690745220670053, 0.6048916129666124242, 11.89227257948016003 ) ) ;
#4296 = CARTESIAN_POINT ( 'NONE',  ( 0.4188817388288013643, 17.57239525891939991, 5.173628812047268433 ) ) ;
#4297 = FACE_OUTER_BOUND ( 'NONE', #3815, .T. ) ;
#4298 = CARTESIAN_POINT ( 'NONE',  ( 22.09255692238962965, -0.006673540516228593233, 0.006754285118809194750 ) ) ;
#4299 = CARTESIAN_POINT ( 'NONE',  ( 10.08627239375047679, 9.570084858214588763, 10.00230772699661763 ) ) ;
#4300 = VERTEX_POINT ( 'NONE', #1671 ) ;
#4301 = CARTESIAN_POINT ( 'NONE',  ( 0.000000000000000000, 0.000000000000000000, 0.000000000000000000 ) ) ;
#4302 = CARTESIAN_POINT ( 'NONE',  ( 3.663019018077784850, -19.33156915067610626, 10.07589080511616864 ) ) ;
#4303 = CARTESIAN_POINT ( 'NONE',  ( 22.10703667329342181, 0.002847791080119433348, -0.01079952751295137209 ) ) ;
#4304 = ORIENTED_EDGE ( 'NONE', *, *, #5609, .T. ) ;
#4305 = ORIENTED_EDGE ( 'NONE', *, *, #2905, .T. ) ;
#4306 = CARTESIAN_POINT ( 'NONE',  ( 11.25262228702623979, 0.3080620461961300904, -9.151631263062910193 ) ) ;
#4307 = FACE_OUTER_BOUND ( 'NONE', #1152, .T. ) ;
#4308 = CARTESIAN_POINT ( 'NONE',  ( 9.516581620098303773, -5.304806250607074780, -12.16864918556663255 ) ) ;
#4309 = CARTESIAN_POINT ( 'NONE',  ( 9.812871695695710272, 1.548606896406531153, 13.48400402830497491 ) ) ;
#4310 = CARTESIAN_POINT ( 'NONE',  ( 0.4182233646136193639, 14.45119542963841397, -11.25539654257585376 ) ) ;
#4311 = ORIENTED_EDGE ( 'NONE', *, *, #5562, .T. ) ;
#4312 = CARTESIAN_POINT ( 'NONE',  ( 0.6480971303263403094, 17.92159482384633407, 4.776147394168400950 ) ) ;
#4313 = ORIENTED_EDGE ( 'NONE', *, *, #4024, .T. ) ;
#4314 = CARTESIAN_POINT ( 'NONE',  ( 8.189129401831877431, -3.081259952535760238, 11.54178850971397452 ) ) ;
#4315 = VECTOR ( 'NONE', #708, 1000.000000000000000 ) ;
#4316 = CARTESIAN_POINT ( 'NONE',  ( 6.743615739646616092, 3.154294454835466333, 17.41107684159943503 ) ) ;
#4317 =( BOUNDED_SURFACE ( )  B_SPLINE_SURFACE ( 3, 1, ( 
 ( #3103, #3633 ),
 ( #5397, #4112 ),
 ( #5482, #5453 ),
 ( #455, #2205 ) ),
 .UNSPECIFIED., .F., .F., .F. ) 
 B_SPLINE_SURFACE_WITH_KNOTS ( ( 4, 4 ),
 ( 2, 2 ),
 ( 0.000000000000000000, 1.000000000000000000 ),
 ( 0.000000000000000000, 1.000000000000000000 ),
 .UNSPECIFIED. ) 
 GEOMETRIC_REPRESENTATION_ITEM ( )  RATIONAL_B_SPLINE_SURFACE ( (
 ( 1.000000000000000000, 1.000000000000000000),
 ( 0.9934036227985141299, 0.8357362271078285776),
 ( 0.9934036227985141299, 0.8357362271078285776),
 ( 1.000000000000000000, 1.000000000000000000) ) ) 
 REPRESENTATION_ITEM ( '' )  SURFACE ( )  );
#4318 = CARTESIAN_POINT ( 'NONE',  ( 3.085675480214804978, -2.412795017570258604, -20.84628725004769123 ) ) ;
#4319 = CARTESIAN_POINT ( 'NONE',  ( 0.4200333337418788449, 17.35857222711750936, -5.854712935319004607 ) ) ;
#4320 = CARTESIAN_POINT ( 'NONE',  ( 22.09712324851893683, -0.01214359451213294777, -0.008012514405457320590 ) ) ;
#4321 = DIRECTION ( 'NONE',  ( -1.000000000000000000, -0.000000000000000000, -0.000000000000000000 ) ) ;
#4322 = CARTESIAN_POINT ( 'NONE',  ( 10.08627239375047324, 6.010808495292747189, 12.47007880054817264 ) ) ;
#4323 = EDGE_CURVE ( 'NONE', #1725, #1236, #35, .T. ) ;
#4324 = CARTESIAN_POINT ( 'NONE',  ( 10.08627239375047324, 6.555441082950782317, 12.19257463651239881 ) ) ;
#4325 = CARTESIAN_POINT ( 'NONE',  ( 8.082162653057826773, 11.83790278199959900, -0.1929712925425318970 ) ) ;
#4326 =( BOUNDED_SURFACE ( )  B_SPLINE_SURFACE ( 3, 1, ( 
 ( #2446, #2893 ),
 ( #726, #2414 ),
 ( #4742, #5669 ),
 ( #1058, #3886 ) ),
 .UNSPECIFIED., .F., .F., .F. ) 
 B_SPLINE_SURFACE_WITH_KNOTS ( ( 4, 4 ),
 ( 2, 2 ),
 ( 0.000000000000000000, 1.000000000000000000 ),
 ( 0.000000000000000000, 1.000000000000000000 ),
 .UNSPECIFIED. ) 
 GEOMETRIC_REPRESENTATION_ITEM ( )  RATIONAL_B_SPLINE_SURFACE ( (
 ( 1.000000000000000000, 1.000000000000000000),
 ( 0.7790009610346629865, 0.9689941987838144311),
 ( 0.7790009610346629865, 0.9689941987838144311),
 ( 1.000000000000000000, 1.000000000000000000) ) ) 
 REPRESENTATION_ITEM ( '' )  SURFACE ( )  );
#4327 = CARTESIAN_POINT ( 'NONE',  ( 22.10281028718407725, -0.01093052071531620643, 0.01019021927649975748 ) ) ;
#4328 = ORIENTED_EDGE ( 'NONE', *, *, #2941, .F. ) ;
#4329 =( LENGTH_UNIT ( ) NAMED_UNIT ( * ) SI_UNIT ( .MILLI., .METRE. ) );
#4330 = CIRCLE ( 'NONE', #251, 21.41421356110392082 ) ;
#4331 = CARTESIAN_POINT ( 'NONE',  ( 8.082269409299117413, 0.1178630887964875057, -11.83868765985434734 ) ) ;
#4332 = CARTESIAN_POINT ( 'NONE',  ( 22.09712324851893683, -0.008012514405456593741, -0.01214359451213153224 ) ) ;
#4333 = VERTEX_POINT ( 'NONE', #3094 ) ;
#4334 = ORIENTED_EDGE ( 'NONE', *, *, #1041, .T. ) ;
#4335 = CARTESIAN_POINT ( 'NONE',  ( 8.082269409299119189, -11.29568274073512590, 3.546261219361440453 ) ) ;
#4336 = CARTESIAN_POINT ( 'NONE',  ( 0.4176364164252723277, 18.30339795185683016, -0.7024099595308548327 ) ) ;
#4337 = ADVANCED_FACE ( 'NONE', ( #4907 ), #1707, .F. ) ;
#4338 = CARTESIAN_POINT ( 'NONE',  ( 0.4960052067975748158, 14.31600804597607990, -11.59117272305952184 ) ) ;
#4339 = CARTESIAN_POINT ( 'NONE',  ( 0.6480971303263367567, -0.9956912648607131322, 18.52036025205820025 ) ) ;
#4340 = LINE ( 'NONE', #3087, #5488 ) ;
#4341 = ORIENTED_EDGE ( 'NONE', *, *, #2646, .F. ) ;
#4342 = CARTESIAN_POINT ( 'NONE',  ( 22.09284734956529661, -0.0003495097987799522478, -0.009812203273946750945 ) ) ;
#4343 = VERTEX_POINT ( 'NONE', #4050 ) ;
#4344 = EDGE_CURVE ( 'NONE', #1221, #391, #3973, .T. ) ;
#4345 = CARTESIAN_POINT ( 'NONE',  ( 0.4201979075620117521, 14.88060256888952537, 10.68510132936616053 ) ) ;
#4346 = VECTOR ( 'NONE', #3577, 1000.000000000000000 ) ;
#4347 = CARTESIAN_POINT ( 'NONE',  ( 3.085675480214815636, 4.147152605941864856, -20.57159199409086270 ) ) ;
#4348 = AXIS2_PLACEMENT_3D ( 'NONE', #1617, #3974, #5788 ) ;
#4349 = CARTESIAN_POINT ( 'NONE',  ( 0.5844060700456816804, -17.25112245679595802, 6.635928771372790358 ) ) ;
#4350 = CARTESIAN_POINT ( 'NONE',  ( 8.082347709208528741, -9.601654516717383459, -6.926614404480810450 ) ) ;
#4351 = ORIENTED_EDGE ( 'NONE', *, *, #467, .F. ) ;
#4352 = CARTESIAN_POINT ( 'NONE',  ( 0.4200341587692230094, 18.31819411818886323, 0.2037420238778306358 ) ) ;
#4353 = CARTESIAN_POINT ( 'NONE',  ( 0.4197050914631898499, -10.51863125172056534, -14.99778922814685345 ) ) ;
#4354 = CARTESIAN_POINT ( 'NONE',  ( 8.081286344341224392, 11.83150392928987671, 0.3969128176507826788 ) ) ;
#4355 = CARTESIAN_POINT ( 'NONE',  ( 1.789743172660314130, 10.53832259871776778, 16.68009650493443274 ) ) ;
#4356 = ORIENTED_EDGE ( 'NONE', *, *, #2034, .F. ) ;
#4357 = EDGE_CURVE ( 'NONE', #2193, #4343, #1802, .T. ) ;
#4358 =( NAMED_UNIT ( * ) SI_UNIT ( $, .STERADIAN. ) SOLID_ANGLE_UNIT ( ) );
#4359 = ADVANCED_FACE ( 'NONE', ( #5510 ), #2625, .T. ) ;
#4360 =( BOUNDED_SURFACE ( )  B_SPLINE_SURFACE ( 3, 1, ( 
 ( #5153, #1080 ),
 ( #4765, #2887 ),
 ( #4704, #630 ),
 ( #4259, #3821 ) ),
 .UNSPECIFIED., .F., .F., .F. ) 
 B_SPLINE_SURFACE_WITH_KNOTS ( ( 4, 4 ),
 ( 2, 2 ),
 ( 0.000000000000000000, 1.000000000000000000 ),
 ( 0.000000000000000000, 1.000000000000000000 ),
 .UNSPECIFIED. ) 
 GEOMETRIC_REPRESENTATION_ITEM ( )  RATIONAL_B_SPLINE_SURFACE ( (
 ( 1.000000000000000000, 1.000000000000000000),
 ( 0.9934036227985141299, 0.8357362271078285776),
 ( 0.9934036227985141299, 0.8357362271078285776),
 ( 1.000000000000000000, 1.000000000000000000) ) ) 
 REPRESENTATION_ITEM ( '' )  SURFACE ( )  );
#4361 = EDGE_CURVE ( 'NONE', #148, #3566, #4567, .T. ) ;
#4362 = CARTESIAN_POINT ( 'NONE',  ( 0.9068532551530036345, 4.795531690358612487, 18.18421626379202749 ) ) ;
#4363 = LINE ( 'NONE', #3056, #4723 ) ;
#4364 = ORIENTED_EDGE ( 'NONE', *, *, #4649, .T. ) ;
#4365 = VERTEX_POINT ( 'NONE', #2317 ) ;
#4366 = B_SPLINE_CURVE_WITH_KNOTS ( 'NONE', 3,
 ( #752, #4377, #2582, #1275, #305, #3543 ),
 .UNSPECIFIED., .F., .F.,
 ( 4, 2, 4 ),
 ( 1.626303258728256892E-19, 0.0001743161698667594281, 0.0003486323397335186936 ),
 .UNSPECIFIED. ) ;
#4367 = CARTESIAN_POINT ( 'NONE',  ( 9.539500336054880236, 6.790245143835196728, 11.44553886039952673 ) ) ;
#4368 = CARTESIAN_POINT ( 'NONE',  ( 9.812871695695706720, 13.48400402830496603, -1.548606896406573341 ) ) ;
#4369 = LINE ( 'NONE', #413, #3408 ) ;
#4370 = CARTESIAN_POINT ( 'NONE',  ( 8.727656808823713419, 10.65193574381792452, 11.13367452574565597 ) ) ;
#4371 = ORIENTED_EDGE ( 'NONE', *, *, #690, .T. ) ;
#4372 = CARTESIAN_POINT ( 'NONE',  ( 8.357821303193624374, -11.44164840958521623, -10.94643288814040538 ) ) ;
#4373 = EDGE_LOOP ( 'NONE', ( #1947, #1279, #463, #5345 ) ) ;
#4374 = EDGE_CURVE ( 'NONE', #4155, #3005, #64, .T. ) ;
#4375 = CARTESIAN_POINT ( 'NONE',  ( 0.9068532551531861552, -4.795531690358504129, -18.18421626379225131 ) ) ;
#4376 = CARTESIAN_POINT ( 'NONE',  ( 8.230357535800608915, 11.58367230890922173, 3.084191986338777447 ) ) ;
#4377 = CARTESIAN_POINT ( 'NONE',  ( 8.080971495803108695, -11.82921308913048541, -0.4558095225181398868 ) ) ;
#4378 = CARTESIAN_POINT ( 'NONE',  ( 10.08627239375047147, -13.71719167695416353, 1.863152317086231191 ) ) ;
#4379 = CARTESIAN_POINT ( 'NONE',  ( 8.081286344341222616, -11.37508171546216396, -3.278649261536780823 ) ) ;
#4380 = VERTEX_POINT ( 'NONE', #1787 ) ;
#4381 = CARTESIAN_POINT ( 'NONE',  ( 22.09712324851893683, -0.009073241573048554040, 0.01137293111426530834 ) ) ;
#4382 = B_SPLINE_CURVE_WITH_KNOTS ( 'NONE', 3,
 ( #4565, #466, #5375, #2688 ),
 .UNSPECIFIED., .F., .F.,
 ( 4, 4 ),
 ( 0.000000000000000000, 0.002859022159863997600 ),
 .UNSPECIFIED. ) ;
#4383 = CARTESIAN_POINT ( 'NONE',  ( 22.09324635661532810, 0.009386341494719228559, -0.003825913808670775539 ) ) ;
#4384 = LINE ( 'NONE', #3050, #3783 ) ;
#4385 = DIRECTION ( 'NONE',  ( 0.000000000000000000, 0.000000000000000000, 1.000000000000000000 ) ) ;
#4386 = LINE ( 'NONE', #1205, #641 ) ;
#4387 = ORIENTED_EDGE ( 'NONE', *, *, #2911, .F. ) ;
#4388 = UNCERTAINTY_MEASURE_WITH_UNIT (LENGTH_MEASURE( 1.000000000000000082E-05 ), #3419, 'distance_accuracy_value', 'NONE');
#4389 =( NAMED_UNIT ( * ) PLANE_ANGLE_UNIT ( ) SI_UNIT ( $, .RADIAN. ) );
#4390 = CARTESIAN_POINT ( 'NONE',  ( 9.510122032027844341, 10.02886715541907314, -10.48208831951438391 ) ) ;
#4391 = CARTESIAN_POINT ( 'NONE',  ( 0.6480971303263350913, 10.08046346888053790, 15.56853882718292148 ) ) ;
#4392 = EDGE_CURVE ( 'NONE', #65, #784, #5279, .T. ) ;
#4393 = ORIENTED_EDGE ( 'NONE', *, *, #3142, .F. ) ;
#4394 = VERTEX_POINT ( 'NONE', #3658 ) ;
#4395 = CARTESIAN_POINT ( 'NONE',  ( 10.08627239375047324, 13.71719167695415287, -1.863152317086328669 ) ) ;
#4396 = ADVANCED_FACE ( 'NONE', ( #4494 ), #4964, .F. ) ;
#4397 = CARTESIAN_POINT ( 'NONE',  ( 8.082357490472945827, -3.669058272067692972, 11.25646479016403667 ) ) ;
#4398 = CARTESIAN_POINT ( 'NONE',  ( 7.369041213193490591, 11.73378888757577876, 12.26503915231837105 ) ) ;
#4399 = ORIENTED_EDGE ( 'NONE', *, *, #3778, .F. ) ;
#4400 = CARTESIAN_POINT ( 'NONE',  ( 22.09324635661532810, 0.0007381212216437514238, -0.01010921362861639215 ) ) ;
#4401 = ORIENTED_EDGE ( 'NONE', *, *, #589, .T. ) ;
#4402 = CARTESIAN_POINT ( 'NONE',  ( 0.4197050914631937912, 14.63838454400568523, 11.01330936110512582 ) ) ;
#4403 = B_SPLINE_CURVE_WITH_KNOTS ( 'NONE', 3,
 ( #788, #3946, #3976, #4413, #3444, #2503 ),
 .UNSPECIFIED., .F., .F.,
 ( 4, 2, 4 ),
 ( 7.806255641895631925E-18, 0.0002687592685055724645, 0.0005375185370111371227 ),
 .UNSPECIFIED. ) ;
#4404 = CARTESIAN_POINT ( 'NONE',  ( 8.082315436206478410, 6.908610303562156219, 9.614441993886400084 ) ) ;
#4405 = CARTESIAN_POINT ( 'NONE',  ( 0.4182233646136210847, -17.22201239169728026, 6.238853248510979554 ) ) ;
#4406 = DIRECTION ( 'NONE',  ( 0.000000000000000000, 0.000000000000000000, 1.000000000000000000 ) ) ;
#4407 = CARTESIAN_POINT ( 'NONE',  ( 8.081819171567943272, -9.407328449338702825, -7.187484237263761955 ) ) ;
#4408 = VERTEX_POINT ( 'NONE', #3210 ) ;
#4409 = CARTESIAN_POINT ( 'NONE',  ( 8.230357535800607138, 0.6463107146107820444, -11.96979476970954082 ) ) ;
#4410 = ADVANCED_FACE ( 'NONE', ( #1365 ), #5547, .F. ) ;
#4411 = CARTESIAN_POINT ( 'NONE',  ( 0.4410764106479075353, 10.12928095319059985, 15.28924617427198740 ) ) ;
#4412 = CARTESIAN_POINT ( 'NONE',  ( 3.515204589128320123, 10.14264561317931701, 18.85988553533719880 ) ) ;
#4413 = CARTESIAN_POINT ( 'NONE',  ( 0.5251777261828679544, 17.78819905278941249, 4.799510228746311391 ) ) ;
#4414 = CARTESIAN_POINT ( 'NONE',  ( 0.4227027292401541181, -10.60419017047816048, 14.94248599980821446 ) ) ;
#4415 = VERTEX_POINT ( 'NONE', #624 ) ;
#4416 = B_SPLINE_CURVE_WITH_KNOTS ( 'NONE', 3,
 ( #5673, #1474, #5165, #5136, #2900, #3769, #703 ),
 .UNSPECIFIED., .F., .F.,
 ( 4, 3, 4 ),
 ( 4.228388472693467293E-18, 0.0003060198743295312863, 0.0006117633103564813768 ),
 .UNSPECIFIED. ) ;
#4417 = CARTESIAN_POINT ( 'NONE',  ( 22.09324635661532810, 0.008612382393803805561, -0.005344894070956184712 ) ) ;
#4418 = CARTESIAN_POINT ( 'NONE',  ( 9.516581620098309102, 12.16864918556665565, -5.304806250607033924 ) ) ;
#4419 = ORIENTED_EDGE ( 'NONE', *, *, #4430, .F. ) ;
#4420 = ORIENTED_EDGE ( 'NONE', *, *, #1859, .T. ) ;
#4421 = CARTESIAN_POINT ( 'NONE',  ( 1.789743172660314130, 7.300210932879498849, -18.32999680698385347 ) ) ;
#4422 = VECTOR ( 'NONE', #3593, 1000.000000000000114 ) ;
#4423 = CARTESIAN_POINT ( 'NONE',  ( 6.743615739646604545, -12.23180929328185407, 12.78585201324770004 ) ) ;
#4424 = CARTESIAN_POINT ( 'NONE',  ( 11.25262228702623979, 8.608522139869979384, -3.120994002997349526 ) ) ;
#4425 = ORIENTED_EDGE ( 'NONE', *, *, #3098, .F. ) ;
#4426 = FACE_OUTER_BOUND ( 'NONE', #4558, .T. ) ;
#4427 = B_SPLINE_CURVE_WITH_KNOTS ( 'NONE', 3,
 ( #5248, #343, #315, #5814, #3075, #4857 ),
 .UNSPECIFIED., .F., .F.,
 ( 4, 2, 4 ),
 ( 9.398382002060979550E-18, 0.0002687592685055707298, 0.0005375185370111322438 ),
 .UNSPECIFIED. ) ;
#4428 = VERTEX_POINT ( 'NONE', #3400 ) ;
#4429 = CARTESIAN_POINT ( 'NONE',  ( 0.6480971303263350913, -4.776147394168215321, -17.92159482384638025 ) ) ;
#4430 = EDGE_CURVE ( 'NONE', #4974, #1717, #1592, .T. ) ;
#4431 = CARTESIAN_POINT ( 'NONE',  ( 8.933971668274613975, 10.96186850144802349, 10.48764987945001614 ) ) ;
#4432 = CARTESIAN_POINT ( 'NONE',  ( 0.4410764106479131974, 14.35815555494850848, 11.41081724794775276 ) ) ;
#4433 = CARTESIAN_POINT ( 'NONE',  ( 0.5251705844568987924, -17.21204861870544534, -6.572702947387143446 ) ) ;
#4434 = CARTESIAN_POINT ( 'NONE',  ( 3.515204589129467649, -19.29113524658052015, 9.296270399399698903 ) ) ;
#4435 = ORIENTED_EDGE ( 'NONE', *, *, #4795, .T. ) ;
#4436 = B_SPLINE_CURVE_WITH_KNOTS ( 'NONE', 3,
 ( #3041, #2172, #3516, #717, #395, #5805, #1702 ),
 .UNSPECIFIED., .F., .F.,
 ( 4, 3, 4 ),
 ( 8.673617379884035472E-19, 0.003806765355762675111, 0.01002496898031622619 ),
 .UNSPECIFIED. ) ;
#4437 = CARTESIAN_POINT ( 'NONE',  ( 10.08627239375047324, -12.19257463651242013, 6.555441082950738796 ) ) ;
#4438 = AXIS2_PLACEMENT_3D ( 'NONE', #5774, #4869, #746 ) ;
#4439 = VECTOR ( 'NONE', #4480, 1000.000000000000227 ) ;
#4440 = AXIS2_PLACEMENT_3D ( 'NONE', #1660, #2191, #1752 ) ;
#4441 = CARTESIAN_POINT ( 'NONE',  ( 8.230357535800605362, -7.558545190369534872, 9.303875481428594441 ) ) ;
#4442 = B_SPLINE_CURVE_WITH_KNOTS ( 'NONE', 3,
 ( #662, #3753, #2353, #4227, #4168, #5573 ),
 .UNSPECIFIED., .F., .F.,
 ( 4, 2, 4 ),
 ( 7.589415207398531038E-19, 0.0002683118749524639147, 0.0005366237499049270705 ),
 .UNSPECIFIED. ) ;
#4443 = CARTESIAN_POINT ( 'NONE',  ( 0.4410764106479146407, 0.7920329879766784265, -18.32310194678066040 ) ) ;
#4444 = CARTESIAN_POINT ( 'NONE',  ( 10.08627239375047502, 2.466882191262009805, 13.62157025872563487 ) ) ;
#4445 = CIRCLE ( 'NONE', #4819, 0.3999999999999993006 ) ;
#4446 = CARTESIAN_POINT ( 'NONE',  ( 2.831810311861893137, 10.53442703000827763, 17.97099262013260201 ) ) ;
#4447 = VECTOR ( 'NONE', #5363, 1000.000000000000114 ) ;
#4448 = ORIENTED_EDGE ( 'NONE', *, *, #5709, .T. ) ;
#4449 = EDGE_CURVE ( 'NONE', #1516, #1539, #2649, .T. ) ;
#4450 =( BOUNDED_SURFACE ( )  B_SPLINE_SURFACE ( 3, 1, ( 
 ( #1285, #5841 ),
 ( #5537, #3745 ),
 ( #5364, #3687 ),
 ( #5025, #505 ) ),
 .UNSPECIFIED., .F., .F., .F. ) 
 B_SPLINE_SURFACE_WITH_KNOTS ( ( 4, 4 ),
 ( 2, 2 ),
 ( 0.000000000000000000, 1.000000000000000000 ),
 ( 0.000000000000000000, 1.000000000000000000 ),
 .UNSPECIFIED. ) 
 GEOMETRIC_REPRESENTATION_ITEM ( )  RATIONAL_B_SPLINE_SURFACE ( (
 ( 1.000000000000000000, 1.000000000000000000),
 ( 0.7790009610346629865, 0.9689941987838144311),
 ( 0.7790009610346629865, 0.9689941987838144311),
 ( 1.000000000000000000, 1.000000000000000000) ) ) 
 REPRESENTATION_ITEM ( '' )  SURFACE ( )  );
#4451 = CARTESIAN_POINT ( 'NONE',  ( 0.6337479801890594233, -18.53275695733655226, 0.9963524547567353951 ) ) ;
#4452 = CARTESIAN_POINT ( 'NONE',  ( 10.08627239375047324, -13.62157025872561000, -2.466882191262156798 ) ) ;
#4453 = CARTESIAN_POINT ( 'NONE',  ( 0.5844060700456868984, -0.9802532884912658062, -18.45740718975730488 ) ) ;
#4454 = EDGE_CURVE ( 'NONE', #5572, #5619, #595, .T. ) ;
#4455 = VERTEX_POINT ( 'NONE', #4193 ) ;
#4456 = ORIENTED_EDGE ( 'NONE', *, *, #4449, .T. ) ;
#4457 = CARTESIAN_POINT ( 'NONE',  ( 0.4182233646136210847, -5.075506595181114911, 17.60000663291078737 ) ) ;
#4458 = CARTESIAN_POINT ( 'NONE',  ( 3.515204589129458768, -18.85988553533880108, 10.14264561317876279 ) ) ;
#4459 = EDGE_CURVE ( 'NONE', #1126, #2761, #687, .T. ) ;
#4460 = CARTESIAN_POINT ( 'NONE',  ( 8.081990258054293719, -3.875977710608924376, 11.18639747111827099 ) ) ;
#4461 = CARTESIAN_POINT ( 'NONE',  ( -27.89911057639946890, 0.000000000000000000, 0.000000000000000000 ) ) ;
#4462 = ORIENTED_EDGE ( 'NONE', *, *, #3645, .T. ) ;
#4463 = CARTESIAN_POINT ( 'NONE',  ( 9.516581620098309102, 6.726557109334531326, -11.44423094020443088 ) ) ;
#4464 = EDGE_LOOP ( 'NONE', ( #2396, #5555, #3308, #41 ) ) ;
#4465 = CARTESIAN_POINT ( 'NONE',  ( 1.161569255190191052, -4.789824388041336256, -18.44918243373137656 ) ) ;
#4466 = CARTESIAN_POINT ( 'NONE',  ( 8.081286344341222616, -4.033622304792278790, -11.12977610358355562 ) ) ;
#4467 = CARTESIAN_POINT ( 'NONE',  ( 0.4176364164252741040, -17.19050927794359396, 6.324092591053686263 ) ) ;
#4468 = CARTESIAN_POINT ( 'NONE',  ( 22.09324635661532810, 0.007744668856831156932, 0.006539199295393424878 ) ) ;
#4469 = CARTESIAN_POINT ( 'NONE',  ( 22.10281028718407725, -0.01466885944743572152, -0.002853316407705217949 ) ) ;
#4470 = ORIENTED_EDGE ( 'NONE', *, *, #3641, .F. ) ;
#4471 = EDGE_CURVE ( 'NONE', #1429, #3861, #384, .T. ) ;
#4472 = CARTESIAN_POINT ( 'NONE',  ( 0.4201982046941529769, 18.31920718013921245, -0.0002764381578851187685 ) ) ;
#4473 = CARTESIAN_POINT ( 'NONE',  ( 2.831810311861891361, 15.57217759773312515, -13.83611265739362572 ) ) ;
#4474 = CARTESIAN_POINT ( 'NONE',  ( 8.230357535800605362, -11.96979476970955325, 0.6463107146105724343 ) ) ;
#4475 = CARTESIAN_POINT ( 'NONE',  ( 11.25262228702623979, 3.120994002997560024, -8.608522139869901224 ) ) ;
#4476 = LINE ( 'NONE', #1880, #1391 ) ;
#4477 =( BOUNDED_SURFACE ( )  B_SPLINE_SURFACE ( 3, 1, ( 
 ( #4271, #205 ),
 ( #4747, #3833 ),
 ( #5646, #2935 ),
 ( #2477, #4302 ) ),
 .UNSPECIFIED., .F., .F., .F. ) 
 B_SPLINE_SURFACE_WITH_KNOTS ( ( 4, 4 ),
 ( 2, 2 ),
 ( 0.000000000000000000, 1.000000000000000000 ),
 ( 0.000000000000000000, 1.000000000000000000 ),
 .UNSPECIFIED. ) 
 GEOMETRIC_REPRESENTATION_ITEM ( )  RATIONAL_B_SPLINE_SURFACE ( (
 ( 1.000000000000000000, 1.000000000000000000),
 ( 0.7790009610346629865, 0.9689941987838144311),
 ( 0.7790009610346629865, 0.9689941987838144311),
 ( 1.000000000000000000, 1.000000000000000000) ) ) 
 REPRESENTATION_ITEM ( '' )  SURFACE ( )  );
#4478 = ORIENTED_EDGE ( 'NONE', *, *, #1803, .T. ) ;
#4479 = CARTESIAN_POINT ( 'NONE',  ( 22.09255692238962965, -0.009386940141984994809, 0.001428938507665190741 ) ) ;
#4480 = DIRECTION ( 'NONE',  ( -0.7562523480584153468, -0.03484710988054215419, -0.6533514100307021844 ) ) ;
#4481 = FACE_OUTER_BOUND ( 'NONE', #1292, .T. ) ;
#4482 = ORIENTED_EDGE ( 'NONE', *, *, #3119, .F. ) ;
#4483 = ORIENTED_EDGE ( 'NONE', *, *, #3188, .F. ) ;
#4484 = CARTESIAN_POINT ( 'NONE',  ( 8.081286344341222616, 11.12977610358351477, 4.033622304792393365 ) ) ;
#4485 = CARTESIAN_POINT ( 'NONE',  ( 8.189129401831875654, 3.081259952535850832, -11.54178850971395676 ) ) ;
#4486 = CARTESIAN_POINT ( 'NONE',  ( 5.129410166199407151, -13.51718782607689739, 14.13005357048172428 ) ) ;
#4487 = CARTESIAN_POINT ( 'NONE',  ( 1.165599648441569824, -17.75393338362567874, 6.947425078374348750 ) ) ;
#4488 = ORIENTED_EDGE ( 'NONE', *, *, #5325, .F. ) ;
#4489 = CARTESIAN_POINT ( 'NONE',  ( 0.4188821999575234045, 5.173697537357910825, 17.57237591976956992 ) ) ;
#4490 = EDGE_LOOP ( 'NONE', ( #651, #713 ) ) ;
#4491 = CARTESIAN_POINT ( 'NONE',  ( 0.6480971303263403094, 4.776147394168336113, 17.92159482384635183 ) ) ;
#4492 = CARTESIAN_POINT ( 'NONE',  ( 22.09255692238962965, 0.004259725308153833843, 0.008485944307322045022 ) ) ;
#4493 = CARTESIAN_POINT ( 'NONE',  ( 8.082162653057830326, -11.83790278199959722, 0.1929712925424492964 ) ) ;
#4494 = FACE_OUTER_BOUND ( 'NONE', #1906, .T. ) ;
#4495 = ORIENTED_EDGE ( 'NONE', *, *, #115, .F. ) ;
#4496 = CARTESIAN_POINT ( 'NONE',  ( 0.4126876516628505409, 10.26841886461272502, -15.17405881654009470 ) ) ;
#4497 = CARTESIAN_POINT ( 'NONE',  ( 22.09324635661532810, -0.0007381212216449945700, -0.01010921362861736360 ) ) ;
#4498 = CARTESIAN_POINT ( 'NONE',  ( 1.165599648441905112, 17.75393338362601980, -6.947425078374412699 ) ) ;
#4499 = CARTESIAN_POINT ( 'NONE',  ( 8.082341011147272880, -0.03032106046597141807, -11.83921436388618709 ) ) ;
#4500 = ORIENTED_EDGE ( 'NONE', *, *, #3755, .T. ) ;
#4501 = ADVANCED_FACE ( 'NONE', ( #4670 ), #2752, .F. ) ;
#4502 = CARTESIAN_POINT ( 'NONE',  ( 3.515204589128319235, 21.21966542070980566, 2.879989908610717908 ) ) ;
#4503 = CARTESIAN_POINT ( 'NONE',  ( 22.10281028718407725, -0.001819261694755386002, 0.01483263762440959095 ) ) ;
#4504 = CARTESIAN_POINT ( 'NONE',  ( 8.082347709208530517, 11.24745968924119310, -3.696539882870855109 ) ) ;
#4505 = DIRECTION ( 'NONE',  ( -1.000000000000000000, -0.000000000000000000, -0.000000000000000000 ) ) ;
#4506 = ORIENTED_EDGE ( 'NONE', *, *, #47, .T. ) ;
#4507 = VERTEX_POINT ( 'NONE', #1517 ) ;
#4508 = CARTESIAN_POINT ( 'NONE',  ( 22.09284734956529661, -0.005484709010009848791, -0.008143675906139020981 ) ) ;
#4509 = CARTESIAN_POINT ( 'NONE',  ( 11.25262228702623979, 3.120994002997438344, 8.608522139869947409 ) ) ;
#4510 = CARTESIAN_POINT ( 'NONE',  ( 0.4201985021554883182, -10.85006234114926826, 14.76075591654608488 ) ) ;
#4511 = CARTESIAN_POINT ( 'NONE',  ( 3.304290419808173063, 14.49954264608079413, 15.47224971565830032 ) ) ;
#4512 = ORIENTED_EDGE ( 'NONE', *, *, #4392, .T. ) ;
#4513 =( BOUNDED_SURFACE ( )  B_SPLINE_SURFACE ( 3, 1, ( 
 ( #4888, #818 ),
 ( #2626, #3554 ),
 ( #5368, #850 ),
 ( #2210, #4033 ) ),
 .UNSPECIFIED., .F., .F., .F. ) 
 B_SPLINE_SURFACE_WITH_KNOTS ( ( 4, 4 ),
 ( 2, 2 ),
 ( 0.000000000000000000, 1.000000000000000000 ),
 ( 0.000000000000000000, 1.000000000000000000 ),
 .UNSPECIFIED. ) 
 GEOMETRIC_REPRESENTATION_ITEM ( )  RATIONAL_B_SPLINE_SURFACE ( (
 ( 1.000000000000000000, 1.000000000000000000),
 ( 0.9594539417957813621, 0.9995981945367502508),
 ( 0.9594539417957813621, 0.9995981945367502508),
 ( 1.000000000000000000, 1.000000000000000000) ) ) 
 REPRESENTATION_ITEM ( '' )  SURFACE ( )  );
#4514 = CARTESIAN_POINT ( 'NONE',  ( 8.082315436206483739, -9.614441993886416071, 6.908610303562123356 ) ) ;
#4515 = EDGE_LOOP ( 'NONE', ( #2685, #3347, #87, #3474 ) ) ;
#4516 = DIRECTION ( 'NONE',  ( -0.7636347340829117147, 0.5094783165164304961, -0.3966028717769258249 ) ) ;
#4517 = EDGE_CURVE ( 'NONE', #2325, #410, #3575, .T. ) ;
#4518 = CARTESIAN_POINT ( 'NONE',  ( 22.09374604753667626, 0.009375618690967989916, -0.004571497438469124611 ) ) ;
#4519 = CARTESIAN_POINT ( 'NONE',  ( 8.082269409299117413, -11.83868765985434734, -0.1178630887964461915 ) ) ;
#4520 = CARTESIAN_POINT ( 'NONE',  ( 8.189129401831875654, 11.92905486128449510, -0.6361564387247378161 ) ) ;
#4521 = ADVANCED_FACE ( 'NONE', ( #2851 ), #3381, .F. ) ;
#4522 = ORIENTED_EDGE ( 'NONE', *, *, #4609, .T. ) ;
#4523 = CARTESIAN_POINT ( 'NONE',  ( 22.09255692238962965, -0.001428938507664124754, 0.009386940141985914213 ) ) ;
#4524 = CARTESIAN_POINT ( 'NONE',  ( 10.08627239375047147, 0.000000000000000000, 0.000000000000000000 ) ) ;
#4525 = EDGE_CURVE ( 'NONE', #2969, #322, #801, .T. ) ;
#4526 = CARTESIAN_POINT ( 'NONE',  ( 8.150687306238463492, -9.976609266190378023, 6.500710348059705268 ) ) ;
#4527 = VERTEX_POINT ( 'NONE', #1271 ) ;
#4528 = AXIS2_PLACEMENT_3D ( 'NONE', #1143, #4321, #2411 ) ;
#4529 = STYLED_ITEM ( 'NONE', ( #2474 ), #1311 ) ;
#4530 = CARTESIAN_POINT ( 'NONE',  ( 8.081819171567943272, 9.407328449338757892, 7.187484237263693565 ) ) ;
#4531 = CIRCLE ( 'NONE', #5297, 21.41421356110392082 ) ;
#4532 = CARTESIAN_POINT ( 'NONE',  ( 8.096103227782997180, 11.84192035489958528, 0.5137535998238454971 ) ) ;
#4533 = AXIS2_PLACEMENT_3D ( 'NONE', #5550, #2740, #576 ) ;
#4534 = CARTESIAN_POINT ( 'NONE',  ( 0.5251777261828630694, 11.56987400234699948, 14.33852640780473386 ) ) ;
#4535 = CARTESIAN_POINT ( 'NONE',  ( 0.4182233646136210847, -0.6116075298350905909, -18.30701878804082128 ) ) ;
#4536 = ORIENTED_EDGE ( 'NONE', *, *, #2408, .T. ) ;
#4537 = EDGE_LOOP ( 'NONE', ( #3932, #417, #4311, #120 ) ) ;
#4538 = ADVANCED_FACE ( 'NONE', ( #4426 ), #711, .F. ) ;
#4539 = CARTESIAN_POINT ( 'NONE',  ( 0.4200333337418749036, -5.466550494093320722, 17.48469384960958095 ) ) ;
#4540 = CARTESIAN_POINT ( 'NONE',  ( 3.663019018077783073, -10.07589080511637114, 19.33156915067600323 ) ) ;
#4541 = EDGE_CURVE ( 'NONE', #1356, #881, #1437, .T. ) ;
#4542 = CARTESIAN_POINT ( 'NONE',  ( 22.09255692238962965, -0.009386940141985933295, -0.001428938507664023055 ) ) ;
#4543 = CARTESIAN_POINT ( 'NONE',  ( 11.25262228702623979, -5.628421321541665634, 7.222750890525864165 ) ) ;
#4544 = ORIENTED_EDGE ( 'NONE', *, *, #4172, .T. ) ;
#4545 = CARTESIAN_POINT ( 'NONE',  ( 8.082269409299115637, 3.770450136622553128, -11.22283934583985676 ) ) ;
#4546 = CARTESIAN_POINT ( 'NONE',  ( 0.6337479801890599784, 4.779349357814296262, 17.93358911009634937 ) ) ;
#4547 = CARTESIAN_POINT ( 'NONE',  ( 8.357821303193647466, -2.822336190159279834, -15.58108243136024917 ) ) ;
#4548 = CARTESIAN_POINT ( 'NONE',  ( 7.369041213193391116, -3.025677049269376084, 16.70204375097932115 ) ) ;
#4549 =( BOUNDED_SURFACE ( )  B_SPLINE_SURFACE ( 3, 1, ( 
 ( #4021, #1306 ),
 ( #1362, #5833 ),
 ( #3655, #5474 ),
 ( #4492, #951 ) ),
 .UNSPECIFIED., .F., .F., .F. ) 
 B_SPLINE_SURFACE_WITH_KNOTS ( ( 4, 4 ),
 ( 2, 2 ),
 ( 0.000000000000000000, 1.000000000000000000 ),
 ( 0.000000000000000000, 1.000000000000000000 ),
 .UNSPECIFIED. ) 
 GEOMETRIC_REPRESENTATION_ITEM ( )  RATIONAL_B_SPLINE_SURFACE ( (
 ( 1.000000000000000000, 1.000000000000000000),
 ( 0.9934036227985141299, 0.8357362271078294658),
 ( 0.9934036227985141299, 0.8357362271078294658),
 ( 1.000000000000000000, 1.000000000000000000) ) ) 
 REPRESENTATION_ITEM ( '' )  SURFACE ( )  );
#4550 = CARTESIAN_POINT ( 'NONE',  ( 22.09374604753667626, -0.007244977936371205934, 0.007504072852116845486 ) ) ;
#4551 = CARTESIAN_POINT ( 'NONE',  ( 8.150687306238463492, 11.49714922620051460, -3.099601127578033299 ) ) ;
#4552 = CARTESIAN_POINT ( 'NONE',  ( 22.09324635661532810, 0.009842525497513406746, 0.002421923813348429277 ) ) ;
#4553 = EDGE_LOOP ( 'NONE', ( #2521, #1479, #5226, #1477 ) ) ;
#4554 = DIRECTION ( 'NONE',  ( -0.7562523480584153468, 0.03484710988054671305, 0.6533514100307019623 ) ) ;
#4555 = CARTESIAN_POINT ( 'NONE',  ( 0.6480971303263403094, -15.56853882718295701, 10.08046346888048284 ) ) ;
#4556 = CARTESIAN_POINT ( 'NONE',  ( 22.09374604753667626, -0.004897976078547581699, 0.009209269515131681197 ) ) ;
#4557 = CARTESIAN_POINT ( 'NONE',  ( 11.25262228702623979, -7.584899545615988004, -5.129966460152674657 ) ) ;
#4558 = EDGE_LOOP ( 'NONE', ( #882, #3867, #5366, #1598 ) ) ;
#4559 = CARTESIAN_POINT ( 'NONE',  ( 8.230357535800607138, -9.303875481428564242, -7.558545190369572175 ) ) ;
#4560 = CARTESIAN_POINT ( 'NONE',  ( 1.789743172660313242, -1.278632657847205589, -19.68875214773293436 ) ) ;
#4561 = B_SPLINE_CURVE_WITH_KNOTS ( 'NONE', 3,
 ( #3706, #5498, #945, #4568, #439, #51, #5529, #3618 ),
 .UNSPECIFIED., .F., .F.,
 ( 4, 2, 2, 4 ),
 ( 0.000000000000000000, 0.002211095967735173841, 0.003316643951602760761, 0.004422191935470347682 ),
 .UNSPECIFIED. ) ;
#4562 = CARTESIAN_POINT ( 'NONE',  ( 8.081990258054290166, 7.143060783097944899, -9.441153226377949181 ) ) ;
#4563 = ORIENTED_EDGE ( 'NONE', *, *, #1052, .T. ) ;
#4564 = ORIENTED_EDGE ( 'NONE', *, *, #4941, .F. ) ;
#4565 = CARTESIAN_POINT ( 'NONE',  ( 8.230357535800608915, 11.18423031998660022, 4.313548019702461822 ) ) ;
#4566 = EDGE_CURVE ( 'NONE', #5069, #2089, #100, .T. ) ;
#4567 = B_SPLINE_CURVE_WITH_KNOTS ( 'NONE', 3,
 ( #5418, #4579, #509, #5029, #2790, #894, #2698, #1010 ),
 .UNSPECIFIED., .F., .F.,
 ( 4, 2, 2, 4 ),
 ( 0.000000000000000000, 0.002211095967733301207, 0.003316643951599951810, 0.004422191935466602414 ),
 .UNSPECIFIED. ) ;
#4568 = CARTESIAN_POINT ( 'NONE',  ( 2.396304448592982084, 10.40505933543980355, -17.42566989475928807 ) ) ;
#4569 = CARTESIAN_POINT ( 'NONE',  ( 0.9068532551532441088, 11.89259718230339047, -14.56808077891765763 ) ) ;
#4570 = VERTEX_POINT ( 'NONE', #3036 ) ;
#4571 = CARTESIAN_POINT ( 'NONE',  ( 22.10281028718407725, 0.01483263762441126496, -0.001819261694755120373 ) ) ;
#4572 = CARTESIAN_POINT ( 'NONE',  ( 10.08627239375047324, -10.00230772699665494, 9.570084858214549683 ) ) ;
#4573 = CARTESIAN_POINT ( 'NONE',  ( 0.4227027292401541181, 17.48802365402825387, 5.467702049515732909 ) ) ;
#4574 = ADVANCED_FACE ( 'NONE', ( #1726 ), #1207, .T. ) ;
#4575 = CARTESIAN_POINT ( 'NONE',  ( 0.4176373827249107440, -18.30340391288160973, -0.7022604704334154402 ) ) ;
#4576 = CARTESIAN_POINT ( 'NONE',  ( 0.4182233646136228611, -6.238853248511169625, 17.22201239169721632 ) ) ;
#4577 = CARTESIAN_POINT ( 'NONE',  ( 5.178685273546377310, -13.47795068079941316, -14.08902037562418563 ) ) ;
#4578 = CARTESIAN_POINT ( 'NONE',  ( 0.6480971303263367567, 17.30622377986108162, 6.670064725496167135 ) ) ;
#4579 = CARTESIAN_POINT ( 'NONE',  ( 1.165599648441331571, 19.03186645073140681, -1.121126759719311305 ) ) ;
#4580 = ORIENTED_EDGE ( 'NONE', *, *, #3526, .T. ) ;
#4581 = FACE_OUTER_BOUND ( 'NONE', #1714, .T. ) ;
#4582 =( BOUNDED_SURFACE ( )  B_SPLINE_SURFACE ( 3, 1, ( 
 ( #3390, #971 ),
 ( #5107, #1984 ),
 ( #3259, #2778 ),
 ( #3834, #5075 ) ),
 .UNSPECIFIED., .F., .F., .F. ) 
 B_SPLINE_SURFACE_WITH_KNOTS ( ( 4, 4 ),
 ( 2, 2 ),
 ( 0.000000000000000000, 1.000000000000000000 ),
 ( 0.000000000000000000, 1.000000000000000000 ),
 .UNSPECIFIED. ) 
 GEOMETRIC_REPRESENTATION_ITEM ( )  RATIONAL_B_SPLINE_SURFACE ( (
 ( 1.000000000000000000, 1.000000000000000000),
 ( 0.7790009610346629865, 0.9689941987838144311),
 ( 0.7790009610346629865, 0.9689941987838144311),
 ( 1.000000000000000000, 1.000000000000000000) ) ) 
 REPRESENTATION_ITEM ( '' )  SURFACE ( )  );
#4583 = CARTESIAN_POINT ( 'NONE',  ( 0.4126876516628503189, -11.25827158159099639, 14.45488872119371315 ) ) ;
#4584 = CARTESIAN_POINT ( 'NONE',  ( 0.6337479801890594233, -17.93358911009629608, -4.779349357814487220 ) ) ;
#4585 = CARTESIAN_POINT ( 'NONE',  ( 8.081286344341222616, -9.805187248470497607, 6.633274307312254869 ) ) ;
#4586 = ORIENTED_EDGE ( 'NONE', *, *, #369, .F. ) ;
#4587 = EDGE_CURVE ( 'NONE', #3035, #4380, #4844, .T. ) ;
#4588 = CARTESIAN_POINT ( 'NONE',  ( 8.096103227782988299, -9.278338023859685535, -7.376141536610906435 ) ) ;
#4589 = CARTESIAN_POINT ( 'NONE',  ( 8.189061701664927639, 3.081255137882199957, 11.54171973288786468 ) ) ;
#4590 = AXIS2_PLACEMENT_3D ( 'NONE', #1132, #2943, #2517 ) ;
#4591 = CARTESIAN_POINT ( 'NONE',  ( 8.081819171567945048, 11.34428582074116498, -3.385991351433629504 ) ) ;
#4592 = CARTESIAN_POINT ( 'NONE',  ( 3.085675480214809863, -8.736561453831226842, -19.08040266534603546 ) ) ;
#4593 = EDGE_LOOP ( 'NONE', ( #2823, #4118, #3727, #2214 ) ) ;
#4594 = ORIENTED_EDGE ( 'NONE', *, *, #5449, .F. ) ;
#4595 = EDGE_CURVE ( 'NONE', #4300, #5461, #2500, .T. ) ;
#4596 = B_SPLINE_CURVE_WITH_KNOTS ( 'NONE', 3,
 ( #164, #2955, #3759, #5577, #2859, #4768 ),
 .UNSPECIFIED., .F., .F.,
 ( 4, 2, 4 ),
 ( 1.788112030672749005E-18, 0.001429663029798392991, 0.002859326059596784247 ),
 .UNSPECIFIED. ) ;
#4597 = CARTESIAN_POINT ( 'NONE',  ( 8.230357535800605362, 9.303875481428731220, -7.558545190369368783 ) ) ;
#4598 = CARTESIAN_POINT ( 'NONE',  ( 1.161569255190193939, 16.06607803794197764, -10.25650460050284174 ) ) ;
#4599 = VERTEX_POINT ( 'NONE', #5744 ) ;
#4600 = CARTESIAN_POINT ( 'NONE',  ( 0.4200341587692246748, 5.466863109327338321, 17.48459763070968620 ) ) ;
#4601 = CARTESIAN_POINT ( 'NONE',  ( 0.4182233646136210847, -17.22201239169719145, -6.238853248511230021 ) ) ;
#4602 = CARTESIAN_POINT ( 'NONE',  ( 8.727656808823713419, -2.073387349680829495, -15.26838263975092147 ) ) ;
#4603 = CARTESIAN_POINT ( 'NONE',  ( 2.396304448592980751, -13.35745674208854084, -15.28062761925622759 ) ) ;
#4604 = CARTESIAN_POINT ( 'NONE',  ( 1.911690948752233332, -12.82876726151440927, 15.09655629261910903 ) ) ;
#4605 = CARTESIAN_POINT ( 'NONE',  ( 8.081990258054293719, -11.83663919117131336, -0.2294869342809372492 ) ) ;
#4606 = CARTESIAN_POINT ( 'NONE',  ( 8.096182984839495944, -6.544778987644317425, 9.882447610187803377 ) ) ;
#4607 = CARTESIAN_POINT ( 'NONE',  ( 22.09284734956529661, 0.009223955395377399918, 0.003364541135548884589 ) ) ;
#4608 = VERTEX_POINT ( 'NONE', #1663 ) ;
#4609 = EDGE_CURVE ( 'NONE', #863, #4570, #1302, .T. ) ;
#4610 = CARTESIAN_POINT ( 'NONE',  ( 22.09255692238962965, 0.008485944307323278410, 0.004259725308153045412 ) ) ;
#4611 = VECTOR ( 'NONE', #537, 1000.000000000000114 ) ;
#4612 = B_SPLINE_CURVE_WITH_KNOTS ( 'NONE', 3,
 ( #2757, #4130, #3269, #2181, #1417, #61, #1870 ),
 .UNSPECIFIED., .F., .F.,
 ( 4, 3, 4 ),
 ( 0.000000000000000000, 0.002636963911865823282, 0.01002496898031666507 ),
 .UNSPECIFIED. ) ;
#4613 = CARTESIAN_POINT ( 'NONE',  ( 4.346944931879144214, -20.27003151284730009, 2.751281166207602435 ) ) ;
#4614 = CARTESIAN_POINT ( 'NONE',  ( 22.10281028718407725, -0.01466885944743420017, 0.002853316407704499340 ) ) ;
#4615 = LINE ( 'NONE', #5184, #2348 ) ;
#4616 = VERTEX_POINT ( 'NONE', #1697 ) ;
#4617 = CARTESIAN_POINT ( 'NONE',  ( 8.082286027375504389, 9.631264709472482366, 6.885087866093183351 ) ) ;
#4618 = CARTESIAN_POINT ( 'NONE',  ( 3.515204589131094792, 21.07106689736136218, -3.818204060498639141 ) ) ;
#4619 = CARTESIAN_POINT ( 'NONE',  ( 0.4410764106479103108, -15.28924617427202826, 10.12928095319054655 ) ) ;
#4620 = CARTESIAN_POINT ( 'NONE',  ( 10.08627239375047324, 12.47007880054815310, 6.010808495292791598 ) ) ;
#4621 = CARTESIAN_POINT ( 'NONE',  ( 0.4197044002284135433, 17.32516052956430386, -5.950972394605203775 ) ) ;
#4622 = ORIENTED_EDGE ( 'NONE', *, *, #3211, .F. ) ;
#4623 = EDGE_CURVE ( 'NONE', #5618, #72, #1161, .T. ) ;
#4624 = ORIENTED_EDGE ( 'NONE', *, *, #4587, .T. ) ;
#4625 = CARTESIAN_POINT ( 'NONE',  ( 22.09284734956529661, 0.009439964330423260275, 0.002699733992272404168 ) ) ;
#4626 = PRODUCT_RELATED_PRODUCT_CATEGORY ( 'part', '', ( #3233 ) ) ;
#4627 = VECTOR ( 'NONE', #33, 1000.000000000000227 ) ;
#4628 = AXIS2_PLACEMENT_3D ( 'NONE', #1084, #2892, #3281 ) ;
#4629 = CARTESIAN_POINT ( 'NONE',  ( 0.4227027292401541181, 14.94248599980825531, 10.60419017047811074 ) ) ;
#4630 = FACE_OUTER_BOUND ( 'NONE', #2743, .T. ) ;
#4631 = ORIENTED_EDGE ( 'NONE', *, *, #542, .F. ) ;
#4632 = CARTESIAN_POINT ( 'NONE',  ( 8.230357535800605362, -11.96979476970954437, -0.6463107146107404111 ) ) ;
#4633 = CARTESIAN_POINT ( 'NONE',  ( 0.4188817388287976451, -17.57239525891936793, -5.173628812047393666 ) ) ;
#4634 = CARTESIAN_POINT ( 'NONE',  ( 4.346944931879227703, 20.27003151284719351, -2.751281166207779627 ) ) ;
#4635 = EDGE_CURVE ( 'NONE', #705, #4285, #2638, .T. ) ;
#4636 = CARTESIAN_POINT ( 'NONE',  ( 0.4201985021554886512, 5.757698063725482207, -17.39116675331610651 ) ) ;
#4637 = CARTESIAN_POINT ( 'NONE',  ( 0.6480971303263367567, -15.56853882718281135, -10.08046346888071021 ) ) ;
#4638 = DIRECTION ( 'NONE',  ( 0.000000000000000000, 0.000000000000000000, -1.000000000000000000 ) ) ;
#4639 = CARTESIAN_POINT ( 'NONE',  ( 8.082341011147272880, -9.216374873587886543E-17, -11.83921436388618709 ) ) ;
#4640 = CARTESIAN_POINT ( 'NONE',  ( 0.4227027292401573932, -5.855738517342863325, 17.36194296277457383 ) ) ;
#4641 = ORIENTED_EDGE ( 'NONE', *, *, #3483, .F. ) ;
#4642 = CARTESIAN_POINT ( 'NONE',  ( 8.230357535800607138, -0.6463107146105306899, -11.96979476970955503 ) ) ;
#4643 = LINE ( 'NONE', #2825, #5010 ) ;
#4644 = CARTESIAN_POINT ( 'NONE',  ( 9.510122032027844341, 14.37500779818199526, 1.952307035624844200 ) ) ;
#4645 = EDGE_CURVE ( 'NONE', #5808, #288, #4016, .T. ) ;
#4646 = CARTESIAN_POINT ( 'NONE',  ( 5.178685273547322332, 17.56437044616603771, -8.464546091115671800 ) ) ;
#4647 = ORIENTED_EDGE ( 'NONE', *, *, #1905, .F. ) ;
#4648 = CARTESIAN_POINT ( 'NONE',  ( 0.4188817388288032517, -14.51434841218115857, 11.17538367978266578 ) ) ;
#4649 = EDGE_CURVE ( 'NONE', #768, #2744, #3249, .T. ) ;
#4650 = B_SPLINE_CURVE_WITH_KNOTS ( 'NONE', 3,
 ( #2321, #5032, #5000, #932, #481, #2289 ),
 .UNSPECIFIED., .F., .F.,
 ( 4, 2, 4 ),
 ( 0.000000000000000000, 0.0001740257916702620217, 0.0003480515833405240433 ),
 .UNSPECIFIED. ) ;
#4651 = CARTESIAN_POINT ( 'NONE',  ( 9.516581620098312655, 11.44423094020450549, 6.726557109334408757 ) ) ;
#4652 = CARTESIAN_POINT ( 'NONE',  ( 8.081286344341224392, 11.83150392928987671, 0.3969128176507826788 ) ) ;
#4653 = CARTESIAN_POINT ( 'NONE',  ( 22.09712324851893683, 0.01214359451213145591, -0.008012514405456720376 ) ) ;
#4654 = VERTEX_POINT ( 'NONE', #1413 ) ;
#4655 = ORIENTED_EDGE ( 'NONE', *, *, #2552, .T. ) ;
#4656 = CARTESIAN_POINT ( 'NONE',  ( 0.6337479801890597564, 18.53275695733654516, 0.9963524547568648471 ) ) ;
#4657 = CARTESIAN_POINT ( 'NONE',  ( 8.082341011147272880, 0.02068145349485477069, -11.83921436388618709 ) ) ;
#4658 = CARTESIAN_POINT ( 'NONE',  ( 22.09374604753667626, 0.007504072852115237398, -0.007244977936371175577 ) ) ;
#4659 = VERTEX_POINT ( 'NONE', #3201 ) ;
#4660 = CARTESIAN_POINT ( 'NONE',  ( 8.727656808823594403, 2.073387349680953839, 15.26838263975103871 ) ) ;
#4661 = ORIENTED_EDGE ( 'NONE', *, *, #5831, .F. ) ;
#4662 = CARTESIAN_POINT ( 'NONE',  ( 0.6480971303263367567, -18.52036025205821090, 0.9956912648605188432 ) ) ;
#4663 =( BOUNDED_SURFACE ( )  B_SPLINE_SURFACE ( 3, 1, ( 
 ( #3385, #1917 ),
 ( #5643, #3285 ),
 ( #4653, #3353 ),
 ( #2895, #4713 ) ),
 .UNSPECIFIED., .F., .F., .F. ) 
 B_SPLINE_SURFACE_WITH_KNOTS ( ( 4, 4 ),
 ( 2, 2 ),
 ( 0.000000000000000000, 1.000000000000000000 ),
 ( 0.000000000000000000, 1.000000000000000000 ),
 .UNSPECIFIED. ) 
 GEOMETRIC_REPRESENTATION_ITEM ( )  RATIONAL_B_SPLINE_SURFACE ( (
 ( 1.000000000000000000, 1.000000000000000000),
 ( 0.7790009610346629865, 0.9689941987838144311),
 ( 0.7790009610346629865, 0.9689941987838144311),
 ( 1.000000000000000000, 1.000000000000000000) ) ) 
 REPRESENTATION_ITEM ( '' )  SURFACE ( )  );
#4664 = CARTESIAN_POINT ( 'NONE',  ( 8.727656808823709866, 15.26838263975090015, -2.073387349680988478 ) ) ;
#4665 = ADVANCED_FACE ( 'NONE', ( #4124 ), #1928, .F. ) ;
#4666 = DIRECTION ( 'NONE',  ( 0.000000000000000000, 0.000000000000000000, 1.000000000000000000 ) ) ;
#4667 = CARTESIAN_POINT ( 'NONE',  ( 8.230357535800605362, -3.084191986338657543, -11.58367230890925192 ) ) ;
#4668 = CARTESIAN_POINT ( 'NONE',  ( 9.812871695695719154, -2.693973716959452869, 13.30259574546541401 ) ) ;
#4669 = CARTESIAN_POINT ( 'NONE',  ( 22.09324635661532810, 0.002421923813348389378, -0.009842525497513415420 ) ) ;
#4670 = FACE_OUTER_BOUND ( 'NONE', #5360, .T. ) ;
#4671 = ORIENTED_EDGE ( 'NONE', *, *, #2176, .T. ) ;
#4672 = CARTESIAN_POINT ( 'NONE',  ( 0.4200333337418716839, -18.31818902438059027, 0.2040690719084896076 ) ) ;
#4673 = SHAPE_REPRESENTATION ( 'Power Transmission at nineghty degree', ( #3956, #159, #3863 ), #346 ) ;
#4674 = DIRECTION ( 'NONE',  ( -0.7636347340829116037, -0.1790592972800055804, 0.6203223040965974988 ) ) ;
#4675 = CARTESIAN_POINT ( 'NONE',  ( 2.631852984183002508, 18.81299134293758613, -8.223134425294025718 ) ) ;
#4676 = CARTESIAN_POINT ( 'NONE',  ( 4.346944931879231255, 18.42775291913962121, -8.880408095267300794 ) ) ;
#4677 = ORIENTED_EDGE ( 'NONE', *, *, #331, .F. ) ;
#4678 = CARTESIAN_POINT ( 'NONE',  ( 1.672572369783114965, 15.00589475218786006, -12.56773072479091802 ) ) ;
#4679 = CARTESIAN_POINT ( 'NONE',  ( 2.631852984181792809, -10.38659256865887848, 17.71065435997581616 ) ) ;
#4680 = CARTESIAN_POINT ( 'NONE',  ( 22.09182100077397237, -0.008309353891892256455, 0.004164133372276237165 ) ) ;
#4681 = DIRECTION ( 'NONE',  ( 0.7562523480584153468, 0.4122222274787569751, -0.5080897767408684151 ) ) ;
#4682 = CARTESIAN_POINT ( 'NONE',  ( 8.081286344341224392, -7.275492736841809638, 9.338588247148459587 ) ) ;
#4683 = VERTEX_POINT ( 'NONE', #3116 ) ;
#4684 = ORIENTED_EDGE ( 'NONE', *, *, #5331, .F. ) ;
#4685 = EDGE_CURVE ( 'NONE', #4428, #4852, #356, .T. ) ;
#4686 = CARTESIAN_POINT ( 'NONE',  ( 0.4410764106479115321, -17.67105715861650594, 4.908881756884031944 ) ) ;
#4687 = CARTESIAN_POINT ( 'NONE',  ( 0.4176373827249033055, 15.22054316821893494, -10.19033023168568519 ) ) ;
#4688 = CARTESIAN_POINT ( 'NONE',  ( 7.369041213193488815, 16.70204375097921812, 3.025677049269294372 ) ) ;
#4689 = ORIENTED_EDGE ( 'NONE', *, *, #2866, .T. ) ;
#4690 = CARTESIAN_POINT ( 'NONE',  ( 10.08627239375047324, 1.863152317086278487, 13.71719167695415642 ) ) ;
#4691 = ORIENTED_EDGE ( 'NONE', *, *, #1922, .F. ) ;
#4692 = AXIS2_PLACEMENT_3D ( 'NONE', #85, #970, #4182 ) ;
#4693 = CARTESIAN_POINT ( 'NONE',  ( 22.09255692238962965, -0.008485944307323311370, -0.004259725308152982094 ) ) ;
#4694 = CARTESIAN_POINT ( 'NONE',  ( 11.36374701386286823, 3.339711161569611342, 8.654300079383542510 ) ) ;
#4695 = FACE_OUTER_BOUND ( 'NONE', #5042, .T. ) ;
#4696 = CARTESIAN_POINT ( 'NONE',  ( 1.789743172660313242, 19.12023524865924884, 4.868107090492159728 ) ) ;
#4697 = CARTESIAN_POINT ( 'NONE',  ( 3.515204589129045765, 15.47425434527160171, 14.80256717256907883 ) ) ;
#4698 = EDGE_LOOP ( 'NONE', ( #4825, #1705, #4980, #3961 ) ) ;
#4699 = CARTESIAN_POINT ( 'NONE',  ( 0.4197050914631917373, 11.01330936110528391, -14.63838454400556266 ) ) ;
#4700 = EDGE_LOOP ( 'NONE', ( #2102, #536, #4149, #3096 ) ) ;
#4701 = EDGE_CURVE ( 'NONE', #3940, #2767, #2972, .T. ) ;
#4702 = CARTESIAN_POINT ( 'NONE',  ( 0.4201982049628580351, -0.0001842921051406302686, -18.31920718179840790 ) ) ;
#4703 = CARTESIAN_POINT ( 'NONE',  ( -27.89911057639946890, 4.898587196589404447E-17, -0.3999999999999993006 ) ) ;
#4704 = CARTESIAN_POINT ( 'NONE',  ( 22.09324635661532810, 0.006539199295394918475, 0.007744668856831278363 ) ) ;
#4705 = EDGE_CURVE ( 'NONE', #141, #3296, #5450, .T. ) ;
#4706 = CARTESIAN_POINT ( 'NONE',  ( 22.10281028718407725, 0.007246592019953963446, 0.01306919110379042501 ) ) ;
#4707 = ORIENTED_EDGE ( 'NONE', *, *, #3584, .F. ) ;
#4708 = CARTESIAN_POINT ( 'NONE',  ( 0.4182233646136210847, 18.30701878804081417, 0.6116075298352831036 ) ) ;
#4709 = EDGE_CURVE ( 'NONE', #2418, #1952, #1981, .T. ) ;
#4710 = CARTESIAN_POINT ( 'NONE',  ( 0.4193760241474264738, 17.29178339499570427, 6.047136613740557110 ) ) ;
#4711 = CARTESIAN_POINT ( 'NONE',  ( 8.564997480335417634, 7.819128168371769050, 9.523330058328568271 ) ) ;
#4712 = CARTESIAN_POINT ( 'NONE',  ( 3.093381936068696714, -15.47024514008309382, -14.19652628817866180 ) ) ;
#4713 = CARTESIAN_POINT ( 'NONE',  ( 0.6337479801890594233, 6.674524347060674323, 17.31780942828221725 ) ) ;
#4714 = B_SPLINE_CURVE_WITH_KNOTS ( 'NONE', 3,
 ( #4324, #1172, #2990, #1975, #3101, #1764, #4412 ),
 .UNSPECIFIED., .F., .F.,
 ( 4, 3, 4 ),
 ( 0.000000000000000000, 0.002636963911865870553, 0.01002496898031665119 ),
 .UNSPECIFIED. ) ;
#4715 = VERTEX_POINT ( 'NONE', #5021 ) ;
#4716 = CARTESIAN_POINT ( 'NONE',  ( 0.4201982050972179472, -0.1019144803974782881, 18.31920718262799497 ) ) ;
#4717 = FACE_OUTER_BOUND ( 'NONE', #1664, .T. ) ;
#4718 = FACE_OUTER_BOUND ( 'NONE', #3167, .T. ) ;
#4719 = EDGE_CURVE ( 'NONE', #747, #578, #5456, .T. ) ;
#4720 = ORIENTED_EDGE ( 'NONE', *, *, #5414, .F. ) ;
#4721 = ORIENTED_EDGE ( 'NONE', *, *, #5212, .T. ) ;
#4722 = CARTESIAN_POINT ( 'NONE',  ( 8.082161297655169108, -11.31217497273345884, 3.492929237845779245 ) ) ;
#4723 = VECTOR ( 'NONE', #5314, 999.9999999999998863 ) ;
#4724 = LINE ( 'NONE', #4694, #999 ) ;
#4725 = CONICAL_SURFACE ( 'NONE', #3587, 13.84314574289256150, 0.8559913436420820698 ) ;
#4726 = EDGE_CURVE ( 'NONE', #5350, #3071, #4037, .T. ) ;
#4727 = CARTESIAN_POINT ( 'NONE',  ( 1.165599648441769887, -12.09366102480145422, -14.73812161800306697 ) ) ;
#4728 = CIRCLE ( 'NONE', #2160, 21.41421356110392082 ) ;
#4729 = CARTESIAN_POINT ( 'NONE',  ( 8.564997480335417634, 3.108567637076097068, -11.92348053040773870 ) ) ;
#4730 = CARTESIAN_POINT ( 'NONE',  ( 0.4193760241474210892, -17.54376434975662136, 5.271618977591161048 ) ) ;
#4731 = CONICAL_SURFACE ( 'NONE', #3684, 13.84314574289256150, 0.8559913436420820698 ) ;
#4732 = VERTEX_POINT ( 'NONE', #5139 ) ;
#4733 = CARTESIAN_POINT ( 'NONE',  ( 1.165599648441333347, 18.44682782682900424, 4.814915257526511283 ) ) ;
#4734 = EDGE_LOOP ( 'NONE', ( #861, #2962, #20, #2134 ) ) ;
#4735 = CARTESIAN_POINT ( 'NONE',  ( 8.150690745220677158, -3.099628218634388421, 11.49714511843433229 ) ) ;
#4736 = DIRECTION ( 'NONE',  ( 0.7636347340829117147, -0.3619856454370495857, -0.5346292036539375125 ) ) ;
#4737 = CARTESIAN_POINT ( 'NONE',  ( 22.09284734956529661, -0.006050227743834991900, 0.007732802495631308122 ) ) ;
#4738 = CARTESIAN_POINT ( 'NONE',  ( 22.09255692238962965, -0.004361469442993056063, 0.008434103081284668318 ) ) ;
#4739 = CARTESIAN_POINT ( 'NONE',  ( 8.081286344341222616, 7.275492736841880692, -9.338588247148408072 ) ) ;
#4740 = CARTESIAN_POINT ( 'NONE',  ( 8.082315436206483739, 3.599452880203570349, 11.27875570014200157 ) ) ;
#4741 = CARTESIAN_POINT ( 'NONE',  ( 0.4200333337418872826, 17.48469384960959516, 5.466550494093256773 ) ) ;
#4742 = CARTESIAN_POINT ( 'NONE',  ( 22.09712324851893683, 0.009073241573048469039, -0.01137293111426537252 ) ) ;
#4743 = CARTESIAN_POINT ( 'NONE',  ( 0.4126876516628502078, 10.26841886461272324, -15.17405881654009470 ) ) ;
#4744 =( BOUNDED_SURFACE ( )  B_SPLINE_SURFACE ( 3, 1, ( 
 ( #3482, #1268 ),
 ( #3869, #4421 ),
 ( #5228, #323 ),
 ( #3427, #2106 ) ),
 .UNSPECIFIED., .F., .F., .F. ) 
 B_SPLINE_SURFACE_WITH_KNOTS ( ( 4, 4 ),
 ( 2, 2 ),
 ( 0.000000000000000000, 1.000000000000000000 ),
 ( 0.000000000000000000, 1.000000000000000000 ),
 .UNSPECIFIED. ) 
 GEOMETRIC_REPRESENTATION_ITEM ( )  RATIONAL_B_SPLINE_SURFACE ( (
 ( 1.000000000000000000, 1.000000000000000000),
 ( 0.7790009610346629865, 0.9689941987838144311),
 ( 0.7790009610346629865, 0.9689941987838144311),
 ( 1.000000000000000000, 1.000000000000000000) ) ) 
 REPRESENTATION_ITEM ( '' )  SURFACE ( )  );
#4745 = SURFACE_SIDE_STYLE ('',( #2931 ) ) ;
#4746 = ORIENTED_EDGE ( 'NONE', *, *, #4188, .T. ) ;
#4747 = CARTESIAN_POINT ( 'NONE',  ( 22.09712324851893683, -0.005114736531805078208, -0.01362008608574061426 ) ) ;
#4748 = CARTESIAN_POINT ( 'NONE',  ( 22.10703667329342181, 0.0006288272689281990341, -0.01115097685428880284 ) ) ;
#4749 = EDGE_LOOP ( 'NONE', ( #2069, #3273, #83, #1246 ) ) ;
#4750 = EDGE_LOOP ( 'NONE', ( #3695, #2671, #3739, #2434 ) ) ;
#4751 = CARTESIAN_POINT ( 'NONE',  ( 8.081286344341224392, 3.278649261536819903, -11.37508171546214975 ) ) ;
#4752 = CARTESIAN_POINT ( 'NONE',  ( 22.10281028718407725, -0.001819261694755172415, -0.01483263762441126149 ) ) ;
#4753 = CARTESIAN_POINT ( 'NONE',  ( 8.230357535800607138, 0.6463107146106141787, 11.96979476970955147 ) ) ;
#4754 = CARTESIAN_POINT ( 'NONE',  ( 0.4201985021554918709, -17.45403946445205179, 5.564195755724819392 ) ) ;
#4755 = ORIENTED_EDGE ( 'NONE', *, *, #3017, .F. ) ;
#4756 = CARTESIAN_POINT ( 'NONE',  ( 0.4201979075620081994, 10.68510132936632395, -14.88060256888941346 ) ) ;
#4757 = ORIENTED_EDGE ( 'NONE', *, *, #2899, .F. ) ;
#4758 = ADVANCED_FACE ( 'NONE', ( #1095 ), #900, .F. ) ;
#4759 =( BOUNDED_SURFACE ( )  B_SPLINE_SURFACE ( 3, 1, ( 
 ( #5567, #1903 ),
 ( #32, #3626 ),
 ( #4669, #4995 ),
 ( #3180, #925 ) ),
 .UNSPECIFIED., .F., .F., .F. ) 
 B_SPLINE_SURFACE_WITH_KNOTS ( ( 4, 4 ),
 ( 2, 2 ),
 ( 0.000000000000000000, 1.000000000000000000 ),
 ( 0.000000000000000000, 1.000000000000000000 ),
 .UNSPECIFIED. ) 
 GEOMETRIC_REPRESENTATION_ITEM ( )  RATIONAL_B_SPLINE_SURFACE ( (
 ( 1.000000000000000000, 1.000000000000000000),
 ( 0.9934036227985141299, 0.8357362271078285776),
 ( 0.9934036227985141299, 0.8357362271078285776),
 ( 1.000000000000000000, 1.000000000000000000) ) ) 
 REPRESENTATION_ITEM ( '' )  SURFACE ( )  );
#4760 = EDGE_CURVE ( 'NONE', #5650, #11, #3676, .T. ) ;
#4761 = CARTESIAN_POINT ( 'NONE',  ( 9.539500336054892671, -6.790245143835106134, -11.44553886039959956 ) ) ;
#4762 = ADVANCED_FACE ( 'NONE', ( #585 ), #3987, .F. ) ;
#4763 = B_SPLINE_CURVE_WITH_KNOTS ( 'NONE', 3,
 ( #4601, #472, #5079, #1865, #529, #1385, #4157, #89, #3203, #5534, #121, #4633, #2751 ),
 .UNSPECIFIED., .F., .F.,
 ( 4, 3, 3, 3, 4 ),
 ( 3.469446951953614189E-18, 0.0003060198743295292805, 0.0006120397344444643241, 0.0009177208998331742428, 0.001223526564453232806 ),
 .UNSPECIFIED. ) ;
#4764 = CARTESIAN_POINT ( 'NONE',  ( 8.082357490472936945, -11.25646479016402957, -3.669058272067731163 ) ) ;
#4765 = CARTESIAN_POINT ( 'NONE',  ( 22.09284734956529661, 0.005484709010009792413, 0.008143675906139059145 ) ) ;
#4766 = CARTESIAN_POINT ( 'NONE',  ( 0.4193753327645659001, 17.29173522588865453, -6.047271053276217501 ) ) ;
#4767 = CARTESIAN_POINT ( 'NONE',  ( 6.010425613513195486, -16.70098774805974173, 8.048684550964599893 ) ) ;
#4768 = CARTESIAN_POINT ( 'NONE',  ( 8.230357535800608915, 11.58367230890922173, 3.084191986338777447 ) ) ;
#4769 = CARTESIAN_POINT ( 'NONE',  ( 0.4188821999575217947, 17.25737386291955744, 6.143174181901533970 ) ) ;
#4770 = CARTESIAN_POINT ( 'NONE',  ( 0.4126876516628505409, 14.45488872119391388, -11.25827158159073527 ) ) ;
#4771 = CARTESIAN_POINT ( 'NONE',  ( 8.082357490472938721, 11.83933554855336290, 0.01104286157264893799 ) ) ;
#4772 = CARTESIAN_POINT ( 'NONE',  ( 11.36374701386286823, -8.654300079383506983, -3.339711161569704156 ) ) ;
#4773 = ADVANCED_FACE ( 'NONE', ( #209 ), #1315, .F. ) ;
#4774 = ORIENTED_EDGE ( 'NONE', *, *, #494, .F. ) ;
#4775 = DIRECTION ( 'NONE',  ( -1.000000000000000000, 4.025776777346016250E-17, -4.613796257479090362E-17 ) ) ;
#4776 =( BOUNDED_SURFACE ( )  B_SPLINE_SURFACE ( 3, 1, ( 
 ( #2959, #4770 ),
 ( #4680, #698 ),
 ( #5188, #3857 ),
 ( #1117, #2929 ) ),
 .UNSPECIFIED., .F., .F., .F. ) 
 B_SPLINE_SURFACE_WITH_KNOTS ( ( 4, 4 ),
 ( 2, 2 ),
 ( 0.000000000000000000, 1.000000000000000000 ),
 ( 0.000000000000000000, 1.000000000000000000 ),
 .UNSPECIFIED. ) 
 GEOMETRIC_REPRESENTATION_ITEM ( )  RATIONAL_B_SPLINE_SURFACE ( (
 ( 1.000000000000000000, 1.000000000000000000),
 ( 0.9594539417957813621, 0.9995981945367502508),
 ( 0.9594539417957813621, 0.9995981945367502508),
 ( 1.000000000000000000, 1.000000000000000000) ) ) 
 REPRESENTATION_ITEM ( '' )  SURFACE ( )  );
#4777 = CARTESIAN_POINT ( 'NONE',  ( 11.25262228702623979, -9.151631263062915522, 0.3080620461959701073 ) ) ;
#4778 = CARTESIAN_POINT ( 'NONE',  ( 2.831810311861893137, -15.57217759773281962, -13.83611265739396678 ) ) ;
#4779 = EDGE_CURVE ( 'NONE', #1031, #5041, #5172, .T. ) ;
#4780 = ORIENTED_EDGE ( 'NONE', *, *, #487, .T. ) ;
#4781 = ORIENTED_EDGE ( 'NONE', *, *, #2764, .F. ) ;
#4782 = CARTESIAN_POINT ( 'NONE',  ( 8.081286344341222616, -4.033622304792434221, 11.12977610358350056 ) ) ;
#4783 = CARTESIAN_POINT ( 'NONE',  ( 0.4410764106479142521, -0.7920329879765511949, 18.32310194678066395 ) ) ;
#4784 = FACE_OUTER_BOUND ( 'NONE', #1169, .T. ) ;
#4785 = CARTESIAN_POINT ( 'NONE',  ( 11.36374701386286823, 8.964508806328929325, 2.384986869561696032 ) ) ;
#4786 = CARTESIAN_POINT ( 'NONE',  ( 0.4126876516628502078, -11.25827158159078856, -14.45488872119387658 ) ) ;
#4787 = ORIENTED_EDGE ( 'NONE', *, *, #2595, .F. ) ;
#4788 = DIRECTION ( 'NONE',  ( 0.7562523480584153468, 0.03484710988055121639, -0.6533514100307018513 ) ) ;
#4789 = VERTEX_POINT ( 'NONE', #1036 ) ;
#4790 = B_SPLINE_CURVE_WITH_KNOTS ( 'NONE', 3,
 ( #107, #1915, #43, #2268, #1465, #1884 ),
 .UNSPECIFIED., .F., .F.,
 ( 4, 2, 4 ),
 ( 4.272637039144575748E-18, 0.0002683118749524652700, 0.0005366237499049262031 ),
 .UNSPECIFIED. ) ;
#4791 = CARTESIAN_POINT ( 'NONE',  ( 1.663814822678607808, -4.728618050564530328, -18.98297537028923898 ) ) ;
#4792 = DIRECTION ( 'NONE',  ( 0.7636347340829116037, -0.1790592972800012228, -0.6203223040965986090 ) ) ;
#4793 = CARTESIAN_POINT ( 'NONE',  ( 1.789743172660314130, 19.12023524865931989, -4.868107090491894162 ) ) ;
#4794 = CARTESIAN_POINT ( 'NONE',  ( 1.789743172660313242, 4.868107090492361344, -19.12023524865919910 ) ) ;
#4795 = EDGE_CURVE ( 'NONE', #2734, #187, #4185, .T. ) ;
#4796 = CARTESIAN_POINT ( 'NONE',  ( 8.891830625034108593, -9.695776800649634097, 8.124900616181927049 ) ) ;
#4797 = ORIENTED_EDGE ( 'NONE', *, *, #2334, .T. ) ;
#4798 = CARTESIAN_POINT ( 'NONE',  ( 22.09255692238962965, 0.006673540516228549865, -0.006754285118809237251 ) ) ;
#4799 = EDGE_CURVE ( 'NONE', #3137, #2158, #631, .T. ) ;
#4800 = CARTESIAN_POINT ( 'NONE',  ( 8.189129401831873878, -11.14862220842003815, 4.291301405400198554 ) ) ;
#4801 = CARTESIAN_POINT ( 'NONE',  ( 0.6480971303263350913, 10.08046346888053790, 15.56853882718292148 ) ) ;
#4802 = CARTESIAN_POINT ( 'NONE',  ( 1.672572369782447277, -15.00589475218742130, 12.56773072479040998 ) ) ;
#4803 = CARTESIAN_POINT ( 'NONE',  ( 0.4126876516628505409, -10.26841886461261133, 15.17405881654017108 ) ) ;
#4804 = ORIENTED_EDGE ( 'NONE', *, *, #4273, .T. ) ;
#4805 = EDGE_CURVE ( 'NONE', #1151, #1549, #2260, .T. ) ;
#4806 = DIRECTION ( 'NONE',  ( -0.7562523480584151248, -0.1687551180723747823, 0.6321424650982659932 ) ) ;
#4807 = CARTESIAN_POINT ( 'NONE',  ( 1.789743172660313242, 18.32999680698403466, -7.300210932879050318 ) ) ;
#4808 = ORIENTED_EDGE ( 'NONE', *, *, #5341, .F. ) ;
#4809 = EDGE_LOOP ( 'NONE', ( #4586, #4268, #1270, #292 ) ) ;
#4810 = CARTESIAN_POINT ( 'NONE',  ( 8.082286027375511495, -7.032267903719731983, -9.524332152863353329 ) ) ;
#4811 = CARTESIAN_POINT ( 'NONE',  ( 10.08627239375047324, 13.71719167695415287, -1.863152317086328669 ) ) ;
#4812 = CARTESIAN_POINT ( 'NONE',  ( 8.096182984839494168, -9.882447610187776732, -6.544778987644360058 ) ) ;
#4813 = DIRECTION ( 'NONE',  ( 0.000000000000000000, 0.000000000000000000, 1.000000000000000000 ) ) ;
#4814 = ORIENTED_EDGE ( 'NONE', *, *, #5341, .T. ) ;
#4815 = CARTESIAN_POINT ( 'NONE',  ( 8.189129401831880983, 10.02473148244352963, 6.497061151241527277 ) ) ;
#4816 = EDGE_LOOP ( 'NONE', ( #3772, #5858, #2252, #5604 ) ) ;
#4817 = EDGE_CURVE ( 'NONE', #4998, #3193, #923, .T. ) ;
#4818 = CARTESIAN_POINT ( 'NONE',  ( 3.515204589128320123, 18.85988553533717038, 10.14264561317938274 ) ) ;
#4819 = AXIS2_PLACEMENT_3D ( 'NONE', #3304, #657, #3782 ) ;
#4820 = CARTESIAN_POINT ( 'NONE',  ( 10.08627239375047147, 10.00230772699658566, 9.570084858214620738 ) ) ;
#4821 = CIRCLE ( 'NONE', #1304, 13.84314574289256150 ) ;
#4822 = CARTESIAN_POINT ( 'NONE',  ( 0.4227027292401573932, 5.467702049515675178, 17.48802365402827519 ) ) ;
#4823 = CARTESIAN_POINT ( 'NONE',  ( 10.08627239375047147, 0.000000000000000000, 0.000000000000000000 ) ) ;
#4824 = DIRECTION ( 'NONE',  ( 0.000000000000000000, 0.000000000000000000, 1.000000000000000000 ) ) ;
#4825 = ORIENTED_EDGE ( 'NONE', *, *, #429, .F. ) ;
#4826 = CARTESIAN_POINT ( 'NONE',  ( 3.663019018077783073, -15.27179331871347401, -15.55652500317777509 ) ) ;
#4827 = EDGE_CURVE ( 'NONE', #3137, #2767, #5374, .T. ) ;
#4828 = CARTESIAN_POINT ( 'NONE',  ( 8.081286344341224392, -11.12977610358353964, 4.033622304792311652 ) ) ;
#4829 = CARTESIAN_POINT ( 'NONE',  ( 0.5845099095027014302, 0.9802784579750389859, -18.45750982601076728 ) ) ;
#4830 = CARTESIAN_POINT ( 'NONE',  ( 1.663814822678609806, 7.332380604472457541, -18.13696163221084845 ) ) ;
#4831 =( NAMED_UNIT ( * ) PLANE_ANGLE_UNIT ( ) SI_UNIT ( $, .RADIAN. ) );
#4832 = ADVANCED_FACE ( 'NONE', ( #883 ), #2717, .F. ) ;
#4833 = ORIENTED_EDGE ( 'NONE', *, *, #508, .F. ) ;
#4834 = DIRECTION ( 'NONE',  ( 1.000000000000000000, 0.000000000000000000, 0.000000000000000000 ) ) ;
#4835 = FACE_OUTER_BOUND ( 'NONE', #5867, .T. ) ;
#4836 = CARTESIAN_POINT ( 'NONE',  ( 8.564997480335422964, -7.819128168371693555, -9.523330058328623338 ) ) ;
#4837 = EDGE_LOOP ( 'NONE', ( #1624, #1954, #4113, #1518 ) ) ;
#4838 = ORIENTED_EDGE ( 'NONE', *, *, #5399, .T. ) ;
#4839 = CARTESIAN_POINT ( 'NONE',  ( 8.081286344341222616, -6.633274307312216678, -9.805187248470522476 ) ) ;
#4840 = CARTESIAN_POINT ( 'NONE',  ( 8.891830625034103264, 12.61974496392566891, -0.8741480631573759208 ) ) ;
#4841 = CARTESIAN_POINT ( 'NONE',  ( 8.081286344341224392, -9.338588247148431165, -7.275492736841846941 ) ) ;
#4842 = DIRECTION ( 'NONE',  ( -1.000000000000000000, -0.000000000000000000, -0.000000000000000000 ) ) ;
#4843 = ORIENTED_EDGE ( 'NONE', *, *, #5325, .T. ) ;
#4844 = LINE ( 'NONE', #2606, #73 ) ;
#4845 = VERTEX_POINT ( 'NONE', #4484 ) ;
#4846 = EDGE_CURVE ( 'NONE', #3674, #4507, #1700, .T. ) ;
#4847 = DIRECTION ( 'NONE',  ( 0.000000000000000000, 0.000000000000000000, 1.000000000000000000 ) ) ;
#4848 = CARTESIAN_POINT ( 'NONE',  ( 0.4182233646136228611, 17.22201239169732290, -6.238853248510867644 ) ) ;
#4849 = CARTESIAN_POINT ( 'NONE',  ( 8.189061701664881454, -3.081255137882132011, -11.54171973288792330 ) ) ;
#4850 = CARTESIAN_POINT ( 'NONE',  ( 0.4227027292401541181, 18.32171170676644323, -0.2040028437735056099 ) ) ;
#4851 = CARTESIAN_POINT ( 'NONE',  ( 8.082162653057828550, -9.690490208268402128, -6.802027618238080109 ) ) ;
#4852 = VERTEX_POINT ( 'NONE', #382 ) ;
#4853 = CARTESIAN_POINT ( 'NONE',  ( 8.150690745220673605, 7.479470033105484639, 9.265504249201448772 ) ) ;
#4854 = CARTESIAN_POINT ( 'NONE',  ( 0.4176364164252637234, -14.39489378258425312, 11.32672897722029681 ) ) ;
#4855 = CARTESIAN_POINT ( 'NONE',  ( 8.096182984839494168, -11.84199263111301370, 0.5139195363890445289 ) ) ;
#4856 = CARTESIAN_POINT ( 'NONE',  ( 3.515204589128320123, 0.000000000000000000, 0.000000000000000000 ) ) ;
#4857 = CARTESIAN_POINT ( 'NONE',  ( 0.6480971303263367567, 4.776147394168590132, -17.92159482384628078 ) ) ;
#4858 = VERTEX_POINT ( 'NONE', #1021 ) ;
#4859 = SURFACE_STYLE_USAGE ( .BOTH. , #5761 ) ;
#4860 = CARTESIAN_POINT ( 'NONE',  ( 0.6480971303263403094, 4.776147394168336113, 17.92159482384635183 ) ) ;
#4861 = CARTESIAN_POINT ( 'NONE',  ( 2.635524340766545404, 10.41103666810679940, 17.70184096259310280 ) ) ;
#4862 = ORIENTED_EDGE ( 'NONE', *, *, #331, .T. ) ;
#4863 = ORIENTED_EDGE ( 'NONE', *, *, #3559, .F. ) ;
#4864 = EDGE_CURVE ( 'NONE', #1591, #2978, #5747, .T. ) ;
#4865 = FACE_OUTER_BOUND ( 'NONE', #2774, .T. ) ;
#4866 = CARTESIAN_POINT ( 'NONE',  ( 8.081832178819823298, -3.376820274059475935, 11.34735385821355536 ) ) ;
#4867 = CARTESIAN_POINT ( 'NONE',  ( 22.09284734956529661, 0.0003495097987798789015, 0.009812203273946754414 ) ) ;
#4868 = VERTEX_POINT ( 'NONE', #1772 ) ;
#4869 = DIRECTION ( 'NONE',  ( -1.000000000000000000, -0.000000000000000000, -0.000000000000000000 ) ) ;
#4870 = ORIENTED_EDGE ( 'NONE', *, *, #1249, .T. ) ;
#4871 = B_SPLINE_CURVE_WITH_KNOTS ( 'NONE', 3,
 ( #4458, #4120, #3675, #2274, #2216, #5435, #2745, #1350 ),
 .UNSPECIFIED., .F., .F.,
 ( 4, 2, 2, 4 ),
 ( 0.000000000000000000, 0.002211116461525418960, 0.003316674692288124754, 0.004422232923050830114 ),
 .UNSPECIFIED. ) ;
#4872 = CARTESIAN_POINT ( 'NONE',  ( 2.831810311861893137, -19.08561492445026531, -8.346857585884086106 ) ) ;
#4873 = CARTESIAN_POINT ( 'NONE',  ( 8.082347709208532294, 6.991274530872044757, 9.554676185027947355 ) ) ;
#4874 = CARTESIAN_POINT ( 'NONE',  ( 8.081286344341222616, -3.278649261536582316, -11.37508171546221902 ) ) ;
#4875 = ADVANCED_FACE ( 'NONE', ( #3592 ), #5104, .T. ) ;
#4876 = DIRECTION ( 'NONE',  ( 0.000000000000000000, 0.000000000000000000, 1.000000000000000000 ) ) ;
#4877 = CARTESIAN_POINT ( 'NONE',  ( 8.357821303193647466, 13.94634013067845935, -7.499020486873810398 ) ) ;
#4878 = ORIENTED_EDGE ( 'NONE', *, *, #4002, .T. ) ;
#4879 = CARTESIAN_POINT ( 'NONE',  ( 3.515204589130436208, -18.85988553533999124, -10.14264561317860114 ) ) ;
#4880 = EDGE_CURVE ( 'NONE', #5022, #2337, #445, .T. ) ;
#4881 = CARTESIAN_POINT ( 'NONE',  ( 8.150687306238463492, -7.479489280081437208, 9.265484746560927576 ) ) ;
#4882 = B_SPLINE_CURVE_WITH_KNOTS ( 'NONE', 3,
 ( #5809, #2119, #4942, #5786, #1762, #2617, #5304, #4879 ),
 .UNSPECIFIED., .F., .F.,
 ( 4, 2, 2, 4 ),
 ( 2.168404344971008868E-19, 0.002211095967735171239, 0.003316643951602755991, 0.004422191935470341610 ),
 .UNSPECIFIED. ) ;
#4883 = CARTESIAN_POINT ( 'NONE',  ( 0.6337479801890597564, -17.93358911009636358, 4.779349357814228760 ) ) ;
#4884 = CARTESIAN_POINT ( 'NONE',  ( 1.911690948752697627, 7.535790249140369212, -18.32198533640122662 ) ) ;
#4885 = CARTESIAN_POINT ( 'NONE',  ( 0.6337479801890597564, 10.08721515555761528, 15.57895661009731825 ) ) ;
#4886 = VERTEX_POINT ( 'NONE', #3380 ) ;
#4887 = EDGE_CURVE ( 'NONE', #5454, #1082, #5095, .T. ) ;
#4888 = CARTESIAN_POINT ( 'NONE',  ( 22.09255692238962965, 0.004259725308153833843, 0.008485944307322045022 ) ) ;
#4889 = CARTESIAN_POINT ( 'NONE',  ( 0.4176373827249000303, 6.323952260531604530, -17.19056114188657247 ) ) ;
#4890 = DIRECTION ( 'NONE',  ( -1.000000000000000000, -0.000000000000000000, -0.000000000000000000 ) ) ;
#4891 = VERTEX_POINT ( 'NONE', #1556 ) ;
#4892 = ORIENTED_EDGE ( 'NONE', *, *, #629, .T. ) ;
#4893 = AXIS2_PLACEMENT_3D ( 'NONE', #203, #1949, #2333 ) ;
#4894 = CARTESIAN_POINT ( 'NONE',  ( 8.564997480335415858, -11.92348053040775113, -3.108567637076055767 ) ) ;
#4895 = B_SPLINE_CURVE_WITH_KNOTS ( 'NONE', 3,
 ( #727, #3887, #5698, #4884, #4830, #1619, #5790, #2621 ),
 .UNSPECIFIED., .F., .F.,
 ( 4, 2, 2, 4 ),
 ( 0.000000000000000000, 0.002211116461526284153, 0.003316674692289423194, 0.004422232923052563103 ),
 .UNSPECIFIED. ) ;
#4896 = CARTESIAN_POINT ( 'NONE',  ( 0.5251777261828656229, 18.40071284766964865, -0.9322503285618612967 ) ) ;
#4897 = ADVANCED_FACE ( 'NONE', ( #5186 ), #3301, .F. ) ;
#4898 = CIRCLE ( 'NONE', #4893, 13.84314574289256150 ) ;
#4899 = CARTESIAN_POINT ( 'NONE',  ( 10.08627239375047147, 0.000000000000000000, 0.000000000000000000 ) ) ;
#4900 = CARTESIAN_POINT ( 'NONE',  ( 8.081286344341222616, -0.3969128176506590000, -11.83150392928988204 ) ) ;
#4901 = ORIENTED_EDGE ( 'NONE', *, *, #2710, .F. ) ;
#4902 = CARTESIAN_POINT ( 'NONE',  ( 8.891830625034105040, 6.710499338793585622, -10.72339948033738111 ) ) ;
#4903 = EDGE_LOOP ( 'NONE', ( #5569, #928, #1266, #2945 ) ) ;
#4904 = CARTESIAN_POINT ( 'NONE',  ( 0.4201985021554903166, 14.76075591654612396, 10.85006234114921853 ) ) ;
#4905 = CARTESIAN_POINT ( 'NONE',  ( 22.09712324851893683, 0.01453401213442114502, 0.0006555654423621346504 ) ) ;
#4906 = CARTESIAN_POINT ( 'NONE',  ( 3.515204589129667934, -19.29113524658032119, -9.296270399400189177 ) ) ;
#4907 = FACE_OUTER_BOUND ( 'NONE', #232, .T. ) ;
#4908 = CARTESIAN_POINT ( 'NONE',  ( 0.6480971303263367567, -17.30622377986112781, 6.670064725496040126 ) ) ;
#4909 = VERTEX_POINT ( 'NONE', #5694 ) ;
#4910 = CARTESIAN_POINT ( 'NONE',  ( 0.4201985021554865418, 18.31920901688782877, 0.1017301835826428941 ) ) ;
#4911 = AXIS2_PLACEMENT_3D ( 'NONE', #2212, #2242, #5820 ) ;
#4912 = AXIS2_PLACEMENT_3D ( 'NONE', #899, #2264, #3129 ) ;
#4913 = CARTESIAN_POINT ( 'NONE',  ( 1.663814822678235217, -7.332380604472036545, 18.13696163221060687 ) ) ;
#4914 = CARTESIAN_POINT ( 'NONE',  ( -27.89911057639946890, 0.000000000000000000, 0.000000000000000000 ) ) ;
#4915 = CARTESIAN_POINT ( 'NONE',  ( 8.189129401831875654, 4.291301405400240299, 11.14862220842002394 ) ) ;
#4916 = CIRCLE ( 'NONE', #2162, 13.84314574289256150 ) ;
#4917 = EDGE_LOOP ( 'NONE', ( #4925, #5049, #5076, #2510 ) ) ;
#4918 = CARTESIAN_POINT ( 'NONE',  ( 22.09374604753667626, 0.007244977936371258843, -0.007504072852116795180 ) ) ;
#4919 = B_SPLINE_CURVE_WITH_KNOTS ( 'NONE', 3,
 ( #1286, #2652, #874, #1341, #2677, #4499, #1939 ),
 .UNSPECIFIED., .F., .F.,
 ( 4, 3, 4 ),
 ( 1.246832498358330099E-18, 0.0003060394048542601172, 0.0003969943494948537533 ),
 .UNSPECIFIED. ) ;
#4920 =( BOUNDED_SURFACE ( )  B_SPLINE_SURFACE ( 3, 1, ( 
 ( #986, #1112 ),
 ( #4706, #5062 ),
 ( #1427, #3791 ),
 ( #5546, #2441 ) ),
 .UNSPECIFIED., .F., .F., .F. ) 
 B_SPLINE_SURFACE_WITH_KNOTS ( ( 4, 4 ),
 ( 2, 2 ),
 ( 0.000000000000000000, 1.000000000000000000 ),
 ( 0.000000000000000000, 1.000000000000000000 ),
 .UNSPECIFIED. ) 
 GEOMETRIC_REPRESENTATION_ITEM ( )  RATIONAL_B_SPLINE_SURFACE ( (
 ( 1.000000000000000000, 1.000000000000000000),
 ( 0.7790009610346629865, 0.9689941987838144311),
 ( 0.7790009610346629865, 0.9689941987838144311),
 ( 1.000000000000000000, 1.000000000000000000) ) ) 
 REPRESENTATION_ITEM ( '' )  SURFACE ( )  );
#4921 = B_SPLINE_CURVE_WITH_KNOTS ( 'NONE', 3,
 ( #1645, #4829, #313, #4443, #3471, #1259 ),
 .UNSPECIFIED., .F., .F.,
 ( 4, 2, 4 ),
 ( 1.084202172485504434E-19, 0.0002683118749524628847, 0.0005366237499049255526 ),
 .UNSPECIFIED. ) ;
#4922 = DIRECTION ( 'NONE',  ( 0.000000000000000000, 0.000000000000000000, 1.000000000000000000 ) ) ;
#4923 = CARTESIAN_POINT ( 'NONE',  ( 2.831810311861891361, -19.08561492445038610, 8.346857585883807218 ) ) ;
#4924 = ORIENTED_EDGE ( 'NONE', *, *, #3122, .F. ) ;
#4925 = ORIENTED_EDGE ( 'NONE', *, *, #4635, .F. ) ;
#4926 = CARTESIAN_POINT ( 'NONE',  ( 10.08627239375047147, 0.000000000000000000, 0.000000000000000000 ) ) ;
#4927 = CARTESIAN_POINT ( 'NONE',  ( 22.09374604753667626, 0.01032941364857224188, -0.001450526919794150075 ) ) ;
#4928 = CARTESIAN_POINT ( 'NONE',  ( 8.082161297655170884, -3.823290506758344698, 11.20483408959127303 ) ) ;
#4929 = CARTESIAN_POINT ( 'NONE',  ( 0.6480971303263367567, -18.52036025205819669, -0.9956912648607777472 ) ) ;
#4930 = VERTEX_POINT ( 'NONE', #1525 ) ;
#4931 =( BOUNDED_SURFACE ( )  B_SPLINE_SURFACE ( 3, 1, ( 
 ( #4229, #2439 ),
 ( #4737, #663 ),
 ( #161, #248 ),
 ( #5610, #1017 ) ),
 .UNSPECIFIED., .F., .F., .F. ) 
 B_SPLINE_SURFACE_WITH_KNOTS ( ( 4, 4 ),
 ( 2, 2 ),
 ( 0.000000000000000000, 1.000000000000000000 ),
 ( 0.000000000000000000, 1.000000000000000000 ),
 .UNSPECIFIED. ) 
 GEOMETRIC_REPRESENTATION_ITEM ( )  RATIONAL_B_SPLINE_SURFACE ( (
 ( 1.000000000000000000, 1.000000000000000000),
 ( 0.9934036227985141299, 0.8357362271078285776),
 ( 0.9934036227985141299, 0.8357362271078285776),
 ( 1.000000000000000000, 1.000000000000000000) ) ) 
 REPRESENTATION_ITEM ( '' )  SURFACE ( )  );
#4932 = CARTESIAN_POINT ( 'NONE',  ( 0.4201979075620152493, 5.758115384118969615, 17.39102729729432539 ) ) ;
#4933 = ORIENTED_EDGE ( 'NONE', *, *, #5123, .T. ) ;
#4934 = CARTESIAN_POINT ( 'NONE',  ( 22.09255692238962965, -0.009369076872893235611, 0.001541722749955100119 ) ) ;
#4935 = B_SPLINE_CURVE_WITH_KNOTS ( 'NONE', 3,
 ( #136, #1464, #2058, #3760, #5579, #1526, #3856 ),
 .UNSPECIFIED., .F., .F.,
 ( 4, 3, 4 ),
 ( 6.461210403908669168E-16, 0.003806765355762768786, 0.01002496898031708140 ),
 .UNSPECIFIED. ) ;
#4936 = CARTESIAN_POINT ( 'NONE',  ( 0.4078353108599468979, -6.426838567804983526, -17.16074877908915042 ) ) ;
#4937 = CARTESIAN_POINT ( 'NONE',  ( 8.082357490472942274, -11.83933554855335935, -0.01104286157273155419 ) ) ;
#4938 = CARTESIAN_POINT ( 'NONE',  ( 0.4227027292401573932, 18.32171170676644678, 0.2040028437735021960 ) ) ;
#4939 = EDGE_CURVE ( 'NONE', #1718, #3837, #5740, .T. ) ;
#4940 = VERTEX_POINT ( 'NONE', #1170 ) ;
#4941 = EDGE_CURVE ( 'NONE', #2337, #3115, #345, .T. ) ;
#4942 = CARTESIAN_POINT ( 'NONE',  ( 1.672572369782842960, -16.58969869508286266, -10.38781161221881177 ) ) ;
#4943 = CARTESIAN_POINT ( 'NONE',  ( 6.010425613513133314, -18.37076353496894399, 2.493864852800769860 ) ) ;
#4944 = CARTESIAN_POINT ( 'NONE',  ( 1.161569255190000538, -6.969108021403410014, 17.74109025757379854 ) ) ;
#4945 = CARTESIAN_POINT ( 'NONE',  ( 8.081819171567941495, 9.742728082131014489, -6.725846246555753360 ) ) ;
#4946 = ORIENTED_EDGE ( 'NONE', *, *, #4566, .T. ) ;
#4947 = B_SPLINE_CURVE_WITH_KNOTS ( 'NONE', 3,
 ( #3533, #4336, #3084, #4896, #5317, #5291 ),
 .UNSPECIFIED., .F., .F.,
 ( 4, 2, 4 ),
 ( 1.331407330999799506E-17, 0.0002687592685055690492, 0.0005375185370111247628 ),
 .UNSPECIFIED. ) ;
#4948 = DIRECTION ( 'NONE',  ( 0.7636347340829117147, 0.1790592972799970040, 0.6203223040965998303 ) ) ;
#4949 = CARTESIAN_POINT ( 'NONE',  ( 0.6480971303263367567, 17.30622377986117044, -6.670064725495927327 ) ) ;
#4950 = CARTESIAN_POINT ( 'NONE',  ( 8.081832178819821522, 11.16504726921531621, -3.937902261737940446 ) ) ;
#4951 = CARTESIAN_POINT ( 'NONE',  ( 5.178685273546576262, 8.464546091116226023, 17.56437044616672694 ) ) ;
#4952 = ORIENTED_EDGE ( 'NONE', *, *, #4228, .F. ) ;
#4953 = ORIENTED_EDGE ( 'NONE', *, *, #5235, .T. ) ;
#4954 = CARTESIAN_POINT ( 'NONE',  ( 0.4200341587692252854, -14.93948690478166696, 10.60233359151654398 ) ) ;
#4955 = CARTESIAN_POINT ( 'NONE',  ( 8.230357535800607138, 3.084191986338900460, -11.58367230890918798 ) ) ;
#4956 = EDGE_CURVE ( 'NONE', #55, #4178, #5391, .T. ) ;
#4957 = CARTESIAN_POINT ( 'NONE',  ( 0.4182233646136245819, 17.60000663291080514, 5.075506595181050962 ) ) ;
#4958 = CARTESIAN_POINT ( 'NONE',  ( 3.515204589128321899, -2.879989908610793847, 21.21966542070979855 ) ) ;
#4959 = ORIENTED_EDGE ( 'NONE', *, *, #1029, .F. ) ;
#4960 = CARTESIAN_POINT ( 'NONE',  ( 3.663019018077784850, 3.211244355634399472, -21.56202798978804225 ) ) ;
#4961 = ORIENTED_EDGE ( 'NONE', *, *, #253, .F. ) ;
#4962 = CARTESIAN_POINT ( 'NONE',  ( 3.515204589130440649, -3.818204060499263086, -21.07106689736058058 ) ) ;
#4963 = CARTESIAN_POINT ( 'NONE',  ( 0.6480971303263367567, -18.52036025205819669, -0.9956912648607777472 ) ) ;
#4964 =( BOUNDED_SURFACE ( )  B_SPLINE_SURFACE ( 3, 1, ( 
 ( #2258, #5445 ),
 ( #4607, #5056 ),
 ( #4552, #4078 ),
 ( #5477, #1904 ) ),
 .UNSPECIFIED., .F., .F., .F. ) 
 B_SPLINE_SURFACE_WITH_KNOTS ( ( 4, 4 ),
 ( 2, 2 ),
 ( 0.000000000000000000, 1.000000000000000000 ),
 ( 0.000000000000000000, 1.000000000000000000 ),
 .UNSPECIFIED. ) 
 GEOMETRIC_REPRESENTATION_ITEM ( )  RATIONAL_B_SPLINE_SURFACE ( (
 ( 1.000000000000000000, 1.000000000000000000),
 ( 0.9934036227985141299, 0.8357362271078285776),
 ( 0.9934036227985141299, 0.8357362271078285776),
 ( 1.000000000000000000, 1.000000000000000000) ) ) 
 REPRESENTATION_ITEM ( '' )  SURFACE ( )  );
#4965 = CARTESIAN_POINT ( 'NONE',  ( 8.082286027375507942, -11.83880993571434814, 0.09096226571868150368 ) ) ;
#4966 = CARTESIAN_POINT ( 'NONE',  ( 22.09284734956529661, -0.005484709010008338714, 0.008143675906138941184 ) ) ;
#4967 = VERTEX_POINT ( 'NONE', #602 ) ;
#4968 = CARTESIAN_POINT ( 'NONE',  ( 11.36374701386286823, -3.339711161569674847, 8.654300079383521194 ) ) ;
#4969 = CARTESIAN_POINT ( 'NONE',  ( 22.10281028718407725, 0.01306919110379161850, 0.007246592019955166476 ) ) ;
#4970 = CARTESIAN_POINT ( 'NONE',  ( 5.178685273547316115, 14.08902037562344844, -13.47795068079861558 ) ) ;
#4971 = EDGE_CURVE ( 'NONE', #3598, #2418, #4596, .T. ) ;
#4972 = AXIS2_PLACEMENT_3D ( 'NONE', #5856, #3535, #5769 ) ;
#4973 = CARTESIAN_POINT ( 'NONE',  ( 9.812871695695720931, -6.672849412890852427, 11.81903670642514825 ) ) ;
#4974 = VERTEX_POINT ( 'NONE', #2890 ) ;
#4975 = CARTESIAN_POINT ( 'NONE',  ( 22.09324635661532810, -0.009386341494718637019, -0.003825913808669425490 ) ) ;
#4976 = CARTESIAN_POINT ( 'NONE',  ( 0.6480971303263403094, 14.39803354453983175, 11.69152577772649515 ) ) ;
#4977 = CARTESIAN_POINT ( 'NONE',  ( 0.9068532551529729924, -1.058410191685582369, 18.77611816078411167 ) ) ;
#4978 = CARTESIAN_POINT ( 'NONE',  ( 7.369041213193012752, 7.369390847620347351, 15.29068558309689863 ) ) ;
#4979 = VERTEX_POINT ( 'NONE', #252 ) ;
#4980 = ORIENTED_EDGE ( 'NONE', *, *, #904, .T. ) ;
#4981 = CARTESIAN_POINT ( 'NONE',  ( 0.4188821999575235711, -15.11356216248550766, 10.35064154699827910 ) ) ;
#4982 = CARTESIAN_POINT ( 'NONE',  ( 8.150690745220677158, -9.265504249201471865, 7.479470033105449112 ) ) ;
#4983 = EDGE_CURVE ( 'NONE', #1003, #4659, #279, .T. ) ;
#4984 = CARTESIAN_POINT ( 'NONE',  ( 0.4126876516628505409, 15.17405881654021016, 10.26841886461256159 ) ) ;
#4985 = CARTESIAN_POINT ( 'NONE',  ( 1.911690948752936547, 12.82876726151523172, -15.09655629261931864 ) ) ;
#4986 = ORIENTED_EDGE ( 'NONE', *, *, #5836, .T. ) ;
#4987 = CARTESIAN_POINT ( 'NONE',  ( 8.082347709208532294, -9.554676185027970448, 6.991274530872015447 ) ) ;
#4988 = CARTESIAN_POINT ( 'NONE',  ( 10.08627239375047147, 0.000000000000000000, 0.000000000000000000 ) ) ;
#4989 = CARTESIAN_POINT ( 'NONE',  ( 3.515204589130417112, -2.879989908612937910, -21.21966542071166018 ) ) ;
#4990 = B_SPLINE_CURVE_WITH_KNOTS ( 'NONE', 3,
 ( #1210, #5763, #2936, #5287, #2478, #2155 ),
 .UNSPECIFIED., .F., .F.,
 ( 4, 2, 4 ),
 ( 3.538155541877297313E-17, 0.001429663029798428336, 0.002859326059596821543 ),
 .UNSPECIFIED. ) ;
#4991 = AXIS2_PLACEMENT_3D ( 'NONE', #3921, #2933, #4834 ) ;
#4992 = CARTESIAN_POINT ( 'NONE',  ( 3.663019018077783073, -3.608958212190984671, 21.49903630320801184 ) ) ;
#4993 = DIRECTION ( 'NONE',  ( 0.000000000000000000, 0.000000000000000000, 1.000000000000000000 ) ) ;
#4994 = B_SPLINE_CURVE_WITH_KNOTS ( 'NONE', 3,
 ( #5752, #1226, #5693, #2557 ),
 .UNSPECIFIED., .F., .F.,
 ( 4, 4 ),
 ( 1.939479807224432123E-18, 0.002859022159863997600 ),
 .UNSPECIFIED. ) ;
#4995 = CARTESIAN_POINT ( 'NONE',  ( 0.4960052067975744827, -15.44775012758367438, 10.03346338329838261 ) ) ;
#4996 = B_SPLINE_CURVE_WITH_KNOTS ( 'NONE', 3,
 ( #394, #2197, #3624, #3335, #3300, #4636, #1483, #1450, #1099, #620, #4279, #5564, #1991 ),
 .UNSPECIFIED., .F., .F.,
 ( 4, 3, 3, 3, 4 ),
 ( 3.469446951953614189E-18, 0.0003060198743295300936, 0.0006120397344444645409, 0.0009177208998331732670, 0.001223526564453231071 ),
 .UNSPECIFIED. ) ;
#4997 = DIRECTION ( 'NONE',  ( -1.000000000000000000, -0.000000000000000000, -0.000000000000000000 ) ) ;
#4998 = VERTEX_POINT ( 'NONE', #5613 ) ;
#4999 = CARTESIAN_POINT ( 'NONE',  ( 22.09182100077397237, 0.006615877186210566974, 0.006528057743294947597 ) ) ;
#5000 = CARTESIAN_POINT ( 'NONE',  ( 8.150690745220673605, 6.500734843815829223, -9.976596987875771205 ) ) ;
#5001 = CARTESIAN_POINT ( 'NONE',  ( 3.663019018077783073, -9.717107951874522698, -19.51437814524494740 ) ) ;
#5002 = CARTESIAN_POINT ( 'NONE',  ( 8.230357535800608915, -10.06365929432217499, 6.512792486836157302 ) ) ;
#5003 = EDGE_LOOP ( 'NONE', ( #3340, #2791, #233, #4231 ) ) ;
#5004 = VECTOR ( 'NONE', #2872, 1000.000000000000114 ) ;
#5005 = VECTOR ( 'NONE', #1914, 1000.000000000000000 ) ;
#5006 = EDGE_CURVE ( 'NONE', #1823, #1857, #3049, .T. ) ;
#5007 = B_SPLINE_CURVE_WITH_KNOTS ( 'NONE', 3,
 ( #1231, #3048, #371, #843 ),
 .UNSPECIFIED., .F., .F.,
 ( 4, 4 ),
 ( 0.000000000000000000, 0.002859022159864000635 ),
 .UNSPECIFIED. ) ;
#5008 = CARTESIAN_POINT ( 'NONE',  ( 11.36374701386286823, -8.654300079383554944, 3.339711161569578479 ) ) ;
#5009 = CARTESIAN_POINT ( 'NONE',  ( 8.230357535800607138, 11.96979476970954792, 0.6463107146106567003 ) ) ;
#5010 = VECTOR ( 'NONE', #4736, 1000.000000000000000 ) ;
#5011 = EDGE_CURVE ( 'NONE', #4974, #1621, #3496, .T. ) ;
#5012 = CYLINDRICAL_SURFACE ( 'NONE', #4247, 10.00000000000000000 ) ;
#5013 = CARTESIAN_POINT ( 'NONE',  ( 22.09374604753667626, 0.004571497438468724757, -0.009375618690969492186 ) ) ;
#5014 = ORIENTED_EDGE ( 'NONE', *, *, #432, .T. ) ;
#5015 = ORIENTED_EDGE ( 'NONE', *, *, #3310, .F. ) ;
#5016 = EDGE_CURVE ( 'NONE', #5808, #3035, #1965, .T. ) ;
#5017 = CARTESIAN_POINT ( 'NONE',  ( 22.09712324851893683, 0.01362008608573922822, 0.005114736531804265490 ) ) ;
#5018 = FACE_OUTER_BOUND ( 'NONE', #1060, .T. ) ;
#5019 = CARTESIAN_POINT ( 'NONE',  ( 1.161569255190291194, 12.11031398485102883, -14.71920668139769717 ) ) ;
#5020 = EDGE_LOOP ( 'NONE', ( #3187, #3552, #4435, #3028 ) ) ;
#5021 = CARTESIAN_POINT ( 'NONE',  ( 8.230357535800605362, 6.512792486836192829, 10.06365929432215189 ) ) ;
#5022 = VERTEX_POINT ( 'NONE', #1736 ) ;
#5023 = CARTESIAN_POINT ( 'NONE',  ( 8.230357535800605362, -7.558545190369400757, -9.303875481428706351 ) ) ;
#5024 = CARTESIAN_POINT ( 'NONE',  ( 0.4126876516628502078, -6.240446283244805770, -17.22641335661282724 ) ) ;
#5025 = CARTESIAN_POINT ( 'NONE',  ( 22.10703667329342181, -0.009390945173916647945, 0.006045647796516423478 ) ) ;
#5026 = CARTESIAN_POINT ( 'NONE',  ( 10.08627239375047147, 0.000000000000000000, 0.000000000000000000 ) ) ;
#5027 = EDGE_CURVE ( 'NONE', #578, #1137, #4882, .T. ) ;
#5028 = DIRECTION ( 'NONE',  ( 0.7071067818211350664, 8.659560554583477046E-17, 0.7071067805519599681 ) ) ;
#5029 = CARTESIAN_POINT ( 'NONE',  ( 2.396304448591571656, 20.21360350982646636, -1.824681945605169942 ) ) ;
#5030 = ORIENTED_EDGE ( 'NONE', *, *, #3324, .T. ) ;
#5031 = CARTESIAN_POINT ( 'NONE',  ( 3.515204589130441537, 10.14264561317866509, -18.85988553533995926 ) ) ;
#5032 = CARTESIAN_POINT ( 'NONE',  ( 8.189129401831877431, 6.497061151241635635, -10.02473148244345680 ) ) ;
#5033 = CARTESIAN_POINT ( 'NONE',  ( 0.4078353108599468979, -14.33483961330070677, 11.41524970802567474 ) ) ;
#5034 = EDGE_CURVE ( 'NONE', #5595, #1749, #2187, .T. ) ;
#5035 = CARTESIAN_POINT ( 'NONE',  ( 8.080972016268406222, 4.088837066448610003, 11.10943098990112787 ) ) ;
#5036 = ORIENTED_EDGE ( 'NONE', *, *, #429, .T. ) ;
#5037 = CARTESIAN_POINT ( 'NONE',  ( 0.4197044002284044950, -5.950972394605268612, -17.32516052956428965 ) ) ;
#5038 = CARTESIAN_POINT ( 'NONE',  ( 3.515204589128321899, 9.296270399398201434, 19.29113524657996592 ) ) ;
#5039 = CARTESIAN_POINT ( 'NONE',  ( 8.081286344341222616, 6.633274307312430729, -9.805187248470378591 ) ) ;
#5040 = CARTESIAN_POINT ( 'NONE',  ( 0.4182233646136210847, 17.60000663291087264, -5.075506595180807601 ) ) ;
#5041 = VERTEX_POINT ( 'NONE', #1229 ) ;
#5042 = EDGE_LOOP ( 'NONE', ( #5706, #987, #3090, #5765 ) ) ;
#5043 = CARTESIAN_POINT ( 'NONE',  ( 8.727656808823638812, -15.16180672979641031, -2.746281162584540247 ) ) ;
#5044 = EDGE_CURVE ( 'NONE', #5630, #887, #3750, .T. ) ;
#5045 = FACE_OUTER_BOUND ( 'NONE', #4098, .T. ) ;
#5046 = VERTEX_POINT ( 'NONE', #5838 ) ;
#5047 = CARTESIAN_POINT ( 'NONE',  ( 8.081990258054291942, -9.710931297506265381, 6.771743123457334868 ) ) ;
#5048 = VERTEX_POINT ( 'NONE', #4000 ) ;
#5049 = ORIENTED_EDGE ( 'NONE', *, *, #1208, .F. ) ;
#5050 = CARTESIAN_POINT ( 'NONE',  ( 8.899588490903193261, 12.26323906218886783, -3.132939723393057818 ) ) ;
#5051 =( BOUNDED_SURFACE ( )  B_SPLINE_SURFACE ( 3, 1, ( 
 ( #3781, #2048 ),
 ( #1100, #272 ),
 ( #2909, #4696 ),
 ( #3430, #5682 ) ),
 .UNSPECIFIED., .F., .F., .F. ) 
 B_SPLINE_SURFACE_WITH_KNOTS ( ( 4, 4 ),
 ( 2, 2 ),
 ( 0.000000000000000000, 1.000000000000000000 ),
 ( 0.000000000000000000, 1.000000000000000000 ),
 .UNSPECIFIED. ) 
 GEOMETRIC_REPRESENTATION_ITEM ( )  RATIONAL_B_SPLINE_SURFACE ( (
 ( 1.000000000000000000, 1.000000000000000000),
 ( 0.7790009610346629865, 0.9689941987838144311),
 ( 0.7790009610346629865, 0.9689941987838144311),
 ( 1.000000000000000000, 1.000000000000000000) ) ) 
 REPRESENTATION_ITEM ( '' )  SURFACE ( )  );
#5052 = CARTESIAN_POINT ( 'NONE',  ( 22.10281028718407725, -0.01019021927649891614, 0.01093052071531476141 ) ) ;
#5053 = DIRECTION ( 'NONE',  ( 0.000000000000000000, 0.000000000000000000, 1.000000000000000000 ) ) ;
#5054 = CARTESIAN_POINT ( 'NONE',  ( 22.09255692238962965, -0.008434103081284722095, 0.004361469442994585222 ) ) ;
#5055 = CARTESIAN_POINT ( 'NONE',  ( 0.6480971303263367567, 17.30622377986117044, -6.670064725495927327 ) ) ;
#5056 = CARTESIAN_POINT ( 'NONE',  ( 0.4078353108599463428, -10.10573646946171245, -15.28625667210344119 ) ) ;
#5057 = VERTEX_POINT ( 'NONE', #870 ) ;
#5058 = CARTESIAN_POINT ( 'NONE',  ( 4.346944931879232144, 9.688592366989665194, -18.01596246481595287 ) ) ;
#5059 = CARTESIAN_POINT ( 'NONE',  ( 22.09712324851893683, 0.009073241573049626099, 0.01137293111426647234 ) ) ;
#5060 = EDGE_CURVE ( 'NONE', #3659, #5572, #5881, .T. ) ;
#5061 = CARTESIAN_POINT ( 'NONE',  ( 3.663019018077783073, -21.49903630320800119, -3.608958212191058834 ) ) ;
#5062 = CARTESIAN_POINT ( 'NONE',  ( 2.831810311861891361, -15.57217759773302213, 13.83611265739374119 ) ) ;
#5063 = ORIENTED_EDGE ( 'NONE', *, *, #5318, .T. ) ;
#5064 = CARTESIAN_POINT ( 'NONE',  ( 0.6337479801890598674, 17.31780942828228476, -6.674524347060495799 ) ) ;
#5065 = CARTESIAN_POINT ( 'NONE',  ( 8.230357535800605362, -0.6463107146106985557, 11.96979476970954792 ) ) ;
#5066 = CARTESIAN_POINT ( 'NONE',  ( 1.911690948752700070, -15.09655629261926535, -12.82876726151494751 ) ) ;
#5067 = CARTESIAN_POINT ( 'NONE',  ( 22.09182100077397237, 0.001515261008717908942, -0.009170024695619354363 ) ) ;
#5068 = CARTESIAN_POINT ( 'NONE',  ( 22.10281028718407725, -0.01354449388564459705, -0.006313757786991146433 ) ) ;
#5069 = VERTEX_POINT ( 'NONE', #2201 ) ;
#5070 = ORIENTED_EDGE ( 'NONE', *, *, #1012, .F. ) ;
#5071 = EDGE_CURVE ( 'NONE', #4886, #2077, #1202, .T. ) ;
#5072 = LINE ( 'NONE', #611, #1858 ) ;
#5073 = AXIS2_PLACEMENT_3D ( 'NONE', #4856, #5757, #4385 ) ;
#5074 = CARTESIAN_POINT ( 'NONE',  ( 0.4182233646136210847, -11.25539654257611311, 14.45119542963821146 ) ) ;
#5075 = CARTESIAN_POINT ( 'NONE',  ( 3.663019018077784850, 19.33156915067618442, -10.07589080511602297 ) ) ;
#5076 = ORIENTED_EDGE ( 'NONE', *, *, #5817, .F. ) ;
#5077 = CARTESIAN_POINT ( 'NONE',  ( 0.4078353108599468979, 17.66093832750255288, 4.887413429185931690 ) ) ;
#5078 = B_SPLINE_CURVE_WITH_KNOTS ( 'NONE', 3,
 ( #2574, #5770, #1695, #2518, #3510, #799, #4511, #3199 ),
 .UNSPECIFIED., .F., .F.,
 ( 4, 2, 2, 4 ),
 ( 0.000000000000000000, 0.002211095967733301641, 0.003316643951599954846, 0.004422191935466607618 ),
 .UNSPECIFIED. ) ;
#5079 = CARTESIAN_POINT ( 'NONE',  ( 0.4193760241474209782, -17.29178339499565809, -6.047136613740681454 ) ) ;
#5080 = CARTESIAN_POINT ( 'NONE',  ( 0.6337479801890597564, 4.779349357814296262, 17.93358911009634937 ) ) ;
#5081 = ADVANCED_FACE ( 'NONE', ( #3046 ), #267, .F. ) ;
#5082 = CARTESIAN_POINT ( 'NONE',  ( 11.36374701386286823, -5.038442870954463082, -7.788753041588799775 ) ) ;
#5083 = CARTESIAN_POINT ( 'NONE',  ( 0.5251705844569015680, -6.572702947387080386, 17.21204861870545955 ) ) ;
#5084 = CARTESIAN_POINT ( 'NONE',  ( 10.08627239375047324, -2.466882191262109281, 13.62157025872561711 ) ) ;
#5085 = CARTESIAN_POINT ( 'NONE',  ( 0.4182233646136193639, 17.22201239169723763, 6.238853248511108340 ) ) ;
#5086 = EDGE_CURVE ( 'NONE', #2136, #1717, #956, .T. ) ;
#5087 = CARTESIAN_POINT ( 'NONE',  ( 11.36374701386286823, 8.964508806328961299, -2.384986869561570799 ) ) ;
#5088 = ORIENTED_EDGE ( 'NONE', *, *, #5588, .T. ) ;
#5089 = CARTESIAN_POINT ( 'NONE',  ( 0.4126876516628505409, -11.25827158159078678, -14.45488872119387658 ) ) ;
#5090 = CARTESIAN_POINT ( 'NONE',  ( 8.081585098691663305, -11.14908124935686118, -3.981231368697816020 ) ) ;
#5091 = CARTESIAN_POINT ( 'NONE',  ( 8.933971668274599764, 15.03282383812255496, 2.041462340808875453 ) ) ;
#5092 = CARTESIAN_POINT ( 'NONE',  ( 10.08627239375047324, -10.00230772699665494, 9.570084858214549683 ) ) ;
#5093 = VERTEX_POINT ( 'NONE', #1845 ) ;
#5094 = CARTESIAN_POINT ( 'NONE',  ( 0.4201985021554934807, -14.88034691979195934, 10.68545944643062739 ) ) ;
#5095 = B_SPLINE_CURVE_WITH_KNOTS ( 'NONE', 3,
 ( #5126, #222, #4295, #5243, #2498, #5667 ),
 .UNSPECIFIED., .F., .F.,
 ( 4, 2, 4 ),
 ( 0.000000000000000000, 0.0001740257916702655724, 0.0003480515833405311448 ),
 .UNSPECIFIED. ) ;
#5096 = CARTESIAN_POINT ( 'NONE',  ( 0.4197044002284219255, 17.51424310904020842, 5.369036052585547836 ) ) ;
#5097 = CARTESIAN_POINT ( 'NONE',  ( 8.081286344341222616, 3.278649261536660031, 11.37508171546219771 ) ) ;
#5098 = CARTESIAN_POINT ( 'NONE',  ( 0.6480971303263403094, -15.56853882718295701, 10.08046346888048284 ) ) ;
#5099 = AXIS2_PLACEMENT_3D ( 'NONE', #462, #4505, #2712 ) ;
#5100 = CARTESIAN_POINT ( 'NONE',  ( 8.081819171567941495, -7.187484237263729980, 9.407328449338736576 ) ) ;
#5101 = EDGE_LOOP ( 'NONE', ( #5102, #3970, #3590, #3449 ) ) ;
#5102 = ORIENTED_EDGE ( 'NONE', *, *, #5785, .F. ) ;
#5103 = CARTESIAN_POINT ( 'NONE',  ( 0.6480971303263403094, -17.30622377986102833, -6.670064725496289704 ) ) ;
#5104 = CONICAL_SURFACE ( 'NONE', #3878, 13.84314574289256150, 0.8559913436420820698 ) ;
#5105 = VECTOR ( 'NONE', #5394, 1000.000000000000114 ) ;
#5106 = CARTESIAN_POINT ( 'NONE',  ( 0.5251705844569038995, -11.56982749897267837, 14.33855408788790520 ) ) ;
#5107 = CARTESIAN_POINT ( 'NONE',  ( 22.09712324851893683, 0.005114736531804974992, 0.01362008608574064895 ) ) ;
#5108 = EDGE_LOOP ( 'NONE', ( #855, #1102, #2182, #1986 ) ) ;
#5109 = CARTESIAN_POINT ( 'NONE',  ( 22.09374604753667626, -0.004571497438469157570, -0.009375618690967974303 ) ) ;
#5110 = VERTEX_POINT ( 'NONE', #5512 ) ;
#5111 = ORIENTED_EDGE ( 'NONE', *, *, #3540, .T. ) ;
#5112 = DIRECTION ( 'NONE',  ( -0.7636347340829117147, 0.1790592972800099103, -0.6203223040965960555 ) ) ;
#5113 = CARTESIAN_POINT ( 'NONE',  ( 22.09374604753667626, -0.009375618690968021141, 0.004571497438469057824 ) ) ;
#5114 = DIRECTION ( 'NONE',  ( 0.7636347340829117147, -0.2197542875157158515, 0.6070997002310088986 ) ) ;
#5115 = CARTESIAN_POINT ( 'NONE',  ( 8.150687306238465268, 4.250224770572089916, -11.12328894164049586 ) ) ;
#5116 =( BOUNDED_SURFACE ( )  B_SPLINE_SURFACE ( 3, 1, ( 
 ( #284, #3914 ),
 ( #2179, #5811 ),
 ( #4383, #5725 ),
 ( #3944, #312 ) ),
 .UNSPECIFIED., .F., .F., .F. ) 
 B_SPLINE_SURFACE_WITH_KNOTS ( ( 4, 4 ),
 ( 2, 2 ),
 ( 0.000000000000000000, 1.000000000000000000 ),
 ( 0.000000000000000000, 1.000000000000000000 ),
 .UNSPECIFIED. ) 
 GEOMETRIC_REPRESENTATION_ITEM ( )  RATIONAL_B_SPLINE_SURFACE ( (
 ( 1.000000000000000000, 1.000000000000000000),
 ( 0.9934036227985141299, 0.8357362271078285776),
 ( 0.9934036227985141299, 0.8357362271078285776),
 ( 1.000000000000000000, 1.000000000000000000) ) ) 
 REPRESENTATION_ITEM ( '' )  SURFACE ( )  );
#5117 = CARTESIAN_POINT ( 'NONE',  ( 8.230357535800605362, 9.303875481428731220, -7.558545190369368783 ) ) ;
#5118 = CARTESIAN_POINT ( 'NONE',  ( 22.09324635661532810, 0.007744668856831256679, -0.006539199295394946231 ) ) ;
#5119 = ORIENTED_EDGE ( 'NONE', *, *, #447, .F. ) ;
#5120 = CARTESIAN_POINT ( 'NONE',  ( 0.4182233646136210847, -18.30701878804081417, -0.6116075298354108902 ) ) ;
#5121 = CARTESIAN_POINT ( 'NONE',  ( 8.081286344341222616, -11.37508171546216396, -3.278649261536780823 ) ) ;
#5122 = CARTESIAN_POINT ( 'NONE',  ( 10.08627239375047324, -1.863152317086374410, 13.71719167695414576 ) ) ;
#5123 = EDGE_CURVE ( 'NONE', #1875, #4845, #5479, .T. ) ;
#5124 = CARTESIAN_POINT ( 'NONE',  ( 0.5251705844568987924, 18.40070790732975325, 0.9321964365969398481 ) ) ;
#5125 = ORIENTED_EDGE ( 'NONE', *, *, #1812, .T. ) ;
#5126 = CARTESIAN_POINT ( 'NONE',  ( 8.230357535800607138, 0.6463107146106141787, 11.96979476970955147 ) ) ;
#5127 = CARTESIAN_POINT ( 'NONE',  ( 3.515204589130439761, -14.80256717257110211, -15.47425434527228560 ) ) ;
#5128 = LINE ( 'NONE', #2502, #2726 ) ;
#5129 = CARTESIAN_POINT ( 'NONE',  ( 22.09182100077397237, 0.008252970338748692389, 0.004274792326013505603 ) ) ;
#5130 = CARTESIAN_POINT ( 'NONE',  ( 8.150687306238467045, 11.12328894164054383, 4.250224770571971789 ) ) ;
#5131 = ORIENTED_EDGE ( 'NONE', *, *, #5027, .T. ) ;
#5132 = ORIENTED_EDGE ( 'NONE', *, *, #778, .F. ) ;
#5133 = CARTESIAN_POINT ( 'NONE',  ( 5.129410166199430243, -2.630197564622577477, 19.37665712658347061 ) ) ;
#5134 = B_SPLINE_CURVE_WITH_KNOTS ( 'NONE', 3,
 ( #513, #2233, #2354, #2794 ),
 .UNSPECIFIED., .F., .F.,
 ( 4, 4 ),
 ( 1.734723475976807094E-18, 0.002859022159863999768 ),
 .UNSPECIFIED. ) ;
#5135 = ADVANCED_FACE ( 'NONE', ( #66 ), #3562, .F. ) ;
#5136 = CARTESIAN_POINT ( 'NONE',  ( 0.4197050914631866303, 0.3057278850902860889, -18.31616268768839717 ) ) ;
#5137 = CARTESIAN_POINT ( 'NONE',  ( 4.346944931879232144, 20.12813819246335001, 3.647160332703486496 ) ) ;
#5138 = EDGE_LOOP ( 'NONE', ( #1212, #3924, #3450, #3666 ) ) ;
#5139 = CARTESIAN_POINT ( 'NONE',  ( 8.230357535800605362, 11.18423031998666239, -4.313548019702306391 ) ) ;
#5140 = ORIENTED_EDGE ( 'NONE', *, *, #4188, .F. ) ;
#5141 = DIRECTION ( 'NONE',  ( -1.000000000000000000, 0.000000000000000000, 0.000000000000000000 ) ) ;
#5142 = CARTESIAN_POINT ( 'NONE',  ( 22.09374604753667626, 0.009375618690969480043, 0.004571497438468753380 ) ) ;
#5143 = EDGE_CURVE ( 'NONE', #911, #5350, #908, .T. ) ;
#5144 = CARTESIAN_POINT ( 'NONE',  ( 0.4176364164252727718, 0.7024099595307909949, 18.30339795185683371 ) ) ;
#5145 = CARTESIAN_POINT ( 'NONE',  ( 10.08627239375047324, 1.863152317086278487, 13.71719167695415642 ) ) ;
#5146 = CARTESIAN_POINT ( 'NONE',  ( 3.515204589128320123, 0.000000000000000000, 0.000000000000000000 ) ) ;
#5147 = ORIENTED_EDGE ( 'NONE', *, *, #1502, .T. ) ;
#5148 = DIRECTION ( 'NONE',  ( 0.7562523480584152358, -0.4122222274787606389, 0.5080897767408654175 ) ) ;
#5149 = EDGE_LOOP ( 'NONE', ( #795, #4091, #3895, #1767 ) ) ;
#5150 = EDGE_CURVE ( 'NONE', #5454, #911, #37, .T. ) ;
#5151 = CARTESIAN_POINT ( 'NONE',  ( 0.4188817388287978671, -0.5097553722897627537, -18.31108024341984120 ) ) ;
#5152 = CARTESIAN_POINT ( 'NONE',  ( 3.663019018077783073, 10.07589080511651503, -19.33156915067592863 ) ) ;
#5153 = CARTESIAN_POINT ( 'NONE',  ( 22.09255692238962965, 0.004361469442994497618, 0.008434103081284767198 ) ) ;
#5154 = CARTESIAN_POINT ( 'NONE',  ( 11.36374701386286823, -8.964508806328913337, -2.384986869561759981 ) ) ;
#5155 = ORIENTED_EDGE ( 'NONE', *, *, #4701, .F. ) ;
#5156 = CARTESIAN_POINT ( 'NONE',  ( 0.4126876516628540381, -17.60450345064211319, 5.076804625281795325 ) ) ;
#5157 = EDGE_CURVE ( 'NONE', #2068, #5618, #3327, .T. ) ;
#5158 = DIRECTION ( 'NONE',  ( 0.000000000000000000, 0.000000000000000000, 1.000000000000000000 ) ) ;
#5159 = DIRECTION ( 'NONE',  ( -1.000000000000000000, -0.000000000000000000, -0.000000000000000000 ) ) ;
#5160 = CARTESIAN_POINT ( 'NONE',  ( 22.09284734956529661, -0.009223955395376157856, 0.003364541135549632255 ) ) ;
#5161 =( BOUNDED_SURFACE ( )  B_SPLINE_SURFACE ( 3, 1, ( 
 ( #4658, #583 ),
 ( #2393, #4214 ),
 ( #3448, #3892 ),
 ( #1716, #3422 ) ),
 .UNSPECIFIED., .F., .F., .F. ) 
 B_SPLINE_SURFACE_WITH_KNOTS ( ( 4, 4 ),
 ( 2, 2 ),
 ( 0.000000000000000000, 1.000000000000000000 ),
 ( 0.000000000000000000, 1.000000000000000000 ),
 .UNSPECIFIED. ) 
 GEOMETRIC_REPRESENTATION_ITEM ( )  RATIONAL_B_SPLINE_SURFACE ( (
 ( 1.000000000000000000, 1.000000000000000000),
 ( 0.9934036227985141299, 0.8357362271078294658),
 ( 0.9934036227985141299, 0.8357362271078294658),
 ( 1.000000000000000000, 1.000000000000000000) ) ) 
 REPRESENTATION_ITEM ( '' )  SURFACE ( )  );
#5162 = CARTESIAN_POINT ( 'NONE',  ( 0.4227027292401573932, 10.60419017047806101, 14.94248599980828907 ) ) ;
#5163 = ORIENTED_EDGE ( 'NONE', *, *, #482, .T. ) ;
#5164 = CARTESIAN_POINT ( 'NONE',  ( 0.4193760241474266404, -0.4077137493208200514, 18.31413125712779078 ) ) ;
#5165 = CARTESIAN_POINT ( 'NONE',  ( 0.4193760241474157602, 0.4077137493209478381, -18.31413125712780143 ) ) ;
#5166 = CARTESIAN_POINT ( 'NONE',  ( 6.010425613513215026, 3.305071712933426387, -18.24228099043931195 ) ) ;
#5167 = VERTEX_POINT ( 'NONE', #2762 ) ;
#5168 = CARTESIAN_POINT ( 'NONE',  ( 22.10281028718407725, 0.01093052071531628450, -0.01019021927649967595 ) ) ;
#5169 = EDGE_LOOP ( 'NONE', ( #1662, #2912, #967, #3255 ) ) ;
#5170 = CARTESIAN_POINT ( 'NONE',  ( 22.09255692238962965, -0.008434103081284715156, -0.004361469442992967592 ) ) ;
#5171 = CARTESIAN_POINT ( 'NONE',  ( 11.36374701386286823, 5.038442870954519925, 7.788753041588761583 ) ) ;
#5172 = B_SPLINE_CURVE_WITH_KNOTS ( 'NONE', 3,
 ( #4632, #2369, #1066, #557 ),
 .UNSPECIFIED., .F., .F.,
 ( 4, 4 ),
 ( 0.000000000000000000, 0.002859022159863998467 ),
 .UNSPECIFIED. ) ;
#5173 = CONICAL_SURFACE ( 'NONE', #1183, 13.84314574289256150, 0.8559913436420820698 ) ;
#5174 = PRODUCT_DEFINITION ( 'UNKNOWN', '', #3664, #2798 ) ;
#5175 = CARTESIAN_POINT ( 'NONE',  ( 0.4201985021554885402, -14.76075591654604047, -10.85006234114932866 ) ) ;
#5176 = CARTESIAN_POINT ( 'NONE',  ( 1.911690948751988195, 15.09655629261904330, 12.82876726151409486 ) ) ;
#5177 = ORIENTED_EDGE ( 'NONE', *, *, #4141, .T. ) ;
#5178 = CARTESIAN_POINT ( 'NONE',  ( 0.4201982046941529769, 10.76753617100877136, -14.82071241848042753 ) ) ;
#5179 = ORIENTED_EDGE ( 'NONE', *, *, #75, .F. ) ;
#5180 = CARTESIAN_POINT ( 'NONE',  ( 8.891830625034110369, -0.8741480631572459137, -12.61974496392568490 ) ) ;
#5181 = CARTESIAN_POINT ( 'NONE',  ( 22.09712324851893683, 0.005114736531804218653, -0.01362008608573925250 ) ) ;
#5182 = CARTESIAN_POINT ( 'NONE',  ( 5.129410166199407151, 19.37665712658349193, 2.630197564622509532 ) ) ;
#5183 = CARTESIAN_POINT ( 'NONE',  ( 0.4201982046941584170, 17.42251593794374998, -5.661209250449754649 ) ) ;
#5184 = CARTESIAN_POINT ( 'NONE',  ( 11.36374701386286823, 9.262755989700087511, 0.5019282638044908484 ) ) ;
#5185 = B_SPLINE_CURVE_WITH_KNOTS ( 'NONE', 3,
 ( #3651, #5502, #1446, #949, #5471, #4662 ),
 .UNSPECIFIED., .F., .F.,
 ( 4, 2, 4 ),
 ( 1.266162936991209812E-17, 0.0002687592685055695913, 0.0005375185370111263891 ),
 .UNSPECIFIED. ) ;
#5186 = FACE_OUTER_BOUND ( 'NONE', #3160, .T. ) ;
#5187 = CARTESIAN_POINT ( 'NONE',  ( 0.4200341587692282275, 17.35867813501647561, 5.854403468231750729 ) ) ;
#5188 = CARTESIAN_POINT ( 'NONE',  ( 22.09182100077397237, -0.006528057743294971016, 0.006615877186210543555 ) ) ;
#5189 = CARTESIAN_POINT ( 'NONE',  ( 0.4126876516628540381, -17.22641335661272066, -6.240446283245103309 ) ) ;
#5190 = FILL_AREA_STYLE ('',( #1561 ) ) ;
#5191 = EDGE_LOOP ( 'NONE', ( #1635, #3225, #5222, #3235 ) ) ;
#5192 = FACE_OUTER_BOUND ( 'NONE', #3531, .T. ) ;
#5193 =( BOUNDED_SURFACE ( )  B_SPLINE_SURFACE ( 3, 1, ( 
 ( #2263, #5001 ),
 ( #4614, #4139 ),
 ( #2736, #5514 ),
 ( #4556, #1340 ) ),
 .UNSPECIFIED., .F., .F., .F. ) 
 B_SPLINE_SURFACE_WITH_KNOTS ( ( 4, 4 ),
 ( 2, 2 ),
 ( 0.000000000000000000, 1.000000000000000000 ),
 ( 0.000000000000000000, 1.000000000000000000 ),
 .UNSPECIFIED. ) 
 GEOMETRIC_REPRESENTATION_ITEM ( )  RATIONAL_B_SPLINE_SURFACE ( (
 ( 1.000000000000000000, 1.000000000000000000),
 ( 0.7790009610346629865, 0.9689941987838144311),
 ( 0.7790009610346629865, 0.9689941987838144311),
 ( 1.000000000000000000, 1.000000000000000000) ) ) 
 REPRESENTATION_ITEM ( '' )  SURFACE ( )  );
#5194 = CARTESIAN_POINT ( 'NONE',  ( 8.081286344341224392, 9.338588247148589261, -7.275492736841641772 ) ) ;
#5195 = CARTESIAN_POINT ( 'NONE',  ( 3.515204589129467649, -3.818204060500374197, 21.07106689735939398 ) ) ;
#5196 = EDGE_LOOP ( 'NONE', ( #4223, #3332, #5063, #3959 ) ) ;
#5197 = ORIENTED_EDGE ( 'NONE', *, *, #1402, .T. ) ;
#5198 = ADVANCED_FACE ( 'NONE', ( #4581 ), #4167, .F. ) ;
#5199 = CARTESIAN_POINT ( 'NONE',  ( 8.081286344341224392, -11.12977610358353964, 4.033622304792311652 ) ) ;
#5200 = CIRCLE ( 'NONE', #4911, 21.41421356110392082 ) ;
#5201 = CARTESIAN_POINT ( 'NONE',  ( 0.5251777261828651788, 6.572755728340363923, 17.21203666371494734 ) ) ;
#5202 = CONICAL_SURFACE ( 'NONE', #4912, 13.84314574289256150, 0.8559913436420820698 ) ;
#5203 = CARTESIAN_POINT ( 'NONE',  ( 8.891830625034097935, -4.731079870203190652, -11.73196407480892844 ) ) ;
#5204 = CARTESIAN_POINT ( 'NONE',  ( 8.081286344341224392, 9.805187248470545569, -6.633274307312180262 ) ) ;
#5205 = CARTESIAN_POINT ( 'NONE',  ( 0.4182233646136210847, -17.60000663291084422, 5.075506595180922176 ) ) ;
#5206 = AXIS2_PLACEMENT_3D ( 'NONE', #2399, #1043, #4666 ) ;
#5207 = ORIENTED_EDGE ( 'NONE', *, *, #2911, .T. ) ;
#5208 = CARTESIAN_POINT ( 'NONE',  ( 8.564997480335417634, -11.47346859402564156, 4.493561965211622322 ) ) ;
#5209 = EDGE_LOOP ( 'NONE', ( #3628, #558, #309, #1322 ) ) ;
#5210 = CARTESIAN_POINT ( 'NONE',  ( 22.10703667329342181, 0.006045647796516461642, -0.009390945173914982610 ) ) ;
#5211 = CARTESIAN_POINT ( 'NONE',  ( 22.10281028718407725, -0.01093052071531472498, -0.01019021927649895430 ) ) ;
#5212 = EDGE_CURVE ( 'NONE', #2431, #784, #2792, .T. ) ;
#5213 = DIRECTION ( 'NONE',  ( 0.000000000000000000, 0.000000000000000000, 1.000000000000000000 ) ) ;
#5214 = CARTESIAN_POINT ( 'NONE',  ( 22.10281028718407725, -0.01306919110379167227, -0.007246592019955071066 ) ) ;
#5215 = CARTESIAN_POINT ( 'NONE',  ( 3.515204589128320123, 0.000000000000000000, 0.000000000000000000 ) ) ;
#5216 = CARTESIAN_POINT ( 'NONE',  ( 3.515204589130440205, -10.14264561317825475, -18.85988553534018664 ) ) ;
#5217 = EDGE_CURVE ( 'NONE', #584, #2623, #1907, .T. ) ;
#5218 = CARTESIAN_POINT ( 'NONE',  ( 22.09255692238962965, -0.001428938507664123886, 0.009386940141985915947 ) ) ;
#5219 = CARTESIAN_POINT ( 'NONE',  ( 0.4182233646136210847, -17.60000663291084422, 5.075506595180922176 ) ) ;
#5220 = CARTESIAN_POINT ( 'NONE',  ( 1.165599648441567826, -14.73812161800288223, 12.09366102480135829 ) ) ;
#5221 = CARTESIAN_POINT ( 'NONE',  ( 9.510122032027844341, 13.06814878600877883, 6.298876031950519483 ) ) ;
#5222 = ORIENTED_EDGE ( 'NONE', *, *, #3188, .T. ) ;
#5223 = DIRECTION ( 'NONE',  ( -0.7636347340829117147, -0.6452939353746502960, 0.02139462247429059494 ) ) ;
#5224 = FACE_OUTER_BOUND ( 'NONE', #3286, .T. ) ;
#5225 = ORIENTED_EDGE ( 'NONE', *, *, #3717, .F. ) ;
#5226 = ORIENTED_EDGE ( 'NONE', *, *, #5875, .T. ) ;
#5227 = CARTESIAN_POINT ( 'NONE',  ( 8.081990258054291942, -11.32822819647789281, 3.439467622103990152 ) ) ;
#5228 = CARTESIAN_POINT ( 'NONE',  ( 22.10281028718407725, 0.01466885944743569724, 0.002853316407705319864 ) ) ;
#5229 = ADVANCED_FACE ( 'NONE', ( #2701 ), #5850, .T. ) ;
#5230 = CARTESIAN_POINT ( 'NONE',  ( 10.08627239375047147, 0.000000000000000000, 0.000000000000000000 ) ) ;
#5231 = CARTESIAN_POINT ( 'NONE',  ( 8.564997480335422964, 0.7281346084094492133, 12.30050408338314583 ) ) ;
#5232 = FACE_OUTER_BOUND ( 'NONE', #5108, .T. ) ;
#5233 = ORIENTED_EDGE ( 'NONE', *, *, #2608, .T. ) ;
#5234 = ORIENTED_EDGE ( 'NONE', *, *, #369, .T. ) ;
#5235 = EDGE_CURVE ( 'NONE', #1682, #608, #3534, .T. ) ;
#5236 = B_SPLINE_CURVE_WITH_KNOTS ( 'NONE', 3,
 ( #4226, #3435, #5661, #661, #2824, #158 ),
 .UNSPECIFIED., .F., .F.,
 ( 4, 2, 4 ),
 ( 2.377841001298279186E-18, 0.0002683118749524639147, 0.0005366237499049254442 ),
 .UNSPECIFIED. ) ;
#5237 = CARTESIAN_POINT ( 'NONE',  ( 0.4200341587692252854, 14.69997379096637147, 10.93199511108767119 ) ) ;
#5238 = CARTESIAN_POINT ( 'NONE',  ( 8.357821303193643914, 2.822336190159388192, 15.58108243136021898 ) ) ;
#5239 = CARTESIAN_POINT ( 'NONE',  ( 0.4227027292401541181, 5.855738517342739868, 17.36194296277461291 ) ) ;
#5240 = CARTESIAN_POINT ( 'NONE',  ( 0.4188817388288030297, 17.25734911289643492, -6.143241149112673050 ) ) ;
#5241 = CARTESIAN_POINT ( 'NONE',  ( 8.082161297655169108, -9.474968733891087069, -7.098649502977408154 ) ) ;
#5242 = ORIENTED_EDGE ( 'NONE', *, *, #3855, .F. ) ;
#5243 = CARTESIAN_POINT ( 'NONE',  ( 8.096182984839494168, 0.5139195363890846080, 11.84199263111301903 ) ) ;
#5244 = EDGE_CURVE ( 'NONE', #4979, #2969, #5236, .T. ) ;
#5245 = CARTESIAN_POINT ( 'NONE',  ( 8.189061701664838822, -7.526331079621463971, 9.276840415636382176 ) ) ;
#5246 = CARTESIAN_POINT ( 'NONE',  ( 10.08627239375047147, 0.000000000000000000, 0.000000000000000000 ) ) ;
#5247 = CARTESIAN_POINT ( 'NONE',  ( 8.081832178819825074, 11.83546968119519605, -0.2949782573723164214 ) ) ;
#5248 = CARTESIAN_POINT ( 'NONE',  ( 0.4182233646136193639, 5.075506595181238367, -17.60000663291075185 ) ) ;
#5249 = ORIENTED_EDGE ( 'NONE', *, *, #5252, .F. ) ;
#5250 = CARTESIAN_POINT ( 'NONE',  ( 0.5251705844568979042, 6.572702947387204730, -17.21204861870542757 ) ) ;
#5251 = CARTESIAN_POINT ( 'NONE',  ( 3.663019018077784850, -15.55652500317749087, -15.27179331871376178 ) ) ;
#5252 = EDGE_CURVE ( 'NONE', #1082, #4380, #5662, .T. ) ;
#5253 = VERTEX_POINT ( 'NONE', #1489 ) ;
#5254 = VERTEX_POINT ( 'NONE', #1964 ) ;
#5255 = FACE_OUTER_BOUND ( 'NONE', #2300, .T. ) ;
#5256 = FACE_OUTER_BOUND ( 'NONE', #3082, .T. ) ;
#5257 = AXIS2_PLACEMENT_3D ( 'NONE', #4899, #2662, #1722 ) ;
#5258 = CARTESIAN_POINT ( 'NONE',  ( 8.564997480335417634, -4.493561965211587683, -11.47346859402565755 ) ) ;
#5259 = FACE_OUTER_BOUND ( 'NONE', #4553, .T. ) ;
#5260 = CARTESIAN_POINT ( 'NONE',  ( 0.4197050914631917373, 14.99778922814688720, -10.51863125172051205 ) ) ;
#5261 = EDGE_LOOP ( 'NONE', ( #4393, #2614, #4833, #2678 ) ) ;
#5262 = CARTESIAN_POINT ( 'NONE',  ( 0.6337479801890598674, 11.69934729212861590, 14.40767405211434493 ) ) ;
#5263 = ORIENTED_EDGE ( 'NONE', *, *, #5157, .T. ) ;
#5264 = CARTESIAN_POINT ( 'NONE',  ( 0.000000000000000000, 1.224646799147353256E-15, 10.00000000000000000 ) ) ;
#5265 = ADVANCED_FACE ( 'NONE', ( #3788 ), #5386, .F. ) ;
#5266 = CIRCLE ( 'NONE', #5073, 21.41421356110392082 ) ;
#5267 = CARTESIAN_POINT ( 'NONE',  ( 3.515204589129463653, -15.47425434527222521, 14.80256717256975918 ) ) ;
#5268 = EDGE_CURVE ( 'NONE', #4031, #2044, #2040, .T. ) ;
#5269 = CARTESIAN_POINT ( 'NONE',  ( 0.4410764106479099222, 11.41081724794790730, -14.35815555494838591 ) ) ;
#5270 = CARTESIAN_POINT ( 'NONE',  ( 8.564997480335417634, -12.30050408338315826, 0.7281346084094063587 ) ) ;
#5271 = CARTESIAN_POINT ( 'NONE',  ( 10.08627239375047324, -12.47007880054819573, 6.010808495292698339 ) ) ;
#5272 = ORIENTED_EDGE ( 'NONE', *, *, #927, .T. ) ;
#5273 = CARTESIAN_POINT ( 'NONE',  ( 0.4200333337418805102, 18.31818902438057961, -0.2040690719086172278 ) ) ;
#5274 = CARTESIAN_POINT ( 'NONE',  ( 3.663019018077783073, 15.55652500317782660, -15.27179331871341894 ) ) ;
#5275 = CARTESIAN_POINT ( 'NONE',  ( 0.4182233646136210847, -10.26579477152704456, -15.17018320209478155 ) ) ;
#5276 = CARTESIAN_POINT ( 'NONE',  ( 8.189061701664844151, -6.497035319025788347, -10.02466755960474920 ) ) ;
#5277 = CARTESIAN_POINT ( 'NONE',  ( 8.230357535800608915, 10.06365929432213058, 6.512792486836229244 ) ) ;
#5278 = EDGE_LOOP ( 'NONE', ( #1963, #5586, #5735, #330 ) ) ;
#5279 = B_SPLINE_CURVE_WITH_KNOTS ( 'NONE', 3,
 ( #2733, #3627, #3719, #3690, #448, #1842 ),
 .UNSPECIFIED., .F., .F.,
 ( 4, 2, 4 ),
 ( 8.182674270850422113E-18, 0.0001743161698667597805, 0.0003486323397335113752 ),
 .UNSPECIFIED. ) ;
#5280 = DIRECTION ( 'NONE',  ( 5.783282948095166961E-18, 0.8122176705615873349, 0.5833544853924657048 ) ) ;
#5281 = AXIS2_PLACEMENT_3D ( 'NONE', #2137, #360, #3962 ) ;
#5282 =( BOUNDED_SURFACE ( )  B_SPLINE_SURFACE ( 3, 1, ( 
 ( #4151, #84 ),
 ( #1890, #3704 ),
 ( #4625, #553 ),
 ( #5556, #1472 ) ),
 .UNSPECIFIED., .F., .F., .F. ) 
 B_SPLINE_SURFACE_WITH_KNOTS ( ( 4, 4 ),
 ( 2, 2 ),
 ( 0.000000000000000000, 1.000000000000000000 ),
 ( 0.000000000000000000, 1.000000000000000000 ),
 .UNSPECIFIED. ) 
 GEOMETRIC_REPRESENTATION_ITEM ( )  RATIONAL_B_SPLINE_SURFACE ( (
 ( 1.000000000000000000, 1.000000000000000000),
 ( 0.9934036227985141299, 0.8357362271078294658),
 ( 0.9934036227985141299, 0.8357362271078294658),
 ( 1.000000000000000000, 1.000000000000000000) ) ) 
 REPRESENTATION_ITEM ( '' )  SURFACE ( )  );
#5283 = B_SPLINE_CURVE_WITH_KNOTS ( 'NONE', 3,
 ( #4434, #2088, #2527, #4767, #2142, #367, #5271 ),
 .UNSPECIFIED., .F., .F.,
 ( 4, 3, 4 ),
 ( 9.658920997973945308E-17, 0.003806765355762660365, 0.01002496898031624180 ),
 .UNSPECIFIED. ) ;
#5284 = EDGE_CURVE ( 'NONE', #3547, #2337, #2322, .T. ) ;
#5285 = B_SPLINE_CURVE_WITH_KNOTS ( 'NONE', 3,
 ( #4249, #4727, #1513, #4603, #590, #3267, #2816, #1006 ),
 .UNSPECIFIED., .F., .F.,
 ( 4, 2, 2, 4 ),
 ( 5.421010862427522170E-19, 0.002211095967735171239, 0.003316643951602757292, 0.004422191935470344212 ),
 .UNSPECIFIED. ) ;
#5286 = CARTESIAN_POINT ( 'NONE',  ( 0.6480971303263367567, 6.670064725496350100, -17.30622377986100346 ) ) ;
#5287 = CARTESIAN_POINT ( 'NONE',  ( 8.891830625034106816, -10.72339948033740775, -6.710499338793550095 ) ) ;
#5288 = ORIENTED_EDGE ( 'NONE', *, *, #1616, .F. ) ;
#5289 = ORIENTED_EDGE ( 'NONE', *, *, #1052, .F. ) ;
#5290 = CARTESIAN_POINT ( 'NONE',  ( 8.080971495803110471, 11.39110307971753500, -3.221927258043558062 ) ) ;
#5291 = CARTESIAN_POINT ( 'NONE',  ( 0.6480971303263367567, 18.52036025205820380, -0.9956912648606485172 ) ) ;
#5292 = CARTESIAN_POINT ( 'NONE',  ( 8.082269409299119189, -3.770450136622477189, 11.22283934583988696 ) ) ;
#5293 = CARTESIAN_POINT ( 'NONE',  ( 22.09324635661532810, -0.0007381212216438272095, 0.01010921362861639042 ) ) ;
#5294 = ORIENTED_EDGE ( 'NONE', *, *, #115, .T. ) ;
#5295 = ORIENTED_EDGE ( 'NONE', *, *, #554, .F. ) ;
#5296 = DIRECTION ( 'NONE',  ( -1.000000000000000000, 0.000000000000000000, 0.000000000000000000 ) ) ;
#5297 = AXIS2_PLACEMENT_3D ( 'NONE', #3814, #2430, #2849 ) ;
#5298 = CARTESIAN_POINT ( 'NONE',  ( 0.6480971303263367567, -17.92159482384629499, -4.776147394168527072 ) ) ;
#5299 = AXIS2_PLACEMENT_3D ( 'NONE', #4524, #3631, #5451 ) ;
#5300 = CARTESIAN_POINT ( 'NONE',  ( 8.096103227782993628, -3.170745926815903726, -11.42109411224238436 ) ) ;
#5301 = CARTESIAN_POINT ( 'NONE',  ( 0.4960052067975748158, -18.39501418419229850, 0.9627173165654741016 ) ) ;
#5302 = DIRECTION ( 'NONE',  ( 1.000000000000000000, -0.000000000000000000, -0.000000000000000000 ) ) ;
#5303 = ORIENTED_EDGE ( 'NONE', *, *, #2499, .T. ) ;
#5304 = CARTESIAN_POINT ( 'NONE',  ( 3.304290419810175461, -18.57107262020857164, -10.23437882551884748 ) ) ;
#5305 = CARTESIAN_POINT ( 'NONE',  ( 3.515204589128663848, 3.818204060500772545, 21.07106689735823579 ) ) ;
#5306 = EDGE_CURVE ( 'NONE', #4868, #4455, #1687, .T. ) ;
#5307 = CARTESIAN_POINT ( 'NONE',  ( 2.635524340767394502, -8.201636355871970707, 18.82758664979870389 ) ) ;
#5308 = CARTESIAN_POINT ( 'NONE',  ( 8.082161297655167331, 11.20483408959128724, 3.823290506758302953 ) ) ;
#5309 =( BOUNDED_SURFACE ( )  B_SPLINE_SURFACE ( 3, 1, ( 
 ( #3250, #5064 ),
 ( #4975, #2799 ),
 ( #1852, #2239 ),
 ( #5487, #1403 ) ),
 .UNSPECIFIED., .F., .F., .F. ) 
 B_SPLINE_SURFACE_WITH_KNOTS ( ( 4, 4 ),
 ( 2, 2 ),
 ( 0.000000000000000000, 1.000000000000000000 ),
 ( 0.000000000000000000, 1.000000000000000000 ),
 .UNSPECIFIED. ) 
 GEOMETRIC_REPRESENTATION_ITEM ( )  RATIONAL_B_SPLINE_SURFACE ( (
 ( 1.000000000000000000, 1.000000000000000000),
 ( 0.9934036227985141299, 0.8357362271078294658),
 ( 0.9934036227985141299, 0.8357362271078294658),
 ( 1.000000000000000000, 1.000000000000000000) ) ) 
 REPRESENTATION_ITEM ( '' )  SURFACE ( )  );
#5310 = ORIENTED_EDGE ( 'NONE', *, *, #5006, .F. ) ;
#5311 =( REPRESENTATION_RELATIONSHIP ('NONE','NONE', #4673, #2879 ) REPRESENTATION_RELATIONSHIP_WITH_TRANSFORMATION ( #13 )SHAPE_REPRESENTATION_RELATIONSHIP( ) );
#5312 =( NAMED_UNIT ( * ) SI_UNIT ( $, .STERADIAN. ) SOLID_ANGLE_UNIT ( ) );
#5313 = CARTESIAN_POINT ( 'NONE',  ( 22.09374604753667626, 0.009375618690967989916, -0.004571497438469124611 ) ) ;
#5314 = DIRECTION ( 'NONE',  ( -0.7562523480584153468, -0.6533514100307021844, 0.03484710988054443709 ) ) ;
#5315 = VERTEX_POINT ( 'NONE', #2378 ) ;
#5316 = VERTEX_POINT ( 'NONE', #4195 ) ;
#5317 = CARTESIAN_POINT ( 'NONE',  ( 0.5844060700456816804, 18.45740718975730843, -0.9802532884914592071 ) ) ;
#5318 = EDGE_CURVE ( 'NONE', #2394, #1567, #4140, .T. ) ;
#5319 = CARTESIAN_POINT ( 'NONE',  ( 8.082315436206485515, -3.717467714216612595, 11.24041035612350115 ) ) ;
#5320 = DIRECTION ( 'NONE',  ( 0.7562523480584153468, -0.2350382599242776538, 0.6106057667823824309 ) ) ;
#5321 = ORIENTED_EDGE ( 'NONE', *, *, #2334, .F. ) ;
#5322 = CARTESIAN_POINT ( 'NONE',  ( 22.09374604753667626, 0.007244977936371258843, -0.007504072852116795180 ) ) ;
#5323 = AXIS2_PLACEMENT_3D ( 'NONE', #126, #477, #4 ) ;
#5324 = ORIENTED_EDGE ( 'NONE', *, *, #5465, .F. ) ;
#5325 = EDGE_CURVE ( 'NONE', #3787, #2806, #2891, .T. ) ;
#5326 = FACE_OUTER_BOUND ( 'NONE', #2016, .T. ) ;
#5327 = CARTESIAN_POINT ( 'NONE',  ( 0.5844060700456854551, -10.05595017251496337, 15.50853451509843417 ) ) ;
#5328 = FACE_OUTER_BOUND ( 'NONE', #2594, .T. ) ;
#5329 = CARTESIAN_POINT ( 'NONE',  ( 0.000000000000000000, 0.000000000000000000, 0.000000000000000000 ) ) ;
#5330 = CARTESIAN_POINT ( 'NONE',  ( 10.08627239375047324, -6.010808495292834230, 12.47007880054813000 ) ) ;
#5331 = EDGE_CURVE ( 'NONE', #2272, #1591, #772, .T. ) ;
#5332 = VERTEX_POINT ( 'NONE', #5802 ) ;
#5333 = CARTESIAN_POINT ( 'NONE',  ( 8.189061701664867243, 0.6361397645243344057, -11.92898796282612928 ) ) ;
#5334 = B_SPLINE_CURVE_WITH_KNOTS ( 'NONE', 3,
 ( #2874, #707, #4367, #211 ),
 .UNSPECIFIED., .F., .F.,
 ( 4, 4 ),
 ( 2.602085213965210642E-18, 0.002859022159863996299 ),
 .UNSPECIFIED. ) ;
#5335 = CARTESIAN_POINT ( 'NONE',  ( 1.789743172660313242, 15.17697366617010779, -12.60719369824033009 ) ) ;
#5336 = CARTESIAN_POINT ( 'NONE',  ( 0.4200341587692213441, -10.60233359151648536, -14.93948690478170960 ) ) ;
#5337 = CARTESIAN_POINT ( 'NONE',  ( 8.081819171567941495, 11.16795579878895062, 3.928679357105733239 ) ) ;
#5338 = CARTESIAN_POINT ( 'NONE',  ( 22.09182100077397237, 0.006615877186209352667, -0.006528057743295799346 ) ) ;
#5339 = ORIENTED_EDGE ( 'NONE', *, *, #1471, .T. ) ;
#5340 = ADVANCED_FACE ( 'NONE', ( #3006 ), #3489, .F. ) ;
#5341 = EDGE_CURVE ( 'NONE', #881, #1591, #3066, .T. ) ;
#5342 = CARTESIAN_POINT ( 'NONE',  ( 0.4126876516628502078, -5.076804625281982730, 17.60450345064205990 ) ) ;
#5343 = CARTESIAN_POINT ( 'NONE',  ( 4.346944931879078489, 8.880408095269011426, 18.42775291914039215 ) ) ;
#5344 = ORIENTED_EDGE ( 'NONE', *, *, #5318, .F. ) ;
#5345 = ORIENTED_EDGE ( 'NONE', *, *, #3498, .F. ) ;
#5346 = CARTESIAN_POINT ( 'NONE',  ( 0.4201985021554901500, -5.757698063725361415, 17.39116675331615269 ) ) ;
#5347 = FACE_OUTER_BOUND ( 'NONE', #5815, .T. ) ;
#5348 = DIRECTION ( 'NONE',  ( -1.000000000000000000, -0.000000000000000000, -0.000000000000000000 ) ) ;
#5349 = CARTESIAN_POINT ( 'NONE',  ( 0.4182233646136228611, -6.238853248511169625, 17.22201239169721632 ) ) ;
#5350 = VERTEX_POINT ( 'NONE', #1757 ) ;
#5351 =( BOUNDED_SURFACE ( )  B_SPLINE_SURFACE ( 3, 1, ( 
 ( #5767, #2572 ),
 ( #2513, #351 ),
 ( #5739, #1602 ),
 ( #3986, #1692 ) ),
 .UNSPECIFIED., .F., .F., .F. ) 
 B_SPLINE_SURFACE_WITH_KNOTS ( ( 4, 4 ),
 ( 2, 2 ),
 ( 0.000000000000000000, 1.000000000000000000 ),
 ( 0.000000000000000000, 1.000000000000000000 ),
 .UNSPECIFIED. ) 
 GEOMETRIC_REPRESENTATION_ITEM ( )  RATIONAL_B_SPLINE_SURFACE ( (
 ( 1.000000000000000000, 1.000000000000000000),
 ( 0.9594539417957813621, 0.9995981945367502508),
 ( 0.9594539417957813621, 0.9995981945367502508),
 ( 1.000000000000000000, 1.000000000000000000) ) ) 
 REPRESENTATION_ITEM ( '' )  SURFACE ( )  );
#5352 = DIRECTION ( 'NONE',  ( 0.7636347340829116037, 0.3619856454370456444, 0.5346292036539402881 ) ) ;
#5353 = ORIENTED_EDGE ( 'NONE', *, *, #3498, .T. ) ;
#5354 = CARTESIAN_POINT ( 'NONE',  ( 0.6480971303263367567, 15.56853882718288951, 10.08046346888059475 ) ) ;
#5355 = CARTESIAN_POINT ( 'NONE',  ( 0.6480971303263367567, -10.08046346888064626, 15.56853882718285398 ) ) ;
#5356 = CONICAL_SURFACE ( 'NONE', #4590, 13.84314574289256150, 0.8559913436420820698 ) ;
#5357 = FACE_OUTER_BOUND ( 'NONE', #5792, .T. ) ;
#5358 = CARTESIAN_POINT ( 'NONE',  ( 0.4176373827249044157, 17.62458198156996403, -4.988173467447016840 ) ) ;
#5359 = CARTESIAN_POINT ( 'NONE',  ( 3.663019018077784850, -9.717107951874799809, 19.51437814524481595 ) ) ;
#5360 = EDGE_LOOP ( 'NONE', ( #5684, #3649, #1262, #1800 ) ) ;
#5361 = CARTESIAN_POINT ( 'NONE',  ( 8.189129401831877431, 7.526383891260192804, 9.276884736776962015 ) ) ;
#5362 = CARTESIAN_POINT ( 'NONE',  ( 3.515204589130441537, 10.14264561317866509, -18.85988553533995926 ) ) ;
#5363 = DIRECTION ( 'NONE',  ( -0.7562523480584153468, 0.1687551180723791955, -0.6321424650982646609 ) ) ;
#5364 = CARTESIAN_POINT ( 'NONE',  ( 22.10281028718407725, -0.01483263762441125282, 0.001819261694755224023 ) ) ;
#5365 = CARTESIAN_POINT ( 'NONE',  ( 22.09182100077397237, 0.004164133372275080971, -0.008309353891893132490 ) ) ;
#5366 = ORIENTED_EDGE ( 'NONE', *, *, #4454, .F. ) ;
#5367 =( BOUNDED_SURFACE ( )  B_SPLINE_SURFACE ( 3, 1, ( 
 ( #4175, #5616 ),
 ( #3698, #3252 ),
 ( #549, #1885 ),
 ( #2360, #108 ) ),
 .UNSPECIFIED., .F., .F., .F. ) 
 B_SPLINE_SURFACE_WITH_KNOTS ( ( 4, 4 ),
 ( 2, 2 ),
 ( 0.000000000000000000, 1.000000000000000000 ),
 ( 0.000000000000000000, 1.000000000000000000 ),
 .UNSPECIFIED. ) 
 GEOMETRIC_REPRESENTATION_ITEM ( )  RATIONAL_B_SPLINE_SURFACE ( (
 ( 1.000000000000000000, 1.000000000000000000),
 ( 0.9934036227985141299, 0.8357362271078285776),
 ( 0.9934036227985141299, 0.8357362271078285776),
 ( 1.000000000000000000, 1.000000000000000000) ) ) 
 REPRESENTATION_ITEM ( '' )  SURFACE ( )  );
#5368 = CARTESIAN_POINT ( 'NONE',  ( 22.09182100077397237, 0.008309353891893115143, 0.004164133372275115666 ) ) ;
#5369 = CARTESIAN_POINT ( 'NONE',  ( 22.09255692238962965, 0.004361469442992997082, -0.008434103081284699543 ) ) ;
#5370 = CARTESIAN_POINT ( 'NONE',  ( 8.933971668274592659, -15.03282383812254253, -2.041462340808978926 ) ) ;
#5371 = ORIENTED_EDGE ( 'NONE', *, *, #432, .F. ) ;
#5372 = ORIENTED_EDGE ( 'NONE', *, *, #2532, .T. ) ;
#5373 = AXIS2_PLACEMENT_3D ( 'NONE', #228, #2039, #3862 ) ;
#5374 = LINE ( 'NONE', #1750, #2344 ) ;
#5375 = CARTESIAN_POINT ( 'NONE',  ( 9.539500336054873131, 12.22094266401788154, 5.268429492845154272 ) ) ;
#5376 = ADVANCED_FACE ( 'NONE', ( #5326 ), #5582, .F. ) ;
#5377 = EDGE_CURVE ( 'NONE', #4599, #2175, #5666, .T. ) ;
#5378 = EDGE_CURVE ( 'NONE', #2978, #544, #3967, .T. ) ;
#5379 = FACE_OUTER_BOUND ( 'NONE', #3287, .T. ) ;
#5380 = DIRECTION ( 'NONE',  ( 0.7636347340829117147, 0.3966028717769349288, -0.5094783165164233907 ) ) ;
#5381 = ORIENTED_EDGE ( 'NONE', *, *, #5268, .T. ) ;
#5382 = CARTESIAN_POINT ( 'NONE',  ( 0.4193753327645657891, 6.047271053276395136, 17.29173522588859413 ) ) ;
#5383 = ORIENTED_EDGE ( 'NONE', *, *, #1179, .T. ) ;
#5384 = LINE ( 'NONE', #530, #627 ) ;
#5385 = CARTESIAN_POINT ( 'NONE',  ( 0.4960052067975748158, -6.599970571953363674, -17.19720209562010282 ) ) ;
#5386 =( BOUNDED_SURFACE ( )  B_SPLINE_SURFACE ( 3, 1, ( 
 ( #5210, #3341 ),
 ( #4286, #2435 ),
 ( #5606, #3311 ),
 ( #3849, #4257 ) ),
 .UNSPECIFIED., .F., .F., .F. ) 
 B_SPLINE_SURFACE_WITH_KNOTS ( ( 4, 4 ),
 ( 2, 2 ),
 ( 0.000000000000000000, 1.000000000000000000 ),
 ( 0.000000000000000000, 1.000000000000000000 ),
 .UNSPECIFIED. ) 
 GEOMETRIC_REPRESENTATION_ITEM ( )  RATIONAL_B_SPLINE_SURFACE ( (
 ( 1.000000000000000000, 1.000000000000000000),
 ( 0.7790009610346629865, 0.9689941987838144311),
 ( 0.7790009610346629865, 0.9689941987838144311),
 ( 1.000000000000000000, 1.000000000000000000) ) ) 
 REPRESENTATION_ITEM ( '' )  SURFACE ( )  );
#5387 = CARTESIAN_POINT ( 'NONE',  ( 0.4126876516628503189, 18.31169662920711261, 0.6117626229490739087 ) ) ;
#5388 = CARTESIAN_POINT ( 'NONE',  ( 0.5845099095027014302, 17.85705769734333970, -4.771383994838935827 ) ) ;
#5389 = EDGE_LOOP ( 'NONE', ( #3614, #4125, #464, #2586 ) ) ;
#5390 = CARTESIAN_POINT ( 'NONE',  ( 8.150687306238468821, -11.49714922620050572, 3.099601127578107906 ) ) ;
#5391 = CIRCLE ( 'NONE', #4528, 13.84314574289256150 ) ;
#5392 = VECTOR ( 'NONE', #3292, 1000.000000000000227 ) ;
#5393 = EDGE_CURVE ( 'NONE', #3434, #4608, #3403, .T. ) ;
#5394 = DIRECTION ( 'NONE',  ( 0.7636347340829116037, 0.6070997002310097868, 0.2197542875157136866 ) ) ;
#5395 = CARTESIAN_POINT ( 'NONE',  ( 0.4201979075620133064, -10.85041614214817507, -14.76049432689414331 ) ) ;
#5396 = DIRECTION ( 'NONE',  ( -0.7562523480584152358, -0.3558384192823265679, 0.5490550112864727161 ) ) ;
#5397 = CARTESIAN_POINT ( 'NONE',  ( 22.09284734956529661, -0.002699733992273842687, -0.009439964330423798039 ) ) ;
#5398 = VERTEX_POINT ( 'NONE', #5264 ) ;
#5399 = EDGE_CURVE ( 'NONE', #3115, #4979, #1829, .T. ) ;
#5400 = APPLICATION_PROTOCOL_DEFINITION ( 'draft international standard', 'automotive_design', 1998, #5503 ) ;
#5401 = CARTESIAN_POINT ( 'NONE',  ( 8.230357535800608915, 3.084191986338736591, 11.58367230890923061 ) ) ;
#5402 = CARTESIAN_POINT ( 'NONE',  ( 0.4227027292401541181, 0.2040028437734416333, 18.32171170676644323 ) ) ;
#5403 = CARTESIAN_POINT ( 'NONE',  ( 22.09255692238962965, 0.006673540516228549865, -0.006754285118809238986 ) ) ;
#5404 = ORIENTED_EDGE ( 'NONE', *, *, #574, .T. ) ;
#5405 = EDGE_LOOP ( 'NONE', ( #3361, #443, #522, #5801 ) ) ;
#5406 = DIRECTION ( 'NONE',  ( -1.000000000000000000, -0.000000000000000000, -0.000000000000000000 ) ) ;
#5407 = CARTESIAN_POINT ( 'NONE',  ( 8.080972016268365365, -9.302176594514007135, 7.321718109830243293 ) ) ;
#5408 = CARTESIAN_POINT ( 'NONE',  ( 0.5844060700456842339, 14.35617766212567581, -11.64203331087773563 ) ) ;
#5409 = CARTESIAN_POINT ( 'NONE',  ( 1.663814822678797212, 12.57813772451945589, -14.98344533010215507 ) ) ;
#5410 = ORIENTED_EDGE ( 'NONE', *, *, #1200, .T. ) ;
#5411 = CARTESIAN_POINT ( 'NONE',  ( 8.081286344341222616, -9.805187248470497607, 6.633274307312254869 ) ) ;
#5412 = ORIENTED_EDGE ( 'NONE', *, *, #3971, .T. ) ;
#5413 = CARTESIAN_POINT ( 'NONE',  ( 8.150690745220673605, -7.479470033105409144, -9.265504249201502063 ) ) ;
#5414 = EDGE_CURVE ( 'NONE', #1673, #4031, #5524, .T. ) ;
#5415 = EDGE_CURVE ( 'NONE', #3005, #11, #2601, .T. ) ;
#5416 = DIRECTION ( 'NONE',  ( 0.000000000000000000, 0.000000000000000000, 1.000000000000000000 ) ) ;
#5417 = CARTESIAN_POINT ( 'NONE',  ( 8.727656808823414991, -10.65193574381807906, -11.13367452574598637 ) ) ;
#5418 = CARTESIAN_POINT ( 'NONE',  ( 0.6480971303263367567, 18.52036025205820380, -0.9956912648606485172 ) ) ;
#5419 = VERTEX_POINT ( 'NONE', #3118 ) ;
#5420 = CARTESIAN_POINT ( 'NONE',  ( 22.09182100077397237, -0.004164133372275143422, 0.008309353891893101265 ) ) ;
#5421 = B_SPLINE_CURVE_WITH_KNOTS ( 'NONE', 3,
 ( #5330, #5665, #250, #754, #1704, #308, #5783 ),
 .UNSPECIFIED., .F., .F.,
 ( 4, 3, 4 ),
 ( 0.000000000000000000, 0.002636963911865855374, 0.01002496898031677089 ),
 .UNSPECIFIED. ) ;
#5422 = CARTESIAN_POINT ( 'NONE',  ( 8.150687306238467045, -0.6049186474617282983, 11.89226811460115130 ) ) ;
#5423 = CARTESIAN_POINT ( 'NONE',  ( 10.08627239375047324, 1.863152317086278487, 13.71719167695415642 ) ) ;
#5424 = CARTESIAN_POINT ( 'NONE',  ( 0.4201982050972177252, 2.250397674467486219E-15, 18.31920718262799497 ) ) ;
#5425 = AXIS2_PLACEMENT_3D ( 'NONE', #1833, #2690, #468 ) ;
#5426 = VERTEX_POINT ( 'NONE', #975 ) ;
#5427 = EDGE_CURVE ( 'NONE', #2104, #3434, #1469, .T. ) ;
#5428 = CARTESIAN_POINT ( 'NONE',  ( 8.080971495803135340, -9.302116303998506197, -7.321794649931129051 ) ) ;
#5429 = CARTESIAN_POINT ( 'NONE',  ( 0.6337479801890594233, -0.9963524547566707801, -18.53275695733655581 ) ) ;
#5430 = CARTESIAN_POINT ( 'NONE',  ( 1.911690948751679553, -1.505157582241122061, 19.75393079867704671 ) ) ;
#5431 = CARTESIAN_POINT ( 'NONE',  ( 0.4126876516628503189, -17.60450345064211319, 5.076804625281790884 ) ) ;
#5432 = ORIENTED_EDGE ( 'NONE', *, *, #2457, .T. ) ;
#5433 = EDGE_LOOP ( 'NONE', ( #1300, #2050, #2841, #1272 ) ) ;
#5434 = CARTESIAN_POINT ( 'NONE',  ( 0.4409628251481819694, 15.28902671869207808, 10.12940748553216075 ) ) ;
#5435 = CARTESIAN_POINT ( 'NONE',  ( 1.161569255189995209, -16.06607803794171474, 10.25650460050290569 ) ) ;
#5436 = CARTESIAN_POINT ( 'NONE',  ( 0.4200333337418749591, -10.60206601003643101, 14.93967501781337859 ) ) ;
#5437 = CARTESIAN_POINT ( 'NONE',  ( 1.911690948752235109, -19.75393079867756896, -1.505157582241504644 ) ) ;
#5438 = ORIENTED_EDGE ( 'NONE', *, *, #4941, .T. ) ;
#5439 = CARTESIAN_POINT ( 'NONE',  ( 8.081286344341224392, 4.033622304792511493, -11.12977610358346858 ) ) ;
#5440 = CARTESIAN_POINT ( 'NONE',  ( 22.09374604753667626, 0.01032941364857224188, -0.001450526919794150075 ) ) ;
#5441 = CARTESIAN_POINT ( 'NONE',  ( 5.129410166199409815, -3.486249813312667367, -19.24107177028613691 ) ) ;
#5442 = CARTESIAN_POINT ( 'NONE',  ( 6.010425613513076470, -3.305071712933326467, 18.24228099043951445 ) ) ;
#5443 = CARTESIAN_POINT ( 'NONE',  ( 8.081286344341224392, -11.83150392928987849, 0.3969128176507001893 ) ) ;
#5444 = CARTESIAN_POINT ( 'NONE',  ( 0.5845099095027013192, -14.35624590234756859, -11.64211400149399012 ) ) ;
#5445 = CARTESIAN_POINT ( 'NONE',  ( 0.4126876516628503189, -10.26841886461239106, -15.17405881654032029 ) ) ;
#5446 = VERTEX_POINT ( 'NONE', #4491 ) ;
#5447 = ADVANCED_FACE ( 'NONE', ( #920 ), #2120, .F. ) ;
#5448 = CARTESIAN_POINT ( 'NONE',  ( 0.4227027292401573932, 10.93427370550543287, -14.70266627381655233 ) ) ;
#5449 = EDGE_CURVE ( 'NONE', #3081, #4408, #2282, .T. ) ;
#5450 = B_SPLINE_CURVE_WITH_KNOTS ( 'NONE', 3,
 ( #1329, #442, #499, #2723, #1895, #4044, #2251, #4545, #4099, #862, #528, #2665, #5439 ),
 .UNSPECIFIED., .F., .F.,
 ( 4, 3, 3, 3, 4 ),
 ( 1.301042606982605321E-18, 0.0003060394048542596835, 0.0004590327578743539911, 0.0006264795226578680383, 0.0007939722156138016547 ),
 .UNSPECIFIED. ) ;
#5451 = DIRECTION ( 'NONE',  ( 0.000000000000000000, 0.000000000000000000, 1.000000000000000000 ) ) ;
#5452 = CARTESIAN_POINT ( 'NONE',  ( 0.6337479801890598674, -14.40767405211438401, 11.69934729212856439 ) ) ;
#5453 = CARTESIAN_POINT ( 'NONE',  ( 0.4960052067975744827, -6.599970571953603482, 17.19720209562001401 ) ) ;
#5454 = VERTEX_POINT ( 'NONE', #3652 ) ;
#5455 = APPLICATION_PROTOCOL_DEFINITION ( 'draft international standard', 'automotive_design', 1998, #825 ) ;
#5456 = B_SPLINE_CURVE_WITH_KNOTS ( 'NONE', 3,
 ( #948, #2309, #4275, #1926, #2842, #5649 ),
 .UNSPECIFIED., .F., .F.,
 ( 4, 2, 4 ),
 ( 1.118358613895790570E-17, 0.0002687592685055708924, 0.0005375185370111305091 ),
 .UNSPECIFIED. ) ;
#5457 = CARTESIAN_POINT ( 'NONE',  ( 0.4200341587692231760, -5.466863109327222858, -17.48459763070972173 ) ) ;
#5458 = CARTESIAN_POINT ( 'NONE',  ( 8.150687306238463492, 11.89226811460115130, 0.6049186474616857767 ) ) ;
#5459 = CARTESIAN_POINT ( 'NONE',  ( 10.08627239375047324, -6.555441082950864029, 12.19257463651235796 ) ) ;
#5460 = CARTESIAN_POINT ( 'NONE',  ( 0.6480971303263367567, -0.9956912648604544502, -18.52036025205821446 ) ) ;
#5461 = VERTEX_POINT ( 'NONE', #5472 ) ;
#5462 = ORIENTED_EDGE ( 'NONE', *, *, #3629, .F. ) ;
#5463 = CARTESIAN_POINT ( 'NONE',  ( 10.08627239375047324, -13.62157025872561000, -2.466882191262156798 ) ) ;
#5464 = CARTESIAN_POINT ( 'NONE',  ( 0.6337479801890598674, 6.674524347060674323, 17.31780942828221725 ) ) ;
#5465 = EDGE_CURVE ( 'NONE', #2476, #608, #5384, .T. ) ;
#5466 = CARTESIAN_POINT ( 'NONE',  ( 3.515204589130498825, -21.07106689736006899, 3.818204060498803454 ) ) ;
#5467 = CARTESIAN_POINT ( 'NONE',  ( 0.4201982046941598048, 10.76798345734379936, 14.82038744593581470 ) ) ;
#5468 = ORIENTED_EDGE ( 'NONE', *, *, #1999, .F. ) ;
#5469 = CARTESIAN_POINT ( 'NONE',  ( 0.4193760241474228101, 5.271618977591225885, 17.54376434975660715 ) ) ;
#5470 = B_SPLINE_CURVE_WITH_KNOTS ( 'NONE', 3,
 ( #2147, #5247, #4325, #3051, #256, #4771, #2535, #3916, #2592, #3858, #3019, #1647, #3472 ),
 .UNSPECIFIED., .F., .F.,
 ( 4, 3, 3, 3, 4 ),
 ( 1.246832498358330099E-18, 0.0003060394048542600630, 0.0004590327578743543706, 0.0006264795226578682551, 0.0007939722156138015463 ),
 .UNSPECIFIED. ) ;
#5471 = CARTESIAN_POINT ( 'NONE',  ( 0.5844060700456903401, -18.45740718975730488, 0.9802532884913297551 ) ) ;
#5472 = CARTESIAN_POINT ( 'NONE',  ( 3.515204589130437984, -15.47425434527200849, -14.80256717257137566 ) ) ;
#5473 = AXIS2_PLACEMENT_3D ( 'NONE', #2580, #5296, #4847 ) ;
#5474 = CARTESIAN_POINT ( 'NONE',  ( 0.4078353108599468979, -15.28625667210325290, -10.10573646946199311 ) ) ;
#5475 = CARTESIAN_POINT ( 'NONE',  ( 3.515204589130498825, -21.07106689736006899, 3.818204060498803454 ) ) ;
#5476 = CARTESIAN_POINT ( 'NONE',  ( 8.230357535800605362, -6.512792486836263883, 10.06365929432210748 ) ) ;
#5477 = CARTESIAN_POINT ( 'NONE',  ( 22.09374604753667626, 0.01032941364857354639, 0.001450526919793343646 ) ) ;
#5478 = ORIENTED_EDGE ( 'NONE', *, *, #765, .F. ) ;
#5479 = LINE ( 'NONE', #5543, #3570 ) ;
#5480 = FACE_OUTER_BOUND ( 'NONE', #4749, .T. ) ;
#5481 = CARTESIAN_POINT ( 'NONE',  ( 7.369041213193484374, 12.26503915231849895, -11.73378888757563665 ) ) ;
#5482 = CARTESIAN_POINT ( 'NONE',  ( 22.09324635661532810, -0.003825913808670810667, -0.009386341494719216416 ) ) ;
#5483 = ORIENTED_EDGE ( 'NONE', *, *, #2046, .F. ) ;
#5484 = CIRCLE ( 'NONE', #545, 17.89900897828498927 ) ;
#5485 = VECTOR ( 'NONE', #4806, 1000.000000000000114 ) ;
#5486 = ADVANCED_FACE ( 'NONE', ( #2341 ), #2530, .F. ) ;
#5487 = CARTESIAN_POINT ( 'NONE',  ( 22.09255692238962965, -0.009369076872892703051, -0.001541722749953693258 ) ) ;
#5488 = VECTOR ( 'NONE', #2166, 1000.000000000000114 ) ;
#5489 = CARTESIAN_POINT ( 'NONE',  ( 0.6480971303263367567, 6.670064725496105851, 17.30622377986110294 ) ) ;
#5490 = CIRCLE ( 'NONE', #3022, 13.84314574289256150 ) ;
#5491 = CARTESIAN_POINT ( 'NONE',  ( 8.082161297655167331, -7.098649502977375292, 9.474968733891122596 ) ) ;
#5492 = CARTESIAN_POINT ( 'NONE',  ( 22.09712324851893683, -0.009073241573049709366, -0.01137293111426640468 ) ) ;
#5493 = ORIENTED_EDGE ( 'NONE', *, *, #4024, .F. ) ;
#5494 = VERTEX_POINT ( 'NONE', #1784 ) ;
#5495 = B_SPLINE_CURVE_WITH_KNOTS ( 'NONE', 3,
 ( #3026, #1652, #4861, #3865, #1688, #1178, #3505, #4391 ),
 .UNSPECIFIED., .F., .F.,
 ( 4, 2, 2, 4 ),
 ( 0.000000000000000000, 0.002211116461524410218, 0.003316674692286615544, 0.004422232923048820437 ),
 .UNSPECIFIED. ) ;
#5496 = CARTESIAN_POINT ( 'NONE',  ( 22.09284734956529661, 0.002699733992272369040, -0.009439964330423270683 ) ) ;
#5497 = B_SPLINE_CURVE_WITH_KNOTS ( 'NONE', 3,
 ( #4076, #503, #1785, #5506, #30, #3178, #2313 ),
 .UNSPECIFIED., .F., .F.,
 ( 4, 3, 4 ),
 ( 0.000000000000000000, 0.002636963911865920426, 0.01002496898031686803 ),
 .UNSPECIFIED. ) ;
#5498 = CARTESIAN_POINT ( 'NONE',  ( 1.165599648441770331, 10.27963982187873704, -16.05608516862985979 ) ) ;
#5499 = DIRECTION ( 'NONE',  ( 0.000000000000000000, 0.000000000000000000, 1.000000000000000000 ) ) ;
#5500 = ORIENTED_EDGE ( 'NONE', *, *, #1669, .T. ) ;
#5501 = CARTESIAN_POINT ( 'NONE',  ( 0.4182233646136245819, 6.238853248511044391, 17.22201239169725540 ) ) ;
#5502 = CARTESIAN_POINT ( 'NONE',  ( 0.4176364164252705513, -18.30339795185683727, 0.7024099595307282673 ) ) ;
#5503 = APPLICATION_CONTEXT ( 'automotive_design' ) ;
#5504 = CARTESIAN_POINT ( 'NONE',  ( 6.743615739646606322, -3.154294454835347761, -17.41107684159947766 ) ) ;
#5505 = EDGE_CURVE ( 'NONE', #1605, #4967, #1759, .T. ) ;
#5506 = CARTESIAN_POINT ( 'NONE',  ( 8.357821303193631479, 6.875012526228631238, -14.26428806731431465 ) ) ;
#5507 = CARTESIAN_POINT ( 'NONE',  ( 6.743615739646695140, 17.41107684159938174, -3.154294454835270489 ) ) ;
#5508 = CARTESIAN_POINT ( 'NONE',  ( 8.082161297655170884, -11.83789221593258212, -0.1736811973065078007 ) ) ;
#5509 = CARTESIAN_POINT ( 'NONE',  ( 0.4410764106479142521, -14.35815555494841966, -11.41081724794785401 ) ) ;
#5510 = FACE_OUTER_BOUND ( 'NONE', #1503, .T. ) ;
#5511 = ORIENTED_EDGE ( 'NONE', *, *, #4799, .F. ) ;
#5512 = CARTESIAN_POINT ( 'NONE',  ( 8.081286344341224392, -11.12977610358353964, 4.033622304792311652 ) ) ;
#5513 = CARTESIAN_POINT ( 'NONE',  ( 11.25262228702623979, 9.151631263062913746, -0.3080620461960340561 ) ) ;
#5514 = CARTESIAN_POINT ( 'NONE',  ( 1.789743172660313242, -7.300210932879115155, -18.32999680698400624 ) ) ;
#5515 = ADVANCED_FACE ( 'NONE', ( #4127 ), #3527, .F. ) ;
#5516 = CARTESIAN_POINT ( 'NONE',  ( 8.096182984839499497, -11.42121412822472948, -3.170610446342644551 ) ) ;
#5517 = EDGE_LOOP ( 'NONE', ( #5493, #678, #3993, #2714 ) ) ;
#5518 = CARTESIAN_POINT ( 'NONE',  ( 11.25262228702623979, -2.535025170081463664, -8.798914955062949517 ) ) ;
#5519 = CARTESIAN_POINT ( 'NONE',  ( 0.000000000000000000, 0.000000000000000000, 0.000000000000000000 ) ) ;
#5520 = DIRECTION ( 'NONE',  ( -1.000000000000000000, -0.000000000000000000, -0.000000000000000000 ) ) ;
#5521 = CARTESIAN_POINT ( 'NONE',  ( 8.082162653057828550, 6.802027618238115636, -9.690490208268377259 ) ) ;
#5522 = CARTESIAN_POINT ( 'NONE',  ( 0.6337479801890597564, -11.69934729212871538, 14.40767405211426144 ) ) ;
#5523 = ORIENTED_EDGE ( 'NONE', *, *, #3495, .F. ) ;
#5524 = B_SPLINE_CURVE_WITH_KNOTS ( 'NONE', 3,
 ( #4989, #2, #1415, #4046, #90, #4602, #864 ),
 .UNSPECIFIED., .F., .F.,
 ( 4, 3, 4 ),
 ( 2.360375611032556319E-16, 0.003806765355762675978, 0.01002496898031622445 ),
 .UNSPECIFIED. ) ;
#5525 = ORIENTED_EDGE ( 'NONE', *, *, #1630, .T. ) ;
#5526 = EDGE_CURVE ( 'NONE', #3566, #5650, #5732, .T. ) ;
#5527 = CARTESIAN_POINT ( 'NONE',  ( 22.09182100077397237, 0.009170024695619371710, -0.001515261008719427692 ) ) ;
#5528 = EDGE_CURVE ( 'NONE', #863, #3680, #4278, .T. ) ;
#5529 = CARTESIAN_POINT ( 'NONE',  ( 3.304290419810173685, 10.23437882551891498, -18.57107262020855032 ) ) ;
#5530 = CARTESIAN_POINT ( 'NONE',  ( 8.150687306238470597, -11.12328894164051007, -4.250224770572049948 ) ) ;
#5531 = ORIENTED_EDGE ( 'NONE', *, *, #1849, .T. ) ;
#5532 = CARTESIAN_POINT ( 'NONE',  ( 11.36374701386286823, 7.198700979242653730, 5.850579861704438223 ) ) ;
#5533 = ORIENTED_EDGE ( 'NONE', *, *, #4517, .F. ) ;
#5534 = CARTESIAN_POINT ( 'NONE',  ( 0.4197044002284094355, -17.51424310904018000, -5.369036052585672181 ) ) ;
#5535 = CARTESIAN_POINT ( 'NONE',  ( 0.4960052067975744827, -4.768773417413555649, -17.79219411881571844 ) ) ;
#5536 = CARTESIAN_POINT ( 'NONE',  ( 22.10703667329342181, -0.01041089088770170805, 0.004043891623593663665 ) ) ;
#5537 = CARTESIAN_POINT ( 'NONE',  ( 22.09712324851893683, -0.01402524781097050019, -0.003867776960171531112 ) ) ;
#5538 = DIRECTION ( 'NONE',  ( -1.000000000000000000, -0.000000000000000000, -0.000000000000000000 ) ) ;
#5539 = CARTESIAN_POINT ( 'NONE',  ( 0.5251705844569032333, -14.33855408788785724, -11.56982749897273699 ) ) ;
#5540 = CARTESIAN_POINT ( 'NONE',  ( 2.831810311861893137, 19.08561492445033281, 8.346857585883951103 ) ) ;
#5541 = ADVANCED_FACE ( 'NONE', ( #1040 ), #300, .F. ) ;
#5542 = ORIENTED_EDGE ( 'NONE', *, *, #2080, .T. ) ;
#5543 = CARTESIAN_POINT ( 'NONE',  ( 11.25262228702623979, 8.608522139869934975, 3.120994002997469430 ) ) ;
#5544 = LINE ( 'NONE', #4289, #837 ) ;
#5545 = FACE_OUTER_BOUND ( 'NONE', #3642, .T. ) ;
#5546 = CARTESIAN_POINT ( 'NONE',  ( 22.09374604753667626, 0.01027209362899746820, 0.001812431280205598289 ) ) ;
#5547 =( BOUNDED_SURFACE ( )  B_SPLINE_SURFACE ( 3, 1, ( 
 ( #5, #2350 ),
 ( #3181, #4164 ),
 ( #96, #5540 ),
 ( #421, #1455 ) ),
 .UNSPECIFIED., .F., .F., .F. ) 
 B_SPLINE_SURFACE_WITH_KNOTS ( ( 4, 4 ),
 ( 2, 2 ),
 ( 0.000000000000000000, 1.000000000000000000 ),
 ( 0.000000000000000000, 1.000000000000000000 ),
 .UNSPECIFIED. ) 
 GEOMETRIC_REPRESENTATION_ITEM ( )  RATIONAL_B_SPLINE_SURFACE ( (
 ( 1.000000000000000000, 1.000000000000000000),
 ( 0.7790009610346629865, 0.9689941987838144311),
 ( 0.7790009610346629865, 0.9689941987838144311),
 ( 1.000000000000000000, 1.000000000000000000) ) ) 
 REPRESENTATION_ITEM ( '' )  SURFACE ( )  );
#5548 = ORIENTED_EDGE ( 'NONE', *, *, #797, .T. ) ;
#5549 = CARTESIAN_POINT ( 'NONE',  ( 0.4188817388287978116, -6.143241149112736110, -17.25734911289641715 ) ) ;
#5550 = CARTESIAN_POINT ( 'NONE',  ( 7.813880306852852620, 0.000000000000000000, 0.000000000000000000 ) ) ;
#5551 = CARTESIAN_POINT ( 'NONE',  ( 0.5845099095027016523, -15.50863234382297406, 10.05599013805113984 ) ) ;
#5552 = LINE ( 'NONE', #577, #2627 ) ;
#5553 = UNCERTAINTY_MEASURE_WITH_UNIT (LENGTH_MEASURE( 1.000000000000000082E-05 ), #730, 'distance_accuracy_value', 'NONE');
#5554 = EDGE_LOOP ( 'NONE', ( #1401, #2271, #244, #2506 ) ) ;
#5555 = ORIENTED_EDGE ( 'NONE', *, *, #50, .F. ) ;
#5556 = CARTESIAN_POINT ( 'NONE',  ( 22.09255692238962965, 0.009369076872892713459, 0.001541722749953632326 ) ) ;
#5557 = CARTESIAN_POINT ( 'NONE',  ( 0.4409628251481761962, -4.909069911795837626, 17.67088754460104383 ) ) ;
#5558 = CARTESIAN_POINT ( 'NONE',  ( 0.4176364164252633349, -11.32672897722024175, -14.39489378258429397 ) ) ;
#5559 = ORIENTED_EDGE ( 'NONE', *, *, #1899, .T. ) ;
#5560 = CARTESIAN_POINT ( 'NONE',  ( 22.09374604753667626, 0.01032941364857354639, 0.001450526919793343646 ) ) ;
#5561 = CARTESIAN_POINT ( 'NONE',  ( 22.09374604753667626, 0.01027209362899845699, -0.001812431280206769010 ) ) ;
#5562 = EDGE_CURVE ( 'NONE', #2089, #3057, #588, .T. ) ;
#5563 = EDGE_CURVE ( 'NONE', #2914, #4715, #2018, .T. ) ;
#5564 = CARTESIAN_POINT ( 'NONE',  ( 0.4188817388287923715, 5.173628812047456726, -17.57239525891935372 ) ) ;
#5565 = CARTESIAN_POINT ( 'NONE',  ( 2.635524340767395390, -13.61826393838995664, 15.37165395375482291 ) ) ;
#5566 = CARTESIAN_POINT ( 'NONE',  ( 8.096103227782995404, 4.147963344581280687, -11.10357692570854482 ) ) ;
#5567 = CARTESIAN_POINT ( 'NONE',  ( 22.09255692238962965, 0.004259725308153011585, -0.008485944307323295757 ) ) ;
#5568 = CARTESIAN_POINT ( 'NONE',  ( 22.09284734956529661, 0.008143675906139038329, -0.005484709010009821036 ) ) ;
#5569 = ORIENTED_EDGE ( 'NONE', *, *, #4685, .F. ) ;
#5570 = B_SPLINE_CURVE_WITH_KNOTS ( 'NONE', 3,
 ( #434, #5343, #4951, #2684, #4978, #1827, #3079 ),
 .UNSPECIFIED., .F., .F.,
 ( 4, 3, 4 ),
 ( 1.233039750559929192E-15, 0.003806765355762815189, 0.01002496898031745610 ),
 .UNSPECIFIED. ) ;
#5571 = CARTESIAN_POINT ( 'NONE',  ( 8.082322697556731939, 0.06064242629927876077, 11.83907956631289693 ) ) ;
#5572 = VERTEX_POINT ( 'NONE', #261 ) ;
#5573 = CARTESIAN_POINT ( 'NONE',  ( 0.4182233646136228611, 5.075506595180987901, 17.60000663291082645 ) ) ;
#5574 = CARTESIAN_POINT ( 'NONE',  ( 2.396304448592971426, -1.824681945605972411, -20.21360350982780218 ) ) ;
#5575 = CARTESIAN_POINT ( 'NONE',  ( 8.081585098691663305, -0.3411204583603384966, 11.83367452437121337 ) ) ;
#5576 = VERTEX_POINT ( 'NONE', #2371 ) ;
#5577 = CARTESIAN_POINT ( 'NONE',  ( 8.891830625034108593, 12.27221728904002873, 3.068351446858089027 ) ) ;
#5578 = ADVANCED_FACE ( 'NONE', ( #4307 ), #1511, .F. ) ;
#5579 = CARTESIAN_POINT ( 'NONE',  ( 7.369041213193159301, -14.94960191710135966, -8.038805233759031665 ) ) ;
#5580 = CARTESIAN_POINT ( 'NONE',  ( 8.230357535800605362, 7.558545190369470035, 9.303875481428647731 ) ) ;
#5581 = CARTESIAN_POINT ( 'NONE',  ( 1.161569255190194605, -14.71920668139767940, -12.11031398485089738 ) ) ;
#5582 =( BOUNDED_SURFACE ( )  B_SPLINE_SURFACE ( 3, 1, ( 
 ( #4019, #1250 ),
 ( #1162, #834 ),
 ( #2081, #4872 ),
 ( #3935, #1222 ) ),
 .UNSPECIFIED., .F., .F., .F. ) 
 B_SPLINE_SURFACE_WITH_KNOTS ( ( 4, 4 ),
 ( 2, 2 ),
 ( 0.000000000000000000, 1.000000000000000000 ),
 ( 0.000000000000000000, 1.000000000000000000 ),
 .UNSPECIFIED. ) 
 GEOMETRIC_REPRESENTATION_ITEM ( )  RATIONAL_B_SPLINE_SURFACE ( (
 ( 1.000000000000000000, 1.000000000000000000),
 ( 0.7790009610346629865, 0.9689941987838144311),
 ( 0.7790009610346629865, 0.9689941987838144311),
 ( 1.000000000000000000, 1.000000000000000000) ) ) 
 REPRESENTATION_ITEM ( '' )  SURFACE ( )  );
#5583 = CONICAL_SURFACE ( 'NONE', #2536, 13.84314574289256150, 0.8559913436420820698 ) ;
#5584 = CARTESIAN_POINT ( 'NONE',  ( 8.357821303193647466, 14.26428806731437859, 6.875012526228477583 ) ) ;
#5585 = CIRCLE ( 'NONE', #3015, 10.00000000000000000 ) ;
#5586 = ORIENTED_EDGE ( 'NONE', *, *, #573, .F. ) ;
#5587 = EDGE_LOOP ( 'NONE', ( #1607, #4804, #2410, #688, #2250, #4305, #4071, #1654, #227, #5753, #5700, #1011, #2549, #4186, #4671, #5410, #428, #3110, #3925, #2308, #2858, #5339, #3740, #282, #993, #4878, #5548, #3200, #658, #493, #2311, #4448, #3876, #5014, #3711, #349, #2598, #5602, #3866, #5163, #1160, #118, #3720, #4420, #3212, #4180, #841, #2301, #4483, #5821, #5880, #510, #4401, #5294, #5344, #5888, #4051, #601, #2779, #769, #4254, #4892, #523, #1563 ) ) ;
#5588 = EDGE_CURVE ( 'NONE', #141, #140, #1512, .T. ) ;
#5589 = CARTESIAN_POINT ( 'NONE',  ( 22.09712324851893683, -0.003867776960171481673, 0.01402524781097050886 ) ) ;
#5590 = AXIS2_PLACEMENT_3D ( 'NONE', #5146, #5538, #1073 ) ;
#5591 = VECTOR ( 'NONE', #819, 1000.000000000000114 ) ;
#5592 = CARTESIAN_POINT ( 'NONE',  ( 10.08627239375047324, 6.010808495292922160, -12.47007880054808915 ) ) ;
#5593 = CARTESIAN_POINT ( 'NONE',  ( 3.515204589130440649, 3.818204060499704511, -21.07106689736050598 ) ) ;
#5594 = EDGE_CURVE ( 'NONE', #4909, #1067, #4724, .T. ) ;
#5595 = VERTEX_POINT ( 'NONE', #2483 ) ;
#5596 = CARTESIAN_POINT ( 'NONE',  ( 22.09255692238962965, 0.001541722749955000155, 0.009369076872893246019 ) ) ;
#5597 = CARTESIAN_POINT ( 'NONE',  ( 8.081286344341222616, -7.275492736841675523, -9.338588247148566168 ) ) ;
#5598 = CARTESIAN_POINT ( 'NONE',  ( 50.00005079999999680, 0.000000000000000000, 0.3999999999999993006 ) ) ;
#5599 = CARTESIAN_POINT ( 'NONE',  ( 0.6337479801890594233, -15.57895661009720634, -10.08721515555778403 ) ) ;
#5600 = CARTESIAN_POINT ( 'NONE',  ( 2.635524340768407470, 1.982175462681504685, -20.44054398505146608 ) ) ;
#5601 = CARTESIAN_POINT ( 'NONE',  ( 3.515204589128320123, 0.000000000000000000, -21.41421356110392082 ) ) ;
#5602 = ORIENTED_EDGE ( 'NONE', *, *, #4971, .T. ) ;
#5603 = CARTESIAN_POINT ( 'NONE',  ( 0.4188821999575217392, 11.17532763835794718, -14.51439264485819258 ) ) ;
#5604 = ORIENTED_EDGE ( 'NONE', *, *, #3896, .F. ) ;
#5605 = B_SPLINE_CURVE_WITH_KNOTS ( 'NONE', 3,
 ( #824, #2633, #269, #3898, #5708, #1243, #3030, #1627 ),
 .UNSPECIFIED., .F., .F.,
 ( 4, 2, 2, 4 ),
 ( 4.336808689942017736E-18, 0.002211095967735186851, 0.003316643951602778109, 0.004422191935470370233 ),
 .UNSPECIFIED. ) ;
#5606 = CARTESIAN_POINT ( 'NONE',  ( 22.09712324851893683, -0.003867776960171473866, -0.01402524781096887475 ) ) ;
#5607 = EDGE_CURVE ( 'NONE', #4659, #3076, #59, .T. ) ;
#5608 = CARTESIAN_POINT ( 'NONE',  ( 8.230357535800608915, -4.313548019702501790, 11.18423031998658601 ) ) ;
#5609 = EDGE_CURVE ( 'NONE', #2744, #1067, #204, .T. ) ;
#5610 = CARTESIAN_POINT ( 'NONE',  ( 22.09374604753667626, -0.004571497438468785472, 0.009375618690969464430 ) ) ;
#5611 = CARTESIAN_POINT ( 'NONE',  ( 0.4182233646136210847, 0.6116075298352183776, 18.30701878804082128 ) ) ;
#5612 = ORIENTED_EDGE ( 'NONE', *, *, #809, .T. ) ;
#5613 = CARTESIAN_POINT ( 'NONE',  ( 10.08627239375047324, -2.466882191262109281, 13.62157025872561711 ) ) ;
#5614 = DIRECTION ( 'NONE',  ( -1.000000000000000000, -0.000000000000000000, -0.000000000000000000 ) ) ;
#5615 = CARTESIAN_POINT ( 'NONE',  ( 8.081286344341224392, 11.12977610358356984, -4.033622304792239710 ) ) ;
#5616 = CARTESIAN_POINT ( 'NONE',  ( 0.4126876516628503189, 14.45488872119375401, 11.25827158159094665 ) ) ;
#5617 = CARTESIAN_POINT ( 'NONE',  ( 2.635524340766543627, 20.44054398504975367, 1.982175462679850675 ) ) ;
#5618 = VERTEX_POINT ( 'NONE', #1005 ) ;
#5619 = VERTEX_POINT ( 'NONE', #3364 ) ;
#5620 = CARTESIAN_POINT ( 'NONE',  ( 0.9068532551531084396, -17.53008279129110392, -6.808747509790297414 ) ) ;
#5621 = CARTESIAN_POINT ( 'NONE',  ( 0.6480971303263403094, -4.776147394168464899, 17.92159482384631630 ) ) ;
#5622 = CARTESIAN_POINT ( 'NONE',  ( 22.10281028718407725, 0.01483263762440959616, 0.001819261694755334394 ) ) ;
#5623 = ORIENTED_EDGE ( 'NONE', *, *, #1542, .T. ) ;
#5624 = CARTESIAN_POINT ( 'NONE',  ( 3.515204589128168244, 2.879989908612509808, 21.21966542071173478 ) ) ;
#5625 = FACE_OUTER_BOUND ( 'NONE', #2836, .T. ) ;
#5626 = B_SPLINE_CURVE_WITH_KNOTS ( 'NONE', 3,
 ( #4578, #3689, #980, #4192, #2349, #5085 ),
 .UNSPECIFIED., .F., .F.,
 ( 4, 2, 4 ),
 ( 1.748223473168675632E-18, 0.0002683118749524635352, 0.0005366237499049253358 ),
 .UNSPECIFIED. ) ;
#5627 = CARTESIAN_POINT ( 'NONE',  ( 0.4182233646136193639, 15.17018320209481885, -10.26579477152699127 ) ) ;
#5628 = CARTESIAN_POINT ( 'NONE',  ( 1.161569255190272987, 1.145717208190631720, -19.02635230989472603 ) ) ;
#5629 = CARTESIAN_POINT ( 'NONE',  ( 0.4201979075620136395, -17.39102729729434671, 5.758115384118905666 ) ) ;
#5630 = VERTEX_POINT ( 'NONE', #5652 ) ;
#5631 = CARTESIAN_POINT ( 'NONE',  ( 3.304290419808168622, 20.82473661399403397, 3.994695628828412559 ) ) ;
#5632 = ORIENTED_EDGE ( 'NONE', *, *, #4685, .T. ) ;
#5633 = CARTESIAN_POINT ( 'NONE',  ( 8.080972016268338720, -3.222021023237758186, 11.39107659535106976 ) ) ;
#5634 = LINE ( 'NONE', #4196, #79 ) ;
#5635 = CARTESIAN_POINT ( 'NONE',  ( 11.36374701386286823, -3.339711161569551834, -8.654300079383563826 ) ) ;
#5636 = CARTESIAN_POINT ( 'NONE',  ( 1.165599648441769220, -6.947425078374404706, -17.75393338362587770 ) ) ;
#5637 = LINE ( 'NONE', #1912, #358 ) ;
#5638 = CARTESIAN_POINT ( 'NONE',  ( 0.4188821999575218502, 18.31108308808429896, 0.5096840345094123537 ) ) ;
#5639 = CARTESIAN_POINT ( 'NONE',  ( 3.515204589128320123, 0.000000000000000000, 0.000000000000000000 ) ) ;
#5640 = ADVANCED_FACE ( 'NONE', ( #2940 ), #3342, .F. ) ;
#5641 = CARTESIAN_POINT ( 'NONE',  ( 8.933971668274597988, -14.92791162624999046, 2.703851977427156328 ) ) ;
#5642 = CARTESIAN_POINT ( 'NONE',  ( 0.5251705844568992365, -15.43441672323057468, 10.06150198036713839 ) ) ;
#5643 = CARTESIAN_POINT ( 'NONE',  ( 22.10281028718407725, 0.01466885944743417935, -0.002853316407704599086 ) ) ;
#5644 = ORIENTED_EDGE ( 'NONE', *, *, #1056, .F. ) ;
#5645 = CARTESIAN_POINT ( 'NONE',  ( 3.663019018077784850, 21.56202798978807422, 3.211244355634173431 ) ) ;
#5646 = CARTESIAN_POINT ( 'NONE',  ( 22.10281028718407725, -0.01019021927649971758, -0.01093052071531624460 ) ) ;
#5647 = CARTESIAN_POINT ( 'NONE',  ( 22.10703667329342181, 0.009390945173914963529, 0.006045647796516494601 ) ) ;
#5648 = ORIENTED_EDGE ( 'NONE', *, *, #934, .T. ) ;
#5649 = CARTESIAN_POINT ( 'NONE',  ( 0.6480971303263367567, -15.56853882718281135, -10.08046346888071021 ) ) ;
#5650 = VERTEX_POINT ( 'NONE', #4395 ) ;
#5651 = CARTESIAN_POINT ( 'NONE',  ( 8.081286344341222616, -11.37508171546221014, 3.278649261536616955 ) ) ;
#5652 = CARTESIAN_POINT ( 'NONE',  ( 8.081286344341224392, 0.3969128176509065797, -11.83150392928987138 ) ) ;
#5653 = ADVANCED_FACE ( 'NONE', ( #5347 ), #4744, .F. ) ;
#5654 = CARTESIAN_POINT ( 'NONE',  ( 0.4182233646136210847, -17.22201239169728026, 6.238853248510979554 ) ) ;
#5655 = CARTESIAN_POINT ( 'NONE',  ( 0.4197044002284111563, -14.99791165316938191, -10.51845548834295485 ) ) ;
#5656 = DIRECTION ( 'NONE',  ( 1.000000000000000000, 0.000000000000000000, 0.000000000000000000 ) ) ;
#5657 = ORIENTED_EDGE ( 'NONE', *, *, #4760, .T. ) ;
#5658 = CARTESIAN_POINT ( 'NONE',  ( 3.515204589128309909, 21.07106689735807237, 3.818204060501265040 ) ) ;
#5659 = ORIENTED_EDGE ( 'NONE', *, *, #2608, .F. ) ;
#5660 = EDGE_CURVE ( 'NONE', #705, #2937, #3890, .T. ) ;
#5661 = CARTESIAN_POINT ( 'NONE',  ( 0.5251705844568977932, -10.06150198036707977, -15.43441672323061198 ) ) ;
#5662 = B_SPLINE_CURVE_WITH_KNOTS ( 'NONE', 3,
 ( #1077, #1106, #3373, #689, #5571, #3404, #2885 ),
 .UNSPECIFIED., .F., .F.,
 ( 4, 3, 4 ),
 ( 1.301042606982605321E-18, 0.0003060394048542599004, 0.0003969943494949347432 ),
 .UNSPECIFIED. ) ;
#5663 = CARTESIAN_POINT ( 'NONE',  ( 6.010425613513189269, -8.780484831616828245, 16.32811688112027326 ) ) ;
#5664 = CARTESIAN_POINT ( 'NONE',  ( 0.4193760241474249195, 17.54376434975665688, -5.271618977591047361 ) ) ;
#5665 = CARTESIAN_POINT ( 'NONE',  ( 9.510122032027842565, -6.298876031950564780, 13.06814878600875574 ) ) ;
#5666 = CIRCLE ( 'NONE', #5281, 13.84314574289256150 ) ;
#5667 = CARTESIAN_POINT ( 'NONE',  ( 8.081286344341222616, 0.3969128176507416006, 11.83150392928988026 ) ) ;
#5668 = CARTESIAN_POINT ( 'NONE',  ( 9.812871695695719154, 5.639599076973544456, 12.34550404827368553 ) ) ;
#5669 = CARTESIAN_POINT ( 'NONE',  ( 1.789743172660313242, 12.60719369824049707, 15.17697366616996923 ) ) ;
#5670 = LINE ( 'NONE', #4475, #3744 ) ;
#5671 = ORIENTED_EDGE ( 'NONE', *, *, #2595, .T. ) ;
#5672 = ADVANCED_FACE ( 'NONE', ( #4865 ), #5351, .F. ) ;
#5673 = CARTESIAN_POINT ( 'NONE',  ( 0.4182233646136210847, 0.6116075298354747281, -18.30701878804080707 ) ) ;
#5674 = CARTESIAN_POINT ( 'NONE',  ( 2.396304448592335046, -4.510971347559326716, 19.78813706634901237 ) ) ;
#5675 = ORIENTED_EDGE ( 'NONE', *, *, #3423, .F. ) ;
#5676 = ORIENTED_EDGE ( 'NONE', *, *, #5217, .F. ) ;
#5677 = CIRCLE ( 'NONE', #2531, 11.57075366007362227 ) ;
#5678 = CARTESIAN_POINT ( 'NONE',  ( 0.4182233646136193639, -0.6116075298353469414, 18.30701878804081417 ) ) ;
#5679 = CONICAL_SURFACE ( 'NONE', #3107, 21.41421356110392082, 0.7853981625000059363 ) ;
#5680 = DIRECTION ( 'NONE',  ( -1.000000000000000000, -0.000000000000000000, -0.000000000000000000 ) ) ;
#5681 = B_SPLINE_CURVE_WITH_KNOTS ( 'NONE', 3,
 ( #1765, #2651, #2373, #4444 ),
 .UNSPECIFIED., .F., .F.,
 ( 4, 4 ),
 ( 2.453269466693398698E-18, 0.002859022159863997166 ),
 .UNSPECIFIED. ) ;
#5682 = CARTESIAN_POINT ( 'NONE',  ( 0.6337479801890594233, 17.93358911009633161, 4.779349357814360211 ) ) ;
#5683 = LINE ( 'NONE', #5742, #362 ) ;
#5684 = ORIENTED_EDGE ( 'NONE', *, *, #2223, .T. ) ;
#5685 = CARTESIAN_POINT ( 'NONE',  ( 0.4182233646136210847, 11.25539654257622146, -14.45119542963812975 ) ) ;
#5686 = ORIENTED_EDGE ( 'NONE', *, *, #4983, .F. ) ;
#5687 = ADVANCED_FACE ( 'NONE', ( #5256 ), #871, .F. ) ;
#5688 = CARTESIAN_POINT ( 'NONE',  ( 10.08627239375047324, -6.555441082950689946, -12.19257463651245210 ) ) ;
#5689 = CARTESIAN_POINT ( 'NONE',  ( 0.6480971303263367567, 4.776147394168590132, -17.92159482384628078 ) ) ;
#5690 = DIRECTION ( 'NONE',  ( -0.7562523480584153468, -0.2350382599242649140, -0.6106057667823873158 ) ) ;
#5691 = EDGE_CURVE ( 'NONE', #1857, #148, #4947, .T. ) ;
#5692 = CARTESIAN_POINT ( 'NONE',  ( 10.08627239375047324, -9.570084858214658041, 10.00230772699655191 ) ) ;
#5693 = CARTESIAN_POINT ( 'NONE',  ( 9.539500336054894447, -12.22094266401785667, -5.268429492845263518 ) ) ;
#5694 = CARTESIAN_POINT ( 'NONE',  ( 8.230357535800608915, 4.313548019702420966, 11.18423031998661621 ) ) ;
#5695 = EDGE_CURVE ( 'NONE', #5426, #4428, #5605, .T. ) ;
#5696 = CARTESIAN_POINT ( 'NONE',  ( 8.230357535800607138, -11.58367230890924482, 3.084191986338692182 ) ) ;
#5697 = CARTESIAN_POINT ( 'NONE',  ( 8.230357535800607138, 0.6463107146107820444, -11.96979476970954082 ) ) ;
#5698 = CARTESIAN_POINT ( 'NONE',  ( 2.635524340768112150, 8.201636355872844675, -18.82758664979910890 ) ) ;
#5699 = CARTESIAN_POINT ( 'NONE',  ( 8.727656808823709866, -6.690098262020359066, -13.88038287584949693 ) ) ;
#5700 = ORIENTED_EDGE ( 'NONE', *, *, #3584, .T. ) ;
#5701 = CIRCLE ( 'NONE', #5323, 21.41421356110392082 ) ;
#5702 = CARTESIAN_POINT ( 'NONE',  ( 0.6480971303263367567, 6.670064725496105851, 17.30622377986110294 ) ) ;
#5703 = CARTESIAN_POINT ( 'NONE',  ( 3.304290419809253976, -3.994695628827693579, 20.82473661399528453 ) ) ;
#5704 = EDGE_CURVE ( 'NONE', #4527, #3817, #4330, .T. ) ;
#5705 = ORIENTED_EDGE ( 'NONE', *, *, #1482, .F. ) ;
#5706 = ORIENTED_EDGE ( 'NONE', *, *, #1867, .F. ) ;
#5707 = CARTESIAN_POINT ( 'NONE',  ( 0.4078353108599468979, 18.30684428841291833, -0.8093236901504389236 ) ) ;
#5708 = CARTESIAN_POINT ( 'NONE',  ( 2.631852984182532218, -20.05346685427111453, -4.405343365792268706 ) ) ;
#5709 = EDGE_CURVE ( 'NONE', #5650, #2193, #1191, .T. ) ;
#5710 = CARTESIAN_POINT ( 'NONE',  ( 0.6480971303263367567, -18.52036025205821090, 0.9956912648605188432 ) ) ;
#5711 = CARTESIAN_POINT ( 'NONE',  ( 8.891830625034106816, 0.8741480631573322890, 12.61974496392566891 ) ) ;
#5712 = CARTESIAN_POINT ( 'NONE',  ( 0.4188817388287942589, 14.51434841218124916, -11.17538367978256275 ) ) ;
#5713 = VERTEX_POINT ( 'NONE', #3195 ) ;
#5714 = CARTESIAN_POINT ( 'NONE',  ( 9.812871695695738694, 6.672849412890935028, -11.81903670642512338 ) ) ;
#5715 = ORIENTED_EDGE ( 'NONE', *, *, #3131, .F. ) ;
#5716 = CARTESIAN_POINT ( 'NONE',  ( 1.911690948752702734, -4.672810395856041410, -19.25222388065128598 ) ) ;
#5717 = B_SPLINE_CURVE_WITH_KNOTS ( 'NONE', 3,
 ( #2788, #3151, #893, #2697, #1871, #2669 ),
 .UNSPECIFIED., .F., .F.,
 ( 4, 2, 4 ),
 ( 7.996680103938911296E-18, 0.0001743161698667572326, 0.0003486323397335064963 ),
 .UNSPECIFIED. ) ;
#5718 = CARTESIAN_POINT ( 'NONE',  ( 0.4409628251481735872, -17.67088754460102606, -4.909069911795899799 ) ) ;
#5719 = CARTESIAN_POINT ( 'NONE',  ( 22.10703667329342181, 0.008651714384085953599, 0.007063111690695008521 ) ) ;
#5720 = CARTESIAN_POINT ( 'NONE',  ( 7.813880306852852620, 0.000000000000000000, 0.000000000000000000 ) ) ;
#5721 = CARTESIAN_POINT ( 'NONE',  ( 8.564997480335421187, -9.523330058328593140, 7.819128168371734411 ) ) ;
#5722 = EDGE_LOOP ( 'NONE', ( #2480, #3446, #4456, #5671, #1995, #5036, #4334, #3934, #4364, #4304, #163, #3401, #25, #1211, #4225, #5383, #3835, #1856, #5111, #2330, #1801, #3468, #3243, #2188, #4946, #3991, #4100, #4237, #3480, #2150, #4870, #2463, #3023, #171, #1862, #1054, #5799, #2243, #4746, #5843, #2811, #706, #2947, #388, #1407, #2157, #515, #614, #4500, #3800, #2543, #2843, #2487, #2461, #1175, #4563, #2118, #3808, #4536, #3507, #2664, #3902, #3393, #4641 ) ) ;
#5723 = CARTESIAN_POINT ( 'NONE',  ( 8.357821303193636808, -13.94634013067839717, 7.499020486873917868 ) ) ;
#5724 = EDGE_CURVE ( 'NONE', #3111, #141, #902, .T. ) ;
#5725 = CARTESIAN_POINT ( 'NONE',  ( 0.4960052067975744827, -17.19720209561998558, -6.599970571953662102 ) ) ;
#5726 = DIRECTION ( 'NONE',  ( 0.000000000000000000, 0.000000000000000000, 1.000000000000000000 ) ) ;
#5727 = CARTESIAN_POINT ( 'NONE',  ( 3.304290419809250423, -15.47224971565845841, 14.49954264608223298 ) ) ;
#5728 = CARTESIAN_POINT ( 'NONE',  ( 0.6480971303263403094, 17.92159482384633407, 4.776147394168400950 ) ) ;
#5729 =( BOUNDED_SURFACE ( )  B_SPLINE_SURFACE ( 3, 1, ( 
 ( #4001, #5274 ),
 ( #2648, #4473 ),
 ( #1708, #5335 ),
 ( #810, #3549 ) ),
 .UNSPECIFIED., .F., .F., .F. ) 
 B_SPLINE_SURFACE_WITH_KNOTS ( ( 4, 4 ),
 ( 2, 2 ),
 ( 0.000000000000000000, 1.000000000000000000 ),
 ( 0.000000000000000000, 1.000000000000000000 ),
 .UNSPECIFIED. ) 
 GEOMETRIC_REPRESENTATION_ITEM ( )  RATIONAL_B_SPLINE_SURFACE ( (
 ( 1.000000000000000000, 1.000000000000000000),
 ( 0.7790009610346629865, 0.9689941987838144311),
 ( 0.7790009610346629865, 0.9689941987838144311),
 ( 1.000000000000000000, 1.000000000000000000) ) ) 
 REPRESENTATION_ITEM ( '' )  SURFACE ( )  );
#5730 = ORIENTED_EDGE ( 'NONE', *, *, #502, .T. ) ;
#5731 = DIRECTION ( 'NONE',  ( 0.000000000000000000, 0.000000000000000000, 1.000000000000000000 ) ) ;
#5732 = B_SPLINE_CURVE_WITH_KNOTS ( 'NONE', 3,
 ( #2456, #4634, #4219, #1447, #2845, #4664, #4187 ),
 .UNSPECIFIED., .F., .F.,
 ( 4, 3, 4 ),
 ( 4.336808689942017736E-19, 0.003806765355762670340, 0.01002496898031621925 ),
 .UNSPECIFIED. ) ;
#5733 = CARTESIAN_POINT ( 'NONE',  ( 22.09374604753667626, 0.004897976078548939988, 0.009209269515132293554 ) ) ;
#5734 = LINE ( 'NONE', #3166, #5775 ) ;
#5735 = ORIENTED_EDGE ( 'NONE', *, *, #3365, .T. ) ;
#5736 = VERTEX_POINT ( 'NONE', #3112 ) ;
#5737 = EDGE_CURVE ( 'NONE', #3057, #3256, #4382, .T. ) ;
#5738 = CARTESIAN_POINT ( 'NONE',  ( 8.082161297655165555, -6.817627422528660830, -9.679143226645653186 ) ) ;
#5739 = CARTESIAN_POINT ( 'NONE',  ( 22.09182100077397237, 0.004274792326014898586, 0.008252970338748267382 ) ) ;
#5740 = B_SPLINE_CURVE_WITH_KNOTS ( 'NONE', 3,
 ( #1585, #2443, #2032, #722, #1113, #1496, #4740, #3794, #4262, #696, #1083, #2988, #3854 ),
 .UNSPECIFIED., .F., .F.,
 ( 4, 3, 3, 3, 4 ),
 ( 8.673617379884034509E-19, 0.0003060394048542601714, 0.0004590327578743547501, 0.0006264795226578692309, 0.0007939722156138016547 ),
 .UNSPECIFIED. ) ;
#5741 = CARTESIAN_POINT ( 'NONE',  ( 0.4182233646136228611, -17.60000663291076606, -5.075506595181174418 ) ) ;
#5742 = CARTESIAN_POINT ( 'NONE',  ( 11.36374701386286823, -8.964508806328947088, 2.384986869561629863 ) ) ;
#5743 = ORIENTED_EDGE ( 'NONE', *, *, #1666, .T. ) ;
#5744 = CARTESIAN_POINT ( 'NONE',  ( 10.08627239375047324, 12.47007880054823481, -6.010808495292618403 ) ) ;
#5745 = ORIENTED_EDGE ( 'NONE', *, *, #5588, .F. ) ;
#5746 = CARTESIAN_POINT ( 'NONE',  ( 0.4197044002284063269, -18.31615842049091114, 0.3059420402725344657 ) ) ;
#5747 = B_SPLINE_CURVE_WITH_KNOTS ( 'NONE', 3,
 ( #411, #437, #5434, #2215, #465, #4010 ),
 .UNSPECIFIED., .F., .F.,
 ( 4, 2, 4 ),
 ( 1.365244750959544884E-17, 0.0002687592685055714887, 0.0005375185370111293165 ),
 .UNSPECIFIED. ) ;
#5748 = EDGE_CURVE ( 'NONE', #1718, #2744, #884, .T. ) ;
#5749 = CARTESIAN_POINT ( 'NONE',  ( 8.081832178819823298, 7.195356955746524008, 9.401712239065988186 ) ) ;
#5750 = CARTESIAN_POINT ( 'NONE',  ( 22.09255692238962965, 0.001541722749953597631, -0.009369076872892722133 ) ) ;
#5751 = CARTESIAN_POINT ( 'NONE',  ( 8.081286344341222616, -3.278649261536582316, -11.37508171546221902 ) ) ;
#5752 = CARTESIAN_POINT ( 'NONE',  ( 8.230357535800608915, -11.18423031998657002, -4.313548019702539982 ) ) ;
#5753 = ORIENTED_EDGE ( 'NONE', *, *, #4705, .T. ) ;
#5754 = CARTESIAN_POINT ( 'NONE',  ( 0.4193760241474211448, 18.31413125712779788, 0.4077137493207561580 ) ) ;
#5755 = CARTESIAN_POINT ( 'NONE',  ( 0.5251777261828612930, -14.33852640780476584, 11.56987400234694974 ) ) ;
#5756 = CARTESIAN_POINT ( 'NONE',  ( 8.081286344341224392, -11.83150392928987849, 0.3969128176507001893 ) ) ;
#5757 = DIRECTION ( 'NONE',  ( -1.000000000000000000, -0.000000000000000000, -0.000000000000000000 ) ) ;
#5758 = CARTESIAN_POINT ( 'NONE',  ( 3.663019018077784850, 10.07589080511623614, 19.33156915067607073 ) ) ;
#5759 = ORIENTED_EDGE ( 'NONE', *, *, #2029, .F. ) ;
#5760 = ADVANCED_FACE ( 'NONE', ( #412 ), #2616, .F. ) ;
#5761 = SURFACE_SIDE_STYLE ('',( #702 ) ) ;
#5762 = CARTESIAN_POINT ( 'NONE',  ( 0.6480971303263367567, 11.69152577772664969, -14.39803354453970208 ) ) ;
#5763 = CARTESIAN_POINT ( 'NONE',  ( 9.812871695695728036, -11.81903670642513760, -6.672849412890895948 ) ) ;
#5764 = EDGE_CURVE ( 'NONE', #822, #3940, #619, .T. ) ;
#5765 = ORIENTED_EDGE ( 'NONE', *, *, #3929, .F. ) ;
#5766 = ORIENTED_EDGE ( 'NONE', *, *, #1542, .F. ) ;
#5767 = CARTESIAN_POINT ( 'NONE',  ( 22.09255692238962965, -0.001541722749953660298, 0.009369076872892709990 ) ) ;
#5768 = EDGE_CURVE ( 'NONE', #1749, #2169, #4871, .T. ) ;
#5769 = DIRECTION ( 'NONE',  ( 0.000000000000000000, 0.000000000000000000, -1.000000000000000000 ) ) ;
#5770 = CARTESIAN_POINT ( 'NONE',  ( 1.165599648441332681, 12.09366102480122329, 14.73812161800268861 ) ) ;
#5771 = B_SPLINE_CURVE_WITH_KNOTS ( 'NONE', 3,
 ( #647, #2869, #5106, #3389, #2420, #2839 ),
 .UNSPECIFIED., .F., .F.,
 ( 4, 2, 4 ),
 ( 0.000000000000000000, 0.0002683118749524621800, 0.0005366237499049243600 ),
 .UNSPECIFIED. ) ;
#5772 = ORIENTED_EDGE ( 'NONE', *, *, #3725, .F. ) ;
#5773 =( BOUNDED_SURFACE ( )  B_SPLINE_SURFACE ( 3, 1, ( 
 ( #454, #5452 ),
 ( #483, #1460 ),
 ( #898, #5033 ),
 ( #426, #5872 ) ),
 .UNSPECIFIED., .F., .F., .F. ) 
 B_SPLINE_SURFACE_WITH_KNOTS ( ( 4, 4 ),
 ( 2, 2 ),
 ( 0.000000000000000000, 1.000000000000000000 ),
 ( 0.000000000000000000, 1.000000000000000000 ),
 .UNSPECIFIED. ) 
 GEOMETRIC_REPRESENTATION_ITEM ( )  RATIONAL_B_SPLINE_SURFACE ( (
 ( 1.000000000000000000, 1.000000000000000000),
 ( 0.9934036227985141299, 0.8357362271078294658),
 ( 0.9934036227985141299, 0.8357362271078294658),
 ( 1.000000000000000000, 1.000000000000000000) ) ) 
 REPRESENTATION_ITEM ( '' )  SURFACE ( )  );
#5774 = CARTESIAN_POINT ( 'NONE',  ( 10.08627239375047147, 0.000000000000000000, 0.000000000000000000 ) ) ;
#5775 = VECTOR ( 'NONE', #2656, 1000.000000000000000 ) ;
#5776 = ORIENTED_EDGE ( 'NONE', *, *, #3410, .T. ) ;
#5777 = AXIS2_PLACEMENT_3D ( 'NONE', #5639, #2413, #4233 ) ;
#5778 = CONICAL_SURFACE ( 'NONE', #3202, 13.84314574289256150, 0.8559913436420820698 ) ;
#5779 = CARTESIAN_POINT ( 'NONE',  ( 8.081990258054293719, 6.771743123457369506, 9.710931297506242288 ) ) ;
#5780 = VECTOR ( 'NONE', #160, 1000.000000000000114 ) ;
#5781 = CARTESIAN_POINT ( 'NONE',  ( 10.08627239375047147, 0.000000000000000000, 0.000000000000000000 ) ) ;
#5782 = CARTESIAN_POINT ( 'NONE',  ( 8.082347709208528741, -3.696539882870894633, -11.24745968924117712 ) ) ;
#5783 = CARTESIAN_POINT ( 'NONE',  ( 3.515204589129467649, -9.296270399399901407, 19.29113524658042067 ) ) ;
#5784 = ORIENTED_EDGE ( 'NONE', *, *, #1985, .T. ) ;
#5785 = EDGE_CURVE ( 'NONE', #4428, #1151, #3820, .T. ) ;
#5786 = CARTESIAN_POINT ( 'NONE',  ( 2.396304448592977643, -17.42566989475933070, -10.40505933543974670 ) ) ;
#5787 = ADVANCED_FACE ( 'NONE', ( #914 ), #2902, .F. ) ;
#5788 = DIRECTION ( 'NONE',  ( 0.000000000000000000, 0.000000000000000000, 1.000000000000000000 ) ) ;
#5789 = CARTESIAN_POINT ( 'NONE',  ( 0.4197044002284114894, -11.01348010809133804, -14.63825521451250289 ) ) ;
#5790 = CARTESIAN_POINT ( 'NONE',  ( 0.9068532551531917063, 6.808747509790403996, -17.53008279129115010 ) ) ;
#5791 = CARTESIAN_POINT ( 'NONE',  ( 22.09374604753667626, -0.01027209362899844484, 0.001812431280206845121 ) ) ;
#5792 = EDGE_LOOP ( 'NONE', ( #112, #4901, #5295, #3525 ) ) ;
#5793 = CARTESIAN_POINT ( 'NONE',  ( 0.4126876516628503189, 6.240446283245165482, -17.22641335661269224 ) ) ;
#5794 = CARTESIAN_POINT ( 'NONE',  ( 8.230357535800605362, 11.18423031998666239, -4.313548019702306391 ) ) ;
#5795 = ORIENTED_EDGE ( 'NONE', *, *, #943, .F. ) ;
#5796 = VERTEX_POINT ( 'NONE', #1325 ) ;
#5797 = CARTESIAN_POINT ( 'NONE',  ( 8.082286027375507942, -3.571883207761962442, 11.28748622049487871 ) ) ;
#5798 = CARTESIAN_POINT ( 'NONE',  ( 3.515204589128320123, 0.000000000000000000, 0.000000000000000000 ) ) ;
#5799 = ORIENTED_EDGE ( 'NONE', *, *, #2710, .T. ) ;
#5800 = DIRECTION ( 'NONE',  ( 0.000000000000000000, 0.000000000000000000, 1.000000000000000000 ) ) ;
#5801 = ORIENTED_EDGE ( 'NONE', *, *, #3521, .F. ) ;
#5802 = CARTESIAN_POINT ( 'NONE',  ( 0.000000000000000000, 0.000000000000000000, -10.00000000000000000 ) ) ;
#5803 = CARTESIAN_POINT ( 'NONE',  ( 1.789743172660313242, 10.53832259871800758, -16.68009650493428353 ) ) ;
#5804 =( BOUNDED_SURFACE ( )  B_SPLINE_SURFACE ( 3, 1, ( 
 ( #4918, #431 ),
 ( #1131, #3396 ),
 ( #4752, #1744 ),
 ( #238, #2240 ) ),
 .UNSPECIFIED., .F., .F., .F. ) 
 B_SPLINE_SURFACE_WITH_KNOTS ( ( 4, 4 ),
 ( 2, 2 ),
 ( 0.000000000000000000, 1.000000000000000000 ),
 ( 0.000000000000000000, 1.000000000000000000 ),
 .UNSPECIFIED. ) 
 GEOMETRIC_REPRESENTATION_ITEM ( )  RATIONAL_B_SPLINE_SURFACE ( (
 ( 1.000000000000000000, 1.000000000000000000),
 ( 0.7790009610346629865, 0.9689941987838144311),
 ( 0.7790009610346629865, 0.9689941987838144311),
 ( 1.000000000000000000, 1.000000000000000000) ) ) 
 REPRESENTATION_ITEM ( '' )  SURFACE ( )  );
#5805 = CARTESIAN_POINT ( 'NONE',  ( 8.727656808823709866, 13.57108753861015238, 7.297124540190067066 ) ) ;
#5806 = CARTESIAN_POINT ( 'NONE',  ( 8.082161297655167331, -3.492929237845745938, -11.31217497273347128 ) ) ;
#5807 = CARTESIAN_POINT ( 'NONE',  ( 2.831810311861893137, -8.346857585884020381, 19.08561492445030439 ) ) ;
#5808 = VERTEX_POINT ( 'NONE', #22 ) ;
#5809 = CARTESIAN_POINT ( 'NONE',  ( 0.6480971303263367567, -15.56853882718281135, -10.08046346888071021 ) ) ;
#5810 = ADVANCED_FACE ( 'NONE', ( #4040 ), #1681, .F. ) ;
#5811 = CARTESIAN_POINT ( 'NONE',  ( 0.4078353108599463428, -17.16074877908904028, -6.426838567805281954 ) ) ;
#5812 = CARTESIAN_POINT ( 'NONE',  ( 1.911690948752232444, -7.535790249139846075, 18.32198533640093174 ) ) ;
#5813 = CARTESIAN_POINT ( 'NONE',  ( 11.36374701386286823, -5.038442870954574992, 7.788753041588726056 ) ) ;
#5814 = CARTESIAN_POINT ( 'NONE',  ( 0.5251777261828654009, 4.799510228746496132, -17.78819905278935920 ) ) ;
#5815 = EDGE_LOOP ( 'NONE', ( #28, #4351, #1316, #994 ) ) ;
#5816 = APPLICATION_PROTOCOL_DEFINITION ( 'draft international standard', 'automotive_design', 1998, #2151 ) ;
#5817 = EDGE_CURVE ( 'NONE', #3193, #3817, #833, .T. ) ;
#5818 = CARTESIAN_POINT ( 'NONE',  ( 0.4126876516628502078, 14.45488872119391388, -11.25827158159073704 ) ) ;
#5819 = FACE_OUTER_BOUND ( 'NONE', #821, .T. ) ;
#5820 = DIRECTION ( 'NONE',  ( 0.000000000000000000, 0.000000000000000000, 1.000000000000000000 ) ) ;
#5821 = ORIENTED_EDGE ( 'NONE', *, *, #2828, .T. ) ;
#5822 = ORIENTED_EDGE ( 'NONE', *, *, #2107, .T. ) ;
#5823 = CARTESIAN_POINT ( 'NONE',  ( 0.4193760241474230877, -15.05609155323748283, 10.43492890944743046 ) ) ;
#5824 = CARTESIAN_POINT ( 'NONE',  ( 0.4126876516628502078, 6.240446283244923009, 17.22641335661278816 ) ) ;
#5825 = EDGE_CURVE ( 'NONE', #2937, #1516, #3661, .T. ) ;
#5826 = CARTESIAN_POINT ( 'NONE',  ( 8.081286344341222616, -4.033622304792434221, 11.12977610358350056 ) ) ;
#5827 = CARTESIAN_POINT ( 'NONE',  ( 2.396304448592330605, -18.66042160530647820, 7.981722656628003953 ) ) ;
#5828 = ORIENTED_EDGE ( 'NONE', *, *, #1721, .T. ) ;
#5829 = CARTESIAN_POINT ( 'NONE',  ( 7.813880306852852620, 0.000000000000000000, -11.57075366007362227 ) ) ;
#5830 = ORIENTED_EDGE ( 'NONE', *, *, #4344, .T. ) ;
#5831 = EDGE_CURVE ( 'NONE', #3323, #1725, #2667, .T. ) ;
#5832 = CARTESIAN_POINT ( 'NONE',  ( 1.161569255190190608, -10.25650460050290569, -16.06607803794195277 ) ) ;
#5833 = CARTESIAN_POINT ( 'NONE',  ( 0.4960052067975748158, -15.44775012758353228, -10.03346338329860643 ) ) ;
#5834 = CARTESIAN_POINT ( 'NONE',  ( 0.5251777261828660670, -17.21203666371497221, 6.572755728340299974 ) ) ;
#5835 = CARTESIAN_POINT ( 'NONE',  ( 0.6480971303263367567, -0.9956912648604544502, -18.52036025205821446 ) ) ;
#5836 = EDGE_CURVE ( 'NONE', #3182, #2903, #1319, .T. ) ;
#5837 = ORIENTED_EDGE ( 'NONE', *, *, #2178, .T. ) ;
#5838 = CARTESIAN_POINT ( 'NONE',  ( 3.515204589128320567, 14.80256717256817467, 15.47425434527215593 ) ) ;
#5839 = CARTESIAN_POINT ( 'NONE',  ( 7.369041213193425754, -16.81957317253005968, 2.283625485934114963 ) ) ;
#5840 = CARTESIAN_POINT ( 'NONE',  ( 8.080972016268406222, -11.82921687603960770, 0.4557121623999134119 ) ) ;
#5841 = CARTESIAN_POINT ( 'NONE',  ( 0.6337479801890597564, -0.9963524547569294620, 18.53275695733654160 ) ) ;
#5842 = CARTESIAN_POINT ( 'NONE',  ( 8.081286344341224392, 9.805187248470545569, -6.633274307312180262 ) ) ;
#5843 = ORIENTED_EDGE ( 'NONE', *, *, #2646, .T. ) ;
#5844 = FACE_OUTER_BOUND ( 'NONE', #1019, .T. ) ;
#5845 = CARTESIAN_POINT ( 'NONE',  ( 22.09255692238962965, -0.004361469442994554864, -0.008434103081284735973 ) ) ;
#5846 = CARTESIAN_POINT ( 'NONE',  ( 22.09374604753667626, -0.001450526919794186504, -0.01032941364857224015 ) ) ;
#5847 = ORIENTED_EDGE ( 'NONE', *, *, #422, .F. ) ;
#5848 = EDGE_LOOP ( 'NONE', ( #1913, #756, #5478, #4092 ) ) ;
#5849 = EDGE_CURVE ( 'NONE', #4732, #293, #5072, .T. ) ;
#5850 = CONICAL_SURFACE ( 'NONE', #1107, 13.84314574289256150, 0.8559913436420820698 ) ;
#5851 = CARTESIAN_POINT ( 'NONE',  ( 0.4960052067975744827, -0.9627173165656665033, 18.39501418419228784 ) ) ;
#5852 = CARTESIAN_POINT ( 'NONE',  ( 22.10281028718407725, 0.01093052071531480304, 0.01019021927649887277 ) ) ;
#5853 = B_SPLINE_CURVE_WITH_KNOTS ( 'NONE', 3,
 ( #2829, #4676, #4646, #2924, #3247, #570, #2409 ),
 .UNSPECIFIED., .F., .F.,
 ( 4, 3, 4 ),
 ( 2.761457612338949456E-16, 0.003806765355762682483, 0.01002496898031622272 ),
 .UNSPECIFIED. ) ;
#5854 = B_SPLINE_CURVE_WITH_KNOTS ( 'NONE', 3,
 ( #4003, #2146, #5307, #5812, #4913, #4944, #285, #1203 ),
 .UNSPECIFIED., .F., .F.,
 ( 4, 2, 2, 4 ),
 ( 0.000000000000000000, 0.002211116461525421129, 0.003316674692288130392, 0.004422232923050839655 ),
 .UNSPECIFIED. ) ;
#5855 = ADVANCED_FACE ( 'NONE', ( #2364 ), #3228, .F. ) ;
#5856 = CARTESIAN_POINT ( 'NONE',  ( 3.515204589128320123, 0.000000000000000000, 0.000000000000000000 ) ) ;
#5857 = CARTESIAN_POINT ( 'NONE',  ( 1.161569255189994321, -19.02635230989447024, -1.145717208190470959 ) ) ;
#5858 = ORIENTED_EDGE ( 'NONE', *, *, #4323, .F. ) ;
#5859 = CARTESIAN_POINT ( 'NONE',  ( 8.082269409299117413, -9.646977693303323775, 6.863252771113442563 ) ) ;
#5860 = VERTEX_POINT ( 'NONE', #3388 ) ;
#5861 = CARTESIAN_POINT ( 'NONE',  ( 22.09255692238962965, -0.009369076872893235611, 0.001541722749955099251 ) ) ;
#5862 = CARTESIAN_POINT ( 'NONE',  ( 2.831810311861891361, -4.465493346917568829, 20.34674661394456407 ) ) ;
#5863 = VECTOR ( 'NONE', #5352, 1000.000000000000114 ) ;
#5864 = CARTESIAN_POINT ( 'NONE',  ( 22.09324635661532810, -0.007744668856831210708, 0.006539199295394998272 ) ) ;
#5865 = ADVANCED_FACE ( 'NONE', ( #5192 ), #3928, .F. ) ;
#5866 = CARTESIAN_POINT ( 'NONE',  ( 8.080972016268392011, 11.82921687603962013, -0.4557121623999969562 ) ) ;
#5867 = EDGE_LOOP ( 'NONE', ( #1770, #317, #1881, #4689 ) ) ;
#5868 = CARTESIAN_POINT ( 'NONE',  ( 6.743615739646608986, 2.380406338837512070, -17.53364867772560132 ) ) ;
#5869 = AXIS2_PLACEMENT_3D ( 'NONE', #1008, #125, #1932 ) ;
#5870 = PRESENTATION_LAYER_ASSIGNMENT (  '', '', ( #4529 ) ) ;
#5871 = CARTESIAN_POINT ( 'NONE',  ( 0.6337479801890597564, 11.69934729212882374, -14.40767405211417618 ) ) ;
#5872 = CARTESIAN_POINT ( 'NONE',  ( 0.4126876516628502078, -14.45488872119383039, 11.25827158159084540 ) ) ;
#5873 = CARTESIAN_POINT ( 'NONE',  ( 8.564997480335415858, -6.640981623580185733, 10.37930362734222633 ) ) ;
#5874 = ORIENTED_EDGE ( 'NONE', *, *, #4086, .F. ) ;
#5875 = EDGE_CURVE ( 'NONE', #2749, #584, #4898, .T. ) ;
#5876 = CARTESIAN_POINT ( 'NONE',  ( 8.082347709208526965, 9.601654516717438526, 6.926614404480742948 ) ) ;
#5877 = CARTESIAN_POINT ( 'NONE',  ( 9.539500336054880236, -1.234095229348628253, 13.25084140283899892 ) ) ;
#5878 = CARTESIAN_POINT ( 'NONE',  ( 3.093381936066814220, -2.392049085535187913, 20.86020001144579794 ) ) ;
#5879 = CARTESIAN_POINT ( 'NONE',  ( 3.515204589128320123, 0.000000000000000000, 0.000000000000000000 ) ) ;
#5880 = ORIENTED_EDGE ( 'NONE', *, *, #5060, .T. ) ;
#5881 = B_SPLINE_CURVE_WITH_KNOTS ( 'NONE', 3,
 ( #3072, #5361, #4853, #808, #3469, #338 ),
 .UNSPECIFIED., .F., .F.,
 ( 4, 2, 4 ),
 ( 0.000000000000000000, 0.0001740257916702608561, 0.0003480515833405217123 ),
 .UNSPECIFIED. ) ;
#5882 = EDGE_LOOP ( 'NONE', ( #942, #4341, #4470, #4238 ) ) ;
#5883 = CARTESIAN_POINT ( 'NONE',  ( 0.4200341587692271172, -5.854403468231812901, 17.35867813501645074 ) ) ;
#5884 = CARTESIAN_POINT ( 'NONE',  ( 0.6337479801890594233, -10.08721515555772363, 15.57895661009724719 ) ) ;
#5885 = ADVANCED_FACE ( 'NONE', ( #2808 ), #5282, .F. ) ;
#5886 = DIRECTION ( 'NONE',  ( 0.7636347340829117147, 0.02139462247429725281, -0.6452939353746500739 ) ) ;
#5887 = DIRECTION ( 'NONE',  ( -1.000000000000000000, -0.000000000000000000, -0.000000000000000000 ) ) ;
#5888 = ORIENTED_EDGE ( 'NONE', *, *, #1957, .T. ) ;
#5889 = NEXT_ASSEMBLY_USAGE_OCCURRENCE ( 'NAUO1', ' ', ' ', #5174, #849, $ ) ;
#5890 = NEXT_ASSEMBLY_USAGE_OCCURRENCE ( 'NAUO2', ' ', ' ', #5174, #849, $ ) ;
ENDSEC;
END-ISO-10303-21;
