ISO-10303-21;
HEADER;
FILE_DESCRIPTION (( 'STEP AP214' ),
    '1' );
FILE_NAME ('Хрум_перед (1).STEP',
    '2025-11-27T11:48:35',
    ( '' ),
    ( '' ),
    'SwSTEP 2.0',
    'SolidWorks 2020',
    '' );
FILE_SCHEMA (( 'AUTOMOTIVE_DESIGN' ));
ENDSEC;

DATA;
#1 = EDGE_LOOP ( 'NONE', ( #797, #1854, #562, #6717 ) ) ;
#2 = ORIENTED_EDGE ( 'NONE', *, *, #5996, .T. ) ;
#3 = CARTESIAN_POINT ( 'NONE',  ( 30.72996560157071144, -30.72996560157072565, 2.437499998634406584 ) ) ;
#4 = CARTESIAN_POINT ( 'NONE',  ( 27.08137343109651596, -35.93883108225061562, 9.505564532832547542 ) ) ;
#5 = CARTESIAN_POINT ( 'NONE',  ( 18.22539674441619439, -43.99999999999999289, 2.687499997268814500 ) ) ;
#6 = EDGE_LOOP ( 'NONE', ( #4898, #23, #3329, #6956 ) ) ;
#7 = PLANE ( 'NONE',  #771 ) ;
#8 = CARTESIAN_POINT ( 'NONE',  ( -5.099926048127180422, -7.526571478194632014, 27.00000000000000355 ) ) ;
#9 = DIRECTION ( 'NONE',  ( -0.5038710255240866909, 0.8637789008984331218, -0.000000000000000000 ) ) ;
#10 = ORIENTED_EDGE ( 'NONE', *, *, #5187, .T. ) ;
#11 = CARTESIAN_POINT ( 'NONE',  ( 11.05046143221876775, 6.929238224710594807, 25.00000000000000000 ) ) ;
#12 = VERTEX_POINT ( 'NONE', #2275 ) ;
#13 = CARTESIAN_POINT ( 'NONE',  ( 25.18094949034980701, -36.08233990696859195, 11.62124824490013175 ) ) ;
#14 = CARTESIAN_POINT ( 'NONE',  ( -31.00000000000001421, -3.743426454221668198, 25.00000000000000000 ) ) ;
#15 = ORIENTED_EDGE ( 'NONE', *, *, #1007, .T. ) ;
#16 = CARTESIAN_POINT ( 'NONE',  ( -24.82098033285513949, -35.79036065417884771, 8.089080863889231310 ) ) ;
#17 = DIRECTION ( 'NONE',  ( 1.000000000000000000, 1.982541115402066096E-15, -0.000000000000000000 ) ) ;
#18 = ADVANCED_FACE ( 'NONE', ( #5076 ), #2892, .F. ) ;
#19 = CARTESIAN_POINT ( 'NONE',  ( -31.11269837220808654, 31.11269837220809364, 5.249999997268813168 ) ) ;
#20 = DIRECTION ( 'NONE',  ( -0.000000000000000000, -0.000000000000000000, -1.000000000000000000 ) ) ;
#21 = LINE ( 'NONE', #3883, #5406 ) ;
#22 = DIRECTION ( 'NONE',  ( 0.000000000000000000, 0.000000000000000000, -1.000000000000000000 ) ) ;
#23 = ORIENTED_EDGE ( 'NONE', *, *, #2867, .T. ) ;
#24 = CARTESIAN_POINT ( 'NONE',  ( 19.51654288443655361, -40.54764851786024593, 7.916341744075642062 ) ) ;
#25 = EDGE_CURVE ( 'NONE', #2974, #5722, #1764, .T. ) ;
#26 = ADVANCED_FACE ( 'NONE', ( #1833 ), #4055, .F. ) ;
#27 = DIRECTION ( 'NONE',  ( -0.000000000000000000, -0.000000000000000000, -1.000000000000000000 ) ) ;
#28 = COLOUR_RGB ( '',0.7960784313725489669, 0.8235294117647058432, 0.9372549019607843146 ) ;
#29 = LINE ( 'NONE', #2255, #1228 ) ;
#30 = ORIENTED_EDGE ( 'NONE', *, *, #4928, .T. ) ;
#31 = CARTESIAN_POINT ( 'NONE',  ( -21.61304353333141393, -39.46994235144411078, 6.240925979401425572 ) ) ;
#32 = VECTOR ( 'NONE', #7023, 1000.000000000000114 ) ;
#33 = CARTESIAN_POINT ( 'NONE',  ( 44.00000000000000000, 0.000000000000000000, 3.874999997268813168 ) ) ;
#34 = CARTESIAN_POINT ( 'NONE',  ( -33.14901971886403942, 29.07637702555213011, 19.99999999999999289 ) ) ;
#35 = CARTESIAN_POINT ( 'NONE',  ( 43.45873412499999233, 0.000000000000000000, 5.312499998634407028 ) ) ;
#36 = VECTOR ( 'NONE', #6986, 1000.000000000000000 ) ;
#37 = ORIENTED_EDGE ( 'NONE', *, *, #561, .F. ) ;
#38 = ORIENTED_EDGE ( 'NONE', *, *, #5806, .T. ) ;
#39 = CARTESIAN_POINT ( 'NONE',  ( 4.000000000000000000, 15.00000000000000000, 18.00000000000000000 ) ) ;
#40 = CARTESIAN_POINT ( 'NONE',  ( 24.15898979095738497, -36.40581213896061996, 7.493686953014220720 ) ) ;
#41 = FACE_OUTER_BOUND ( 'NONE', #478, .T. ) ;
#42 = EDGE_LOOP ( 'NONE', ( #993, #4413, #4970, #5401 ) ) ;
#43 = VECTOR ( 'NONE', #5720, 1000.000000000000000 ) ;
#44 = CARTESIAN_POINT ( 'NONE',  ( 20.56327118921142372, -39.23435483197914664, 12.29848406564508778 ) ) ;
#45 = CARTESIAN_POINT ( 'NONE',  ( -4.541904966540822208, -7.888994010842184323, 27.00000000000000355 ) ) ;
#46 = CARTESIAN_POINT ( 'NONE',  ( -1.499999999999997558, -27.50000000000000000, 23.00000000000000000 ) ) ;
#47 = VECTOR ( 'NONE', #1341, 1000.000000000000000 ) ;
#48 = ORIENTED_EDGE ( 'NONE', *, *, #5008, .T. ) ;
#49 = CARTESIAN_POINT ( 'NONE',  ( 44.00000000000000000, 0.000000000000000000, 2.000000000000000000 ) ) ;
#50 = ORIENTED_EDGE ( 'NONE', *, *, #4164, .F. ) ;
#51 = CARTESIAN_POINT ( 'NONE',  ( -44.00000000000003553, 18.22539674441615531, 1.437500000000000444 ) ) ;
#52 = CARTESIAN_POINT ( 'NONE',  ( 8.929238224710598359, 6.949538567781225140, 26.00000000000000355 ) ) ;
#53 = EDGE_LOOP ( 'NONE', ( #676, #1780, #5430, #3455 ) ) ;
#54 = CARTESIAN_POINT ( 'NONE',  ( -23.95864905864176819, -36.58568181439323297, 7.371904900677929362 ) ) ;
#55 = CARTESIAN_POINT ( 'NONE',  ( 43.45873412499999233, 0.000000000000000000, 1.562499998634406584 ) ) ;
#56 = VECTOR ( 'NONE', #1987, 999.9999999999998863 ) ;
#57 = EDGE_CURVE ( 'NONE', #1629, #4314, #3434, .T. ) ;
#58 = LINE ( 'NONE', #6674, #6552 ) ;
#59 = AXIS2_PLACEMENT_3D ( 'NONE', #682, #125, #4465 ) ;
#60 = CYLINDRICAL_SURFACE ( 'NONE', #6329, 1.000000000000000888 ) ;
#61 = LINE ( 'NONE', #2902, #2825 ) ;
#62 = ORIENTED_EDGE ( 'NONE', *, *, #3953, .F. ) ;
#63 = CARTESIAN_POINT ( 'NONE',  ( 23.65980968291533770, -38.27810608909779688, 6.050569891709880466 ) ) ;
#64 = DIRECTION ( 'NONE',  ( 1.000000000000000000, 1.982541115402068068E-15, 0.000000000000000000 ) ) ;
#65 = ADVANCED_FACE ( 'NONE', ( #1731 ), #1866, .F. ) ;
#66 = EDGE_CURVE ( 'NONE', #3768, #4100, #4022, .T. ) ;
#67 = CARTESIAN_POINT ( 'NONE',  ( -29.50000000000000355, 15.00000000000000355, 18.00000000000000000 ) ) ;
#68 = ORIENTED_EDGE ( 'NONE', *, *, #2544, .T. ) ;
#69 = DIRECTION ( 'NONE',  ( -0.000000000000000000, -0.000000000000000000, 1.000000000000000000 ) ) ;
#70 = VECTOR ( 'NONE', #3922, 1000.000000000000000 ) ;
#71 = CARTESIAN_POINT ( 'NONE',  ( 2.694222958124176809E-15, 44.00000000000000000, 2.124999997268813168 ) ) ;
#72 = CARTESIAN_POINT ( 'NONE',  ( 43.45873412499998523, -18.00119707814146963, 4.249999998634406140 ) ) ;
#73 = AXIS2_PLACEMENT_3D ( 'NONE', #2796, #6532, #2243 ) ;
#74 = ADVANCED_FACE ( 'NONE', ( #1220 ), #2739, .T. ) ;
#75 = ORIENTED_EDGE ( 'NONE', *, *, #1436, .F. ) ;
#76 = ORIENTED_EDGE ( 'NONE', *, *, #3971, .F. ) ;
#77 = CARTESIAN_POINT ( 'NONE',  ( -25.50000000000000355, 26.00000000000000000, 23.00000000000000000 ) ) ;
#78 = CARTESIAN_POINT ( 'NONE',  ( 25.50001301246752305, -37.13202359125548213, 10.02824939566200158 ) ) ;
#79 = CARTESIAN_POINT ( 'NONE',  ( -24.77482961613564427, -37.56705936322339312, 13.61750508349778777 ) ) ;
#80 = ORIENTED_EDGE ( 'NONE', *, *, #6234, .T. ) ;
#81 = CARTESIAN_POINT ( 'NONE',  ( 43.72936706249999617, 0.000000000000000000, 0.1562499993172032919 ) ) ;
#82 = CARTESIAN_POINT ( 'NONE',  ( -5.752273629965810819, -8.312909675635427931, 26.00000000000000355 ) ) ;
#83 = DIRECTION ( 'NONE',  ( -0.000000000000000000, -0.000000000000000000, -1.000000000000000000 ) ) ;
#84 = ORIENTED_EDGE ( 'NONE', *, *, #862, .F. ) ;
#85 = CARTESIAN_POINT ( 'NONE',  ( 18.22539674441618374, 44.00000000000000000, 2.187500000000000444 ) ) ;
#86 = DIRECTION ( 'NONE',  ( 1.000000000000000000, 1.239088197126293529E-16, 0.000000000000000000 ) ) ;
#87 = LINE ( 'NONE', #4532, #5758 ) ;
#88 = DIRECTION ( 'NONE',  ( -0.000000000000000000, -0.000000000000000000, -1.000000000000000000 ) ) ;
#89 = ORIENTED_EDGE ( 'NONE', *, *, #960, .T. ) ;
#90 = ORIENTED_EDGE ( 'NONE', *, *, #4548, .T. ) ;
#91 = CARTESIAN_POINT ( 'NONE',  ( -22.68110429034430098, -38.86684886453289067, 6.960445860180647593 ) ) ;
#92 = CARTESIAN_POINT ( 'NONE',  ( -43.45873412499999944, -18.00119707814143410, 3.124999998634407028 ) ) ;
#93 = CYLINDRICAL_SURFACE ( 'NONE', #5543, 44.00000000000000000 ) ;
#94 = CARTESIAN_POINT ( 'NONE',  ( 44.00000000000000000, 0.000000000000000000, 5.874999997268813168 ) ) ;
#95 = CARTESIAN_POINT ( 'NONE',  ( -14.99999999999999822, -21.74342645422166242, 25.00000000000000000 ) ) ;
#96 =( LENGTH_UNIT ( ) NAMED_UNIT ( * ) SI_UNIT ( .MILLI., .METRE. ) );
#97 = ORIENTED_EDGE ( 'NONE', *, *, #2471, .F. ) ;
#98 = CARTESIAN_POINT ( 'NONE',  ( 19.74473479886862393, -39.76899709394012206, 8.808542198934182110 ) ) ;
#99 = DIRECTION ( 'NONE',  ( 0.000000000000000000, 1.000000000000000000, 0.000000000000000000 ) ) ;
#100 = EDGE_CURVE ( 'NONE', #5098, #3871, #3952, .T. ) ;
#101 = LINE ( 'NONE', #4043, #4246 ) ;
#102 = VERTEX_POINT ( 'NONE', #6233 ) ;
#103 = CARTESIAN_POINT ( 'NONE',  ( 2.694222958124176809E-15, 44.00000000000000000, 1.250000000000000000 ) ) ;
#104 = EDGE_CURVE ( 'NONE', #6977, #12, #2961, .T. ) ;
#105 = EDGE_LOOP ( 'NONE', ( #3226, #4600, #4951, #2040 ) ) ;
#106 = ORIENTED_EDGE ( 'NONE', *, *, #2551, .F. ) ;
#107 = DIRECTION ( 'NONE',  ( 0.5028399777920260494, -0.8643795212371211401, 0.000000000000000000 ) ) ;
#108 = LINE ( 'NONE', #6803, #3087 ) ;
#109 = CARTESIAN_POINT ( 'NONE',  ( -43.45873412499999233, 5.322159964117709262E-15, 1.812499998634406584 ) ) ;
#110 = EDGE_CURVE ( 'NONE', #5682, #924, #736, .T. ) ;
#111 = CYLINDRICAL_SURFACE ( 'NONE', #4723, 2.499999999999998668 ) ;
#112 = CARTESIAN_POINT ( 'NONE',  ( -7.207336614451103962, -7.761317930135828824, 26.00000000000000355 ) ) ;
#113 = ADVANCED_FACE ( 'NONE', ( #5036 ), #5691, .T. ) ;
#114 = CARTESIAN_POINT ( 'NONE',  ( 1.000000000000000222, -21.74342645422165887, 25.99999999999999645 ) ) ;
#115 = DIRECTION ( 'NONE',  ( 1.000000000000000000, 0.000000000000000000, 0.000000000000000000 ) ) ;
#116 = CARTESIAN_POINT ( 'NONE',  ( -31.00000000000000355, -14.99999999999999112, 18.00000000000000000 ) ) ;
#117 = LINE ( 'NONE', #1362, #1808 ) ;
#118 = CARTESIAN_POINT ( 'NONE',  ( -23.13622109910158287, -10.24729747974573790, 26.00000000000000355 ) ) ;
#119 = VERTEX_POINT ( 'NONE', #6706 ) ;
#120 = CARTESIAN_POINT ( 'NONE',  ( -22.26281214823369581, -39.10821003321485989, 6.971292592203480964 ) ) ;
#121 = CARTESIAN_POINT ( 'NONE',  ( 43.45873412499999233, 18.00119707814144476, 3.624999998634406584 ) ) ;
#122 = VERTEX_POINT ( 'NONE', #2860 ) ;
#123 = APPLICATION_PROTOCOL_DEFINITION ( 'draft international standard', 'automotive_design', 1998, #4661 ) ;
#124 = CARTESIAN_POINT ( 'NONE',  ( 22.10648544016904893, 26.50000000000000000, 18.00000000000000000 ) ) ;
#125 = DIRECTION ( 'NONE',  ( -0.000000000000000000, -0.000000000000000000, -1.000000000000000000 ) ) ;
#126 = SURFACE_SIDE_STYLE ('',( #2871 ) ) ;
#127 = VERTEX_POINT ( 'NONE', #5138 ) ;
#128 = CARTESIAN_POINT ( 'NONE',  ( 22.06312649942985615, -38.15364126134479505, 7.026197300609140051 ) ) ;
#129 = DIRECTION ( 'NONE',  ( 1.000000000000000000, 0.000000000000000000, 0.000000000000000000 ) ) ;
#130 = CARTESIAN_POINT ( 'NONE',  ( -31.11269837220809364, -31.11269837220808654, 4.625000000000000000 ) ) ;
#131 = DIRECTION ( 'NONE',  ( 0.000000000000000000, 0.000000000000000000, 1.000000000000000000 ) ) ;
#132 = CARTESIAN_POINT ( 'NONE',  ( 30.99999999999998934, -21.74342645422165532, 26.00000000000000355 ) ) ;
#133 = ORIENTED_EDGE ( 'NONE', *, *, #5410, .F. ) ;
#134 = CARTESIAN_POINT ( 'NONE',  ( -18.98687121504116604, -40.79828348053523257, 10.73173894169451081 ) ) ;
#135 = CARTESIAN_POINT ( 'NONE',  ( -18.22539674441620505, -43.99999999999999289, 0.6875000000000000000 ) ) ;
#136 = AXIS2_PLACEMENT_3D ( 'NONE', #6001, #4396, #4835 ) ;
#137 = ADVANCED_FACE ( 'NONE', ( #150 ), #5178, .T. ) ;
#138 = ORIENTED_EDGE ( 'NONE', *, *, #3901, .F. ) ;
#139 = DIRECTION ( 'NONE',  ( 1.000000000000000000, 0.000000000000000000, 0.000000000000000000 ) ) ;
#140 = CARTESIAN_POINT ( 'NONE',  ( 24.60942963628980351, -37.67563418617595516, 6.309839669732975054 ) ) ;
#141 = CARTESIAN_POINT ( 'NONE',  ( 2.661079982058854631E-15, 43.45873412499999233, 2.562499998634406584 ) ) ;
#142 = CARTESIAN_POINT ( 'NONE',  ( 21.84465468539448452, -1.500000000000003331, 18.00000000000000000 ) ) ;
#143 = DIRECTION ( 'NONE',  ( -0.8637789008984336769, -0.5038710255240860247, 0.000000000000000000 ) ) ;
#144 = DIRECTION ( 'NONE',  ( 0.000000000000000000, 0.000000000000000000, 1.000000000000000000 ) ) ;
#145 = VECTOR ( 'NONE', #2080, 1000.000000000000000 ) ;
#146 = ADVANCED_FACE ( 'NONE', ( #225 ), #1944, .T. ) ;
#147 = ADVANCED_FACE ( 'NONE', ( #4773 ), #844, .T. ) ;
#148 = VERTEX_POINT ( 'NONE', #921 ) ;
#149 = CARTESIAN_POINT ( 'NONE',  ( 0.000000000000000000, 0.000000000000000000, 0.000000000000000000 ) ) ;
#150 = FACE_OUTER_BOUND ( 'NONE', #489, .T. ) ;
#151 = CIRCLE ( 'NONE', #4230, 2.500000000000000444 ) ;
#152 = FACE_OUTER_BOUND ( 'NONE', #1087, .T. ) ;
#153 = CARTESIAN_POINT ( 'NONE',  ( 20.63711835785690241, -39.98955663774798808, 13.26810860553018045 ) ) ;
#154 = ORIENTED_EDGE ( 'NONE', *, *, #4511, .T. ) ;
#155 = VECTOR ( 'NONE', #3386, 1000.000000000000000 ) ;
#156 = CARTESIAN_POINT ( 'NONE',  ( 13.25896300087918611, -4.743426454221663313, 26.99999999999999645 ) ) ;
#157 = CARTESIAN_POINT ( 'NONE',  ( 43.45873412499999233, 0.000000000000000000, 4.562499998634407028 ) ) ;
#158 = ORIENTED_EDGE ( 'NONE', *, *, #2165, .F. ) ;
#159 = AXIS2_PLACEMENT_3D ( 'NONE', #1994, #934, #379 ) ;
#160 = PRESENTATION_STYLE_ASSIGNMENT (( #4566 ) ) ;
#161 =( BOUNDED_CURVE ( )  B_SPLINE_CURVE ( 2, ( #6633, #6173, #1193, #3408, #5629, #645, #2869, #5085, #94 ),
 .UNSPECIFIED., .F., .F. ) 
 B_SPLINE_CURVE_WITH_KNOTS ( ( 3, 2, 2, 2, 3 ),
 ( 0.9000000000000000222, 0.9250000000000000444, 0.9499999999999999556, 0.9749999999999999778, 1.000000000000000000 ),
 .UNSPECIFIED. ) 
 CURVE ( )  GEOMETRIC_REPRESENTATION_ITEM ( )  RATIONAL_B_SPLINE_CURVE ( ( 1.000000000000000000, 0.9238795325112867385, 1.000000000000000000, 0.9238795325112867385, 1.000000000000000000, 0.9238795325112867385, 1.000000000000000000, 0.9238795325112867385, 1.000000000000000000 ) ) 
 REPRESENTATION_ITEM ( '' )  );
#162 = CARTESIAN_POINT ( 'NONE',  ( -29.50000000000000000, 10.00000000000000178, 23.00000000000000000 ) ) ;
#163 = ORIENTED_EDGE ( 'NONE', *, *, #4839, .T. ) ;
#164 = CARTESIAN_POINT ( 'NONE',  ( 20.29823779889609625, -39.41159372505479297, 12.04783086114643176 ) ) ;
#165 = VECTOR ( 'NONE', #3735, 1000.000000000000000 ) ;
#166 = CARTESIAN_POINT ( 'NONE',  ( 0.000000000000000000, 0.000000000000000000, 23.00000000000000000 ) ) ;
#167 = CARTESIAN_POINT ( 'NONE',  ( 22.10648544016904893, 24.99999999999999645, 18.00000000000000000 ) ) ;
#168 = AXIS2_PLACEMENT_3D ( 'NONE', #2325, #1201, #3342 ) ;
#169 = AXIS2_PLACEMENT_3D ( 'NONE', #179, #2885, #6802 ) ;
#170 = DIRECTION ( 'NONE',  ( -0.000000000000000000, -0.000000000000000000, -1.000000000000000000 ) ) ;
#171 = LINE ( 'NONE', #2463, #1345 ) ;
#172 = CARTESIAN_POINT ( 'NONE',  ( -31.00000000000000355, 10.00000000000000178, 18.00000000000000000 ) ) ;
#173 = ORIENTED_EDGE ( 'NONE', *, *, #5139, .T. ) ;
#174 = CARTESIAN_POINT ( 'NONE',  ( -2.087269824346533742, -9.049787701294148334, 27.00000000000000355 ) ) ;
#175 = AXIS2_PLACEMENT_3D ( 'NONE', #2530, #3551, #1953 ) ;
#176 = CARTESIAN_POINT ( 'NONE',  ( -44.00000000000001421, -18.22539674441618018, 3.562500000000000444 ) ) ;
#177 = VECTOR ( 'NONE', #2023, 1000.000000000000000 ) ;
#178 = VERTEX_POINT ( 'NONE', #3000 ) ;
#179 = CARTESIAN_POINT ( 'NONE',  ( -12.49999999999999645, -9.743426454221660649, 26.00000000000000355 ) ) ;
#180 = CARTESIAN_POINT ( 'NONE',  ( 23.53469118386929892, -38.35544220046001129, 7.127694859654618575 ) ) ;
#181 = CARTESIAN_POINT ( 'NONE',  ( -30.72996560157071499, 30.72996560157071855, 0.6874999986344065839 ) ) ;
#182 = CARTESIAN_POINT ( 'NONE',  ( -44.00000000000000000, 0.000000000000000000, 15.00000000000000000 ) ) ;
#183 = CARTESIAN_POINT ( 'NONE',  ( -9.235432497759269665, -12.12834088199385185, 27.00000000000000000 ) ) ;
#185 = CARTESIAN_POINT ( 'NONE',  ( -2.602085213965214191E-15, 18.02030034307065876, 27.00000000000000355 ) ) ;
#184 = AXIS2_PLACEMENT_3D ( 'NONE', #426, #4318, #973 ) ;
#186 = EDGE_CURVE ( 'NONE', #3575, #366, #6404, .T. ) ;
#187 = VERTEX_POINT ( 'NONE', #4664 ) ;
#188 = CARTESIAN_POINT ( 'NONE',  ( -14.99999999999999822, -3.743426454221665534, 27.00000000000000355 ) ) ;
#189 = DIRECTION ( 'NONE',  ( 0.000000000000000000, 0.000000000000000000, 1.000000000000000000 ) ) ;
#190 = DIRECTION ( 'NONE',  ( -0.000000000000000000, -0.000000000000000000, 1.000000000000000000 ) ) ;
#191 = LINE ( 'NONE', #4854, #3406 ) ;
#192 = VERTEX_POINT ( 'NONE', #2522 ) ;
#193 = CARTESIAN_POINT ( 'NONE',  ( -25.48327258607381651, -37.12882123376979138, 10.58577007860394659 ) ) ;
#194 = CARTESIAN_POINT ( 'NONE',  ( 30.72996560157071855, 30.72996560157071855, 3.687499998634407028 ) ) ;
#195 = EDGE_CURVE ( 'NONE', #952, #5662, #5170, .T. ) ;
#196 =( NAMED_UNIT ( * ) SI_UNIT ( $, .STERADIAN. ) SOLID_ANGLE_UNIT ( ) );
#197 = DIRECTION ( 'NONE',  ( 1.000000000000000000, 0.000000000000000000, 0.000000000000000000 ) ) ;
#198 = CARTESIAN_POINT ( 'NONE',  ( -9.994693298868400078, 7.299059379510839385, 27.00000000000000355 ) ) ;
#199 = DIRECTION ( 'NONE',  ( 6.938893903907227392E-16, -1.000000000000000000, 0.000000000000000000 ) ) ;
#200 = ORIENTED_EDGE ( 'NONE', *, *, #5570, .T. ) ;
#201 = CARTESIAN_POINT ( 'NONE',  ( 20.91266790124956287, -38.99457816304204272, 12.55303106067875518 ) ) ;
#202 = CARTESIAN_POINT ( 'NONE',  ( 22.67568889378745922, -37.70749168413961172, 7.000000000001208811 ) ) ;
#203 = EDGE_CURVE ( 'NONE', #5069, #6447, #5355, .T. ) ;
#204 = CARTESIAN_POINT ( 'NONE',  ( -30.72996560157071499, 30.72996560157071855, 0.9374999986344066949 ) ) ;
#205 = EDGE_CURVE ( 'NONE', #3478, #4518, #3068, .T. ) ;
#206 = CARTESIAN_POINT ( 'NONE',  ( -44.00000000000001421, -18.22539674441617663, 4.562500000000001776 ) ) ;
#207 = EDGE_CURVE ( 'NONE', #1258, #6218, #2446, .T. ) ;
#208 =( BOUNDED_SURFACE ( )  B_SPLINE_SURFACE ( 1, 2, ( 
 ( #6630, #1655, #640, #6747, #3878, #601, #2317, #3921, #2791, #1737, #2346, #5626, #4028, #1770, #2205, #2757, #55, #6100, #5555, #1116, #569, #4459, #6239, #1226, #2240, #6671, #1699, #1260, #5082, #5113, #3369, #4565, #3473, #5589, #2828, #533, #5043, #4975, #2281, #4503, #6713, #92, #3959, #3991, #7198, #3441, #5664, #678, #2897, #121, #194, #6962, #708, #6347, #4060, #3546, #1838, #1912, #6929, #6270, #3038, #3505, #2489, #4748, #157, #306, #4096, #5145, #230, #3074, #4171, #1871, #1984, #4712, #4203, #781, #3005, #6306, #6377, #5184, #1951 ),
 ( #2966, #5696, #2414, #4603, #2929, #2379, #2451, #6816, #1327, #5295, #4136, #4634, #1291, #5729, #744, #850, #6849, #5769, #5222, #4669, #6888, #1366, #3582, #6409, #5805, #3613, #813, #1399, #2527, #5256, #266, #5838, #1432, #6589, #3181, #5879, #2595, #4778, #1031, #6521, #2124, #2675, #1472, #1581, #4344, #5981, #4309, #5397, #4930, #1544, #7149, #338, #6557, #7111, #2636, #4893, #410, #5472, #4816, #3760, #4857, #484, #3691, #3147, #368, #6449, #7073, #7035, #3224, #892, #3255, #5912, #2708, #2089, #3797, #3114, #926, #2162, #5360, #2056, #4380 ) ),
 .UNSPECIFIED., .F., .F., .F. ) 
 B_SPLINE_SURFACE_WITH_KNOTS ( ( 2, 2 ),
 ( 3, 2, 2, 2, 2, 2, 2, 2, 2, 2, 2, 2, 2, 2, 2, 2, 2, 2, 2, 2, 2, 2, 2, 2, 2, 2, 2, 2, 2, 2, 2, 2, 2, 2, 2, 2, 2, 2, 2, 2, 3 ),
 ( 0.000000000000000000, 1.000000000000000000 ),
 ( 0.000000000000000000, 0.02500000000000000139, 0.05000000000000000278, 0.07499999999999999722, 0.1000000000000000056, 0.1250000000000000000, 0.1499999999999999944, 0.1749999999999999889, 0.2000000000000000111, 0.2250000000000000056, 0.2500000000000000000, 0.2750000000000000222, 0.2999999999999999889, 0.3250000000000000111, 0.3499999999999999778, 0.3750000000000000000, 0.4000000000000000222, 0.4249999999999999889, 0.4500000000000000111, 0.4749999999999999778, 0.5000000000000000000, 0.5250000000000000222, 0.5500000000000000444, 0.5749999999999999556, 0.5999999999999999778, 0.6250000000000000000, 0.6500000000000000222, 0.6750000000000000444, 0.6999999999999999556, 0.7249999999999999778, 0.7500000000000000000, 0.7750000000000000222, 0.8000000000000000444, 0.8249999999999999556, 0.8499999999999999778, 0.8750000000000000000, 0.9000000000000000222, 0.9250000000000000444, 0.9499999999999999556, 0.9749999999999999778, 1.000000000000000000 ),
 .UNSPECIFIED. ) 
 GEOMETRIC_REPRESENTATION_ITEM ( )  RATIONAL_B_SPLINE_SURFACE ( (
 ( 1.000000000000000000, 0.9238795325112867385, 1.000000000000000000, 0.9238795325112867385, 1.000000000000000000, 0.9238795325112867385, 1.000000000000000000, 0.9238795325112867385, 1.000000000000000000, 0.9238795325112867385, 1.000000000000000000, 0.9238795325112867385, 1.000000000000000000, 0.9238795325112867385, 1.000000000000000000, 0.9238795325112867385, 1.000000000000000000, 0.9238795325112867385, 1.000000000000000000, 0.9238795325112867385, 1.000000000000000000, 0.9238795325112867385, 1.000000000000000000, 0.9238795325112867385, 1.000000000000000000, 0.9238795325112867385, 1.000000000000000000, 0.9238795325112867385, 1.000000000000000000, 0.9238795325112867385, 1.000000000000000000, 0.9238795325112867385, 1.000000000000000000, 0.9238795325112867385, 1.000000000000000000, 0.9238795325112867385, 1.000000000000000000, 0.9238795325112867385, 1.000000000000000000, 0.9238795325112867385, 1.000000000000000000, 0.9238795325112867385, 1.000000000000000000, 0.9238795325112867385, 1.000000000000000000, 0.9238795325112867385, 1.000000000000000000, 0.9238795325112867385, 1.000000000000000000, 0.9238795325112867385, 1.000000000000000000, 0.9238795325112867385, 1.000000000000000000, 0.9238795325112867385, 1.000000000000000000, 0.9238795325112867385, 1.000000000000000000, 0.9238795325112867385, 1.000000000000000000, 0.9238795325112867385, 1.000000000000000000, 0.9238795325112867385, 1.000000000000000000, 0.9238795325112867385, 1.000000000000000000, 0.9238795325112867385, 1.000000000000000000, 0.9238795325112867385, 1.000000000000000000, 0.9238795325112867385, 1.000000000000000000, 0.9238795325112867385, 1.000000000000000000, 0.9238795325112867385, 1.000000000000000000, 0.9238795325112867385, 1.000000000000000000, 0.9238795325112867385, 1.000000000000000000, 0.9238795325112867385, 1.000000000000000000),
 ( 1.000000000000000000, 0.9238795325112867385, 1.000000000000000000, 0.9238795325112867385, 1.000000000000000000, 0.9238795325112867385, 1.000000000000000000, 0.9238795325112867385, 1.000000000000000000, 0.9238795325112867385, 1.000000000000000000, 0.9238795325112867385, 1.000000000000000000, 0.9238795325112867385, 1.000000000000000000, 0.9238795325112867385, 1.000000000000000000, 0.9238795325112867385, 1.000000000000000000, 0.9238795325112867385, 1.000000000000000000, 0.9238795325112867385, 1.000000000000000000, 0.9238795325112867385, 1.000000000000000000, 0.9238795325112867385, 1.000000000000000000, 0.9238795325112867385, 1.000000000000000000, 0.9238795325112867385, 1.000000000000000000, 0.9238795325112867385, 1.000000000000000000, 0.9238795325112867385, 1.000000000000000000, 0.9238795325112867385, 1.000000000000000000, 0.9238795325112867385, 1.000000000000000000, 0.9238795325112867385, 1.000000000000000000, 0.9238795325112867385, 1.000000000000000000, 0.9238795325112867385, 1.000000000000000000, 0.9238795325112867385, 1.000000000000000000, 0.9238795325112867385, 1.000000000000000000, 0.9238795325112867385, 1.000000000000000000, 0.9238795325112867385, 1.000000000000000000, 0.9238795325112867385, 1.000000000000000000, 0.9238795325112867385, 1.000000000000000000, 0.9238795325112867385, 1.000000000000000000, 0.9238795325112867385, 1.000000000000000000, 0.9238795325112867385, 1.000000000000000000, 0.9238795325112867385, 1.000000000000000000, 0.9238795325112867385, 1.000000000000000000, 0.9238795325112867385, 1.000000000000000000, 0.9238795325112867385, 1.000000000000000000, 0.9238795325112867385, 1.000000000000000000, 0.9238795325112867385, 1.000000000000000000, 0.9238795325112867385, 1.000000000000000000, 0.9238795325112867385, 1.000000000000000000, 0.9238795325112867385, 1.000000000000000000) ) ) 
 REPRESENTATION_ITEM ( '' )  SURFACE ( )  );
#209 = DIRECTION ( 'NONE',  ( 0.000000000000000000, 1.000000000000000000, 0.000000000000000000 ) ) ;
#210 = CARTESIAN_POINT ( 'NONE',  ( 25.26292363523799267, -37.24046928102940512, 6.651448898877095672 ) ) ;
#211 = PLANE ( 'NONE',  #1100 ) ;
#212 = ORIENTED_EDGE ( 'NONE', *, *, #3752, .T. ) ;
#213 = CARTESIAN_POINT ( 'NONE',  ( -5.103097443373498798, -6.074122115119009457, 27.00000000000000355 ) ) ;
#214 = VERTEX_POINT ( 'NONE', #3033 ) ;
#215 = CARTESIAN_POINT ( 'NONE',  ( -18.22539674441618374, 44.00000000000000000, 3.312500000000000000 ) ) ;
#216 = VERTEX_POINT ( 'NONE', #6882 ) ;
#217 = DIRECTION ( 'NONE',  ( 1.000000000000000000, -0.000000000000000000, 0.000000000000000000 ) ) ;
#218 = DIRECTION ( 'NONE',  ( -1.000000000000000000, 0.000000000000000000, 0.000000000000000000 ) ) ;
#219 = CARTESIAN_POINT ( 'NONE',  ( -18.00119707814144121, 43.45873412499999233, 3.624999998634406140 ) ) ;
#220 = CARTESIAN_POINT ( 'NONE',  ( 16.00000000000000000, 20.00000000000000000, 23.00000000000000000 ) ) ;
#221 = CARTESIAN_POINT ( 'NONE',  ( -4.657257044953828640, -10.28239626782522720, 26.00000000000000355 ) ) ;
#222 = LINE ( 'NONE', #2443, #3069 ) ;
#223 = ORIENTED_EDGE ( 'NONE', *, *, #4557, .F. ) ;
#224 = CARTESIAN_POINT ( 'NONE',  ( 26.63682542416037080, -9.255004158175749396, 27.00000000000000355 ) ) ;
#225 = FACE_OUTER_BOUND ( 'NONE', #1723, .T. ) ;
#226 = CARTESIAN_POINT ( 'NONE',  ( 2.499999999999996891, -7.243426454221662425, 25.00000000000000000 ) ) ;
#227 = CARTESIAN_POINT ( 'NONE',  ( 22.67492312878792760, -38.87069998002164795, 6.006143111994511230 ) ) ;
#228 = ORIENTED_EDGE ( 'NONE', *, *, #4482, .F. ) ;
#229 = CARTESIAN_POINT ( 'NONE',  ( -24.41975418049411317, -36.16716692743891315, 12.31322550752114253 ) ) ;
#230 = CARTESIAN_POINT ( 'NONE',  ( 2.661079982058854631E-15, 43.45873412499999233, 4.812499998634407028 ) ) ;
#231 = DIRECTION ( 'NONE',  ( 0.000000000000000000, 0.000000000000000000, -1.000000000000000000 ) ) ;
#232 = ADVANCED_FACE ( 'NONE', ( #4233 ), #6444, .T. ) ;
#233 = CARTESIAN_POINT ( 'NONE',  ( -1.162966532066894265, -10.83070027546444614, 26.00000000000000711 ) ) ;
#234 = CARTESIAN_POINT ( 'NONE',  ( -11.50000000000000178, -4.743426454221663313, 27.00000000000000355 ) ) ;
#235 = ORIENTED_EDGE ( 'NONE', *, *, #6030, .T. ) ;
#236 = CARTESIAN_POINT ( 'NONE',  ( 21.43273086105331870, -38.62429437925673170, 12.81003657163174836 ) ) ;
#237 = DIRECTION ( 'NONE',  ( 0.5018067792377998160, -0.8649797432951745746, -0.000000000000000000 ) ) ;
#238 = CARTESIAN_POINT ( 'NONE',  ( 43.45873412499999233, 0.000000000000000000, 1.562499998634406584 ) ) ;
#239 = CARTESIAN_POINT ( 'NONE',  ( -12.39003891116447598, -14.83106493704761952, 27.00000000000000711 ) ) ;
#240 = EDGE_CURVE ( 'NONE', #1904, #5632, #5833, .T. ) ;
#241 = CARTESIAN_POINT ( 'NONE',  ( -4.725570663600350940, -11.72866010871952547, 27.00000000000000355 ) ) ;
#242 = EDGE_CURVE ( 'NONE', #4873, #4887, #1906, .T. ) ;
#243 = CARTESIAN_POINT ( 'NONE',  ( 11.50000000000000355, -4.743426454221664201, 26.99999999999999645 ) ) ;
#244 = LINE ( 'NONE', #6976, #5634 ) ;
#245 = ORIENTED_EDGE ( 'NONE', *, *, #3319, .T. ) ;
#246 = CARTESIAN_POINT ( 'NONE',  ( -4.664853218272223323, -5.174081712097907904, 26.00000000000000355 ) ) ;
#247 = ORIENTED_EDGE ( 'NONE', *, *, #5984, .F. ) ;
#248 = CARTESIAN_POINT ( 'NONE',  ( -18.22539674441618374, 44.00000000000000000, 2.312500000000000888 ) ) ;
#249 =( BOUNDED_SURFACE ( )  B_SPLINE_SURFACE ( 3, 1, ( 
 ( #5573, #2365 ),
 ( #5609, #1209 ),
 ( #726, #664 ),
 ( #5027, #4585 ) ),
 .UNSPECIFIED., .F., .F., .F. ) 
 B_SPLINE_SURFACE_WITH_KNOTS ( ( 4, 4 ),
 ( 2, 2 ),
 ( 0.000000000000000000, 1.000000000000000000 ),
 ( 0.000000000000000000, 1.000000000000000000 ),
 .UNSPECIFIED. ) 
 GEOMETRIC_REPRESENTATION_ITEM ( )  RATIONAL_B_SPLINE_SURFACE ( (
 ( 1.000000000000000000, 1.000000000000000000),
 ( 0.3333333333333333703, 0.3333333333333333703),
 ( 0.3333333333333333703, 0.3333333333333333703),
 ( 1.000000000000000000, 1.000000000000000000) ) ) 
 REPRESENTATION_ITEM ( '' )  SURFACE ( )  );
#250 = ORIENTED_EDGE ( 'NONE', *, *, #5499, .T. ) ;
#251 = EDGE_LOOP ( 'NONE', ( #3743, #106, #309, #4198 ) ) ;
#252 = CARTESIAN_POINT ( 'NONE',  ( -1.499999999999996669, 27.50000000000000000, 18.00000000000000000 ) ) ;
#253 = DIRECTION ( 'NONE',  ( -1.000000000000000000, 0.000000000000000000, 0.000000000000000000 ) ) ;
#254 = CARTESIAN_POINT ( 'NONE',  ( 18.00119707814144832, -43.45873412499998523, 1.124999998634406584 ) ) ;
#255 = CARTESIAN_POINT ( 'NONE',  ( 19.52446624765574512, -39.90667216895602110, 9.562921531220151650 ) ) ;
#256 = CARTESIAN_POINT ( 'NONE',  ( -3.696707415532854757, -10.62101445365128782, 27.00000000000000355 ) ) ;
#257 = CARTESIAN_POINT ( 'NONE',  ( 26.63682542416037080, -9.255004158175747619, 26.00000000000000355 ) ) ;
#258 = VECTOR ( 'NONE', #4099, 1000.000000000000000 ) ;
#259 = EDGE_LOOP ( 'NONE', ( #303, #5276, #4823, #75 ) ) ;
#260 = DIRECTION ( 'NONE',  ( 0.000000000000000000, 0.000000000000000000, 1.000000000000000000 ) ) ;
#261 = CARTESIAN_POINT ( 'NONE',  ( 10.59999999999999787, -14.99999999999999822, 23.00000000000000000 ) ) ;
#262 = CARTESIAN_POINT ( 'NONE',  ( 21.69297174663316241, -39.42701228580569506, 6.204943196820527085 ) ) ;
#263 = EDGE_LOOP ( 'NONE', ( #4879, #6665, #2330, #2009 ) ) ;
#264 = VECTOR ( 'NONE', #3688, 1000.000000000000000 ) ;
#265 = CARTESIAN_POINT ( 'NONE',  ( -27.09497217144767589, -35.92857980199237034, 10.27792245969181728 ) ) ;
#266 = CARTESIAN_POINT ( 'NONE',  ( 30.72996560157071144, -30.72996560157072565, 2.187499998634406584 ) ) ;
#267 = DIRECTION ( 'NONE',  ( -0.8660254037844404840, -0.000000000000000000, 0.4999999999999967804 ) ) ;
#268 = FACE_OUTER_BOUND ( 'NONE', #251, .T. ) ;
#269 = DIRECTION ( 'NONE',  ( 0.000000000000000000, -1.000000000000000000, 0.000000000000000000 ) ) ;
#270 = EDGE_LOOP ( 'NONE', ( #6981, #5116, #657, #2800 ) ) ;
#271 = CARTESIAN_POINT ( 'NONE',  ( 20.20590698031687893, -40.20916060937476288, 12.92328399997538391 ) ) ;
#272 = LINE ( 'NONE', #5196, #6799 ) ;
#273 = CARTESIAN_POINT ( 'NONE',  ( 44.00000000000000000, 0.000000000000000000, 4.874999997268813168 ) ) ;
#274 = CIRCLE ( 'NONE', #6663, 1.100000000000000311 ) ;
#275 = CARTESIAN_POINT ( 'NONE',  ( 2.694222958124176809E-15, 44.00000000000000000, 3.250000000000000444 ) ) ;
#276 = ADVANCED_FACE ( 'NONE', ( #1361, #4199, #1426, #4270, #3645, #5873, #886, #4810, #5800, #808, #3109, #5251, #2589 ), #5907, .F. ) ;
#277 = VECTOR ( 'NONE', #784, 1000.000000000000114 ) ;
#278 = CARTESIAN_POINT ( 'NONE',  ( -8.175460359933833132, -12.98791632229302273, 27.00000000000000711 ) ) ;
#279 = CARTESIAN_POINT ( 'NONE',  ( 26.58713204909317085, -36.30645071676587321, 11.96139733714212738 ) ) ;
#280 = DIRECTION ( 'NONE',  ( -1.000000000000000000, 0.000000000000000000, -0.000000000000000000 ) ) ;
#281 = ORIENTED_EDGE ( 'NONE', *, *, #3095, .F. ) ;
#282 = CARTESIAN_POINT ( 'NONE',  ( -7.498124370351029633, -5.216147386214330162, 27.00000000000000355 ) ) ;
#283 = ORIENTED_EDGE ( 'NONE', *, *, #6378, .F. ) ;
#284 = LINE ( 'NONE', #4731, #3521 ) ;
#285 = AXIS2_PLACEMENT_3D ( 'NONE', #5091, #5018, #6146 ) ;
#286 = EDGE_CURVE ( 'NONE', #4383, #5550, #1320, .T. ) ;
#287 = ORIENTED_EDGE ( 'NONE', *, *, #318, .F. ) ;
#288 = CARTESIAN_POINT ( 'NONE',  ( 22.33073073955908328, -37.94572800156586823, 12.99683460169696048 ) ) ;
#289 = VECTOR ( 'NONE', #5101, 1000.000000000000000 ) ;
#290 = CARTESIAN_POINT ( 'NONE',  ( -29.50000000000000000, -9.999999999999991118, 18.00000000000000000 ) ) ;
#291 = CARTESIAN_POINT ( 'NONE',  ( -30.72996560157072565, -30.72996560157071499, 4.937499998634407028 ) ) ;
#292 = PLANE ( 'NONE',  #3564 ) ;
#293 = EDGE_CURVE ( 'NONE', #795, #1910, #5465, .T. ) ;
#294 = CARTESIAN_POINT ( 'NONE',  ( -12.56917879921794778, -12.21409253951386908, 26.00000000000000355 ) ) ;
#295 =( BOUNDED_CURVE ( )  B_SPLINE_CURVE ( 2, ( #434, #3633, #6539, #1562, #5824, #833, #5343, #352, #6430 ),
 .UNSPECIFIED., .F., .F. ) 
 B_SPLINE_CURVE_WITH_KNOTS ( ( 3, 2, 2, 2, 3 ),
 ( 0.7000000000000001776, 0.7250000000000000888, 0.7500000000000001110, 0.7750000000000001332, 0.8000000000000000444 ),
 .UNSPECIFIED. ) 
 CURVE ( )  GEOMETRIC_REPRESENTATION_ITEM ( )  RATIONAL_B_SPLINE_CURVE ( ( 0.9999999999999993339, 0.9238795325112874046, 1.000000000000000000, 0.9238795325112867385, 1.000000000000000000, 0.9238795325112867385, 1.000000000000000000, 0.9238795325112867385, 1.000000000000000000 ) ) 
 REPRESENTATION_ITEM ( '' )  );
#296 = DIRECTION ( 'NONE',  ( -0.000000000000000000, -0.000000000000000000, -1.000000000000000000 ) ) ;
#297 = EDGE_CURVE ( 'NONE', #1929, #1644, #506, .T. ) ;
#298 = AXIS2_PLACEMENT_3D ( 'NONE', #4038, #4404, #5461 ) ;
#299 = EDGE_LOOP ( 'NONE', ( #4307, #3669 ) ) ;
#300 = CARTESIAN_POINT ( 'NONE',  ( 22.10648544016904893, 26.50000000000000000, 23.00000000000000000 ) ) ;
#301 = CARTESIAN_POINT ( 'NONE',  ( -4.686363442781513733, -6.287141767843485773, 27.00000000000001776 ) ) ;
#302 = FACE_OUTER_BOUND ( 'NONE', #4836, .T. ) ;
#303 = ORIENTED_EDGE ( 'NONE', *, *, #4328, .F. ) ;
#304 = VECTOR ( 'NONE', #6545, 1000.000000000000114 ) ;
#305 = DIRECTION ( 'NONE',  ( 0.000000000000000000, 0.000000000000000000, 1.000000000000000000 ) ) ;
#306 = CARTESIAN_POINT ( 'NONE',  ( 43.45873412499999233, 18.00119707814144476, 4.624999998634407028 ) ) ;
#307 = DIRECTION ( 'NONE',  ( 0.000000000000000000, 0.000000000000000000, 1.000000000000000000 ) ) ;
#308 = CARTESIAN_POINT ( 'NONE',  ( -3.398278615665969671, -13.56535181945511681, 26.00000000000000000 ) ) ;
#309 = ORIENTED_EDGE ( 'NONE', *, *, #5636, .T. ) ;
#310 = CARTESIAN_POINT ( 'NONE',  ( 19.59181347723646738, -40.51608732294354098, 10.74872235110443164 ) ) ;
#311 = CARTESIAN_POINT ( 'NONE',  ( 30.99999999999998934, -3.743426454221657540, 27.00000000000000355 ) ) ;
#312 = CARTESIAN_POINT ( 'NONE',  ( 2.694222958124176809E-15, 44.00000000000000000, 5.124999997268813168 ) ) ;
#313 = DIRECTION ( 'NONE',  ( -1.000000000000000000, 0.000000000000000000, 0.000000000000000000 ) ) ;
#314 = CARTESIAN_POINT ( 'NONE',  ( 23.65980968291531639, -38.27810608909781109, 6.050569891710021686 ) ) ;
#315 = CARTESIAN_POINT ( 'NONE',  ( -27.50000000000001421, -21.74342645422166953, 25.00000000000000000 ) ) ;
#316 = VERTEX_POINT ( 'NONE', #622 ) ;
#317 = CARTESIAN_POINT ( 'NONE',  ( -5.688323839874513510, -4.732896550577022410, 27.00000000000000000 ) ) ;
#318 = EDGE_CURVE ( 'NONE', #2762, #4185, #6762, .T. ) ;
#319 = ORIENTED_EDGE ( 'NONE', *, *, #655, .T. ) ;
#320 = DIRECTION ( 'NONE',  ( 1.000000000000000000, 0.000000000000000000, -0.000000000000000000 ) ) ;
#321 = EDGE_LOOP ( 'NONE', ( #2287, #287, #5745, #2863 ) ) ;
#322 = CARTESIAN_POINT ( 'NONE',  ( 23.99999999999998934, -11.74861399321799382, 27.00000000000000355 ) ) ;
#323 = B_SPLINE_CURVE_WITH_KNOTS ( 'NONE', 3,
 ( #7031, #1980, #334, #3647, #3176, #7107, #5323, #2119, #1577, #2590, #5977, #364, #6553, #4339, #4305, #2051, #3720, #3793, #5292, #5394, #5941, #406, #922, #845, #6481, #2011, #6516, #5875, #991, #3070, #7069, #301, #3143, #5356, #6445, #3219, #2556, #5432, #2085, #4889 ),
 .UNSPECIFIED., .F., .F.,
 ( 4, 2, 2, 2, 2, 2, 2, 2, 2, 2, 2, 2, 2, 2, 2, 2, 2, 2, 2, 4 ),
 ( 0.000000000000000000, 0.001520465448364412145, 0.003040930896728824290, 0.004561396345093236653, 0.006081861793457648581, 0.007602327241822061377, 0.009122792690186473305, 0.01064325813855088523, 0.01140349086273309206, 0.01216372358691529716, 0.01254383994900639711, 0.01292395631109749879, 0.01368418903527969868, 0.01444442175946190031, 0.01520465448364410194, 0.01672511993200850519, 0.01824558538037290845, 0.01976605082873731170, 0.02128651627710171496, 0.02432744717383051453 ),
 .UNSPECIFIED. ) ;
#324 = EDGE_CURVE ( 'NONE', #6027, #4732, #1720, .T. ) ;
#325 = DIRECTION ( 'NONE',  ( 0.000000000000000000, -1.000000000000000000, 0.000000000000000000 ) ) ;
#326 = DIRECTION ( 'NONE',  ( -0.000000000000000000, 0.000000000000000000, -1.000000000000000000 ) ) ;
#327 = DIRECTION ( 'NONE',  ( 0.000000000000000000, 0.000000000000000000, -1.000000000000000000 ) ) ;
#328 = DIRECTION ( 'NONE',  ( -0.000000000000000000, -0.000000000000000000, -1.000000000000000000 ) ) ;
#329 = FACE_OUTER_BOUND ( 'NONE', #2903, .T. ) ;
#330 = ORIENTED_EDGE ( 'NONE', *, *, #2659, .F. ) ;
#331 = DIRECTION ( 'NONE',  ( -0.5038710255240860247, 0.8637789008984334549, 0.000000000000000000 ) ) ;
#332 = EDGE_CURVE ( 'NONE', #5069, #5550, #6257, .T. ) ;
#333 = ADVANCED_FACE ( 'NONE', ( #5713 ), #249, .T. ) ;
#334 = CARTESIAN_POINT ( 'NONE',  ( -11.48585873001399094, -14.75074775112606318, 27.00000000000001066 ) ) ;
#335 = DIRECTION ( 'NONE',  ( 0.000000000000000000, 1.000000000000000000, 0.000000000000000000 ) ) ;
#336 = ORIENTED_EDGE ( 'NONE', *, *, #5016, .F. ) ;
#337 = CARTESIAN_POINT ( 'NONE',  ( 27.73824074819993513, -4.157640016594754684, 27.00000000000000000 ) ) ;
#338 = CARTESIAN_POINT ( 'NONE',  ( 18.00119707814145187, 43.45873412499999233, 3.499999998634406584 ) ) ;
#339 = CARTESIAN_POINT ( 'NONE',  ( 44.00000000000000000, 0.000000000000000000, 2.000000000000000000 ) ) ;
#340 = DIRECTION ( 'NONE',  ( -0.000000000000000000, -0.000000000000000000, 1.000000000000000000 ) ) ;
#341 = ORIENTED_EDGE ( 'NONE', *, *, #3452, .F. ) ;
#342 = CARTESIAN_POINT ( 'NONE',  ( -22.32036583974861799, -37.91892618351080557, 6.999999999999002576 ) ) ;
#343 = CARTESIAN_POINT ( 'NONE',  ( -29.25896300087920210, -20.74342645422166598, 27.00000000000000355 ) ) ;
#344 = CARTESIAN_POINT ( 'NONE',  ( -18.00119707814144121, 43.45873412499999233, 0.8749999986344069169 ) ) ;
#345 = CARTESIAN_POINT ( 'NONE',  ( -7.703443773176648968, -4.140138458595841620, 26.00000000000001421 ) ) ;
#346 = LINE ( 'NONE', #6974, #165 ) ;
#347 = CARTESIAN_POINT ( 'NONE',  ( -19.71264811284679652, -40.45730555273154039, 8.862517181280932022 ) ) ;
#348 = CARTESIAN_POINT ( 'NONE',  ( 19.94992864319677039, -39.21756762559263620, 11.59282481669841225 ) ) ;
#349 = VERTEX_POINT ( 'NONE', #1682 ) ;
#350 = CARTESIAN_POINT ( 'NONE',  ( -4.765938872373619795, -13.24031350682378694, 27.00000000000000355 ) ) ;
#351 = VERTEX_POINT ( 'NONE', #2915 ) ;
#352 = CARTESIAN_POINT ( 'NONE',  ( 43.99999999999999289, -18.22539674441621216, 4.812499997268813168 ) ) ;
#353 = CARTESIAN_POINT ( 'NONE',  ( -21.32490466387972461, -38.70210118640646613, 7.235128873333159127 ) ) ;
#354 = ORIENTED_EDGE ( 'NONE', *, *, #4742, .T. ) ;
#355 = DIRECTION ( 'NONE',  ( 0.000000000000000000, 0.000000000000000000, -1.000000000000000000 ) ) ;
#356 = LINE ( 'NONE', #2622, #6569 ) ;
#357 = LINE ( 'NONE', #439, #3516 ) ;
#358 = CARTESIAN_POINT ( 'NONE',  ( -1.000000000000000888, -6.228707828460228413, 25.00000000000000000 ) ) ;
#359 = CARTESIAN_POINT ( 'NONE',  ( 22.10648544016904893, 26.50000000000000000, 18.00000000000000000 ) ) ;
#360 = CARTESIAN_POINT ( 'NONE',  ( -1.499999999999997558, -27.50000000000000000, 18.00000000000000000 ) ) ;
#361 = ADVANCED_FACE ( 'NONE', ( #5166 ), #5066, .T. ) ;
#362 = ORIENTED_EDGE ( 'NONE', *, *, #4548, .F. ) ;
#363 = DIRECTION ( 'NONE',  ( -1.000000000000000000, -1.156482317317870344E-15, 0.000000000000000000 ) ) ;
#364 = CARTESIAN_POINT ( 'NONE',  ( -4.679293991639957184, -13.19315580699997348, 27.00000000000000000 ) ) ;
#365 = LINE ( 'NONE', #6406, #264 ) ;
#366 = VERTEX_POINT ( 'NONE', #77 ) ;
#367 = DIRECTION ( 'NONE',  ( -3.469446951953611033E-15, 1.000000000000000000, 0.000000000000000000 ) ) ;
#368 = CARTESIAN_POINT ( 'NONE',  ( 43.45873412499999233, 0.000000000000000000, 4.312499998634407028 ) ) ;
#369 = ADVANCED_FACE ( 'NONE', ( #4012 ), #3425, .T. ) ;
#370 = EDGE_CURVE ( 'NONE', #12, #5262, #5100, .T. ) ;
#371 = LINE ( 'NONE', #4820, #2617 ) ;
#372 = CARTESIAN_POINT ( 'NONE',  ( -11.49999999999999822, -21.74342645422166242, 26.58578643762690774 ) ) ;
#373 = CARTESIAN_POINT ( 'NONE',  ( 17.00000000000000000, -4.743426454221659760, 27.00000000000000355 ) ) ;
#374 = EDGE_LOOP ( 'NONE', ( #2194, #4442, #3855, #956, #1380 ) ) ;
#375 = CARTESIAN_POINT ( 'NONE',  ( -20.73860638096974185, -38.80741352431022051, 12.46006489147877261 ) ) ;
#376 = UNCERTAINTY_MEASURE_WITH_UNIT (LENGTH_MEASURE( 1.000000000000000082E-05 ), #815, 'distance_accuracy_value', 'NONE');
#377 = CARTESIAN_POINT ( 'NONE',  ( 27.49999999999998579, -3.743426454221660205, 27.00000000000000355 ) ) ;
#378 = CARTESIAN_POINT ( 'NONE',  ( -30.72996560157071499, 30.72996560157071855, 3.937499998634406584 ) ) ;
#379 = DIRECTION ( 'NONE',  ( 0.000000000000000000, -0.000000000000000000, 1.000000000000000000 ) ) ;
#380 = EDGE_CURVE ( 'NONE', #2588, #1967, #998, .T. ) ;
#381 = VECTOR ( 'NONE', #1966, 999.9999999999998863 ) ;
#382 = CARTESIAN_POINT ( 'NONE',  ( 2.500000000000001776, -14.99999999999999822, 18.00000000000000000 ) ) ;
#383 = CARTESIAN_POINT ( 'NONE',  ( -19.84834562813956538, -39.70346506606000503, 8.581428798122287205 ) ) ;
#384 = LINE ( 'NONE', #4287, #6640 ) ;
#385 = EDGE_LOOP ( 'NONE', ( #3370, #2326 ) ) ;
#386 = CARTESIAN_POINT ( 'NONE',  ( -10.56179098850483555, -15.72731064971273263, 27.00000000000000000 ) ) ;
#387 = CIRCLE ( 'NONE', #5509, 2.499999999999998668 ) ;
#388 = B_SPLINE_CURVE_WITH_KNOTS ( 'NONE', 3,
 ( #1548, #5402, #4783, #416, #3655, #3766 ),
 .UNSPECIFIED., .F., .F.,
 ( 4, 2, 4 ),
 ( -6.641767926577052626E-06, 0.0006695810253536966117, 0.001345803818633970307 ),
 .UNSPECIFIED. ) ;
#389 = VECTOR ( 'NONE', #69, 1000.000000000000000 ) ;
#390 = LINE ( 'NONE', #2616, #4002 ) ;
#391 = AXIS2_PLACEMENT_3D ( 'NONE', #2537, #5999, #1010 ) ;
#392 = DIRECTION ( 'NONE',  ( 0.000000000000000000, 1.000000000000000000, 0.000000000000000000 ) ) ;
#393 = ORIENTED_EDGE ( 'NONE', *, *, #2452, .F. ) ;
#394 = CARTESIAN_POINT ( 'NONE',  ( -24.03702107354176221, -36.85587667190396388, 12.63771337180353171 ) ) ;
#395 =( BOUNDED_CURVE ( )  B_SPLINE_CURVE ( 3, ( #4132, #3001, #226, #3034 ),
 .UNSPECIFIED., .F., .F. ) 
 B_SPLINE_CURVE_WITH_KNOTS ( ( 4, 4 ),
 ( 1.570796326794896780, 4.712388980384689674 ),
 .UNSPECIFIED. ) 
 CURVE ( )  GEOMETRIC_REPRESENTATION_ITEM ( )  RATIONAL_B_SPLINE_CURVE ( ( 1.000000000000000000, 0.3333333333333333703, 0.3333333333333333703, 1.000000000000000000 ) ) 
 REPRESENTATION_ITEM ( '' )  );
#396 = DIRECTION ( 'NONE',  ( 0.000000000000000000, 0.000000000000000000, 1.000000000000000000 ) ) ;
#397 = DIRECTION ( 'NONE',  ( 1.000000000000000000, 1.156482317317874092E-15, 0.000000000000000000 ) ) ;
#398 = MECHANICAL_DESIGN_GEOMETRIC_PRESENTATION_REPRESENTATION (  '', ( #1217 ), #2029 ) ;
#399 = CARTESIAN_POINT ( 'NONE',  ( -1.000000000000000888, -9.743426454221660649, 25.00000000000000000 ) ) ;
#400 = CARTESIAN_POINT ( 'NONE',  ( -12.05167045348061627, -12.78782017626907574, 26.90151485788861763 ) ) ;
#401 = CARTESIAN_POINT ( 'NONE',  ( -21.13275367703515428, -38.59283252141202070, 6.240925979401422019 ) ) ;
#402 = VECTOR ( 'NONE', #5964, 1000.000000000000227 ) ;
#403 = VERTEX_POINT ( 'NONE', #5244 ) ;
#404 = ORIENTED_EDGE ( 'NONE', *, *, #4037, .T. ) ;
#405 = CARTESIAN_POINT ( 'NONE',  ( 43.45873412499999233, 18.00119707814144121, 2.624999998634406584 ) ) ;
#406 = CARTESIAN_POINT ( 'NONE',  ( -1.996675086874114990, -9.739330991376363045, 27.00000000000000711 ) ) ;
#407 = CARTESIAN_POINT ( 'NONE',  ( -27.04302043349913021, -35.96771430452482576, 10.69303279481358970 ) ) ;
#408 = ORIENTED_EDGE ( 'NONE', *, *, #2551, .T. ) ;
#409 = CARTESIAN_POINT ( 'NONE',  ( 20.26175925180003645, -4.157640016594753796, 27.00000000000000000 ) ) ;
#410 = CARTESIAN_POINT ( 'NONE',  ( -43.45873412499999233, 5.322159964117709262E-15, 3.812499998634406584 ) ) ;
#411 = EDGE_CURVE ( 'NONE', #6447, #4456, #4655, .T. ) ;
#412 = CIRCLE ( 'NONE', #175, 2.121320343559641941 ) ;
#413 = CARTESIAN_POINT ( 'NONE',  ( -29.50000000000000000, 10.00000000000000178, 18.00000000000000000 ) ) ;
#414 = ORIENTED_EDGE ( 'NONE', *, *, #6781, .T. ) ;
#415 = CIRCLE ( 'NONE', #2392, 39.00000000000000000 ) ;
#416 = CARTESIAN_POINT ( 'NONE',  ( 10.79097990680220320, 7.036792043893180804, 26.70436087262226721 ) ) ;
#417 = CARTESIAN_POINT ( 'NONE',  ( 7.990384747035712110, -9.759909745017587568, 25.99999999999999645 ) ) ;
#418 = ORIENTED_EDGE ( 'NONE', *, *, #6428, .F. ) ;
#419 = CARTESIAN_POINT ( 'NONE',  ( 3.526514240017615474E-15, -4.743426454221680189, 27.00000000000000355 ) ) ;
#420 = ORIENTED_EDGE ( 'NONE', *, *, #205, .F. ) ;
#421 = CYLINDRICAL_SURFACE ( 'NONE', #5529, 1.000000000000000888 ) ;
#422 = CARTESIAN_POINT ( 'NONE',  ( 43.45873412499999233, 18.00119707814144476, 4.624999998634407028 ) ) ;
#423 = EDGE_CURVE ( 'NONE', #4075, #2619, #3098, .T. ) ;
#424 = CARTESIAN_POINT ( 'NONE',  ( -2.153852972191607318, -6.999642528722452184, 26.00000000000000711 ) ) ;
#425 = AXIS2_PLACEMENT_3D ( 'NONE', #2686, #570, #6102 ) ;
#426 = CARTESIAN_POINT ( 'NONE',  ( 2.500000000000003553, 10.00000000000000000, 18.00000000000000000 ) ) ;
#427 = CARTESIAN_POINT ( 'NONE',  ( 44.00000000000000000, 5.388445916248352830E-15, 20.00000000000000000 ) ) ;
#428 = CARTESIAN_POINT ( 'NONE',  ( -20.46569413836459006, -40.07750445032795739, 13.14248128617076183 ) ) ;
#429 = CARTESIAN_POINT ( 'NONE',  ( 22.31947194407409540, -37.91945809491449637, 6.999999999998640199 ) ) ;
#430 = ORIENTED_EDGE ( 'NONE', *, *, #1667, .F. ) ;
#431 = CARTESIAN_POINT ( 'NONE',  ( -12.14061705089260101, -14.73902934361820982, 27.00000000000000355 ) ) ;
#432 = EDGE_CURVE ( 'NONE', #1122, #6134, #3568, .T. ) ;
#433 = EDGE_CURVE ( 'NONE', #3317, #3537, #1309, .T. ) ;
#434 = CARTESIAN_POINT ( 'NONE',  ( -44.00000000000000000, 5.388445916248353619E-15, 4.374999997268814056 ) ) ;
#435 = DIRECTION ( 'NONE',  ( 0.000000000000000000, 1.000000000000000000, 0.000000000000000000 ) ) ;
#436 = VERTEX_POINT ( 'NONE', #3528 ) ;
#437 = CARTESIAN_POINT ( 'NONE',  ( -25.31568916190191132, -35.98785832879678281, 8.592189237011808700 ) ) ;
#438 = CARTESIAN_POINT ( 'NONE',  ( 2.500000000000003553, 10.00000000000000000, 18.00000000000000000 ) ) ;
#439 = CARTESIAN_POINT ( 'NONE',  ( 2.500000000000003553, 10.00000000000000000, 18.00000000000000000 ) ) ;
#440 = CARTESIAN_POINT ( 'NONE',  ( -4.509083738229935356, -9.592576744075310913, 26.00000000000000355 ) ) ;
#441 = CARTESIAN_POINT ( 'NONE',  ( 8.844654685394491622, 24.99999999999999645, 18.00000000000000000 ) ) ;
#442 = DIRECTION ( 'NONE',  ( 1.000000000000000000, 0.000000000000000000, -0.000000000000000000 ) ) ;
#443 = EDGE_LOOP ( 'NONE', ( #1103, #4730, #2057, #5822 ) ) ;
#444 =( BOUNDED_SURFACE ( )  B_SPLINE_SURFACE ( 3, 2, ( 
 ( #1852, #6281, #5741 ),
 ( #5201, #2429, #1883 ),
 ( #4107, #4791, #6603 ),
 ( #3812, #4834, #6572 ),
 ( #3200, #4252, #1521 ),
 ( #1627, #5416, #902 ),
 ( #7010, #3266, #1557 ),
 ( #4905, #3702, #6033 ),
 ( #1011, #6534, #428 ),
 ( #5922, #2069, #7124 ),
 ( #4320, #1047, #6463 ),
 ( #7051, #3776, #4871 ),
 ( #5484, #936, #2612 ),
 ( #2653, #4286, #5451 ),
 ( #497, #1484, #2724 ),
 ( #1596, #3124, #975 ),
 ( #4943, #7086, #7165 ),
 ( #2178, #4357, #4395 ),
 ( #2100, #2030, #5375 ),
 ( #3235, #5891, #3158 ),
 ( #465, #6000, #2688 ),
 ( #2139, #6497, #5338 ),
 ( #3736, #347, #2572 ),
 ( #383, #5957, #2285 ),
 ( #4506, #538, #3409 ),
 ( #5013, #1120, #3846 ),
 ( #2761, #6067, #1079 ),
 ( #4977, #1195, #6676 ),
 ( #2246, #4426, #3299 ),
 ( #1740, #7202, #5521 ) ),
 .UNSPECIFIED., .F., .F., .F. ) 
 B_SPLINE_SURFACE_WITH_KNOTS ( ( 4, 2, 2, 2, 2, 2, 2, 2, 2, 2, 2, 2, 2, 2, 4 ),
 ( 3, 3 ),
 ( 0.000000000000000000, 0.001693728495652925634, 0.003387456991305851269, 0.004234321239132313869, 0.005081185486958777336, 0.005504617610872009070, 0.005928049734785239937, 0.006774913982611702537, 0.007621778230438165137, 0.008468642478264627738, 0.009315506726091091205, 0.01016237097391755467, 0.01100923522174401814, 0.01185609946957047987, 0.01354982796522340507 ),
 ( 0.000000000000000000, 1.000000000000000000 ),
 .UNSPECIFIED. ) 
 GEOMETRIC_REPRESENTATION_ITEM ( )  RATIONAL_B_SPLINE_SURFACE ( (
 ( 1.000000000000000000, 0.6307624572896803894, 1.000000000000000000),
 ( 1.000000000000000000, 0.6568288223258931247, 1.000000000000000000),
 ( 1.000000000000000000, 0.6809215783350538453, 1.000000000000000000),
 ( 1.000000000000000000, 0.7257860729700286173, 1.000000000000000000),
 ( 1.000000000000000000, 0.7455076733917891385, 1.000000000000000000),
 ( 1.000000000000000000, 0.7717347646454277843, 1.000000000000000000),
 ( 1.000000000000000000, 0.7798449212972747846, 1.000000000000000000),
 ( 1.000000000000000000, 0.7944472022914551568, 1.000000000000000000),
 ( 1.000000000000000000, 0.8010299156729623338, 1.000000000000000000),
 ( 1.000000000000000000, 0.8099458083381457785, 1.000000000000000000),
 ( 1.000000000000000000, 0.8127716382517414795, 1.000000000000000000),
 ( 1.000000000000000000, 0.8179886326997179991, 1.000000000000000000),
 ( 1.000000000000000000, 0.8203932160423323960, 1.000000000000000000),
 ( 1.000000000000000000, 0.8270466687348035917, 1.000000000000000000),
 ( 1.000000000000000000, 0.8307420777123472044, 1.000000000000000000),
 ( 1.000000000000000000, 0.8367618591891302637, 1.000000000000000000),
 ( 1.000000000000000000, 0.8389841842433194419, 1.000000000000000000),
 ( 1.000000000000000000, 0.8419669205421784763, 1.000000000000000000),
 ( 1.000000000000000000, 0.8427356296815580183, 1.000000000000000000),
 ( 1.000000000000000000, 0.8427636291629998500, 1.000000000000000000),
 ( 1.000000000000000000, 0.8420514501576629174, 1.000000000000000000),
 ( 1.000000000000000000, 0.8390982577759283911, 1.000000000000000000),
 ( 1.000000000000000000, 0.8368823814452067689, 1.000000000000000000),
 ( 1.000000000000000000, 0.8309797959685355506, 1.000000000000000000),
 ( 1.000000000000000000, 0.8272271528569588028, 1.000000000000000000),
 ( 1.000000000000000000, 0.8183278772905620002, 1.000000000000000000),
 ( 1.000000000000000000, 0.8131715256726190777, 1.000000000000000000),
 ( 1.000000000000000000, 0.7952258867180792556, 1.000000000000000000),
 ( 1.000000000000000000, 0.7806180049298634405, 1.000000000000000000),
 ( 1.000000000000000000, 0.7629445048608015645, 1.000000000000000000) ) ) 
 REPRESENTATION_ITEM ( '' )  SURFACE ( )  );
#445 = VERTEX_POINT ( 'NONE', #6290 ) ;
#446 = CARTESIAN_POINT ( 'NONE',  ( -43.45873412499999233, 18.00119707814144832, 0.9999999986344065839 ) ) ;
#447 = FACE_OUTER_BOUND ( 'NONE', #6022, .T. ) ;
#448 = CARTESIAN_POINT ( 'NONE',  ( -24.97404268107026937, -37.43478797092158317, 6.481795476912298071 ) ) ;
#449 = ORIENTED_EDGE ( 'NONE', *, *, #4517, .T. ) ;
#450 = CARTESIAN_POINT ( 'NONE',  ( -29.50000000000000000, 10.00000000000000178, 23.00000000000000000 ) ) ;
#451 = LINE ( 'NONE', #6020, #4342 ) ;
#452 = ORIENTED_EDGE ( 'NONE', *, *, #5456, .F. ) ;
#453 = ORIENTED_EDGE ( 'NONE', *, *, #5897, .F. ) ;
#454 = ORIENTED_EDGE ( 'NONE', *, *, #3225, .F. ) ;
#455 = CARTESIAN_POINT ( 'NONE',  ( 17.41421356237309581, -4.157640016594754684, 27.00000000000000355 ) ) ;
#456 = DIRECTION ( 'NONE',  ( -1.000000000000000000, -1.239088197126293529E-16, -0.000000000000000000 ) ) ;
#457 = ORIENTED_EDGE ( 'NONE', *, *, #1096, .F. ) ;
#458 = CARTESIAN_POINT ( 'NONE',  ( -22.50000000001665157, -37.81203512109934195, 7.000000000000000888 ) ) ;
#459 = ORIENTED_EDGE ( 'NONE', *, *, #4029, .F. ) ;
#460 = DIRECTION ( 'NONE',  ( -1.000000000000000000, 0.000000000000000000, -0.000000000000000000 ) ) ;
#461 = CARTESIAN_POINT ( 'NONE',  ( -7.983239946176564682E-15, -43.45873412499999233, 5.312499998634406140 ) ) ;
#462 = CARTESIAN_POINT ( 'NONE',  ( -11.91845339750663690, 6.952431148545535677, 26.00000000000000355 ) ) ;
#463 = EDGE_CURVE ( 'NONE', #3317, #482, #5864, .T. ) ;
#464 = CARTESIAN_POINT ( 'NONE',  ( 5.759515323017811994, -43.71637213330511429, 19.99999999999999645 ) ) ;
#465 = CARTESIAN_POINT ( 'NONE',  ( -19.52160287074559974, -39.90849212152842540, 9.581915840202645640 ) ) ;
#466 = DIRECTION ( 'NONE',  ( -1.000000000000000000, 0.000000000000000000, 0.000000000000000000 ) ) ;
#467 = ORIENTED_EDGE ( 'NONE', *, *, #423, .T. ) ;
#468 = CARTESIAN_POINT ( 'NONE',  ( -5.297131281789247303, -14.59888066055074951, 26.00000000000000355 ) ) ;
#469 = LINE ( 'NONE', #6107, #2839 ) ;
#470 = EDGE_CURVE ( 'NONE', #3506, #192, #6707, .T. ) ;
#471 = CARTESIAN_POINT ( 'NONE',  ( -19.61284284331363637, -39.85177675691908661, 10.83674300411259850 ) ) ;
#472 = ORIENTED_EDGE ( 'NONE', *, *, #2112, .T. ) ;
#473 = CARTESIAN_POINT ( 'NONE',  ( -25.45140030693225341, -35.89195872531321641, 11.14420672135483237 ) ) ;
#474 = CARTESIAN_POINT ( 'NONE',  ( -19.92562966754587706, -4.743426454221660649, 27.00000000000000355 ) ) ;
#475 = CARTESIAN_POINT ( 'NONE',  ( -44.00000000000000000, 18.22539674441618374, 3.312499997268814056 ) ) ;
#476 = CARTESIAN_POINT ( 'NONE',  ( -8.223214829372698986, -7.517158430079470932, 26.00000000000000355 ) ) ;
#477 = DIRECTION ( 'NONE',  ( -0.000000000000000000, 0.000000000000000000, 1.000000000000000000 ) ) ;
#478 = EDGE_LOOP ( 'NONE', ( #2053, #5893, #3385, #638 ) ) ;
#479 = CARTESIAN_POINT ( 'NONE',  ( 43.45873412499998523, -18.00119707814146963, 2.499999998634406584 ) ) ;
#480 = CARTESIAN_POINT ( 'NONE',  ( 27.03557996531951702, -35.97340880130055041, 9.227924005175140110 ) ) ;
#481 = CARTESIAN_POINT ( 'NONE',  ( 27.49999999999998579, -21.74342645422165532, 27.00000000000000355 ) ) ;
#482 = VERTEX_POINT ( 'NONE', #2437 ) ;
#483 = CARTESIAN_POINT ( 'NONE',  ( 26.84465468539448807, 9.999999999999998224, 18.00000000000000000 ) ) ;
#484 = CARTESIAN_POINT ( 'NONE',  ( 18.00119707814145187, -43.45873412499998523, 4.124999998634407028 ) ) ;
#485 = CARTESIAN_POINT ( 'NONE',  ( -9.109528662263285170, 8.650011471596352308, 26.81936212085808791 ) ) ;
#486 = ORIENTED_EDGE ( 'NONE', *, *, #2241, .F. ) ;
#487 = CARTESIAN_POINT ( 'NONE',  ( 19.49999999999999289, -6.069765241975602521, 27.00000000000000355 ) ) ;
#488 = DIRECTION ( 'NONE',  ( -0.000000000000000000, -0.000000000000000000, -1.000000000000000000 ) ) ;
#489 = EDGE_LOOP ( 'NONE', ( #3043, #2853, #3972, #6536 ) ) ;
#490 = FACE_OUTER_BOUND ( 'NONE', #5560, .T. ) ;
#491 = ORIENTED_EDGE ( 'NONE', *, *, #6130, .T. ) ;
#492 = CARTESIAN_POINT ( 'NONE',  ( 28.07516404541423327, -4.743426454221659760, 27.00000000000000355 ) ) ;
#493 = CARTESIAN_POINT ( 'NONE',  ( -43.45873412499999233, 18.00119707814145187, 3.999999998634406140 ) ) ;
#494 = VECTOR ( 'NONE', #269, 1000.000000000000000 ) ;
#495 = LINE ( 'NONE', #6031, #3676 ) ;
#496 = DIRECTION ( 'NONE',  ( 1.000000000000000000, 0.000000000000000000, 0.000000000000000000 ) ) ;
#497 = CARTESIAN_POINT ( 'NONE',  ( -19.85513058698219879, -39.69915026791927914, 11.43146524472155967 ) ) ;
#498 = CARTESIAN_POINT ( 'NONE',  ( -44.00000000000000000, 5.388445916248353619E-15, 2.374999997268813612 ) ) ;
#499 = VERTEX_POINT ( 'NONE', #6873 ) ;
#500 = CARTESIAN_POINT ( 'NONE',  ( -4.323902492471477288, -12.99095723422073867, 27.00000000000000355 ) ) ;
#501 = DIRECTION ( 'NONE',  ( 0.5038710255240860247, -0.8637789008984334549, 0.000000000000000000 ) ) ;
#502 = EDGE_CURVE ( 'NONE', #620, #5019, #1895, .T. ) ;
#503 = VECTOR ( 'NONE', #5380, 1000.000000000000000 ) ;
#504 = FACE_OUTER_BOUND ( 'NONE', #4421, .T. ) ;
#505 = EDGE_LOOP ( 'NONE', ( #5238, #4269, #1037, #4094 ) ) ;
#506 = CIRCLE ( 'NONE', #1435, 2.499999999999998668 ) ;
#507 = CARTESIAN_POINT ( 'NONE',  ( -23.63314018717638731, -37.11480945707920398, 7.197277530318292094 ) ) ;
#508 = CARTESIAN_POINT ( 'NONE',  ( 44.00000000000000000, 0.000000000000000000, 4.000000000000000000 ) ) ;
#509 = CARTESIAN_POINT ( 'NONE',  ( 31.11269837220808299, -31.11269837220809364, 2.749999997268813168 ) ) ;
#510 = CARTESIAN_POINT ( 'NONE',  ( -5.585381006147476235, -8.403091156618446078, 26.00000000000001066 ) ) ;
#511 = CARTESIAN_POINT ( 'NONE',  ( 2.661079982058854631E-15, 43.45873412499999233, 3.562499998634406584 ) ) ;
#512 = EDGE_CURVE ( 'NONE', #7147, #818, #6328, .T. ) ;
#513 = VECTOR ( 'NONE', #3734, 1000.000000000000000 ) ;
#514 = ORIENTED_EDGE ( 'NONE', *, *, #7039, .F. ) ;
#515 = CARTESIAN_POINT ( 'NONE',  ( 18.00119707814144832, 43.45873412499999233, 3.749999998634407028 ) ) ;
#516 = EDGE_CURVE ( 'NONE', #5262, #5682, #5186, .T. ) ;
#517 = CARTESIAN_POINT ( 'NONE',  ( 24.31080222667944568, -36.26743777691284976, 7.600639000816074464 ) ) ;
#518 = CARTESIAN_POINT ( 'NONE',  ( -24.99639394237796708, -37.41985756265511753, 13.50616244655198805 ) ) ;
#519 = VERTEX_POINT ( 'NONE', #1934 ) ;
#520 = ADVANCED_FACE ( 'NONE', ( #911 ), #4158, .F. ) ;
#521 = LINE ( 'NONE', #6620, #5305 ) ;
#522 = CARTESIAN_POINT ( 'NONE',  ( -3.683673048434890962, -8.893349411102148494, 27.00000000000000355 ) ) ;
#523 = VECTOR ( 'NONE', #4090, 1000.000000000000000 ) ;
#524 = VECTOR ( 'NONE', #5290, 1000.000000000000000 ) ;
#525 = CARTESIAN_POINT ( 'NONE',  ( 9.499999999999998224, -14.99999999999999822, 23.00000000000000000 ) ) ;
#526 = ORIENTED_EDGE ( 'NONE', *, *, #1052, .T. ) ;
#527 = CARTESIAN_POINT ( 'NONE',  ( 25.45951426257678918, -35.88621478889016458, 8.870925077240544354 ) ) ;
#528 = CARTESIAN_POINT ( 'NONE',  ( -1.301042606982608476E-15, 17.97969965692938743, 26.00000000000000355 ) ) ;
#529 = ORIENTED_EDGE ( 'NONE', *, *, #5759, .T. ) ;
#530 = AXIS2_PLACEMENT_3D ( 'NONE', #3186, #2092, #1437 ) ;
#531 = ORIENTED_EDGE ( 'NONE', *, *, #2685, .T. ) ;
#532 = CARTESIAN_POINT ( 'NONE',  ( -25.15268054168799239, -35.46968598251430649, 8.584101074006584398 ) ) ;
#533 = CARTESIAN_POINT ( 'NONE',  ( 18.00119707814145187, 43.45873412499999233, 2.749999998634406584 ) ) ;
#534 =( BOUNDED_CURVE ( )  B_SPLINE_CURVE ( 3, ( #4446, #2705, #5469, #6086 ),
 .UNSPECIFIED., .F., .F. ) 
 B_SPLINE_CURVE_WITH_KNOTS ( ( 4, 4 ),
 ( 3.141592653589793116, 4.712388980384689674 ),
 .UNSPECIFIED. ) 
 CURVE ( )  GEOMETRIC_REPRESENTATION_ITEM ( )  RATIONAL_B_SPLINE_CURVE ( ( 1.000000000000000000, 0.8047378541243649375, 0.8047378541243649375, 1.000000000000000000 ) ) 
 REPRESENTATION_ITEM ( '' )  );
#535 = AXIS2_PLACEMENT_3D ( 'NONE', #5385, #396, #4295 ) ;
#536 = CARTESIAN_POINT ( 'NONE',  ( 31.11269837220809364, 31.11269837220809364, 4.999999997268813168 ) ) ;
#537 = CARTESIAN_POINT ( 'NONE',  ( 11.05055856827024918, 6.949538567781225140, 26.00000000000000355 ) ) ;
#538 = CARTESIAN_POINT ( 'NONE',  ( -20.04440586968893356, -40.29340998323376510, 8.253866133083390011 ) ) ;
#539 = VERTEX_POINT ( 'NONE', #3060 ) ;
#540 = CARTESIAN_POINT ( 'NONE',  ( 19.44524970928375041, -40.58186226006063890, 8.035015158952543146 ) ) ;
#541 = VECTOR ( 'NONE', #5350, 1000.000000000000000 ) ;
#542 = CARTESIAN_POINT ( 'NONE',  ( -31.00000000000000355, 10.00000000000000178, 18.00000000000000000 ) ) ;
#543 = CARTESIAN_POINT ( 'NONE',  ( -31.11269837220808654, 31.11269837220809364, 4.375000000000000000 ) ) ;
#544 = VERTEX_POINT ( 'NONE', #2401 ) ;
#545 = FACE_OUTER_BOUND ( 'NONE', #259, .T. ) ;
#546 = CARTESIAN_POINT ( 'NONE',  ( -18.22539674441620861, -43.99999999999999289, 3.687500000000000444 ) ) ;
#547 = CARTESIAN_POINT ( 'NONE',  ( -31.00000000000001421, -21.74342645422166598, 26.00000000000000355 ) ) ;
#548 = CARTESIAN_POINT ( 'NONE',  ( 14.17748896793614222, 41.75274860195126081, 20.00000000000000000 ) ) ;
#549 = CARTESIAN_POINT ( 'NONE',  ( -43.45873412499999944, -18.00119707814143410, 4.874999998634406140 ) ) ;
#550 = EDGE_CURVE ( 'NONE', #4649, #3448, #6965, .T. ) ;
#551 = VERTEX_POINT ( 'NONE', #6948 ) ;
#552 = ORIENTED_EDGE ( 'NONE', *, *, #1538, .T. ) ;
#553 = CARTESIAN_POINT ( 'NONE',  ( 43.45873412499999233, 18.00119707814144121, 1.624999998634407028 ) ) ;
#554 = CARTESIAN_POINT ( 'NONE',  ( 25.07178957435129263, -37.38038771389326342, 11.74533465283439249 ) ) ;
#555 = CARTESIAN_POINT ( 'NONE',  ( -44.00000000000000000, 5.388445916248353619E-15, 2.374999997268813612 ) ) ;
#556 = ORIENTED_EDGE ( 'NONE', *, *, #1490, .T. ) ;
#557 = CARTESIAN_POINT ( 'NONE',  ( 19.74440681716551893, -39.76929456257374795, 11.20369753097340393 ) ) ;
#558 = CARTESIAN_POINT ( 'NONE',  ( -4.206063190811153873, -8.179852170733878935, 27.00000000000000355 ) ) ;
#559 = CARTESIAN_POINT ( 'NONE',  ( -31.00000000000001421, -4.743426454221668642, 27.00000000000000355 ) ) ;
#560 = ADVANCED_FACE ( 'NONE', ( #1969 ), #4191, .T. ) ;
#561 = EDGE_CURVE ( 'NONE', #6275, #2190, #3275, .T. ) ;
#562 = ORIENTED_EDGE ( 'NONE', *, *, #1261, .T. ) ;
#563 = CARTESIAN_POINT ( 'NONE',  ( -9.037871610927158628, 8.847999651746352612, 26.63972177930866891 ) ) ;
#564 = EDGE_LOOP ( 'NONE', ( #2141, #5898, #843, #1718 ) ) ;
#565 = CARTESIAN_POINT ( 'NONE',  ( 24.80692928613338211, -36.34061811935291075, 12.06373428051781538 ) ) ;
#566 = DIRECTION ( 'NONE',  ( 0.000000000000000000, 0.000000000000000000, -1.000000000000000000 ) ) ;
#567 = ORIENTED_EDGE ( 'NONE', *, *, #2837, .T. ) ;
#568 = CARTESIAN_POINT ( 'NONE',  ( -23.59436929141786976, -38.31955969209872137, 6.033326234736330562 ) ) ;
#569 = CARTESIAN_POINT ( 'NONE',  ( 2.661079982058854631E-15, 43.45873412499999233, 1.812499998634406584 ) ) ;
#570 = DIRECTION ( 'NONE',  ( -0.8637789008984335659, 0.5038710255240861358, 0.000000000000000000 ) ) ;
#571 = DIRECTION ( 'NONE',  ( -1.000000000000000000, 0.000000000000000000, -0.000000000000000000 ) ) ;
#572 = FACE_OUTER_BOUND ( 'NONE', #4652, .T. ) ;
#573 = FACE_OUTER_BOUND ( 'NONE', #5308, .T. ) ;
#574 = ORIENTED_EDGE ( 'NONE', *, *, #6279, .T. ) ;
#575 = CARTESIAN_POINT ( 'NONE',  ( 23.53469118386944103, -38.35544220045993313, 7.127694859654665649 ) ) ;
#576 = DIRECTION ( 'NONE',  ( -0.5038710255240861358, -0.8637789008984335659, 0.000000000000000000 ) ) ;
#577 = FACE_OUTER_BOUND ( 'NONE', #5608, .T. ) ;
#578 = VERTEX_POINT ( 'NONE', #1566 ) ;
#579 = CARTESIAN_POINT ( 'NONE',  ( -22.85721910172666327, -38.76379004566813791, 14.00454353199781288 ) ) ;
#580 = PLANE ( 'NONE',  #298 ) ;
#581 = CARTESIAN_POINT ( 'NONE',  ( -18.22539674441618374, 44.00000000000000000, 1.187499997268813390 ) ) ;
#582 = CARTESIAN_POINT ( 'NONE',  ( 41.75274860195123239, 14.17748896793616531, 19.99999999999999645 ) ) ;
#583 = CARTESIAN_POINT ( 'NONE',  ( -18.00119707814146608, -43.45873412499998523, 4.999999998634406140 ) ) ;
#584 = VERTEX_POINT ( 'NONE', #2732 ) ;
#585 = VERTEX_POINT ( 'NONE', #4914 ) ;
#586 = CARTESIAN_POINT ( 'NONE',  ( -43.45873412499999233, 18.00119707814144832, 4.999999998634407028 ) ) ;
#587 = CARTESIAN_POINT ( 'NONE',  ( 26.38434945511562191, -36.45417857201790213, 7.721775482147276826 ) ) ;
#588 = CARTESIAN_POINT ( 'NONE',  ( -11.49999999999999822, -15.74342645422166598, 25.00000000000000000 ) ) ;
#589 = ORIENTED_EDGE ( 'NONE', *, *, #7103, .F. ) ;
#590 = DIRECTION ( 'NONE',  ( -0.5038710255240855806, 0.8637789008984336769, 0.000000000000000000 ) ) ;
#591 = CARTESIAN_POINT ( 'NONE',  ( -5.901010795944942267, -7.149327457006566355, 27.00000000000000355 ) ) ;
#592 = DIRECTION ( 'NONE',  ( -1.000000000000000000, 1.239088197126291310E-16, 0.000000000000000000 ) ) ;
#593 = EDGE_CURVE ( 'NONE', #2826, #4519, #983, .T. ) ;
#594 = ORIENTED_EDGE ( 'NONE', *, *, #3014, .F. ) ;
#595 = CYLINDRICAL_SURFACE ( 'NONE', #5638, 1.000000000000000000 ) ;
#596 = ORIENTED_EDGE ( 'NONE', *, *, #2882, .T. ) ;
#597 = CARTESIAN_POINT ( 'NONE',  ( 24.64530551305939809, -36.45051325994742086, 7.788354842349246354 ) ) ;
#598 = DIRECTION ( 'NONE',  ( 1.000000000000000000, 7.434529182757739478E-16, 0.000000000000000000 ) ) ;
#599 = ORIENTED_EDGE ( 'NONE', *, *, #2425, .F. ) ;
#600 = CARTESIAN_POINT ( 'NONE',  ( -25.38083513058857932, -35.24413006279286975, 9.156407294484697701 ) ) ;
#601 = CARTESIAN_POINT ( 'NONE',  ( -18.00119707814144121, 43.45873412499999233, 0.8749999986344069169 ) ) ;
#602 = ORIENTED_EDGE ( 'NONE', *, *, #6152, .T. ) ;
#603 = EDGE_CURVE ( 'NONE', #5766, #1695, #5672, .T. ) ;
#604 = ADVANCED_FACE ( 'NONE', ( #2695 ), #1019, .T. ) ;
#605 = FACE_OUTER_BOUND ( 'NONE', #3022, .T. ) ;
#606 = CARTESIAN_POINT ( 'NONE',  ( 20.49999999999999645, -21.74342645422165177, 26.00000000000000355 ) ) ;
#607 = DIRECTION ( 'NONE',  ( 0.000000000000000000, 0.000000000000000000, -1.000000000000000000 ) ) ;
#608 = VERTEX_POINT ( 'NONE', #3710 ) ;
#609 = CARTESIAN_POINT ( 'NONE',  ( 22.72966527648813795, -38.83839140459192407, 6.963400281866363173 ) ) ;
#610 = EDGE_CURVE ( 'NONE', #5019, #2190, #4403, .T. ) ;
#611 = FACE_OUTER_BOUND ( 'NONE', #2200, .T. ) ;
#612 = CIRCLE ( 'NONE', #842, 15.62771242792461379 ) ;
#613 = CARTESIAN_POINT ( 'NONE',  ( 8.949538567781228693, 9.070761775289389206, 25.00000000000000000 ) ) ;
#614 = ORIENTED_EDGE ( 'NONE', *, *, #5635, .F. ) ;
#615 = LINE ( 'NONE', #2767, #2868 ) ;
#616 = AXIS2_PLACEMENT_3D ( 'NONE', #3694, #488, #7077 ) ;
#617 = CARTESIAN_POINT ( 'NONE',  ( 43.99999999999999289, -18.22539674441620861, 1.812499997268813390 ) ) ;
#618 = CARTESIAN_POINT ( 'NONE',  ( -43.45873412499999944, -18.00119707814143410, 3.874999998634406140 ) ) ;
#619 = VECTOR ( 'NONE', #4848, 1000.000000000000000 ) ;
#620 = VERTEX_POINT ( 'NONE', #2662 ) ;
#621 = ORIENTED_EDGE ( 'NONE', *, *, #5539, .T. ) ;
#622 = CARTESIAN_POINT ( 'NONE',  ( 44.00000000000000000, 0.000000000000000000, 3.000000000000000000 ) ) ;
#623 = CARTESIAN_POINT ( 'NONE',  ( 24.86384654417122775, -37.51487288504495154, 8.019575740913577278 ) ) ;
#624 = LINE ( 'NONE', #2852, #5852 ) ;
#625 = ORIENTED_EDGE ( 'NONE', *, *, #814, .F. ) ;
#626 = VECTOR ( 'NONE', #5546, 1000.000000000000000 ) ;
#627 = FACE_OUTER_BOUND ( 'NONE', #4117, .T. ) ;
#628 = CARTESIAN_POINT ( 'NONE',  ( -5.297087376296344630, -7.421926650734673281, 27.00000000000000355 ) ) ;
#629 = CARTESIAN_POINT ( 'NONE',  ( 11.50000000000000178, -3.743426454221663757, 26.58578643762690064 ) ) ;
#630 = TOROIDAL_SURFACE ( 'NONE', #3422, 40.00000000000000711, 5.000000000000000000 ) ;
#631 = EDGE_LOOP ( 'NONE', ( #6988, #3982, #6105, #602 ) ) ;
#632 = CARTESIAN_POINT ( 'NONE',  ( -9.290638566546970623, 8.011022955702816972, 27.00000000000000355 ) ) ;
#633 = CARTESIAN_POINT ( 'NONE',  ( 20.49999999999999289, -3.743426454221659316, 26.00000000000000355 ) ) ;
#634 = EDGE_CURVE ( 'NONE', #2574, #5383, #6505, .T. ) ;
#635 = CARTESIAN_POINT ( 'NONE',  ( -18.22539674441618374, 44.00000000000000000, 1.312500000000000222 ) ) ;
#636 = DIRECTION ( 'NONE',  ( -1.000000000000000000, 0.000000000000000000, 0.000000000000000000 ) ) ;
#637 = ORIENTED_EDGE ( 'NONE', *, *, #5931, .F. ) ;
#638 = ORIENTED_EDGE ( 'NONE', *, *, #6370, .F. ) ;
#639 = CARTESIAN_POINT ( 'NONE',  ( -25.47629994043403201, -35.14867567113092406, 9.568495154003155534 ) ) ;
#640 = CARTESIAN_POINT ( 'NONE',  ( 30.72996560157071855, 30.72996560157071855, 0.6874999986344066949 ) ) ;
#642 = ORIENTED_EDGE ( 'NONE', *, *, #2609, .T. ) ;
#641 =( BOUNDED_SURFACE ( )  B_SPLINE_SURFACE ( 3, 2, ( 
 ( #6457, #3120, #1591 ),
 ( #6028, #5334, #6746 ),
 ( #2280, #120, #3440 ),
 ( #3920, #91, #3877 ),
 ( #2345, #4458, #3334 ),
 ( #3401, #5042, #6629 ),
 ( #1115, #5112, #568 ),
 ( #2865, #1654, #5516 ),
 ( #1769, #4422, #1074 ),
 ( #6171, #2790, #5554 ),
 ( #54, #4502, #5625 ),
 ( #5006, #6712, #3294 ),
 ( #3990, #4564, #2316 ),
 ( #3368, #5588, #6670 ),
 ( #16, #4536, #6203 ),
 ( #1736, #3958, #1225 ),
 ( #532, #1698, #7197 ),
 ( #1188, #2204, #1802 ),
 ( #5663, #2239, #677 ),
 ( #600, #6099, #6138 ),
 ( #4027, #2827, #2756 ),
 ( #639, #1153, #5081 ),
 ( #2896, #6777, #4974 ),
 ( #5768, #4711, #2413 ),
 ( #4059, #4633, #265 ),
 ( #4668, #6376, #812 ),
 ( #6269, #3004, #5221 ),
 ( #1398, #1290, #2965 ),
 ( #780, #193, #5804 ),
 ( #5837, #1837, #849 ),
 ( #1950, #1259, #743 ),
 ( #5255, #3504, #3037 ),
 ( #6848, #5728, #1870 ),
 ( #229, #4602, #6815 ),
 ( #3073, #5183, #2928 ),
 ( #4095, #3472, #5695 ),
 ( #2378, #6238, #2488 ),
 ( #6305, #1326, #6928 ) ),
 .UNSPECIFIED., .F., .F., .F. ) 
 B_SPLINE_SURFACE_WITH_KNOTS ( ( 4, 2, 2, 2, 2, 2, 2, 2, 2, 2, 2, 2, 2, 2, 2, 2, 2, 2, 4 ),
 ( 3, 3 ),
 ( 0.01354982796522335997, 0.01439669221304981997, 0.01524355646087627997, 0.01609042070870273997, 0.01693728495652919996, 0.01778414920435565996, 0.01863101345218211996, 0.01947787770000857996, 0.02032474194783503996, 0.02074817407174826822, 0.02117160619566149996, 0.02201847044348795995, 0.02244190256740118822, 0.02286533469131441995, 0.02371219893914087995, 0.02455906318696733995, 0.02540592743479379995, 0.02625279168262026341, 0.02709965593044672341 ),
 ( 0.000000000000000000, 1.000000000000000000 ),
 .UNSPECIFIED. ) 
 GEOMETRIC_REPRESENTATION_ITEM ( )  RATIONAL_B_SPLINE_SURFACE ( (
 ( 1.000000000000000000, 0.7629445048608027857, 1.000000000000000000),
 ( 1.000000000000000000, 0.7541969754795807557, 1.000000000000000000),
 ( 1.000000000000000000, 0.7446494569901473959, 1.000000000000000000),
 ( 1.000000000000000000, 0.7246350317854999279, 1.000000000000000000),
 ( 1.000000000000000000, 0.7141314911889758976, 1.000000000000000000),
 ( 1.000000000000000000, 0.6920161704647246337, 1.000000000000000000),
 ( 1.000000000000000000, 0.6804049485913390427, 1.000000000000000000),
 ( 1.000000000000000000, 0.6559171076620144980, 1.000000000000000000),
 ( 1.000000000000000000, 0.6433004192299114354, 1.000000000000000000),
 ( 1.000000000000000000, 0.6175374612684771947, 1.000000000000000000),
 ( 1.000000000000000000, 0.6043529879354451184, 1.000000000000000000),
 ( 1.000000000000000000, 0.5774397083076961978, 1.000000000000000000),
 ( 1.000000000000000000, 0.5638664880187445050, 1.000000000000000000),
 ( 1.000000000000000000, 0.5375005134630732595, 1.000000000000000000),
 ( 1.000000000000000000, 0.5245948609745582081, 1.000000000000000000),
 ( 1.000000000000000000, 0.5000164170577318101, 1.000000000000000000),
 ( 1.000000000000000000, 0.4883774591061437187, 1.000000000000000000),
 ( 1.000000000000000000, 0.4736038873247466752, 1.000000000000000000),
 ( 1.000000000000000000, 0.4690896261605546069, 1.000000000000000000),
 ( 1.000000000000000000, 0.4610646217330562346, 1.000000000000000000),
 ( 1.000000000000000000, 0.4575445812040229154, 1.000000000000000000),
 ( 1.000000000000000000, 0.4490447141166046818, 1.000000000000000000),
 ( 1.000000000000000000, 0.4460076889842924386, 1.000000000000000000),
 ( 1.000000000000000000, 0.4459097084152280899, 1.000000000000000000),
 ( 1.000000000000000000, 0.4466371094761540372, 1.000000000000000000),
 ( 1.000000000000000000, 0.4495123431616938059, 1.000000000000000000),
 ( 1.000000000000000000, 0.4516547536661733586, 1.000000000000000000),
 ( 1.000000000000000000, 0.4600112525278285958, 1.000000000000000000),
 ( 1.000000000000000000, 0.4682689554460079950, 1.000000000000000000),
 ( 1.000000000000000000, 0.4879348366681280913, 1.000000000000000000),
 ( 1.000000000000000000, 0.4994913534838164026, 1.000000000000000000),
 ( 1.000000000000000000, 0.5241768167054121630, 1.000000000000000000),
 ( 1.000000000000000000, 0.5372084494481913497, 1.000000000000000000),
 ( 1.000000000000000000, 0.5639569974901146310, 1.000000000000000000),
 ( 1.000000000000000000, 0.5776069258824980679, 1.000000000000000000),
 ( 1.000000000000000000, 0.6044137027871916423, 1.000000000000000000),
 ( 1.000000000000000000, 0.6176832391251037002, 1.000000000000000000),
 ( 1.000000000000000000, 0.6307624572896803894, 1.000000000000000000) ) ) 
 REPRESENTATION_ITEM ( '' )  SURFACE ( )  );
#643 = AXIS2_PLACEMENT_3D ( 'NONE', #961, #307, #6966 ) ;
#644 =( NAMED_UNIT ( * ) PLANE_ANGLE_UNIT ( ) SI_UNIT ( $, .RADIAN. ) );
#645 = CARTESIAN_POINT ( 'NONE',  ( 18.22539674441619439, -43.99999999999999289, 5.687499997268812280 ) ) ;
#646 = AXIS2_PLACEMENT_3D ( 'NONE', #3008, #6243, #1263 ) ;
#647 = ADVANCED_FACE ( 'NONE', ( #1603 ), #4880, .F. ) ;
#648 = CARTESIAN_POINT ( 'NONE',  ( 1.000000000000000222, -21.74342645422165887, 27.00000000000000355 ) ) ;
#649 = DIRECTION ( 'NONE',  ( 0.000000000000000000, 1.000000000000000000, 0.000000000000000000 ) ) ;
#650 = EDGE_LOOP ( 'NONE', ( #5803, #3243, #3523, #408 ) ) ;
#651 = CARTESIAN_POINT ( 'NONE',  ( 23.16718725254945710, -38.57935427960796915, 5.995364040695982943 ) ) ;
#652 = LINE ( 'NONE', #1848, #5859 ) ;
#653 = AXIS2_PLACEMENT_3D ( 'NONE', #5778, #3555, #6417 ) ;
#654 = EDGE_CURVE ( 'NONE', #3506, #4850, #1493, .T. ) ;
#655 = EDGE_CURVE ( 'NONE', #5743, #2400, #6543, .T. ) ;
#656 = CARTESIAN_POINT ( 'NONE',  ( 44.00000000000000000, 0.000000000000000000, 0.8749999972688132788 ) ) ;
#657 = ORIENTED_EDGE ( 'NONE', *, *, #3232, .F. ) ;
#658 = CARTESIAN_POINT ( 'NONE',  ( -20.69760556365286419, -39.95839360488115943, 13.30859504974944230 ) ) ;
#659 = VECTOR ( 'NONE', #1939, 1000.000000000000000 ) ;
#660 = CARTESIAN_POINT ( 'NONE',  ( 43.45873412499999233, 18.00119707814144476, 2.624999998634406584 ) ) ;
#661 = CARTESIAN_POINT ( 'NONE',  ( 18.22539674441618374, 44.00000000000000000, 3.187500000000000000 ) ) ;
#662 = ORIENTED_EDGE ( 'NONE', *, *, #186, .T. ) ;
#663 = ORIENTED_EDGE ( 'NONE', *, *, #2957, .F. ) ;
#664 = CARTESIAN_POINT ( 'NONE',  ( 2.499999999999996891, -7.243426454221662425, 25.00000000000000355 ) ) ;
#665 = CARTESIAN_POINT ( 'NONE',  ( -11.49999999999999822, -20.74342645422166242, 26.00000000000000355 ) ) ;
#666 = CARTESIAN_POINT ( 'NONE',  ( 30.72996560157071855, 30.72996560157071855, 0.4374999986344065839 ) ) ;
#667 = DIRECTION ( 'NONE',  ( 1.000000000000000000, 2.478176394252583113E-16, 0.000000000000000000 ) ) ;
#668 = CARTESIAN_POINT ( 'NONE',  ( -11.73880675005087149, -7.226920575260947111, 27.00000000000000000 ) ) ;
#669 = LINE ( 'NONE', #2890, #626 ) ;
#670 = EDGE_LOOP ( 'NONE', ( #2558, #3967, #4428, #2680 ) ) ;
#671 = DIRECTION ( 'NONE',  ( 0.000000000000000000, 0.000000000000000000, 1.000000000000000000 ) ) ;
#672 = ORIENTED_EDGE ( 'NONE', *, *, #2105, .F. ) ;
#673 = CARTESIAN_POINT ( 'NONE',  ( 18.22539674441618374, 44.00000000000000000, 1.187500000000000000 ) ) ;
#674 = CARTESIAN_POINT ( 'NONE',  ( 8.929238224710598359, 6.949538567781225140, 27.00000000000000355 ) ) ;
#675 = ORIENTED_EDGE ( 'NONE', *, *, #1490, .F. ) ;
#676 = ORIENTED_EDGE ( 'NONE', *, *, #1408, .F. ) ;
#677 = CARTESIAN_POINT ( 'NONE',  ( -26.85048378895393029, -36.11169645987346399, 8.611387788663419585 ) ) ;
#678 = CARTESIAN_POINT ( 'NONE',  ( 43.45873412499998523, -18.00119707814146963, 3.499999998634406584 ) ) ;
#679 = LINE ( 'NONE', #1771, #7171 ) ;
#680 = SURFACE_STYLE_USAGE ( .BOTH. , #3508 ) ;
#681 =( BOUNDED_CURVE ( )  B_SPLINE_CURVE ( 3, ( #3480, #5566, #1090, #7210 ),
 .UNSPECIFIED., .F., .F. ) 
 B_SPLINE_CURVE_WITH_KNOTS ( ( 4, 4 ),
 ( 1.570796326794896558, 3.141592653589793116 ),
 .UNSPECIFIED. ) 
 CURVE ( )  GEOMETRIC_REPRESENTATION_ITEM ( )  RATIONAL_B_SPLINE_CURVE ( ( 1.000000000000000000, 0.8047378541243649375, 0.8047378541243649375, 1.000000000000000000 ) ) 
 REPRESENTATION_ITEM ( '' )  );
#682 = CARTESIAN_POINT ( 'NONE',  ( 0.000000000000000000, 0.000000000000000000, 15.00000000000000000 ) ) ;
#683 = DIRECTION ( 'NONE',  ( -1.000000000000000000, 0.000000000000000000, 0.000000000000000000 ) ) ;
#684 = ORIENTED_EDGE ( 'NONE', *, *, #5770, .F. ) ;
#685 = CARTESIAN_POINT ( 'NONE',  ( 20.96128138351523873, -39.82067497722808014, 6.528867604630387511 ) ) ;
#686 = CARTESIAN_POINT ( 'NONE',  ( -11.49999999999999822, -15.74342645422166598, 26.00000000000000355 ) ) ;
#687 = EDGE_CURVE ( 'NONE', #6711, #5321, #2874, .T. ) ;
#688 = FACE_OUTER_BOUND ( 'NONE', #2726, .T. ) ;
#689 = VERTEX_POINT ( 'NONE', #2217 ) ;
#690 = CARTESIAN_POINT ( 'NONE',  ( -10.42047913121131764, -3.743426454221657984, 26.00000000000000355 ) ) ;
#691 = CARTESIAN_POINT ( 'NONE',  ( -44.00000000000000000, 5.388445916248353619E-15, 2.500000000000000000 ) ) ;
#692 = EDGE_CURVE ( 'NONE', #4772, #499, #2257, .T. ) ;
#693 = ADVANCED_FACE ( 'NONE', ( #545 ), #6113, .T. ) ;
#694 = VERTEX_POINT ( 'NONE', #3380 ) ;
#695 = ORIENTED_EDGE ( 'NONE', *, *, #6370, .T. ) ;
#696 = CARTESIAN_POINT ( 'NONE',  ( 27.49999999999998224, -9.759909745017587568, 27.00000000000000355 ) ) ;
#697 = CARTESIAN_POINT ( 'NONE',  ( 11.00182769530220028, 6.949538567781216258, 26.30836187824676031 ) ) ;
#698 = CARTESIAN_POINT ( 'NONE',  ( -43.45873412499999233, 5.322159964117709262E-15, 2.812499998634406584 ) ) ;
#699 = LINE ( 'NONE', #6367, #6229 ) ;
#700 = CARTESIAN_POINT ( 'NONE',  ( -28.36377890089844911, -4.247297479745755666, 26.00000000000000355 ) ) ;
#701 = LINE ( 'NONE', #2230, #860 ) ;
#702 = CARTESIAN_POINT ( 'NONE',  ( -21.47456525777639769, -38.59283252141200649, 7.180694484551060519 ) ) ;
#703 = CARTESIAN_POINT ( 'NONE',  ( 30.99999999999998934, -3.743426454221657540, 27.00000000000000355 ) ) ;
#704 = CARTESIAN_POINT ( 'NONE',  ( -11.75453550934506275, -6.990295976380172860, 26.67850879713882861 ) ) ;
#705 = CARTESIAN_POINT ( 'NONE',  ( 22.29811350905087863, -39.08806884442684293, 13.94636946549673517 ) ) ;
#706 = EDGE_LOOP ( 'NONE', ( #885, #30, #1246, #3814 ) ) ;
#707 = CARTESIAN_POINT ( 'NONE',  ( 14.99999999999999645, -3.743426454221663313, 26.58578643762690064 ) ) ;
#708 = CARTESIAN_POINT ( 'NONE',  ( 2.661079982058854631E-15, 43.45873412499999233, 3.812499998634407028 ) ) ;
#709 = PLANE ( 'NONE',  #6700 ) ;
#710 = CARTESIAN_POINT ( 'NONE',  ( -20.50000000000001421, -21.74342645422166953, 26.00000000000000355 ) ) ;
#711 = FACE_BOUND ( 'NONE', #7066, .T. ) ;
#712 = DIRECTION ( 'NONE',  ( 9.912705577010330480E-16, 1.000000000000000000, -0.000000000000000000 ) ) ;
#713 = VERTEX_POINT ( 'NONE', #6686 ) ;
#714 = CARTESIAN_POINT ( 'NONE',  ( 19.49850620423747216, -39.92272228170050141, 10.04815689263249823 ) ) ;
#715 = PLANE ( 'NONE',  #3785 ) ;
#716 = CARTESIAN_POINT ( 'NONE',  ( -11.54103244570618259, -15.70246937464838943, 26.31940071349930932 ) ) ;
#717 = CARTESIAN_POINT ( 'NONE',  ( -5.064512189129207975, -7.546680583577206392, 27.00000000000000355 ) ) ;
#718 = CARTESIAN_POINT ( 'NONE',  ( 27.08167071152975680, -35.93860700775714179, 9.505747729889440834 ) ) ;
#719 = ORIENTED_EDGE ( 'NONE', *, *, #915, .T. ) ;
#720 = CARTESIAN_POINT ( 'NONE',  ( -2.097074270099200000, -10.44093184913745276, 27.00000000000000355 ) ) ;
#721 = EDGE_CURVE ( 'NONE', #6628, #4855, #4832, .T. ) ;
#722 = CIRCLE ( 'NONE', #2709, 45.00000000000000711 ) ;
#723 = CARTESIAN_POINT ( 'NONE',  ( -31.11269837220808654, 31.11269837220809364, 3.375000000000000000 ) ) ;
#724 = CIRCLE ( 'NONE', #3171, 2.121320343559649046 ) ;
#725 = ORIENTED_EDGE ( 'NONE', *, *, #5711, .F. ) ;
#726 = CARTESIAN_POINT ( 'NONE',  ( 2.499999999999996891, -7.243426454221662425, 26.00000000000000000 ) ) ;
#727 = EDGE_CURVE ( 'NONE', #4706, #4531, #615, .T. ) ;
#728 = DIRECTION ( 'NONE',  ( 1.000000000000000000, 0.000000000000000000, 0.000000000000000000 ) ) ;
#729 = CARTESIAN_POINT ( 'NONE',  ( 30.72996560157071144, -30.72996560157072565, 1.187499998634406584 ) ) ;
#730 = CARTESIAN_POINT ( 'NONE',  ( -1.499999999999997558, -27.50000000000000000, 18.00000000000000000 ) ) ;
#731 = CARTESIAN_POINT ( 'NONE',  ( -5.166325970013491364, -10.81380867339711571, 26.00000000000000355 ) ) ;
#732 = DIRECTION ( 'NONE',  ( 1.000000000000000000, 0.000000000000000000, 0.000000000000000000 ) ) ;
#733 = CIRCLE ( 'NONE', #6082, 2.500000000000000444 ) ;
#734 = ORIENTED_EDGE ( 'NONE', *, *, #1539, .T. ) ;
#735 = PLANE ( 'NONE',  #2736 ) ;
#736 = LINE ( 'NONE', #1255, #4015 ) ;
#737 = VECTOR ( 'NONE', #986, 1000.000000000000114 ) ;
#738 = ADVANCED_FACE ( 'NONE', ( #3968 ), #2481, .T. ) ;
#739 = DIRECTION ( 'NONE',  ( -1.000000000000000000, 1.156482317317873697E-15, 0.000000000000000000 ) ) ;
#740 = CARTESIAN_POINT ( 'NONE',  ( 18.91872940051645458, -40.82991263340867505, 9.914121465232232921 ) ) ;
#741 = EDGE_LOOP ( 'NONE', ( #4169, #1735, #2898, #3926 ) ) ;
#742 = VECTOR ( 'NONE', #4294, 1000.000000000000000 ) ;
#743 = CARTESIAN_POINT ( 'NONE',  ( -26.49547925478216115, -36.37343786345634555, 12.11279724416662340 ) ) ;
#744 = CARTESIAN_POINT ( 'NONE',  ( 30.72996560157071144, -30.72996560157072565, 1.187499998634406584 ) ) ;
#745 = VECTOR ( 'NONE', #3431, 1000.000000000000000 ) ;
#746 =( NAMED_UNIT ( * ) PLANE_ANGLE_UNIT ( ) SI_UNIT ( $, .RADIAN. ) );
#747 = CARTESIAN_POINT ( 'NONE',  ( 7.988010107695972195, -11.74861541094997186, 26.99999999999999645 ) ) ;
#748 = CARTESIAN_POINT ( 'NONE',  ( -28.07437033245416558, -4.743426454221668642, 27.00000000000000355 ) ) ;
#749 = PLANE ( 'NONE',  #1778 ) ;
#750 = ORIENTED_EDGE ( 'NONE', *, *, #1348, .T. ) ;
#751 = CARTESIAN_POINT ( 'NONE',  ( 20.01168439611117833, -40.30962692549376669, 11.69955834680958695 ) ) ;
#752 = AXIS2_PLACEMENT_3D ( 'NONE', #6783, #3039, #6890 ) ;
#753 = CARTESIAN_POINT ( 'NONE',  ( 23.01883523585748037, -37.49844295946760298, 7.041374224345578803 ) ) ;
#754 = LINE ( 'NONE', #3557, #2841 ) ;
#755 = VECTOR ( 'NONE', #4048, 1000.000000000000000 ) ;
#756 = CARTESIAN_POINT ( 'NONE',  ( -11.63072019830939396, -13.26162250152091815, 27.00000000000000711 ) ) ;
#757 = CARTESIAN_POINT ( 'NONE',  ( 27.08726575114884838, -35.93438664683532124, 10.37111425075863735 ) ) ;
#758 = CARTESIAN_POINT ( 'NONE',  ( -5.349242404892795122, -15.74342645422166420, 25.00000000000000000 ) ) ;
#759 = ORIENTED_EDGE ( 'NONE', *, *, #5814, .T. ) ;
#760 = CARTESIAN_POINT ( 'NONE',  ( -3.192813581670779666, -6.050326492399871192, 27.00000000000000000 ) ) ;
#761 = ORIENTED_EDGE ( 'NONE', *, *, #3305, .F. ) ;
#762 = VECTOR ( 'NONE', #2538, 1000.000000000000000 ) ;
#763 = CARTESIAN_POINT ( 'NONE',  ( 31.11269837220808299, -31.11269837220809364, 1.875000000000000000 ) ) ;
#764 = VECTOR ( 'NONE', #1957, 1000.000000000000000 ) ;
#765 = VERTEX_POINT ( 'NONE', #4323 ) ;
#766 = CARTESIAN_POINT ( 'NONE',  ( 9.149523490686144456, 8.533070203703365664, 26.88818662666576031 ) ) ;
#767 = DIRECTION ( 'NONE',  ( 0.000000000000000000, 0.000000000000000000, 1.000000000000000000 ) ) ;
#768 = CARTESIAN_POINT ( 'NONE',  ( -18.00119707814146608, -43.45873412499998523, 1.999999998634406584 ) ) ;
#769 = LINE ( 'NONE', #4123, #6693 ) ;
#770 = CARTESIAN_POINT ( 'NONE',  ( -4.565275759457487759, -11.61540716760765690, 27.00000000000000355 ) ) ;
#772 = DIRECTION ( 'NONE',  ( -1.000000000000000000, 0.000000000000000000, 0.000000000000000000 ) ) ;
#771 = AXIS2_PLACEMENT_3D ( 'NONE', #2747, #2269, #4414 ) ;
#773 = ADVANCED_FACE ( 'NONE', ( #1560 ), #3779, .T. ) ;
#774 = ORIENTED_EDGE ( 'NONE', *, *, #3453, .F. ) ;
#775 = CARTESIAN_POINT ( 'NONE',  ( -19.83240729090149657, -39.71365603326502480, 8.615110075747290708 ) ) ;
#776 = DIRECTION ( 'NONE',  ( 3.854941057726240562E-16, -1.000000000000000000, -0.000000000000000000 ) ) ;
#777 = DIRECTION ( 'NONE',  ( 1.000000000000000000, 2.478176394252583113E-16, -0.000000000000000000 ) ) ;
#778 = LINE ( 'NONE', #3002, #1083 ) ;
#779 = ORIENTED_EDGE ( 'NONE', *, *, #286, .T. ) ;
#780 = CARTESIAN_POINT ( 'NONE',  ( -25.32308942763371817, -35.30177199235677676, 11.03535532032544886 ) ) ;
#781 = CARTESIAN_POINT ( 'NONE',  ( -18.00119707814146608, -43.45873412499998523, 5.249999998634405252 ) ) ;
#782 = ADVANCED_FACE ( 'NONE', ( #1234 ), #1239, .T. ) ;
#783 = EDGE_CURVE ( 'NONE', #2203, #5275, #4143, .T. ) ;
#784 = DIRECTION ( 'NONE',  ( -0.5049055868418412807, 0.8631745758396129897, -0.000000000000000000 ) ) ;
#785 = CARTESIAN_POINT ( 'NONE',  ( -4.576962924112121023, -14.26898841929569706, 26.00000000000001421 ) ) ;
#786 = LINE ( 'NONE', #1844, #5605 ) ;
#787 = EDGE_LOOP ( 'NONE', ( #6425, #6407, #1618, #3164 ) ) ;
#788 = CARTESIAN_POINT ( 'NONE',  ( 19.24234622558664398, -40.67865575109863840, 11.58013577341656664 ) ) ;
#789 = LINE ( 'NONE', #6354, #4840 ) ;
#790 = CARTESIAN_POINT ( 'NONE',  ( -18.22539674441620505, -43.99999999999999289, 4.562499997268813168 ) ) ;
#791 = CARTESIAN_POINT ( 'NONE',  ( -8.082668874372530822E-15, -44.00000000000000000, 4.750000000000000000 ) ) ;
#792 = CARTESIAN_POINT ( 'NONE',  ( -5.853038404851393040, -7.168745729864538063, 27.00000000000000000 ) ) ;
#793 = CARTESIAN_POINT ( 'NONE',  ( 22.54742552107315845, -38.94372352987910091, 13.97419442068544981 ) ) ;
#794 = CARTESIAN_POINT ( 'NONE',  ( 44.00000000000000000, 0.000000000000000000, 0.000000000000000000 ) ) ;
#795 = VERTEX_POINT ( 'NONE', #3044 ) ;
#796 = CARTESIAN_POINT ( 'NONE',  ( -6.041789809042229287, -5.669482123200380030, 27.00000000000000355 ) ) ;
#797 = ORIENTED_EDGE ( 'NONE', *, *, #4423, .F. ) ;
#798 = CARTESIAN_POINT ( 'NONE',  ( -31.11269837220808654, 31.11269837220809364, 0.3750000000000000000 ) ) ;
#799 = ORIENTED_EDGE ( 'NONE', *, *, #6519, .F. ) ;
#800 = ORIENTED_EDGE ( 'NONE', *, *, #463, .F. ) ;
#801 = CARTESIAN_POINT ( 'NONE',  ( 44.00000000000000000, 0.000000000000000000, 3.874999997268813168 ) ) ;
#802 = DIRECTION ( 'NONE',  ( -0.000000000000000000, -0.000000000000000000, -1.000000000000000000 ) ) ;
#803 = CARTESIAN_POINT ( 'NONE',  ( 18.00119707814144832, -43.45873412499998523, 4.124999998634407028 ) ) ;
#804 = FACE_OUTER_BOUND ( 'NONE', #6904, .T. ) ;
#805 = DIRECTION ( 'NONE',  ( -0.5038710255240854696, -0.8637789008984338990, 0.000000000000000000 ) ) ;
#806 = CARTESIAN_POINT ( 'NONE',  ( 22.50000000000000000, -45.00000000000000000, 10.00000000000000000 ) ) ;
#807 = ORIENTED_EDGE ( 'NONE', *, *, #2958, .F. ) ;
#808 = FACE_OUTER_BOUND ( 'NONE', #6906, .T. ) ;
#809 = DIRECTION ( 'NONE',  ( -0.000000000000000000, -0.000000000000000000, -1.000000000000000000 ) ) ;
#810 = CARTESIAN_POINT ( 'NONE',  ( 21.21368397707665920, -39.68694915341841067, 6.397972628748717305 ) ) ;
#811 = ORIENTED_EDGE ( 'NONE', *, *, #5814, .F. ) ;
#812 = CARTESIAN_POINT ( 'NONE',  ( -27.06451538701223214, -35.95152806802286705, 10.56050748207593948 ) ) ;
#813 = CARTESIAN_POINT ( 'NONE',  ( -30.72996560157072565, -30.72996560157071499, 1.937499998634406806 ) ) ;
#814 = EDGE_CURVE ( 'NONE', #2132, #2108, #4719, .T. ) ;
#815 =( LENGTH_UNIT ( ) NAMED_UNIT ( * ) SI_UNIT ( .MILLI., .METRE. ) );
#816 = CARTESIAN_POINT ( 'NONE',  ( 44.00000000000000000, 0.000000000000000000, 4.000000000000000000 ) ) ;
#817 = FACE_OUTER_BOUND ( 'NONE', #6180, .T. ) ;
#818 = VERTEX_POINT ( 'NONE', #7079 ) ;
#819 = DIRECTION ( 'NONE',  ( -0.000000000000000000, -0.000000000000000000, -1.000000000000000000 ) ) ;
#820 = EDGE_CURVE ( 'NONE', #7192, #4562, #919, .T. ) ;
#821 = DIRECTION ( 'NONE',  ( 1.000000000000000000, 7.434529182757746381E-16, -0.000000000000000000 ) ) ;
#822 = CARTESIAN_POINT ( 'NONE',  ( 18.00119707814145187, 43.45873412499999233, 0.7499999986344068059 ) ) ;
#823 = EDGE_CURVE ( 'NONE', #5596, #4075, #3189, .T. ) ;
#824 = CARTESIAN_POINT ( 'NONE',  ( 22.10648544016904893, 26.50000000000000000, 18.00000000000000000 ) ) ;
#825 = CARTESIAN_POINT ( 'NONE',  ( -27.50000000000001421, -3.743426454221668642, 26.00000000000000355 ) ) ;
#826 = EDGE_CURVE ( 'NONE', #3506, #3919, #2993, .T. ) ;
#827 = CARTESIAN_POINT ( 'NONE',  ( 24.94092923768895531, -37.45934519849617317, 13.56170827938412593 ) ) ;
#828 = CARTESIAN_POINT ( 'NONE',  ( 8.844654685394491622, 26.50000000000000355, 18.00000000000000000 ) ) ;
#829 = EDGE_LOOP ( 'NONE', ( #1477, #2032, #4293, #6087 ) ) ;
#830 = CARTESIAN_POINT ( 'NONE',  ( -7.254051886860228393, -4.245685135656081854, 27.00000000000000000 ) ) ;
#831 = EDGE_CURVE ( 'NONE', #6726, #6196, #3731, .T. ) ;
#832 = EDGE_LOOP ( 'NONE', ( #15, #5863 ) ) ;
#833 = CARTESIAN_POINT ( 'NONE',  ( 18.22539674441619439, -43.99999999999999289, 4.687499997268813168 ) ) ;
#834 = ORIENTED_EDGE ( 'NONE', *, *, #5312, .F. ) ;
#835 = VERTEX_POINT ( 'NONE', #6026 ) ;
#836 = CARTESIAN_POINT ( 'NONE',  ( 9.005980305871332803, 8.929831382702102971, 26.52770472560091264 ) ) ;
#837 = CYLINDRICAL_SURFACE ( 'NONE', #2749, 2.500000000000000444 ) ;
#838 = CARTESIAN_POINT ( 'NONE',  ( 21.84465468539448452, -2.834912406862336229E-15, 23.00000000000000000 ) ) ;
#839 = FACE_OUTER_BOUND ( 'NONE', #2988, .T. ) ;
#840 = CARTESIAN_POINT ( 'NONE',  ( -9.235432497732821489, -12.12834088234777674, 26.00000000000000355 ) ) ;
#841 = DIRECTION ( 'NONE',  ( -1.000000000000000000, 0.000000000000000000, 0.000000000000000000 ) ) ;
#842 = AXIS2_PLACEMENT_3D ( 'NONE', #2980, #131, #1923 ) ;
#843 = ORIENTED_EDGE ( 'NONE', *, *, #2881, .T. ) ;
#844 = CYLINDRICAL_SURFACE ( 'NONE', #5739, 1.000000000000000000 ) ;
#845 = CARTESIAN_POINT ( 'NONE',  ( -2.041119132403769854, -9.229860911359931919, 27.00000000000000355 ) ) ;
#846 = CARTESIAN_POINT ( 'NONE',  ( 19.32551377052996955, -40.63902053338524922, 8.258965457957675227 ) ) ;
#847 = EDGE_LOOP ( 'NONE', ( #5005, #50, #3597, #1864 ) ) ;
#848 = VECTOR ( 'NONE', #6594, 1000.000000000000000 ) ;
#849 = CARTESIAN_POINT ( 'NONE',  ( -26.63390845787553474, -36.27195695951976973, 11.87835752327561245 ) ) ;
#850 = CARTESIAN_POINT ( 'NONE',  ( 43.45873412499998523, -18.00119707814146963, 1.249999998634407028 ) ) ;
#851 = VECTOR ( 'NONE', #2937, 1000.000000000000000 ) ;
#852 = ADVANCED_FACE ( 'NONE', ( #2062 ), #2644, .F. ) ;
#853 = DIRECTION ( 'NONE',  ( -0.000000000000000000, -0.000000000000000000, -1.000000000000000000 ) ) ;
#854 = CARTESIAN_POINT ( 'NONE',  ( -8.761367126106048175, -15.54476541110244270, 26.00000000000002132 ) ) ;
#855 = PLANE ( 'NONE',  #4672 ) ;
#856 = ORIENTED_EDGE ( 'NONE', *, *, #5056, .F. ) ;
#857 = CARTESIAN_POINT ( 'NONE',  ( 19.65952121977266387, -40.47889712887123181, 12.30921502963868264 ) ) ;
#858 = CARTESIAN_POINT ( 'NONE',  ( 7.113778900898435786, -12.23955542869757984, 26.99999999999999645 ) ) ;
#859 = CARTESIAN_POINT ( 'NONE',  ( 30.72996560157071855, 30.72996560157071855, 0.6874999986344066949 ) ) ;
#860 = VECTOR ( 'NONE', #2856, 1000.000000000000000 ) ;
#861 = CARTESIAN_POINT ( 'NONE',  ( 44.00000000000000000, 0.000000000000000000, 3.000000000000000000 ) ) ;
#862 = EDGE_CURVE ( 'NONE', #5929, #102, #897, .T. ) ;
#863 = AXIS2_PLACEMENT_3D ( 'NONE', #2209, #571, #1739 ) ;
#864 = CARTESIAN_POINT ( 'NONE',  ( 23.04629715946747837, -38.65488953837231634, 14.02987196654714275 ) ) ;
#865 = CARTESIAN_POINT ( 'NONE',  ( -1.499999999999997335, -25.99999999999999645, 23.00000000000000000 ) ) ;
#866 = VERTEX_POINT ( 'NONE', #3119 ) ;
#867 = CARTESIAN_POINT ( 'NONE',  ( -6.210995433679768141, -4.549424974180536374, 26.00000000000000355 ) ) ;
#868 = VERTEX_POINT ( 'NONE', #4899 ) ;
#869 = ORIENTED_EDGE ( 'NONE', *, *, #2906, .T. ) ;
#870 = LINE ( 'NONE', #6468, #381 ) ;
#871 =( BOUNDED_CURVE ( )  B_SPLINE_CURVE ( 2, ( #1813, #3786, #6247, #546, #4367, #7097, #1020, #4329, #508 ),
 .UNSPECIFIED., .F., .F. ) 
 B_SPLINE_CURVE_WITH_KNOTS ( ( 3, 2, 2, 2, 3 ),
 ( 0.7000000000000000666, 0.7250000000000000888, 0.7500000000000000000, 0.7750000000000000222, 0.8000000000000000444 ),
 .UNSPECIFIED. ) 
 CURVE ( )  GEOMETRIC_REPRESENTATION_ITEM ( )  RATIONAL_B_SPLINE_CURVE ( ( 0.9999999999999996669, 0.9238795325112870716, 1.000000000000000000, 0.9238795325112867385, 1.000000000000000000, 0.9238795325112867385, 1.000000000000000000, 0.9238795325112867385, 1.000000000000000000 ) ) 
 REPRESENTATION_ITEM ( '' )  );
#872 = AXIS2_PLACEMENT_3D ( 'NONE', #5657, #6232, #6771 ) ;
#873 = EDGE_CURVE ( 'NONE', #316, #1786, #2095, .T. ) ;
#874 = AXIS2_PLACEMENT_3D ( 'NONE', #1979, #3140, #6923 ) ;
#875 = EDGE_CURVE ( 'NONE', #119, #1136, #7002, .T. ) ;
#876 = ORIENTED_EDGE ( 'NONE', *, *, #4071, .F. ) ;
#877 = CARTESIAN_POINT ( 'NONE',  ( 8.949538567781228693, 9.070761775289389206, 26.00000000000000355 ) ) ;
#878 = VECTOR ( 'NONE', #4683, 1000.000000000000000 ) ;
#879 = DIRECTION ( 'NONE',  ( 0.000000000000000000, -1.000000000000000000, 0.000000000000000000 ) ) ;
#880 = CARTESIAN_POINT ( 'NONE',  ( -43.45873412499999944, -18.00119707814143410, 4.874999998634406140 ) ) ;
#881 = DIRECTION ( 'NONE',  ( 1.000000000000000000, 2.478176394252583113E-16, 0.000000000000000000 ) ) ;
#882 = LINE ( 'NONE', #6439, #737 ) ;
#883 = LINE ( 'NONE', #6987, #980 ) ;
#884 = AXIS2_PLACEMENT_3D ( 'NONE', #2806, #7175, #2186 ) ;
#885 = ORIENTED_EDGE ( 'NONE', *, *, #2510, .F. ) ;
#886 = FACE_BOUND ( 'NONE', #631, .T. ) ;
#887 = CARTESIAN_POINT ( 'NONE',  ( 23.59969818826881394, -36.90433481979550123, 12.81500986909859918 ) ) ;
#888 = CARTESIAN_POINT ( 'NONE',  ( 4.000000000000000000, -14.99999999999999822, 23.00000000000000000 ) ) ;
#889 = ORIENTED_EDGE ( 'NONE', *, *, #5716, .T. ) ;
#890 = VECTOR ( 'NONE', #6735, 1000.000000000000114 ) ;
#891 = CYLINDRICAL_SURFACE ( 'NONE', #1243, 1.000000000000000888 ) ;
#892 = CARTESIAN_POINT ( 'NONE',  ( -18.00119707814144121, 43.45873412499999233, 4.624999998634407028 ) ) ;
#893 = CARTESIAN_POINT ( 'NONE',  ( -8.082668874372530822E-15, -44.00000000000000000, 1.750000000000000000 ) ) ;
#894 = CARTESIAN_POINT ( 'NONE',  ( -30.27883886237080802, -4.157640016594760901, 27.00000000000000355 ) ) ;
#895 = CARTESIAN_POINT ( 'NONE',  ( 0.000000000000000000, 0.000000000000000000, 15.00000000000000000 ) ) ;
#896 = ORIENTED_EDGE ( 'NONE', *, *, #2838, .T. ) ;
#897 = LINE ( 'NONE', #1440, #4408 ) ;
#898 = CARTESIAN_POINT ( 'NONE',  ( 0.000000000000000000, 0.000000000000000000, 0.000000000000000000 ) ) ;
#899 = CARTESIAN_POINT ( 'NONE',  ( 43.45873412499999233, 18.00119707814144476, 0.6249999986344065839 ) ) ;
#900 = CARTESIAN_POINT ( 'NONE',  ( -1.500722369292157632, -7.894293237609635305, 26.00000000000000711 ) ) ;
#901 = CARTESIAN_POINT ( 'NONE',  ( 19.49865308019174748, -39.54865025904197040, 19.99999999999999645 ) ) ;
#902 = CARTESIAN_POINT ( 'NONE',  ( -21.36869855051899592, -39.60373066681349741, 13.67208264336209744 ) ) ;
#903 = CARTESIAN_POINT ( 'NONE',  ( 18.22539674441618374, 44.00000000000000000, 0.1874999999999999722 ) ) ;
#904 = ORIENTED_EDGE ( 'NONE', *, *, #4999, .F. ) ;
#905 = CARTESIAN_POINT ( 'NONE',  ( -12.17738378521611864, -15.73878836087442501, 27.00000000000000000 ) ) ;
#906 = VERTEX_POINT ( 'NONE', #5333 ) ;
#907 = CARTESIAN_POINT ( 'NONE',  ( -31.11269837220808654, 31.11269837220809364, 4.375000000000000000 ) ) ;
#908 = EDGE_CURVE ( 'NONE', #1695, #349, #1488, .T. ) ;
#909 = LINE ( 'NONE', #5177, #3896 ) ;
#910 = ORIENTED_EDGE ( 'NONE', *, *, #7056, .T. ) ;
#911 = FACE_OUTER_BOUND ( 'NONE', #2444, .T. ) ;
#912 =( BOUNDED_CURVE ( )  B_SPLINE_CURVE ( 2, ( #2491, #1873, #5258, #6853, #4567, #1807, #4138, #6348, #3475 ),
 .UNSPECIFIED., .F., .F. ) 
 B_SPLINE_CURVE_WITH_KNOTS ( ( 3, 2, 2, 2, 3 ),
 ( 0.1000000000000000056, 0.1250000000000000000, 0.1499999999999999944, 0.1749999999999999889, 0.2000000000000000111 ),
 .UNSPECIFIED. ) 
 CURVE ( )  GEOMETRIC_REPRESENTATION_ITEM ( )  RATIONAL_B_SPLINE_CURVE ( ( 1.000000000000000000, 0.9238795325112867385, 1.000000000000000000, 0.9238795325112867385, 1.000000000000000000, 0.9238795325112867385, 1.000000000000000000, 0.9238795325112867385, 1.000000000000000000 ) ) 
 REPRESENTATION_ITEM ( '' )  );
#913 = DIRECTION ( 'NONE',  ( -1.000000000000000000, -1.239088197126293529E-16, 0.000000000000000000 ) ) ;
#914 = FACE_OUTER_BOUND ( 'NONE', #263, .T. ) ;
#915 = EDGE_CURVE ( 'NONE', #5632, #1429, #4280, .T. ) ;
#916 = CARTESIAN_POINT ( 'NONE',  ( -11.49999999999999645, -3.743426454221664645, 25.00000000000000000 ) ) ;
#917 = CARTESIAN_POINT ( 'NONE',  ( 43.45873412499999233, 18.00119707814144476, 0.3749999986344066394 ) ) ;
#918 = EDGE_CURVE ( 'NONE', #795, #6592, #4937, .T. ) ;
#919 = CIRCLE ( 'NONE', #6047, 40.00000000000000711 ) ;
#920 = ORIENTED_EDGE ( 'NONE', *, *, #2338, .T. ) ;
#921 = CARTESIAN_POINT ( 'NONE',  ( -8.949538567781235798, 9.070761775289389206, 26.00000000000000355 ) ) ;
#922 = CARTESIAN_POINT ( 'NONE',  ( -2.000389262994890949, -9.609562423065073133, 27.00000000000000355 ) ) ;
#923 = CARTESIAN_POINT ( 'NONE',  ( -21.85518029191268141, -39.33735253771601492, 6.154813365234137024 ) ) ;
#924 = VERTEX_POINT ( 'NONE', #7157 ) ;
#925 = CARTESIAN_POINT ( 'NONE',  ( 0.000000000000000000, 0.000000000000000000, 18.00000000000000000 ) ) ;
#926 = CARTESIAN_POINT ( 'NONE',  ( -7.983239946176564682E-15, -43.45873412499999233, 5.062499998634407028 ) ) ;
#927 = LINE ( 'NONE', #2563, #6909 ) ;
#928 = CARTESIAN_POINT ( 'NONE',  ( -29.25896300087919144, -4.743426454221668642, 27.00000000000000355 ) ) ;
#929 = DIRECTION ( 'NONE',  ( 0.000000000000000000, -0.000000000000000000, -1.000000000000000000 ) ) ;
#930 = ORIENTED_EDGE ( 'NONE', *, *, #4301, .F. ) ;
#931 = CARTESIAN_POINT ( 'NONE',  ( -19.50094923471709762, -39.44252755591470105, 9.777060261680087905 ) ) ;
#932 = CARTESIAN_POINT ( 'NONE',  ( 21.84465468539448452, -1.500000000000003331, 23.00000000000000000 ) ) ;
#933 = CARTESIAN_POINT ( 'NONE',  ( 30.72996560157071855, 30.72996560157071855, 3.687499998634407028 ) ) ;
#934 = DIRECTION ( 'NONE',  ( -0.000000000000000000, 1.000000000000000000, 0.000000000000000000 ) ) ;
#935 = CARTESIAN_POINT ( 'NONE',  ( -33.14901971886400389, -29.07637702555217274, 19.99999999999999645 ) ) ;
#936 = CARTESIAN_POINT ( 'NONE',  ( -20.26448028957725001, -40.18249264534468068, 12.01390909039063004 ) ) ;
#937 = DIRECTION ( 'NONE',  ( 0.8637789008984335659, -0.5038710255240859137, 0.000000000000000000 ) ) ;
#938 = ORIENTED_EDGE ( 'NONE', *, *, #6511, .F. ) ;
#939 = CARTESIAN_POINT ( 'NONE',  ( -1.619892457342153591, -11.79718195238417167, 26.00000000000000355 ) ) ;
#940 = PLANE ( 'NONE',  #4453 ) ;
#941 = EDGE_CURVE ( 'NONE', #349, #5766, #2794, .T. ) ;
#942 = CARTESIAN_POINT ( 'NONE',  ( -21.43965810712202469, -38.61895757479280178, 12.81077088609922399 ) ) ;
#943 = ORIENTED_EDGE ( 'NONE', *, *, #687, .T. ) ;
#944 = DIRECTION ( 'NONE',  ( -0.5038710255240860247, 0.8637789008984334549, -0.000000000000000000 ) ) ;
#945 = CARTESIAN_POINT ( 'NONE',  ( -25.50000000000000355, -26.00000000000000000, 18.00000000000000000 ) ) ;
#946 = CARTESIAN_POINT ( 'NONE',  ( 2.500000000000003109, 15.00000000000000178, 18.00000000000000000 ) ) ;
#947 = CARTESIAN_POINT ( 'NONE',  ( -11.49999999999999645, -12.24342645422166242, 26.00000000000000355 ) ) ;
#948 = CARTESIAN_POINT ( 'NONE',  ( 30.72996560157071144, -30.72996560157072565, 1.187499998634406584 ) ) ;
#949 = ADVANCED_FACE ( 'NONE', ( #490 ), #6061, .T. ) ;
#950 = FACE_OUTER_BOUND ( 'NONE', #6872, .T. ) ;
#951 = EDGE_CURVE ( 'NONE', #3805, #436, #4576, .T. ) ;
#952 = VERTEX_POINT ( 'NONE', #3185 ) ;
#953 = CARTESIAN_POINT ( 'NONE',  ( 2.661079982058854631E-15, 43.45873412499999233, 1.812499998634406584 ) ) ;
#954 = CARTESIAN_POINT ( 'NONE',  ( 22.89156653876692360, -37.50060241708997211, 12.99671358560045142 ) ) ;
#955 = CARTESIAN_POINT ( 'NONE',  ( -27.10031507727475386, -35.92454492727054571, 9.685466453144153220 ) ) ;
#956 = ORIENTED_EDGE ( 'NONE', *, *, #7039, .T. ) ;
#957 = DIRECTION ( 'NONE',  ( 0.000000000000000000, -1.000000000000000000, 0.000000000000000000 ) ) ;
#958 = CARTESIAN_POINT ( 'NONE',  ( -11.73880675002733298, -7.226920574625122384, 26.00000000000000355 ) ) ;
#959 = ADVANCED_FACE ( 'NONE', ( #6793 ), #1511, .T. ) ;
#960 = EDGE_CURVE ( 'NONE', #2364, #6218, #5782, .T. ) ;
#961 = CARTESIAN_POINT ( 'NONE',  ( -1.301042606982608476E-15, 17.97969965692938743, 27.00000000000000355 ) ) ;
#962 = CARTESIAN_POINT ( 'NONE',  ( -4.063799906272016038, -11.15898758273222313, 27.00000000000000711 ) ) ;
#963 = AXIS2_PLACEMENT_3D ( 'NONE', #2267, #6618, #1102 ) ;
#964 = LINE ( 'NONE', #6413, #7036 ) ;
#965 = DIRECTION ( 'NONE',  ( -1.000000000000000000, 0.000000000000000000, 0.000000000000000000 ) ) ;
#966 = ORIENTED_EDGE ( 'NONE', *, *, #1667, .T. ) ;
#967 = CARTESIAN_POINT ( 'NONE',  ( -22.14049575385984170, -38.02422419952618071, 7.015998826417476408 ) ) ;
#968 = UNCERTAINTY_MEASURE_WITH_UNIT (LENGTH_MEASURE( 1.000000000000000082E-05 ), #2283, 'distance_accuracy_value', 'NONE');
#969 = DIRECTION ( 'NONE',  ( -0.5038710255240861358, 0.8637789008984335659, 0.000000000000000000 ) ) ;
#970 = CARTESIAN_POINT ( 'NONE',  ( -30.72996560157071499, 30.72996560157071855, 2.937499998634406584 ) ) ;
#971 = LINE ( 'NONE', #5920, #1678 ) ;
#972 = VECTOR ( 'NONE', #64, 1000.000000000000000 ) ;
#973 = DIRECTION ( 'NONE',  ( 1.000000000000000000, 1.156482317317874092E-15, 0.000000000000000000 ) ) ;
#974 = DIRECTION ( 'NONE',  ( -0.8612244487894270550, -0.4986270534996060655, -0.09830315521715969618 ) ) ;
#975 = CARTESIAN_POINT ( 'NONE',  ( -19.16721217649189413, -40.71406702294188307, 11.39676807741466291 ) ) ;
#976 = CARTESIAN_POINT ( 'NONE',  ( 21.07586531484879444, -38.62601770769207832, 12.66701875467015981 ) ) ;
#977 = ORIENTED_EDGE ( 'NONE', *, *, #6021, .F. ) ;
#978 = CARTESIAN_POINT ( 'NONE',  ( -4.293306799762402370, -14.12293065965798888, 26.00000000000000355 ) ) ;
#979 = CARTESIAN_POINT ( 'NONE',  ( 19.49999999999999289, -6.069765241975602521, 27.00000000000000355 ) ) ;
#980 = VECTOR ( 'NONE', #1463, 1000.000000000000000 ) ;
#981 = CARTESIAN_POINT ( 'NONE',  ( -20.45874618797112987, -39.30623481902918570, 12.22355772597896539 ) ) ;
#982 = EDGE_LOOP ( 'NONE', ( #1943, #6710, #4006, #6098 ) ) ;
#983 = LINE ( 'NONE', #6042, #2968 ) ;
#984 = FACE_OUTER_BOUND ( 'NONE', #6562, .T. ) ;
#985 = CARTESIAN_POINT ( 'NONE',  ( -18.00119707814144121, 43.45873412499999233, 4.624999998634407028 ) ) ;
#986 = DIRECTION ( 'NONE',  ( -0.5028399777920260494, -0.8643795212371211401, 0.000000000000000000 ) ) ;
#987 = CARTESIAN_POINT ( 'NONE',  ( 23.99999999999998934, -14.92304820298468115, 27.00000000000000355 ) ) ;
#988 = AXIS2_PLACEMENT_3D ( 'NONE', #4560, #5109, #2410 ) ;
#989 = ORIENTED_EDGE ( 'NONE', *, *, #5772, .F. ) ;
#990 = CARTESIAN_POINT ( 'NONE',  ( -18.00119707814144121, 43.45873412499999233, 3.874999998634406140 ) ) ;
#991 = CARTESIAN_POINT ( 'NONE',  ( -2.887663433593066209, -7.679110987932860510, 27.00000000000000355 ) ) ;
#992 = CARTESIAN_POINT ( 'NONE',  ( -44.00000000000000000, 5.388445916248353619E-15, 2.374999997268813612 ) ) ;
#993 = ORIENTED_EDGE ( 'NONE', *, *, #5547, .F. ) ;
#994 = CARTESIAN_POINT ( 'NONE',  ( -27.50000000000001421, -21.74342645422166598, 25.00000000000000000 ) ) ;
#995 = CARTESIAN_POINT ( 'NONE',  ( 7.990384747035712110, -9.759909745017587568, 27.00000000000000355 ) ) ;
#996 = AXIS2_PLACEMENT_3D ( 'NONE', #3082, #1441, #2497 ) ;
#997 = EDGE_CURVE ( 'NONE', #2311, #4082, #5705, .T. ) ;
#998 =( BOUNDED_CURVE ( )  B_SPLINE_CURVE ( 2, ( #4551, #6224, #1247, #3460, #1825, #5209, #2546, #4224, #801 ),
 .UNSPECIFIED., .F., .F. ) 
 B_SPLINE_CURVE_WITH_KNOTS ( ( 3, 2, 2, 2, 3 ),
 ( 0.5000000000000001110, 0.5250000000000001332, 0.5500000000000001554, 0.5750000000000000666, 0.6000000000000000888 ),
 .UNSPECIFIED. ) 
 CURVE ( )  GEOMETRIC_REPRESENTATION_ITEM ( )  RATIONAL_B_SPLINE_CURVE ( ( 0.9999999999999996669, 0.9238795325112870716, 1.000000000000000000, 0.9238795325112867385, 1.000000000000000000, 0.9238795325112867385, 1.000000000000000000, 0.9238795325112864054, 1.000000000000000444 ) ) 
 REPRESENTATION_ITEM ( '' )  );
#999 = ORIENTED_EDGE ( 'NONE', *, *, #4511, .F. ) ;
#1000 = STYLED_ITEM ( 'NONE', ( #160 ), #7143 ) ;
#1001 = CARTESIAN_POINT ( 'NONE',  ( -25.75000000000002132, -12.74342645422166598, 25.00000000000000000 ) ) ;
#1002 = DIRECTION ( 'NONE',  ( 0.5049055868418412807, -0.8631745758396131007, 0.000000000000000000 ) ) ;
#1003 = ORIENTED_EDGE ( 'NONE', *, *, #1149, .F. ) ;
#1004 = CARTESIAN_POINT ( 'NONE',  ( -20.30796205356227446, -39.03348513775034689, 12.05756563181805596 ) ) ;
#1005 = DIRECTION ( 'NONE',  ( -1.000000000000000000, 0.000000000000000000, 0.000000000000000000 ) ) ;
#1006 = CARTESIAN_POINT ( 'NONE',  ( -43.45873412499999233, 5.322159964117709262E-15, 3.062499998634406584 ) ) ;
#1007 = EDGE_CURVE ( 'NONE', #4311, #2964, #1394, .T. ) ;
#1008 = EDGE_CURVE ( 'NONE', #2629, #4314, #612, .T. ) ;
#1009 = FACE_OUTER_BOUND ( 'NONE', #3399, .T. ) ;
#1010 = DIRECTION ( 'NONE',  ( 6.938893903907227392E-16, -1.000000000000000000, 0.000000000000000000 ) ) ;
#1011 = CARTESIAN_POINT ( 'NONE',  ( -20.63317570238457321, -39.18689324004843400, 12.35686096350240781 ) ) ;
#1012 = CARTESIAN_POINT ( 'NONE',  ( 19.52408228917792599, -39.43111267671896059, 10.43282196411507634 ) ) ;
#1013 = VERTEX_POINT ( 'NONE', #825 ) ;
#1014 = DIRECTION ( 'NONE',  ( 0.000000000000000000, 1.000000000000000000, 0.000000000000000000 ) ) ;
#1015 = PLANE ( 'NONE',  #4111 ) ;
#1016 = VECTOR ( 'NONE', #3804, 1000.000000000000000 ) ;
#1017 = DIRECTION ( 'NONE',  ( 0.000000000000000000, 0.000000000000000000, -1.000000000000000000 ) ) ;
#1018 = ORIENTED_EDGE ( 'NONE', *, *, #1235, .T. ) ;
#1019 = PLANE ( 'NONE',  #3880 ) ;
#1020 = CARTESIAN_POINT ( 'NONE',  ( 31.11269837220808299, -31.11269837220809364, 3.875000000000000000 ) ) ;
#1021 = CARTESIAN_POINT ( 'NONE',  ( -18.22539674441620505, -43.99999999999999289, 1.562499997268813612 ) ) ;
#1022 = CARTESIAN_POINT ( 'NONE',  ( -18.74103699912082988, -4.743426454221663313, 27.00000000000000355 ) ) ;
#1023 = CARTESIAN_POINT ( 'NONE',  ( -11.49999999999999645, -12.24342645422166420, 26.15998023713491349 ) ) ;
#1024 = CARTESIAN_POINT ( 'NONE',  ( 20.49999999999999645, -21.74342645422165177, 27.00000000000000355 ) ) ;
#1025 = ORIENTED_EDGE ( 'NONE', *, *, #3584, .T. ) ;
#1026 = CARTESIAN_POINT ( 'NONE',  ( -7.983239946176564682E-15, -43.45873412499999233, 1.312499998634406584 ) ) ;
#1027 = CARTESIAN_POINT ( 'NONE',  ( 26.59978277922339274, -36.29717085355994755, 11.93905477912618096 ) ) ;
#1028 = CARTESIAN_POINT ( 'NONE',  ( -23.57662114027120737, -38.33046200588881192, 6.031019849718321169 ) ) ;
#1029 = VERTEX_POINT ( 'NONE', #4148 ) ;
#1030 = CARTESIAN_POINT ( 'NONE',  ( 1.000000000000000444, -3.743426454221663757, 25.99999999999999645 ) ) ;
#1031 = CARTESIAN_POINT ( 'NONE',  ( -30.72996560157071499, 30.72996560157071855, 2.687499998634406584 ) ) ;
#1032 = CARTESIAN_POINT ( 'NONE',  ( 27.49999999999998224, -21.74342645422165532, 26.58578643762690774 ) ) ;
#1033 = VERTEX_POINT ( 'NONE', #3558 ) ;
#1034 = EDGE_CURVE ( 'NONE', #5511, #5596, #5200, .T. ) ;
#1035 = CARTESIAN_POINT ( 'NONE',  ( 23.01883523585748037, -37.49844295946760298, 7.041374224345578803 ) ) ;
#1036 = DIRECTION ( 'NONE',  ( 1.445602896647339163E-16, -1.000000000000000000, 0.000000000000000000 ) ) ;
#1037 = ORIENTED_EDGE ( 'NONE', *, *, #3102, .T. ) ;
#1038 = CARTESIAN_POINT ( 'NONE',  ( -19.52078857374095122, -39.43274161959011792, 10.41007832282444312 ) ) ;
#1039 = ORIENTED_EDGE ( 'NONE', *, *, #2776, .F. ) ;
#1040 = LINE ( 'NONE', #3770, #177 ) ;
#1041 = DIRECTION ( 'NONE',  ( -0.5038710255240866909, 0.8637789008984331218, 0.000000000000000000 ) ) ;
#1042 = ADVANCED_FACE ( 'NONE', ( #2427 ), #4724, .T. ) ;
#1043 =( BOUNDED_CURVE ( )  B_SPLINE_CURVE ( 2, ( #2001, #3673, #5896, #1051, #5053, #4510, #5524, #1707, #3304 ),
 .UNSPECIFIED., .F., .F. ) 
 B_SPLINE_CURVE_WITH_KNOTS ( ( 3, 2, 2, 2, 3 ),
 ( 0.5000000000000000000, 0.5250000000000000222, 0.5500000000000000444, 0.5750000000000000666, 0.6000000000000000888 ),
 .UNSPECIFIED. ) 
 CURVE ( )  GEOMETRIC_REPRESENTATION_ITEM ( )  RATIONAL_B_SPLINE_CURVE ( ( 1.000000000000000000, 0.9238795325112867385, 1.000000000000000000, 0.9238795325112867385, 1.000000000000000000, 0.9238795325112867385, 1.000000000000000000, 0.9238795325112864054, 1.000000000000000444 ) ) 
 REPRESENTATION_ITEM ( '' )  );
#1044 = FACE_OUTER_BOUND ( 'NONE', #4067, .T. ) ;
#1045 = DIRECTION ( 'NONE',  ( 0.000000000000000000, -0.000000000000000000, -1.000000000000000000 ) ) ;
#1046 = EDGE_CURVE ( 'NONE', #6447, #4383, #384, .T. ) ;
#1047 = CARTESIAN_POINT ( 'NONE',  ( -20.50209220566452828, -40.06133330743238474, 12.25297060994036080 ) ) ;
#1048 = CARTESIAN_POINT ( 'NONE',  ( -18.22539674441618374, 44.00000000000000000, 2.187499997268813168 ) ) ;
#1049 = VERTEX_POINT ( 'NONE', #1080 ) ;
#1050 = CARTESIAN_POINT ( 'NONE',  ( -3.802633317374022326, -13.84719074005858808, 26.00000000000000355 ) ) ;
#1051 = CARTESIAN_POINT ( 'NONE',  ( -18.22539674441620861, -43.99999999999999289, 2.687500000000000444 ) ) ;
#1052 = EDGE_CURVE ( 'NONE', #5586, #5325, #3703, .T. ) ;
#1053 = ADVANCED_FACE ( 'NONE', ( #2613 ), #3400, .F. ) ;
#1054 = FACE_OUTER_BOUND ( 'NONE', #5789, .T. ) ;
#1055 = EDGE_LOOP ( 'NONE', ( #2262, #3937, #6811, #5647, #1486 ) ) ;
#1056 = CARTESIAN_POINT ( 'NONE',  ( -23.72872284534697940, -37.05330905774420103, 12.76166266617081568 ) ) ;
#1057 = CARTESIAN_POINT ( 'NONE',  ( -17.72116113762921330, -4.157640016594760901, 27.00000000000000355 ) ) ;
#1058 = CARTESIAN_POINT ( 'NONE',  ( -18.22539674441618374, 44.00000000000000000, 2.187499997268813168 ) ) ;
#1059 = CARTESIAN_POINT ( 'NONE',  ( -24.00000000000001066, -15.74342645422166598, 26.58578643762690064 ) ) ;
#1060 = CARTESIAN_POINT ( 'NONE',  ( 18.00119707814145187, 43.45873412499999233, 3.499999998634406584 ) ) ;
#1061 = ORIENTED_EDGE ( 'NONE', *, *, #2198, .F. ) ;
#1062 = CARTESIAN_POINT ( 'NONE',  ( 43.45873412499999233, 0.000000000000000000, 3.562499998634406584 ) ) ;
#1063 = CARTESIAN_POINT ( 'NONE',  ( 25.09636126225941055, -37.36433425825166665, 8.334124012582741159 ) ) ;
#1064 = CARTESIAN_POINT ( 'NONE',  ( -24.54356257574524136, -37.71754944439627621, 13.70884703858058806 ) ) ;
#1065 = ORIENTED_EDGE ( 'NONE', *, *, #3413, .F. ) ;
#1066 = CARTESIAN_POINT ( 'NONE',  ( -31.00000000000001421, -3.743426454221668198, 27.00000000000000355 ) ) ;
#1067 = CARTESIAN_POINT ( 'NONE',  ( -5.752273630629398227, -8.312909677044789447, 27.00000000000000000 ) ) ;
#1068 = CARTESIAN_POINT ( 'NONE',  ( -9.149523490686149785, 8.533070203703363887, 26.88818662666575676 ) ) ;
#1069 = ORIENTED_EDGE ( 'NONE', *, *, #5770, .T. ) ;
#1070 = FACE_OUTER_BOUND ( 'NONE', #1681, .T. ) ;
#1071 = CARTESIAN_POINT ( 'NONE',  ( -8.929238224710607241, 6.949538567781226917, 25.00000000000000000 ) ) ;
#1072 = ORIENTED_EDGE ( 'NONE', *, *, #6519, .T. ) ;
#1073 = DIRECTION ( 'NONE',  ( 0.000000000000000000, 0.000000000000000000, -1.000000000000000000 ) ) ;
#1074 = CARTESIAN_POINT ( 'NONE',  ( -24.32046141418134866, -37.86277803194408165, 6.202621107034310910 ) ) ;
#1075 = DIRECTION ( 'NONE',  ( 0.000000000000000000, -0.000000000000000000, 1.000000000000000000 ) ) ;
#1076 = PRESENTATION_LAYER_ASSIGNMENT (  '', '', ( #1889 ) ) ;
#1077 = FACE_BOUND ( 'NONE', #4244, .T. ) ;
#1078 = CARTESIAN_POINT ( 'NONE',  ( -11.49999999999999822, -21.74342645422166242, 26.00000000000000355 ) ) ;
#1079 = CARTESIAN_POINT ( 'NONE',  ( -20.05358227983258246, -40.28530247213665660, 7.223632758360467143 ) ) ;
#1080 = CARTESIAN_POINT ( 'NONE',  ( -24.00000000000002132, -9.743426454221653543, 25.00000000000000000 ) ) ;
#1081 = ORIENTED_EDGE ( 'NONE', *, *, #3674, .F. ) ;
#1082 = CARTESIAN_POINT ( 'NONE',  ( 22.79785121176369600, -37.57391082728428700, 7.009403573372833485 ) ) ;
#1083 = VECTOR ( 'NONE', #6813, 1000.000000000000000 ) ;
#1084 = CARTESIAN_POINT ( 'NONE',  ( 31.11269837220809364, 31.11269837220809364, 3.999999997268813168 ) ) ;
#1085 = EDGE_CURVE ( 'NONE', #818, #6223, #5376, .T. ) ;
#1086 = CARTESIAN_POINT ( 'NONE',  ( -20.86180080551740090, -39.02962370430072525, 12.51873677081734293 ) ) ;
#1087 = EDGE_LOOP ( 'NONE', ( #5358, #5442, #6741, #6947 ) ) ;
#1088 = VECTOR ( 'NONE', #5899, 1000.000000000000000 ) ;
#1089 = DIRECTION ( 'NONE',  ( 8.673617379884034239E-17, -1.000000000000000000, 0.000000000000000000 ) ) ;
#1090 = CARTESIAN_POINT ( 'NONE',  ( -27.50000000000001776, -3.743426454221668198, 26.58578643762690774 ) ) ;
#1091 = DIRECTION ( 'NONE',  ( 1.000000000000000000, -8.177564888977997375E-16, 0.000000000000000000 ) ) ;
#1092 = B_SPLINE_CURVE_WITH_KNOTS ( 'NONE', 3,
 ( #6775, #4599, #3610, #227, #5835, #6236, #262, #810, #2448, #3035, #6301, #6374, #3502, #4666, #6884, #846, #1835, #4057, #6267, #5141, #1909, #740, #1800, #6343, #6925, #2486, #2963, #4709, #3071, #1948, #2343, #4561, #153, #4024, #1257, #3470, #5693, #705, #5180 ),
 .UNSPECIFIED., .F., .F.,
 ( 4, 2, 2, 2, 2, 2, 2, 2, 2, 2, 2, 1, 2, 2, 2, 2, 2, 2, 2, 4 ),
 ( 0.01395414080006869215, 0.01482240194315670272, 0.01569066308624471329, 0.01655892422933272559, 0.01742718537242073790, 0.01829544651550874673, 0.01916370765859675904, 0.01959783823014075999, 0.02003196880168476440, 0.02090022994477276977, 0.02133436051631677072, 0.02176849108786077513, 0.02220262165940477955, 0.02263675223094877703, 0.02350501337403678587, 0.02437327451712479470, 0.02524153566021280354, 0.02610979680330081237, 0.02697805794638882121, 0.02784631908947682657 ),
 .UNSPECIFIED. ) ;
#1093 = CARTESIAN_POINT ( 'NONE',  ( -6.330199066835533017, -8.050926133363047299, 26.00000000000001421 ) ) ;
#1094 = CARTESIAN_POINT ( 'NONE',  ( -43.45873412499999944, -18.00119707814143410, 1.874999998634406806 ) ) ;
#1095 = VECTOR ( 'NONE', #3465, 1000.000000000000000 ) ;
#1096 = EDGE_CURVE ( 'NONE', #4649, #1033, #3559, .T. ) ;
#1097 = ADVANCED_FACE ( 'NONE', ( #4321 ), #6535, .F. ) ;
#1098 = ORIENTED_EDGE ( 'NONE', *, *, #5457, .F. ) ;
#1099 = CARTESIAN_POINT ( 'NONE',  ( -18.00119707814146608, -43.45873412499998523, 4.249999998634407028 ) ) ;
#1100 = AXIS2_PLACEMENT_3D ( 'NONE', #1884, #3125, #3052 ) ;
#1101 = CARTESIAN_POINT ( 'NONE',  ( 24.73083331469104706, -37.60118490082498255, 7.872126800171638017 ) ) ;
#1102 = DIRECTION ( 'NONE',  ( -1.000000000000000000, 0.000000000000000000, 0.000000000000000000 ) ) ;
#1103 = ORIENTED_EDGE ( 'NONE', *, *, #242, .F. ) ;
#1104 = CARTESIAN_POINT ( 'NONE',  ( 22.15977871545366540, -38.07830745143733964, 12.98064581551408914 ) ) ;
#1105 = CARTESIAN_POINT ( 'NONE',  ( -9.110532909138642665, -6.380013298020377199, 27.00000000000000355 ) ) ;
#1106 = VECTOR ( 'NONE', #1271, 1000.000000000000000 ) ;
#1107 = VECTOR ( 'NONE', #107, 1000.000000000000114 ) ;
#1108 = EDGE_LOOP ( 'NONE', ( #1451, #3636, #414, #7131, #2633, #6922, #5272, #4973 ) ) ;
#1109 = CARTESIAN_POINT ( 'NONE',  ( -44.00000000000000000, 5.388445916248353619E-15, 2.500000000000000000 ) ) ;
#1110 = ORIENTED_EDGE ( 'NONE', *, *, #6560, .T. ) ;
#1111 = FACE_OUTER_BOUND ( 'NONE', #6321, .T. ) ;
#1112 = LINE ( 'NONE', #4499, #6646 ) ;
#1113 = ORIENTED_EDGE ( 'NONE', *, *, #4829, .T. ) ;
#1114 = VECTOR ( 'NONE', #2333, 1000.000000000000000 ) ;
#1115 = CARTESIAN_POINT ( 'NONE',  ( -22.92753748025064198, -37.46801392116752538, 7.024994676655681225 ) ) ;
#1116 = CARTESIAN_POINT ( 'NONE',  ( 18.00119707814145187, 43.45873412499999233, 1.749999998634406584 ) ) ;
#1117 = CIRCLE ( 'NONE', #2282, 4.099999999999999645 ) ;
#1118 = CARTESIAN_POINT ( 'NONE',  ( -44.00000000000000000, 5.388445916248353619E-15, 5.374999997268814056 ) ) ;
#1119 = CARTESIAN_POINT ( 'NONE',  ( 6.250000000000000000, -12.74342645422166242, 25.99999999999999645 ) ) ;
#1120 = CARTESIAN_POINT ( 'NONE',  ( -20.33185025331998474, -40.14855432365955323, 7.903447223795857290 ) ) ;
#1121 = DIRECTION ( 'NONE',  ( -2.895182638072235125E-16, 1.000000000000000000, 0.000000000000000000 ) ) ;
#1122 = VERTEX_POINT ( 'NONE', #4906 ) ;
#1123 = CARTESIAN_POINT ( 'NONE',  ( 19.79288467168427701, -40.41781060559364391, 8.696257038996037636 ) ) ;
#1124 = VECTOR ( 'NONE', #2055, 1000.000000000000114 ) ;
#1125 = CARTESIAN_POINT ( 'NONE',  ( 44.00000000000000000, 0.000000000000000000, 3.874999997268813168 ) ) ;
#1126 = MECHANICAL_DESIGN_GEOMETRIC_PRESENTATION_REPRESENTATION (  '', ( #1000 ), #1941 ) ;
#1127 = DIRECTION ( 'NONE',  ( 0.5038710255240856917, -0.8637789008984337880, 0.000000000000000000 ) ) ;
#1128 = ORIENTED_EDGE ( 'NONE', *, *, #5674, .F. ) ;
#1129 = CARTESIAN_POINT ( 'NONE',  ( -22.60579989488595487, -38.91091599746462748, 13.98785918908151871 ) ) ;
#1130 = EDGE_CURVE ( 'NONE', #5208, #1888, #1464, .T. ) ;
#1131 = CYLINDRICAL_SURFACE ( 'NONE', #4257, 4.099999999999999645 ) ;
#1132 = CARTESIAN_POINT ( 'NONE',  ( -8.082668874372530822E-15, -44.00000000000000000, 3.624999997268813168 ) ) ;
#1133 = CARTESIAN_POINT ( 'NONE',  ( -19.49865308019175103, 39.54865025904198461, 20.00000000000000000 ) ) ;
#1134 = CARTESIAN_POINT ( 'NONE',  ( 18.00119707814145187, -43.45873412499998523, 3.124999998634406584 ) ) ;
#1135 = ORIENTED_EDGE ( 'NONE', *, *, #1842, .T. ) ;
#1136 = VERTEX_POINT ( 'NONE', #4944 ) ;
#1137 = CARTESIAN_POINT ( 'NONE',  ( -30.72996560157072565, -30.72996560157071499, 5.187499998634406140 ) ) ;
#1138 = EDGE_CURVE ( 'NONE', #4843, #6027, #2834, .T. ) ;
#1139 = EDGE_CURVE ( 'NONE', #6185, #6842, #4427, .T. ) ;
#1140 = CARTESIAN_POINT ( 'NONE',  ( 25.47833211925832941, -35.14656660453408676, 10.37492963864846551 ) ) ;
#1141 = ORIENTED_EDGE ( 'NONE', *, *, #873, .F. ) ;
#1142 = PLANE ( 'NONE',  #2168 ) ;
#1143 = CARTESIAN_POINT ( 'NONE',  ( -6.272159372493891105, -8.078227788675590659, 27.00000000000000000 ) ) ;
#1144 = DIRECTION ( 'NONE',  ( 0.5038710255240860247, 0.8637789008984336769, 0.000000000000000000 ) ) ;
#1145 = EDGE_CURVE ( 'NONE', #6977, #1439, #6636, .T. ) ;
#1146 = ORIENTED_EDGE ( 'NONE', *, *, #6824, .T. ) ;
#1147 = CARTESIAN_POINT ( 'NONE',  ( 28.49999999999998579, -20.74342645422165532, 27.00000000000000355 ) ) ;
#1148 = EDGE_LOOP ( 'NONE', ( #5025, #2256, #4154, #4402 ) ) ;
#1149 = EDGE_CURVE ( 'NONE', #5325, #2619, #2286, .T. ) ;
#1150 = CARTESIAN_POINT ( 'NONE',  ( 25.56374206247554426, -35.81196603585729576, 9.158916714349354393 ) ) ;
#1151 = FACE_OUTER_BOUND ( 'NONE', #1372, .T. ) ;
#1152 = ORIENTED_EDGE ( 'NONE', *, *, #2105, .T. ) ;
#1153 = CARTESIAN_POINT ( 'NONE',  ( -25.50130335780799840, -37.12866221449353787, 9.786834101536793895 ) ) ;
#1154 = LINE ( 'NONE', #6172, #6307 ) ;
#1155 = ORIENTED_EDGE ( 'NONE', *, *, #2829, .T. ) ;
#1156 = MANIFOLD_SOLID_BREP ( 'Вырез-Вытянуть10', #3314 ) ;
#1157 = SURFACE_STYLE_FILL_AREA ( #1738 ) ;
#1158 = CARTESIAN_POINT ( 'NONE',  ( 13.59999999999999787, -14.99999999999999822, 13.00000000000000000 ) ) ;
#1159 = CARTESIAN_POINT ( 'NONE',  ( 0.000000000000000000, 0.000000000000000000, 18.00000000000000000 ) ) ;
#1160 = FACE_OUTER_BOUND ( 'NONE', #3944, .T. ) ;
#1161 = VERTEX_POINT ( 'NONE', #4978 ) ;
#1162 = CARTESIAN_POINT ( 'NONE',  ( 20.52122082331904451, -40.04923181287648504, 6.815883435797898571 ) ) ;
#1163 = CARTESIAN_POINT ( 'NONE',  ( 44.00000000000000000, 0.000000000000000000, 4.874999997268813168 ) ) ;
#1164 = CARTESIAN_POINT ( 'NONE',  ( 28.34465468539448807, 9.999999999999998224, 23.00000000000000000 ) ) ;
#1165 = EDGE_LOOP ( 'NONE', ( #2273, #6885, #1284, #2872 ) ) ;
#1166 = CARTESIAN_POINT ( 'NONE',  ( 1.000000000000000444, -3.743426454221663757, 27.00000000000000355 ) ) ;
#1167 = CARTESIAN_POINT ( 'NONE',  ( -44.00000000000000000, 18.22539674441618374, 2.312499997268813168 ) ) ;
#1168 = CARTESIAN_POINT ( 'NONE',  ( -14.17748896793613511, 41.75274860195124660, 20.00000000000000355 ) ) ;
#1169 = CARTESIAN_POINT ( 'NONE',  ( 18.00119707814145187, 43.45873412499999233, 1.499999998634406806 ) ) ;
#1170 = ADVANCED_FACE ( 'NONE', ( #6244 ), #6142, .F. ) ;
#1171 = EDGE_LOOP ( 'NONE', ( #5924, #2579, #662, #1128 ) ) ;
#1172 = ORIENTED_EDGE ( 'NONE', *, *, #5489, .T. ) ;
#1173 = CARTESIAN_POINT ( 'NONE',  ( -18.00119707814146608, -43.45873412499998523, 5.249999998634406140 ) ) ;
#1174 = CARTESIAN_POINT ( 'NONE',  ( 25.45338605071795968, -37.14323193637167719, 10.77127836542891259 ) ) ;
#1175 = DIRECTION ( 'NONE',  ( -0.000000000000000000, -0.000000000000000000, -1.000000000000000000 ) ) ;
#1176 = EDGE_LOOP ( 'NONE', ( #6210, #1135, #6297, #3410 ) ) ;
#1177 = DIRECTION ( 'NONE',  ( -0.000000000000000000, -0.000000000000000000, -1.000000000000000000 ) ) ;
#1178 = CARTESIAN_POINT ( 'NONE',  ( -4.908513261041089315, -8.894386700849437943, 27.00000000000000000 ) ) ;
#1179 = CARTESIAN_POINT ( 'NONE',  ( 11.50000000000000355, -3.743426454221663757, 25.99999999999999645 ) ) ;
#1180 = ADVANCED_FACE ( 'NONE', ( #1160 ), #5559, .F. ) ;
#1181 = VERTEX_POINT ( 'NONE', #1196 ) ;
#1182 = CARTESIAN_POINT ( 'NONE',  ( 0.000000000000000000, 0.000000000000000000, 15.00000000000000000 ) ) ;
#1183 = ORIENTED_EDGE ( 'NONE', *, *, #3809, .F. ) ;
#1184 = CARTESIAN_POINT ( 'NONE',  ( 24.19936922066393947, -36.74815878962574800, 7.466850796017867609 ) ) ;
#1185 = FACE_BOUND ( 'NONE', #7033, .T. ) ;
#1186 = ORIENTED_EDGE ( 'NONE', *, *, #1936, .T. ) ;
#1187 = ORIENTED_EDGE ( 'NONE', *, *, #6249, .T. ) ;
#1188 = CARTESIAN_POINT ( 'NONE',  ( -25.27795471955912632, -35.34626346112434447, 8.862749573621082178 ) ) ;
#1189 = CARTESIAN_POINT ( 'NONE',  ( -40.00000000000000711, 4.898587196589413815E-15, 20.00000000000000000 ) ) ;
#1190 = B_SPLINE_CURVE_WITH_KNOTS ( 'NONE', 3,
 ( #6335, #2406, #1423, #5173, #4625, #6920 ),
 .UNSPECIFIED., .F., .F.,
 ( 4, 2, 4 ),
 ( 0.01160535930735757601, 0.01226377913420489615, 0.01292219896105221803 ),
 .UNSPECIFIED. ) ;
#1191 = ADVANCED_FACE ( 'NONE', ( #573 ), #1810, .T. ) ;
#1192 = EDGE_CURVE ( 'NONE', #5176, #4776, #61, .T. ) ;
#1193 = CARTESIAN_POINT ( 'NONE',  ( -31.11269837220809364, -31.11269837220808654, 5.499999997268813168 ) ) ;
#1194 =( BOUNDED_CURVE ( )  B_SPLINE_CURVE ( 3, ( #1773, #6784, #3998, #5667 ),
 .UNSPECIFIED., .F., .F. ) 
 B_SPLINE_CURVE_WITH_KNOTS ( ( 4, 4 ),
 ( 3.141592653589793116, 4.712388980384689674 ),
 .UNSPECIFIED. ) 
 CURVE ( )  GEOMETRIC_REPRESENTATION_ITEM ( )  RATIONAL_B_SPLINE_CURVE ( ( 1.000000000000000000, 0.8047378541243649375, 0.8047378541243649375, 1.000000000000000000 ) ) 
 REPRESENTATION_ITEM ( '' )  );
#1195 = CARTESIAN_POINT ( 'NONE',  ( -21.02761219845512741, -39.78897763481077021, 7.330334573079860583 ) ) ;
#1196 = CARTESIAN_POINT ( 'NONE',  ( -25.50000000000000355, -26.00000000000000000, 18.00000000000000000 ) ) ;
#1197 = ORIENTED_EDGE ( 'NONE', *, *, #5796, .F. ) ;
#1198 = CARTESIAN_POINT ( 'NONE',  ( 19.62974174020422780, -39.84133853626770616, 9.102308737249538595 ) ) ;
#1199 = CARTESIAN_POINT ( 'NONE',  ( -11.67362102194868179, -15.56909948044519965, 26.58200805029397884 ) ) ;
#1200 = AXIS2_PLACEMENT_3D ( 'NONE', #2320, #649, #1232 ) ;
#1201 = DIRECTION ( 'NONE',  ( -0.8637789008984335659, 0.5038710255240860247, 0.000000000000000000 ) ) ;
#1202 = VERTEX_POINT ( 'NONE', #5631 ) ;
#1203 = CARTESIAN_POINT ( 'NONE',  ( -19.41638247679383866, -40.59583684269060910, 11.92972461146530527 ) ) ;
#1204 = VECTOR ( 'NONE', #335, 1000.000000000000000 ) ;
#1205 = CARTESIAN_POINT ( 'NONE',  ( 43.99999999999999289, -18.22539674441620861, 5.812499997268812280 ) ) ;
#1206 = CARTESIAN_POINT ( 'NONE',  ( -30.72996560157071499, 30.72996560157071855, 1.687499998634406584 ) ) ;
#1207 = ORIENTED_EDGE ( 'NONE', *, *, #3412, .T. ) ;
#1208 = ORIENTED_EDGE ( 'NONE', *, *, #6130, .F. ) ;
#1209 = CARTESIAN_POINT ( 'NONE',  ( 2.499999999999996891, -12.24342645422166065, 25.00000000000000355 ) ) ;
#1210 = CARTESIAN_POINT ( 'NONE',  ( 13.59999999999999787, -14.99999999999999822, 23.00000000000000000 ) ) ;
#1211 = CARTESIAN_POINT ( 'NONE',  ( 44.00000000000000000, 0.000000000000000000, 2.874999997268813168 ) ) ;
#1212 = ORIENTED_EDGE ( 'NONE', *, *, #2164, .T. ) ;
#1213 = CIRCLE ( 'NONE', #4575, 44.00000000000000000 ) ;
#1214 = DIRECTION ( 'NONE',  ( 1.000000000000000000, 1.445602896647339163E-16, 0.000000000000000000 ) ) ;
#1215 = CARTESIAN_POINT ( 'NONE',  ( -5.148789605262988900, -8.686293671348510159, 27.00000000000000000 ) ) ;
#1216 = LINE ( 'NONE', #3912, #745 ) ;
#1217 = STYLED_ITEM ( 'NONE', ( #2931 ), #4114 ) ;
#1218 = ORIENTED_EDGE ( 'NONE', *, *, #941, .F. ) ;
#1219 = CARTESIAN_POINT ( 'NONE',  ( -19.75182236666914903, -39.76459753163091193, 8.782383288088585260 ) ) ;
#1220 = FACE_OUTER_BOUND ( 'NONE', #3657, .T. ) ;
#1221 = CARTESIAN_POINT ( 'NONE',  ( 25.38454194195938740, -35.93940039558909660, 11.28356728329199932 ) ) ;
#1222 = FACE_OUTER_BOUND ( 'NONE', #5937, .T. ) ;
#1223 = ORIENTED_EDGE ( 'NONE', *, *, #6919, .T. ) ;
#1224 = ORIENTED_EDGE ( 'NONE', *, *, #4337, .F. ) ;
#1225 = CARTESIAN_POINT ( 'NONE',  ( -26.48901155986365197, -36.37814502565986174, 7.877251957381504077 ) ) ;
#1226 = CARTESIAN_POINT ( 'NONE',  ( -43.45873412499999233, 18.00119707814145187, 1.999999998634406806 ) ) ;
#1227 = ADVANCED_FACE ( 'NONE', ( #1774 ), #3999, .T. ) ;
#1228 = VECTOR ( 'NONE', #3416, 1000.000000000000000 ) ;
#1229 = AXIS2_PLACEMENT_3D ( 'NONE', #6443, #4131, #3686 ) ;
#1230 = CARTESIAN_POINT ( 'NONE',  ( 7.407703665787483516, -12.74342645422166065, 26.99999999999999645 ) ) ;
#1231 = VECTOR ( 'NONE', #728, 1000.000000000000000 ) ;
#1232 = DIRECTION ( 'NONE',  ( 0.000000000000000000, -0.000000000000000000, 1.000000000000000000 ) ) ;
#1233 = ORIENTED_EDGE ( 'NONE', *, *, #5353, .T. ) ;
#1234 = FACE_OUTER_BOUND ( 'NONE', #1663, .T. ) ;
#1235 = EDGE_CURVE ( 'NONE', #3919, #4129, #5259, .T. ) ;
#1236 = EDGE_CURVE ( 'NONE', #1029, #6699, #5668, .T. ) ;
#1237 = CARTESIAN_POINT ( 'NONE',  ( 17.00000000000000000, -21.74342645422165887, 25.00000000000000000 ) ) ;
#1238 = CIRCLE ( 'NONE', #535, 2.500000000000000444 ) ;
#1239 =( BOUNDED_SURFACE ( )  B_SPLINE_SURFACE ( 3, 2, ( 
 ( #3449, #575, #63 ),
 ( #1082, #4980, #5561 ),
 ( #6070, #4429, #651 ),
 ( #5633, #609, #2801 ),
 ( #128, #2904, #2288 ),
 ( #4509, #2214, #3927 ),
 ( #2322, #5670, #1743 ),
 ( #6211, #5015, #7205 ),
 ( #6638, #3964, #685 ),
 ( #5117, #2351, #1162 ),
 ( #6144, #6606, #3849 ),
 ( #6718, #6106, #1776 ),
 ( #1664, #3302, #6177 ),
 ( #5523, #5051, #24 ),
 ( #3885, #5088, #540 ),
 ( #2763, #1705, #3376 ),
 ( #98, #1123, #2873 ),
 ( #1198, #2249, #3340 ),
 ( #4468, #6679, #5597 ),
 ( #2836, #3411, #4542 ),
 ( #6752, #4001, #4570 ),
 ( #1373, #6246, #6787 ),
 ( #714, #2389, #3479 ),
 ( #1297, #3620, #5263 ),
 ( #2935, #4068, #5847 ),
 ( #1956, #4610, #1405 ),
 ( #5153, #310, #1812 ),
 ( #4036, #6353, #4178 ),
 ( #6894, #6276, #788 ),
 ( #5195, #751, #3080 ),
 ( #1266, #3513, #857 ),
 ( #164, #2421, #6823 ),
 ( #1846, #5228, #271 ),
 ( #5735, #5301, #2975 ),
 ( #201, #4640, #3590 ),
 ( #6858, #1877, #5702 ),
 ( #236, #3011, #2457 ),
 ( #4101, #4676, #2495 ),
 ( #1917, #6312, #6384 ),
 ( #1333, #3554, #5777 ) ),
 .UNSPECIFIED., .F., .F., .F. ) 
 B_SPLINE_SURFACE_WITH_KNOTS ( ( 4, 2, 2, 2, 2, 2, 2, 2, 2, 2, 2, 2, 2, 2, 2, 2, 2, 2, 2, 4 ),
 ( 3, 3 ),
 ( 0.01356046011109323518, 0.01440798886803658710, 0.01525551762497993902, 0.01610304638192329094, 0.01695057513886664285, 0.01779810389580999477, 0.01864563265275334669, 0.01906939703122502439, 0.01949316140969669861, 0.02034069016664005053, 0.02076445454511172822, 0.02118821892358340245, 0.02161198330205507667, 0.02203574768052675437, 0.02288327643747010628, 0.02373080519441345820, 0.02457833395135681012, 0.02542586270830016204, 0.02627339146524351743, 0.02712092022218686935 ),
 ( 0.000000000000000000, 1.000000000000000000 ),
 .UNSPECIFIED. ) 
 GEOMETRIC_REPRESENTATION_ITEM ( )  RATIONAL_B_SPLINE_SURFACE ( (
 ( 1.000000000000000000, 0.6770007913335696070, 1.000000000000000000),
 ( 1.000000000000000000, 0.6888184444669191997, 1.000000000000000000),
 ( 1.000000000000000000, 0.7003471070796032372, 1.000000000000000000),
 ( 1.000000000000000000, 0.7222300406851414056, 1.000000000000000000),
 ( 1.000000000000000000, 0.7324813578182229890, 1.000000000000000000),
 ( 1.000000000000000000, 0.7517857244574455144, 1.000000000000000000),
 ( 1.000000000000000000, 0.7608932856580824522, 1.000000000000000000),
 ( 1.000000000000000000, 0.7777811567850291263, 1.000000000000000000),
 ( 1.000000000000000000, 0.7854266588690616002, 1.000000000000000000),
 ( 1.000000000000000000, 0.7993573829260108843, 1.000000000000000000),
 ( 1.000000000000000000, 0.8056816068695201727, 1.000000000000000000),
 ( 1.000000000000000000, 0.8169126246108840972, 1.000000000000000000),
 ( 1.000000000000000000, 0.8216967994983421786, 1.000000000000000000),
 ( 1.000000000000000000, 0.8278122945351731321, 1.000000000000000000),
 ( 1.000000000000000000, 0.8296723399427367029, 1.000000000000000000),
 ( 1.000000000000000000, 0.8330465754829002867, 1.000000000000000000),
 ( 1.000000000000000000, 0.8345609790988245402, 1.000000000000000000),
 ( 1.000000000000000000, 0.8384824435068125581, 1.000000000000000000),
 ( 1.000000000000000000, 0.8403292596237909029, 1.000000000000000000),
 ( 1.000000000000000000, 0.8420256136194759211, 1.000000000000000000),
 ( 1.000000000000000000, 0.8424094774809209873, 1.000000000000000000),
 ( 1.000000000000000000, 0.8427936476319370929, 1.000000000000000000),
 ( 1.000000000000000000, 0.8427986055056270187, 1.000000000000000000),
 ( 1.000000000000000000, 0.8424423460447750811, 1.000000000000000000),
 ( 1.000000000000000000, 0.8420811250283337657, 1.000000000000000000),
 ( 1.000000000000000000, 0.8409796229775701182, 1.000000000000000000),
 ( 1.000000000000000000, 0.8402330207656447669, 1.000000000000000000),
 ( 1.000000000000000000, 0.8374546420272931391, 1.000000000000000000),
 ( 1.000000000000000000, 0.8348882068504633880, 1.000000000000000000),
 ( 1.000000000000000000, 0.8281785649141758521, 1.000000000000000000),
 ( 1.000000000000000000, 0.8240642798730517526, 1.000000000000000000),
 ( 1.000000000000000000, 0.8144155907378369808, 1.000000000000000000),
 ( 1.000000000000000000, 0.8087788854290034468, 1.000000000000000000),
 ( 1.000000000000000000, 0.7961423600703139147, 1.000000000000000000),
 ( 1.000000000000000000, 0.7891554369867332941, 1.000000000000000000),
 ( 1.000000000000000000, 0.7736433430341743689, 1.000000000000000000),
 ( 1.000000000000000000, 0.7651487869490304350, 1.000000000000000000),
 ( 1.000000000000000000, 0.7470291548118042080, 1.000000000000000000),
 ( 1.000000000000000000, 0.7373378565615069657, 1.000000000000000000),
 ( 1.000000000000000000, 0.7269192070700696284, 1.000000000000000000) ) ) 
 REPRESENTATION_ITEM ( '' )  SURFACE ( )  );
#1240 = CARTESIAN_POINT ( 'NONE',  ( -23.89501810508407331, -13.93876056129902352, 26.00000000000000355 ) ) ;
#1241 = ORIENTED_EDGE ( 'NONE', *, *, #6195, .F. ) ;
#1242 = CARTESIAN_POINT ( 'NONE',  ( -10.47929125743731582, -4.743426454804644088, 27.00000000000000355 ) ) ;
#1243 = AXIS2_PLACEMENT_3D ( 'NONE', #5326, #5359, #367 ) ;
#1244 = CARTESIAN_POINT ( 'NONE',  ( 31.11269837220808299, -31.11269837220809364, 0.8750000000000000000 ) ) ;
#1245 = ORIENTED_EDGE ( 'NONE', *, *, #470, .T. ) ;
#1246 = ORIENTED_EDGE ( 'NONE', *, *, #512, .T. ) ;
#1247 = CARTESIAN_POINT ( 'NONE',  ( -31.11269837220809364, -31.11269837220808654, 3.499999997268813612 ) ) ;
#1248 = CARTESIAN_POINT ( 'NONE',  ( 26.84465468539448807, -3.287522043468436264E-15, 23.00000000000000000 ) ) ;
#1249 = CARTESIAN_POINT ( 'NONE',  ( -30.72996560157071499, 30.72996560157071855, 1.687499998634406584 ) ) ;
#1250 = FACE_OUTER_BOUND ( 'NONE', #6653, .T. ) ;
#1251 = CYLINDRICAL_SURFACE ( 'NONE', #2946, 1.000000000000001332 ) ;
#1252 = CARTESIAN_POINT ( 'NONE',  ( 11.73791198152725279, -4.157640016594759125, 26.99999999999999289 ) ) ;
#1253 = VERTEX_POINT ( 'NONE', #6785 ) ;
#1254 = FACE_OUTER_BOUND ( 'NONE', #6619, .T. ) ;
#1255 = CARTESIAN_POINT ( 'NONE',  ( 19.63562047876287409, -4.246266432013685588, 27.00000000000000355 ) ) ;
#1256 = CARTESIAN_POINT ( 'NONE',  ( 8.399999999999998579, -14.99999999999999822, 13.00000000000000000 ) ) ;
#1257 = CARTESIAN_POINT ( 'NONE',  ( 21.32252138231779526, -39.62851324528885044, 13.65228479231684666 ) ) ;
#1258 = VERTEX_POINT ( 'NONE', #4034 ) ;
#1259 = CARTESIAN_POINT ( 'NONE',  ( -25.38558949735718073, -37.18147225034084613, 11.04703755080717187 ) ) ;
#1260 = CARTESIAN_POINT ( 'NONE',  ( -18.00119707814146608, -43.45873412499998523, 2.249999998634407028 ) ) ;
#1261 = EDGE_CURVE ( 'NONE', #584, #102, #3078, .T. ) ;
#1262 = LINE ( 'NONE', #3007, #4939 ) ;
#1263 = DIRECTION ( 'NONE',  ( -1.000000000000000000, 0.000000000000000000, 0.000000000000000000 ) ) ;
#1264 = CARTESIAN_POINT ( 'NONE',  ( 17.00000000000000000, -3.743426454221659760, 25.00000000000000000 ) ) ;
#1265 = ORIENTED_EDGE ( 'NONE', *, *, #1946, .T. ) ;
#1266 = CARTESIAN_POINT ( 'NONE',  ( 20.04198222750453340, -39.57936608192396477, 11.73191127260321132 ) ) ;
#1267 = FACE_OUTER_BOUND ( 'NONE', #564, .T. ) ;
#1268 = CARTESIAN_POINT ( 'NONE',  ( -12.49999999999999645, -14.71457325320537635, 27.00000000000000355 ) ) ;
#1269 = ADVANCED_FACE ( 'NONE', ( #4141 ), #855, .F. ) ;
#1270 = CARTESIAN_POINT ( 'NONE',  ( -11.62757414892474905, -6.225076317595972242, 27.00000000000000000 ) ) ;
#1271 = DIRECTION ( 'NONE',  ( -0.000000000000000000, -0.000000000000000000, 1.000000000000000000 ) ) ;
#1272 = EDGE_LOOP ( 'NONE', ( #4397, #2, #4457 ) ) ;
#1273 = CARTESIAN_POINT ( 'NONE',  ( -9.356904617670313229, -3.835875507033183585, 27.00000000000000000 ) ) ;
#1274 = CARTESIAN_POINT ( 'NONE',  ( -44.00000000000000000, 5.388445916248353619E-15, 1.500000000000000000 ) ) ;
#1275 = EDGE_CURVE ( 'NONE', #5262, #1523, #5261, .T. ) ;
#1276 = EDGE_CURVE ( 'NONE', #499, #1292, #786, .T. ) ;
#1277 = ORIENTED_EDGE ( 'NONE', *, *, #1235, .F. ) ;
#1278 = DIRECTION ( 'NONE',  ( 0.5049055868418398374, 0.8631745758396137669, 0.000000000000000000 ) ) ;
#1279 = CARTESIAN_POINT ( 'NONE',  ( 1.000000000000000444, -3.743426454221663757, 25.99999999999999645 ) ) ;
#1280 = CARTESIAN_POINT ( 'NONE',  ( 43.45873412499998523, -18.00119707814146963, 3.249999998634406584 ) ) ;
#1281 = CARTESIAN_POINT ( 'NONE',  ( 19.67845172473091608, -39.81076506769561973, 8.960148956007552457 ) ) ;
#1282 = CARTESIAN_POINT ( 'NONE',  ( -8.416103919699839508, -12.01308810670142435, 27.00000000000000000 ) ) ;
#1283 = CARTESIAN_POINT ( 'NONE',  ( -1.499999999999997558, -27.50000000000000000, 23.00000000000000000 ) ) ;
#1284 = ORIENTED_EDGE ( 'NONE', *, *, #5279, .F. ) ;
#1285 = LINE ( 'NONE', #224, #1918 ) ;
#1286 = DIRECTION ( 'NONE',  ( -0.5038710255240854696, -0.8637789008984337880, 0.000000000000000000 ) ) ;
#1287 = CARTESIAN_POINT ( 'NONE',  ( 0.000000000000000000, 0.000000000000000000, 18.00000000000000000 ) ) ;
#1288 = DIRECTION ( 'NONE',  ( 1.000000000000000000, 0.000000000000000000, -0.000000000000000000 ) ) ;
#1289 = ORIENTED_EDGE ( 'NONE', *, *, #1145, .F. ) ;
#1290 = CARTESIAN_POINT ( 'NONE',  ( -25.49324762919444609, -37.12692545313153403, 10.44978658674602379 ) ) ;
#1291 = CARTESIAN_POINT ( 'NONE',  ( -7.983239946176564682E-15, -43.45873412499999233, 1.062499998634406584 ) ) ;
#1292 = VERTEX_POINT ( 'NONE', #162 ) ;
#1293 = CARTESIAN_POINT ( 'NONE',  ( 0.000000000000000000, 0.000000000000000000, 25.00000000000000000 ) ) ;
#1294 = CARTESIAN_POINT ( 'NONE',  ( 8.844654685394491622, 24.99999999999999645, 18.00000000000000000 ) ) ;
#1295 = LINE ( 'NONE', #234, #258 ) ;
#1296 = ORIENTED_EDGE ( 'NONE', *, *, #5716, .F. ) ;
#1297 = CARTESIAN_POINT ( 'NONE',  ( 19.50942934519328631, -39.91597080528332242, 10.26032912038014899 ) ) ;
#1298 = CARTESIAN_POINT ( 'NONE',  ( -14.99999999999999822, -21.74342645422166242, 26.58578643762690774 ) ) ;
#1299 = CARTESIAN_POINT ( 'NONE',  ( -6.462356469246899771, -6.938241376720854170, 26.99999999999999645 ) ) ;
#1300 = DIRECTION ( 'NONE',  ( 0.000000000000000000, 0.000000000000000000, 1.000000000000000000 ) ) ;
#1301 = CARTESIAN_POINT ( 'NONE',  ( -11.49999999999999645, -4.743426454221663313, 27.00000000000000355 ) ) ;
#1302 = EDGE_LOOP ( 'NONE', ( #3216, #3417, #3709, #1502 ) ) ;
#1303 = CARTESIAN_POINT ( 'NONE',  ( -7.777720248259287317, -4.124216955833059473, 27.00000000000000000 ) ) ;
#1304 = VECTOR ( 'NONE', #5159, 1000.000000000000000 ) ;
#1305 = CARTESIAN_POINT ( 'NONE',  ( 31.11269837220808299, -31.11269837220809364, 3.875000000000000000 ) ) ;
#1306 = ADVANCED_FACE ( 'NONE', ( #4717 ), #5299, .F. ) ;
#1307 = VECTOR ( 'NONE', #5324, 1000.000000000000114 ) ;
#1308 = ORIENTED_EDGE ( 'NONE', *, *, #3615, .T. ) ;
#1309 = LINE ( 'NONE', #252, #3526 ) ;
#1310 = CARTESIAN_POINT ( 'NONE',  ( 10.59999999999999787, -14.99999999999999822, 9.888730162779189925 ) ) ;
#1311 = CARTESIAN_POINT ( 'NONE',  ( -7.983239946176564682E-15, -43.45873412499999233, 3.062499998634406140 ) ) ;
#1312 = EDGE_CURVE ( 'NONE', #1049, #5689, #4176, .T. ) ;
#1313 = CYLINDRICAL_SURFACE ( 'NONE', #5888, 1.000000000000000888 ) ;
#1314 = CARTESIAN_POINT ( 'NONE',  ( -4.229033814532269453, -11.32923758946459536, 27.00000000000000355 ) ) ;
#1315 = EDGE_CURVE ( 'NONE', #2132, #1634, #5502, .T. ) ;
#1316 = DIRECTION ( 'NONE',  ( -1.000000000000000000, 0.000000000000000000, 0.000000000000000000 ) ) ;
#1317 = AXIS2_PLACEMENT_3D ( 'NONE', #3100, #5315, #326 ) ;
#1318 = ORIENTED_EDGE ( 'NONE', *, *, #4125, .T. ) ;
#1319 = CARTESIAN_POINT ( 'NONE',  ( -20.02199761932927302, -39.59208728944288680, 8.298978199633406660 ) ) ;
#1320 = LINE ( 'NONE', #3539, #2363 ) ;
#1321 = AXIS2_PLACEMENT_3D ( 'NONE', #185, #1830, #5133 ) ;
#1322 = CARTESIAN_POINT ( 'NONE',  ( -12.05167480338043795, -6.699028496253391474, 26.90151709724775486 ) ) ;
#1323 = CARTESIAN_POINT ( 'NONE',  ( 31.11269837220809364, 31.11269837220809364, 0.9999999972688131678 ) ) ;
#1324 = ORIENTED_EDGE ( 'NONE', *, *, #4729, .T. ) ;
#1325 = VECTOR ( 'NONE', #4263, 1000.000000000000000 ) ;
#1326 = CARTESIAN_POINT ( 'NONE',  ( -24.21289198640671003, -37.93272339978151564, 12.54360199964326306 ) ) ;
#1327 = CARTESIAN_POINT ( 'NONE',  ( -43.45873412499999233, 5.322159964117709262E-15, 0.8124999986344066949 ) ) ;
#1328 = VECTOR ( 'NONE', #7164, 1000.000000000000000 ) ;
#1329 = FACE_OUTER_BOUND ( 'NONE', #7067, .T. ) ;
#1330 = CARTESIAN_POINT ( 'NONE',  ( 30.99999999999998934, -3.743426454221657540, 25.00000000000000000 ) ) ;
#1331 = LINE ( 'NONE', #3552, #3632 ) ;
#1332 = EDGE_LOOP ( 'NONE', ( #6327, #1065, #6263, #281 ) ) ;
#1333 = CARTESIAN_POINT ( 'NONE',  ( 22.15977871545364764, -38.07830745143734674, 12.98064581551408914 ) ) ;
#1334 = VECTOR ( 'NONE', #6111, 1000.000000000000000 ) ;
#1335 = CARTESIAN_POINT ( 'NONE',  ( 27.49999999999998224, -9.759909745017587568, 26.00000000000000355 ) ) ;
#1336 = CARTESIAN_POINT ( 'NONE',  ( 43.45873412499999233, 0.000000000000000000, 2.562499998634406584 ) ) ;
#1337 = CARTESIAN_POINT ( 'NONE',  ( -11.49999999999999822, -21.74342645422166242, 27.00000000000000355 ) ) ;
#1338 = VECTOR ( 'NONE', #2907, 1000.000000000000000 ) ;
#1339 = CARTESIAN_POINT ( 'NONE',  ( -6.493334723297234490, -12.55862472812252051, 26.99999999999999645 ) ) ;
#1340 = CARTESIAN_POINT ( 'NONE',  ( 22.54742552107315845, -38.94372352987910091, 13.97419442068544981 ) ) ;
#1341 = DIRECTION ( 'NONE',  ( 0.000000000000000000, 1.000000000000000000, 0.000000000000000000 ) ) ;
#1342 = ORIENTED_EDGE ( 'NONE', *, *, #5940, .F. ) ;
#1343 = CARTESIAN_POINT ( 'NONE',  ( -1.893142118774015392, -7.305176569553372801, 27.00000000000000000 ) ) ;
#1344 = ORIENTED_EDGE ( 'NONE', *, *, #6916, .F. ) ;
#1345 = VECTOR ( 'NONE', #4073, 1000.000000000000000 ) ;
#1346 = CARTESIAN_POINT ( 'NONE',  ( 44.00000000000000000, 18.22539674441618374, 3.062500000000000000 ) ) ;
#1347 = CIRCLE ( 'NONE', #6345, 2.500000000000000444 ) ;
#1348 = EDGE_CURVE ( 'NONE', #2121, #2629, #2933, .T. ) ;
#1349 = ORIENTED_EDGE ( 'NONE', *, *, #6692, .T. ) ;
#1350 = CARTESIAN_POINT ( 'NONE',  ( -17.00000000000001421, -3.743426454221665534, 27.00000000000000355 ) ) ;
#1351 = LINE ( 'NONE', #3461, #1114 ) ;
#1352 = CARTESIAN_POINT ( 'NONE',  ( -30.72996560157072565, -30.72996560157071499, 0.9374999986344065839 ) ) ;
#1353 = DIRECTION ( 'NONE',  ( 0.5038710255240859137, 0.8637789008984335659, 0.000000000000000000 ) ) ;
#1354 = CARTESIAN_POINT ( 'NONE',  ( -27.50000000000001421, -3.743426454221668642, 25.00000000000000000 ) ) ;
#1355 = CARTESIAN_POINT ( 'NONE',  ( -1.499999999999996669, 27.50000000000000000, 18.00000000000000000 ) ) ;
#1356 = PRODUCT_DEFINITION ( 'UNKNOWN', '', #5084, #6492 ) ;
#1357 = EDGE_CURVE ( 'NONE', #3635, #713, #1295, .T. ) ;
#1358 = ADVANCED_FACE ( 'NONE', ( #1989 ), #749, .F. ) ;
#1359 = ORIENTED_EDGE ( 'NONE', *, *, #2372, .F. ) ;
#1360 = CARTESIAN_POINT ( 'NONE',  ( -19.49587969770382756, -39.92434466547440763, 9.888704027185481138 ) ) ;
#1361 = FACE_BOUND ( 'NONE', #5548, .T. ) ;
#1362 = CARTESIAN_POINT ( 'NONE',  ( 15.00000000000000178, -3.743426454221663313, 25.99999999999999645 ) ) ;
#1363 = CARTESIAN_POINT ( 'NONE',  ( 9.499999999999998224, -14.99999999999999822, 13.00000000000000000 ) ) ;
#1364 = ORIENTED_EDGE ( 'NONE', *, *, #6723, .F. ) ;
#1365 = CARTESIAN_POINT ( 'NONE',  ( 0.000000000000000000, 0.000000000000000000, 15.00000000000000000 ) ) ;
#1366 = CARTESIAN_POINT ( 'NONE',  ( -18.00119707814144121, 43.45873412499999233, 1.624999998634407028 ) ) ;
#1367 = EDGE_CURVE ( 'NONE', #4310, #216, #722, .T. ) ;
#1368 = ADVANCED_FACE ( 'NONE', ( #817 ), #2973, .F. ) ;
#1369 = CARTESIAN_POINT ( 'NONE',  ( -29.50000000000000000, -14.99999999999999112, 18.00000000000000000 ) ) ;
#1370 = DIRECTION ( 'NONE',  ( 0.000000000000000000, 0.000000000000000000, 1.000000000000000000 ) ) ;
#1371 = LINE ( 'NONE', #5809, #494 ) ;
#1372 = EDGE_LOOP ( 'NONE', ( #2677, #7185, #876, #5617 ) ) ;
#1373 = CARTESIAN_POINT ( 'NONE',  ( 19.49865893854865462, -39.92262805418882010, 9.941704723718050474 ) ) ;
#1374 = CARTESIAN_POINT ( 'NONE',  ( 4.000000000000000000, 15.00000000000000000, 23.00000000000000000 ) ) ;
#1375 = CARTESIAN_POINT ( 'NONE',  ( 43.99999999999999289, -18.22539674441620861, 4.812499997268813168 ) ) ;
#1376 = CARTESIAN_POINT ( 'NONE',  ( 31.11269837220809364, 31.11269837220809364, 3.125000000000000000 ) ) ;
#1377 = CARTESIAN_POINT ( 'NONE',  ( -3.535481189929587487, -9.320217346116326240, 27.00000000000000711 ) ) ;
#1378 = DIRECTION ( 'NONE',  ( -1.000000000000000000, -2.478176394252583113E-16, -0.000000000000000000 ) ) ;
#1379 = FACE_OUTER_BOUND ( 'NONE', #6795, .T. ) ;
#1380 = ORIENTED_EDGE ( 'NONE', *, *, #3845, .F. ) ;
#1381 = CARTESIAN_POINT ( 'NONE',  ( -2.095804607349918136, -7.062989014490900885, 26.00000000000000355 ) ) ;
#1382 = ORIENTED_EDGE ( 'NONE', *, *, #3808, .F. ) ;
#1383 = CARTESIAN_POINT ( 'NONE',  ( -18.22539674441620505, -43.99999999999999289, 1.687500000000000000 ) ) ;
#1384 = ORIENTED_EDGE ( 'NONE', *, *, #2298, .F. ) ;
#1385 = DIRECTION ( 'NONE',  ( 0.000000000000000000, -0.000000000000000000, 1.000000000000000000 ) ) ;
#1386 = CARTESIAN_POINT ( 'NONE',  ( -18.22539674441618374, 44.00000000000000000, 3.187499997268814056 ) ) ;
#1387 = CARTESIAN_POINT ( 'NONE',  ( -43.45873412499999233, 5.322159964117709262E-15, 4.812499998634407028 ) ) ;
#1388 = DIRECTION ( 'NONE',  ( -0.000000000000000000, -0.000000000000000000, -1.000000000000000000 ) ) ;
#1389 = CARTESIAN_POINT ( 'NONE',  ( -5.715380666360254658, -12.26983884345011155, 27.00000000000000355 ) ) ;
#1390 = CARTESIAN_POINT ( 'NONE',  ( -25.50000000000000355, -27.50000000000000000, 18.00000000000000000 ) ) ;
#1391 = EDGE_CURVE ( 'NONE', #1982, #6344, #1331, .T. ) ;
#1392 = ORIENTED_EDGE ( 'NONE', *, *, #1276, .T. ) ;
#1393 = CARTESIAN_POINT ( 'NONE',  ( -8.228533226707770096E-15, -4.743426454221695288, 26.00000000000000355 ) ) ;
#1394 = B_SPLINE_CURVE_WITH_KNOTS ( 'NONE', 3,
 ( #3727, #1270, #5268, #5817, #6318, #6357, #4106, #1960, #1299, #792, #3483, #1818, #717, #6280, #3017, #2939, #2393, #1377, #4613, #3517, #1850, #5740, #4645, #962, #5947, #5234, #241, #2462, #4072, #1339, #4682, #278, #4182, #6901, #756, #6938 ),
 .UNSPECIFIED., .F., .F.,
 ( 4, 2, 2, 2, 2, 2, 2, 2, 2, 2, 2, 2, 2, 2, 2, 2, 2, 4 ),
 ( 0.000000000000000000, 0.002614759015496467311, 0.003922138523244703134, 0.005229518030992938958, 0.006536897538741172180, 0.007190587292615292260, 0.007844277046489411473, 0.009151656554237646429, 0.009805346308111764775, 0.01045903606198588312, 0.01111272581586000147, 0.01176641556973411634, 0.01242010532360823469, 0.01307379507748234956, 0.01438117458523058625, 0.01568855409297882295, 0.01830331310847529286, 0.02091807212397176624 ),
 .UNSPECIFIED. ) ;
#1395 = CARTESIAN_POINT ( 'NONE',  ( -1.499999999999997335, -25.99999999999999645, 18.00000000000000000 ) ) ;
#1396 = CARTESIAN_POINT ( 'NONE',  ( -44.00000000000000000, 18.22539674441618374, 1.312499997268813168 ) ) ;
#1397 = ORIENTED_EDGE ( 'NONE', *, *, #1130, .F. ) ;
#1398 = CARTESIAN_POINT ( 'NONE',  ( -25.38948745888735914, -35.23553946800423375, 10.83380739361134104 ) ) ;
#1399 = CARTESIAN_POINT ( 'NONE',  ( -18.00119707814146608, -43.45873412499998523, 1.999999998634406806 ) ) ;
#1400 = EDGE_CURVE ( 'NONE', #6185, #2132, #4674, .T. ) ;
#1401 = CYLINDRICAL_SURFACE ( 'NONE', #6437, 45.00000000000000711 ) ;
#1402 = CARTESIAN_POINT ( 'NONE',  ( -6.097923291559583348, -14.89967684900335243, 26.00000000000000000 ) ) ;
#1403 = LINE ( 'NONE', #6968, #5493 ) ;
#1404 = ORIENTED_EDGE ( 'NONE', *, *, #3095, .T. ) ;
#1405 = CARTESIAN_POINT ( 'NONE',  ( 18.99413103935477309, -40.79489700244071315, 10.76899555219548787 ) ) ;
#1406 = DIRECTION ( 'NONE',  ( 1.000000000000000000, -1.734723475976807587E-16, 0.000000000000000000 ) ) ;
#1407 = CARTESIAN_POINT ( 'NONE',  ( -43.45873412499999233, 5.322159964117709262E-15, 1.062499998634406584 ) ) ;
#1408 = EDGE_CURVE ( 'NONE', #5470, #3805, #1371, .T. ) ;
#1409 = CARTESIAN_POINT ( 'NONE',  ( -3.167514767815465149, -6.070586819415607849, 26.00000000000000000 ) ) ;
#1410 = EDGE_CURVE ( 'NONE', #4727, #4843, #2493, .T. ) ;
#1411 = CARTESIAN_POINT ( 'NONE',  ( 24.49361515469475847, -37.75425497793398932, 13.75938732952461585 ) ) ;
#1412 = CARTESIAN_POINT ( 'NONE',  ( -31.00000000000001421, -3.743426454221668198, 27.00000000000000355 ) ) ;
#1413 = ORIENTED_EDGE ( 'NONE', *, *, #2607, .F. ) ;
#1414 = CARTESIAN_POINT ( 'NONE',  ( -7.254051887141789834, -4.245685136622977751, 26.00000000000000355 ) ) ;
#1415 = EDGE_LOOP ( 'NONE', ( #5712, #5587, #5846, #4201 ) ) ;
#1416 = CARTESIAN_POINT ( 'NONE',  ( 44.00000000000000000, 18.22539674441618374, 4.062500000000000000 ) ) ;
#1417 = ORIENTED_EDGE ( 'NONE', *, *, #6469, .T. ) ;
#1418 =( BOUNDED_CURVE ( )  B_SPLINE_CURVE ( 3, ( #6983, #2004, #1458, #2079 ),
 .UNSPECIFIED., .F., .F. ) 
 B_SPLINE_CURVE_WITH_KNOTS ( ( 4, 4 ),
 ( 3.141592653589793116, 4.712388980384689674 ),
 .UNSPECIFIED. ) 
 CURVE ( )  GEOMETRIC_REPRESENTATION_ITEM ( )  RATIONAL_B_SPLINE_CURVE ( ( 1.000000000000000000, 0.8047378541243649375, 0.8047378541243649375, 1.000000000000000000 ) ) 
 REPRESENTATION_ITEM ( '' )  );
#1419 = FACE_OUTER_BOUND ( 'NONE', #1332, .T. ) ;
#1420 = FACE_OUTER_BOUND ( 'NONE', #6734, .T. ) ;
#1421 = CARTESIAN_POINT ( 'NONE',  ( -5.196050900313715637, -10.83519078433972105, 26.00000000000000355 ) ) ;
#1422 = CARTESIAN_POINT ( 'NONE',  ( 26.84465468539448807, -3.287522043468436264E-15, 18.00000000000000000 ) ) ;
#1423 = CARTESIAN_POINT ( 'NONE',  ( -22.16043564077236994, -38.07871293829740722, 7.014190230423986705 ) ) ;
#1424 = VECTOR ( 'NONE', #6382, 1000.000000000000000 ) ;
#1425 = ORIENTED_EDGE ( 'NONE', *, *, #4204, .T. ) ;
#1426 = FACE_BOUND ( 'NONE', #1811, .T. ) ;
#1427 = CARTESIAN_POINT ( 'NONE',  ( 22.54742552107315845, -38.94372352987910801, 13.97419442068544981 ) ) ;
#1428 = CARTESIAN_POINT ( 'NONE',  ( -22.10389129956407572, -39.19820253844691393, 6.091975926200703384 ) ) ;
#1429 = VERTEX_POINT ( 'NONE', #1954 ) ;
#1430 = CIRCLE ( 'NONE', #4680, 1.121320343559649713 ) ;
#1431 = FACE_OUTER_BOUND ( 'NONE', #3987, .T. ) ;
#1432 = CARTESIAN_POINT ( 'NONE',  ( 43.45873412499999233, 0.000000000000000000, 2.312499998634406584 ) ) ;
#1433 = AXIS2_PLACEMENT_3D ( 'NONE', #6719, #576, #3851 ) ;
#1434 = DIRECTION ( 'NONE',  ( -0.000000000000000000, -0.000000000000000000, -1.000000000000000000 ) ) ;
#1435 = AXIS2_PLACEMENT_3D ( 'NONE', #6187, #6728, #139 ) ;
#1436 = EDGE_CURVE ( 'NONE', #3838, #2643, #1403, .T. ) ;
#1437 = DIRECTION ( 'NONE',  ( 9.912705577010314703E-16, 1.000000000000000000, 0.000000000000000000 ) ) ;
#1438 = DIRECTION ( 'NONE',  ( -0.000000000000000000, -0.000000000000000000, 1.000000000000000000 ) ) ;
#1439 = VERTEX_POINT ( 'NONE', #1264 ) ;
#1440 = CARTESIAN_POINT ( 'NONE',  ( -24.00000000000001421, -15.74342645422166775, 25.00000000000000000 ) ) ;
#1441 = DIRECTION ( 'NONE',  ( 0.000000000000000000, 0.000000000000000000, -1.000000000000000000 ) ) ;
#1442 = CARTESIAN_POINT ( 'NONE',  ( -18.22539674441618374, 44.00000000000000000, 5.187499997268813168 ) ) ;
#1443 = VECTOR ( 'NONE', #6161, 999.9999999999998863 ) ;
#1444 = FACE_OUTER_BOUND ( 'NONE', #2377, .T. ) ;
#1445 = CARTESIAN_POINT ( 'NONE',  ( 38.18459035703557447, -22.05062966264407009, 19.99999999999999645 ) ) ;
#1446 = VECTOR ( 'NONE', #6207, 1000.000000000000114 ) ;
#1447 = EDGE_CURVE ( 'NONE', #924, #6944, #2565, .T. ) ;
#1448 = ADVANCED_FACE ( 'NONE', ( #6024 ), #1549, .F. ) ;
#1449 = CARTESIAN_POINT ( 'NONE',  ( 26.77901234585267076, -36.16502630991506351, 8.418138352896065157 ) ) ;
#1450 = CARTESIAN_POINT ( 'NONE',  ( -1.000000000000000888, -9.743426454191268959, 25.00000000000000000 ) ) ;
#1451 = ORIENTED_EDGE ( 'NONE', *, *, #875, .T. ) ;
#1452 = CARTESIAN_POINT ( 'NONE',  ( -3.116672529824724869, -12.04701303102097754, 27.00000000000000355 ) ) ;
#1453 = ORIENTED_EDGE ( 'NONE', *, *, #5457, .T. ) ;
#1454 = VECTOR ( 'NONE', #2598, 1000.000000000000000 ) ;
#1455 = VECTOR ( 'NONE', #1788, 1000.000000000000114 ) ;
#1456 = VERTEX_POINT ( 'NONE', #4349 ) ;
#1457 = CARTESIAN_POINT ( 'NONE',  ( 17.00000000000000000, -21.74342645422165887, 26.00000000000000355 ) ) ;
#1458 = CARTESIAN_POINT ( 'NONE',  ( 30.58578643762689353, -4.157640016594752019, 27.00000000000000355 ) ) ;
#1459 = CARTESIAN_POINT ( 'NONE',  ( 26.84465468539448807, -1.500000000000003331, 23.00000000000000000 ) ) ;
#1460 = AXIS2_PLACEMENT_3D ( 'NONE', #1166, #4435, #5601 ) ;
#1461 = PLANE ( 'NONE',  #3096 ) ;
#1462 = LINE ( 'NONE', #441, #5506 ) ;
#1463 = DIRECTION ( 'NONE',  ( -0.000000000000000000, -0.000000000000000000, -1.000000000000000000 ) ) ;
#1464 =( BOUNDED_CURVE ( )  B_SPLINE_CURVE ( 2, ( #2140, #6573, #1597, #3813, #6034, #1048, #3267, #5485, #498 ),
 .UNSPECIFIED., .F., .F. ) 
 B_SPLINE_CURVE_WITH_KNOTS ( ( 3, 2, 2, 2, 3 ),
 ( 0.2000000000000000111, 0.2250000000000000333, 0.2500000000000000555, 0.2750000000000000777, 0.3000000000000000444 ),
 .UNSPECIFIED. ) 
 CURVE ( )  GEOMETRIC_REPRESENTATION_ITEM ( )  RATIONAL_B_SPLINE_CURVE ( ( 1.000000000000000000, 0.9238795325112867385, 1.000000000000000000, 0.9238795325112867385, 1.000000000000000000, 0.9238795325112867385, 1.000000000000000000, 0.9238795325112865164, 1.000000000000000222 ) ) 
 REPRESENTATION_ITEM ( '' )  );
#1465 = ORIENTED_EDGE ( 'NONE', *, *, #3240, .F. ) ;
#1466 = CARTESIAN_POINT ( 'NONE',  ( 28.34465468539448807, 15.00000000000000000, 23.00000000000000000 ) ) ;
#1467 = CARTESIAN_POINT ( 'NONE',  ( 24.96034185168987207, -37.44642600055557580, 13.55199275804263515 ) ) ;
#1468 = CARTESIAN_POINT ( 'NONE',  ( -25.60399636278906144, -37.00659245552793664, 6.895754863223862330 ) ) ;
#1469 = ORIENTED_EDGE ( 'NONE', *, *, #3405, .T. ) ;
#1470 = VECTOR ( 'NONE', #3297, 1000.000000000000000 ) ;
#1471 = CARTESIAN_POINT ( 'NONE',  ( -31.00000000000000355, -9.999999999999991118, 18.00000000000000000 ) ) ;
#1472 = CARTESIAN_POINT ( 'NONE',  ( -30.72996560157072565, -30.72996560157071499, 2.937499998634406584 ) ) ;
#1473 = SHAPE_DEFINITION_REPRESENTATION ( #3831, #2106 ) ;
#1474 = DIRECTION ( 'NONE',  ( -0.000000000000000000, -0.000000000000000000, 1.000000000000000000 ) ) ;
#1475 = CARTESIAN_POINT ( 'NONE',  ( 44.00000000000000000, 0.000000000000000000, 1.000000000000000000 ) ) ;
#1476 = CARTESIAN_POINT ( 'NONE',  ( -25.50000000000000355, -26.00000000000000000, 18.00000000000000000 ) ) ;
#1477 = ORIENTED_EDGE ( 'NONE', *, *, #6470, .T. ) ;
#1478 = CARTESIAN_POINT ( 'NONE',  ( -19.52394111887994299, -39.43118360842176173, 9.566912923284309755 ) ) ;
#1479 = CARTESIAN_POINT ( 'NONE',  ( -23.11377890089844911, -13.24729747974575211, 26.00000000000000355 ) ) ;
#1480 = CARTESIAN_POINT ( 'NONE',  ( -18.00119707814144121, 43.45873412499999233, 2.874999998634406584 ) ) ;
#1481 = CARTESIAN_POINT ( 'NONE',  ( -8.929238224710607241, 6.949538567781226917, 26.00000000000000355 ) ) ;
#1482 = ADVANCED_FACE ( 'NONE', ( #2679 ), #2020, .F. ) ;
#1483 = CARTESIAN_POINT ( 'NONE',  ( 2.879793265790650647, -44.00000000000000000, 20.00000000000000000 ) ) ;
#1484 = CARTESIAN_POINT ( 'NONE',  ( -19.92513478666583993, -40.35262684123492960, 11.56402060734184012 ) ) ;
#1485 = DIRECTION ( 'NONE',  ( -0.000000000000000000, -0.000000000000000000, 1.000000000000000000 ) ) ;
#1486 = ORIENTED_EDGE ( 'NONE', *, *, #3006, .F. ) ;
#1487 = CARTESIAN_POINT ( 'NONE',  ( -10.10839181530131370, -14.69499726976965981, 27.00000000000000355 ) ) ;
#1488 = B_SPLINE_CURVE_WITH_KNOTS ( 'NONE', 3,
 ( #458, #342, #967, #4315, #7117, #3260, #7043, #6566, #1551, #2567, #6456, #4245, #6491, #3769, #1589, #1478, #931, #5990, #1038, #3153, #2533, #5368, #1991, #6416, #1004, #375, #4753, #3229, #2681, #4824 ),
 .UNSPECIFIED., .F., .F.,
 ( 4, 2, 2, 2, 2, 2, 2, 2, 2, 2, 2, 2, 2, 2, 4 ),
 ( 0.01022651771742766336, 0.01084980373759615764, 0.01147308975776465192, 0.01209637577793314447, 0.01271966179810164049, 0.01334294781827013304, 0.01396623383843862733, 0.01458951985860712161, 0.01521280587877561589, 0.01583609189894411018, 0.01645937791911260273, 0.01708266393928109875, 0.01770594995944959130, 0.01895252199978657640, 0.02019909404012356149 ),
 .UNSPECIFIED. ) ;
#1489 = LINE ( 'NONE', #4188, #5620 ) ;
#1490 = EDGE_CURVE ( 'NONE', #5227, #187, #3187, .T. ) ;
#1491 = DIRECTION ( 'NONE',  ( -0.000000000000000000, -0.000000000000000000, -1.000000000000000000 ) ) ;
#1492 = ORIENTED_EDGE ( 'NONE', *, *, #3452, .T. ) ;
#1493 = LINE ( 'NONE', #4327, #2599 ) ;
#1494 = DIRECTION ( 'NONE',  ( 0.000000000000000000, -0.000000000000000000, 1.000000000000000000 ) ) ;
#1495 = DIRECTION ( 'NONE',  ( -0.000000000000000000, -0.000000000000000000, -1.000000000000000000 ) ) ;
#1496 = CARTESIAN_POINT ( 'NONE',  ( -4.826094422818662188, -10.50725045039453676, 26.00000000000001421 ) ) ;
#1497 = EDGE_CURVE ( 'NONE', #6007, #102, #5403, .T. ) ;
#1498 = CARTESIAN_POINT ( 'NONE',  ( -43.45873412499999944, -18.00119707814143410, 0.8749999986344069169 ) ) ;
#1499 = CARTESIAN_POINT ( 'NONE',  ( 23.99999999999999289, -15.74342645422166598, 26.00000000000000355 ) ) ;
#1500 = EDGE_CURVE ( 'NONE', #5862, #3768, #2170, .T. ) ;
#1501 = ADVANCED_FACE ( 'NONE', ( #2060 ), #1657, .F. ) ;
#1502 = ORIENTED_EDGE ( 'NONE', *, *, #433, .T. ) ;
#1503 = CARTESIAN_POINT ( 'NONE',  ( -30.72996560157071499, 30.72996560157071855, 3.937499998634406584 ) ) ;
#1504 = LINE ( 'NONE', #4271, #6797 ) ;
#1505 = CARTESIAN_POINT ( 'NONE',  ( 17.00000000000000355, -21.74342645422165887, 26.58578643762690064 ) ) ;
#1506 = EDGE_LOOP ( 'NONE', ( #2216, #1734, #4089, #1775 ) ) ;
#1507 = DIRECTION ( 'NONE',  ( 0.000000000000000000, 1.000000000000000000, 0.000000000000000000 ) ) ;
#1508 = DIRECTION ( 'NONE',  ( -0.000000000000000000, -0.000000000000000000, -1.000000000000000000 ) ) ;
#1509 = ORIENTED_EDGE ( 'NONE', *, *, #2640, .T. ) ;
#1510 = CARTESIAN_POINT ( 'NONE',  ( -31.11269837220809364, -31.11269837220808654, 1.625000000000000222 ) ) ;
#1511 = CYLINDRICAL_SURFACE ( 'NONE', #6077, 1.000000000000000000 ) ;
#1512 = DIRECTION ( 'NONE',  ( -0.000000000000000000, -0.000000000000000000, 1.000000000000000000 ) ) ;
#1513 = FACE_OUTER_BOUND ( 'NONE', #6392, .T. ) ;
#1514 = ORIENTED_EDGE ( 'NONE', *, *, #512, .F. ) ;
#1515 = CARTESIAN_POINT ( 'NONE',  ( 30.99999999999998934, -20.74342645422165532, 27.00000000000000355 ) ) ;
#1516 = EDGE_LOOP ( 'NONE', ( #5332, #4814, #4476, #1187 ) ) ;
#1517 = CARTESIAN_POINT ( 'NONE',  ( 27.91421356237307805, -8.231401844741062845, 27.00000000000000000 ) ) ;
#1518 = CARTESIAN_POINT ( 'NONE',  ( -18.00119707814146608, -43.45873412499998523, 4.249999998634406140 ) ) ;
#1519 = DIRECTION ( 'NONE',  ( 1.000000000000000000, 0.000000000000000000, 0.000000000000000000 ) ) ;
#1520 = CARTESIAN_POINT ( 'NONE',  ( 22.05062966264405944, -38.18459035703557447, 19.99999999999999289 ) ) ;
#1521 = CARTESIAN_POINT ( 'NONE',  ( -22.09773975226747922, -39.20455253833261366, 13.93163568825161924 ) ) ;
#1522 = CARTESIAN_POINT ( 'NONE',  ( 19.52062389906627615, -39.43282384669107898, 9.590119491414540676 ) ) ;
#1523 = VERTEX_POINT ( 'NONE', #7115 ) ;
#1524 = CARTESIAN_POINT ( 'NONE',  ( -2.938673194360096108, -11.86510978703573826, 27.00000000000000355 ) ) ;
#1525 = PLANE ( 'NONE',  #6773 ) ;
#1526 = CYLINDRICAL_SURFACE ( 'NONE', #2380, 0.9999999999999994449 ) ;
#1527 = ORIENTED_EDGE ( 'NONE', *, *, #3940, .F. ) ;
#1528 = CARTESIAN_POINT ( 'NONE',  ( -22.83285828911768789, -37.61396824951220452, 7.000000000001484146 ) ) ;
#1529 = EDGE_CURVE ( 'NONE', #445, #4044, #5269, .T. ) ;
#1530 = DIRECTION ( 'NONE',  ( -1.000000000000000000, 0.000000000000000000, 0.000000000000000000 ) ) ;
#1531 = DIRECTION ( 'NONE',  ( -0.000000000000000000, -0.000000000000000000, -1.000000000000000000 ) ) ;
#1532 = CARTESIAN_POINT ( 'NONE',  ( -4.717061330297058319, -10.37846288176652898, 26.00000000000001066 ) ) ;
#1533 = CARTESIAN_POINT ( 'NONE',  ( -18.00119707814144121, 43.45873412499999233, 0.6249999986344065839 ) ) ;
#1534 = CARTESIAN_POINT ( 'NONE',  ( -24.59229633421253780, -12.74342645422165532, 27.00000000000000355 ) ) ;
#1535 = ORIENTED_EDGE ( 'NONE', *, *, #7199, .T. ) ;
#1536 = ORIENTED_EDGE ( 'NONE', *, *, #2332, .F. ) ;
#1537 = CARTESIAN_POINT ( 'NONE',  ( -43.45873412499999233, 18.00119707814144832, 2.999999998634406584 ) ) ;
#1538 = EDGE_CURVE ( 'NONE', #4020, #3904, #5331, .T. ) ;
#1539 = EDGE_CURVE ( 'NONE', #3904, #3059, #733, .T. ) ;
#1540 = CARTESIAN_POINT ( 'NONE',  ( 4.000000000000000000, -14.99999999999999822, 18.00000000000000000 ) ) ;
#1541 = CARTESIAN_POINT ( 'NONE',  ( -26.63178945980937584, -36.27351764352995644, 11.88254685059465743 ) ) ;
#1542 = ORIENTED_EDGE ( 'NONE', *, *, #3240, .T. ) ;
#1543 = PLANE ( 'NONE',  #6336 ) ;
#1544 = CARTESIAN_POINT ( 'NONE',  ( 43.45873412499999233, 18.00119707814144476, 3.374999998634406140 ) ) ;
#1545 = VECTOR ( 'NONE', #3477, 1000.000000000000114 ) ;
#1546 = ORIENTED_EDGE ( 'NONE', *, *, #721, .F. ) ;
#1547 = AXIS2_PLACEMENT_3D ( 'NONE', #7032, #3220, #2524 ) ;
#1548 = CARTESIAN_POINT ( 'NONE',  ( 9.994693298868396525, 7.299059379510841161, 27.00000000000000355 ) ) ;
#1549 = PLANE ( 'NONE',  #6412 ) ;
#1550 = ORIENTED_EDGE ( 'NONE', *, *, #5353, .F. ) ;
#1551 = CARTESIAN_POINT ( 'NONE',  ( -20.60498219123903141, -38.87751171454176813, 7.666105902737887057 ) ) ;
#1552 = DIRECTION ( 'NONE',  ( 1.000000000000000000, -0.000000000000000000, 0.000000000000000000 ) ) ;
#1553 = CARTESIAN_POINT ( 'NONE',  ( -30.72996560157072565, -30.72996560157071499, 4.187499998634407028 ) ) ;
#1554 = VECTOR ( 'NONE', #1571, 1000.000000000000000 ) ;
#1555 = CARTESIAN_POINT ( 'NONE',  ( -11.49999999999999822, -21.74342645422166242, 25.00000000000000000 ) ) ;
#1556 = CARTESIAN_POINT ( 'NONE',  ( 3.924040592136514682, -4.743426454221664201, 26.99999999999999645 ) ) ;
#1557 = CARTESIAN_POINT ( 'NONE',  ( -21.13008689671324092, -39.73139883782317128, 13.56121875843521885 ) ) ;
#1558 = CARTESIAN_POINT ( 'NONE',  ( 0.000000000000000000, 0.000000000000000000, 15.00000000000000000 ) ) ;
#1559 = ORIENTED_EDGE ( 'NONE', *, *, #1899, .T. ) ;
#1560 = FACE_OUTER_BOUND ( 'NONE', #5474, .T. ) ;
#1561 = VECTOR ( 'NONE', #1863, 1000.000000000000000 ) ;
#1562 = CARTESIAN_POINT ( 'NONE',  ( -18.22539674441620861, -43.99999999999999289, 4.562499997268814056 ) ) ;
#1563 = VECTOR ( 'NONE', #3561, 1000.000000000000114 ) ;
#1564 = LINE ( 'NONE', #4401, #1569 ) ;
#1565 = EDGE_LOOP ( 'NONE', ( #3128, #2941, #2061, #6186 ) ) ;
#1566 = CARTESIAN_POINT ( 'NONE',  ( -19.92562966754587706, -4.743426454221660649, 27.00000000000000355 ) ) ;
#1567 = DIRECTION ( 'NONE',  ( -1.297760229076901807E-16, -1.000000000000000000, 0.000000000000000000 ) ) ;
#1568 = DIRECTION ( 'NONE',  ( -1.000000000000000000, 9.912705577010330480E-16, -0.000000000000000000 ) ) ;
#1569 = VECTOR ( 'NONE', #5490, 1000.000000000000000 ) ;
#1570 = DIRECTION ( 'NONE',  ( 0.5038710255240854696, 0.8637789008984337880, 0.000000000000000000 ) ) ;
#1571 = DIRECTION ( 'NONE',  ( 1.000000000000000000, 7.434529182757739478E-16, -0.000000000000000000 ) ) ;
#1572 = CARTESIAN_POINT ( 'NONE',  ( -25.75000000000002132, -12.74342645422166420, 26.00000000000000355 ) ) ;
#1573 = ADVANCED_FACE ( 'NONE', ( #3656 ), #6454, .T. ) ;
#1574 = VECTOR ( 'NONE', #4587, 1000.000000000000000 ) ;
#1575 = ORIENTED_EDGE ( 'NONE', *, *, #5319, .F. ) ;
#1576 = CARTESIAN_POINT ( 'NONE',  ( 18.00119707814144832, 43.45873412499999233, 2.749999998634407028 ) ) ;
#1577 = CARTESIAN_POINT ( 'NONE',  ( -7.017212380206030886, -14.14085869798276107, 27.00000000000000711 ) ) ;
#1578 = LINE ( 'NONE', #5876, #1307 ) ;
#1579 = ORIENTED_EDGE ( 'NONE', *, *, #6379, .T. ) ;
#1580 = FACE_BOUND ( 'NONE', #832, .T. ) ;
#1581 = CARTESIAN_POINT ( 'NONE',  ( -18.00119707814146608, -43.45873412499998523, 2.999999998634406584 ) ) ;
#1582 = AXIS2_PLACEMENT_3D ( 'NONE', #6385, #1406, #5302 ) ;
#1583 = ADVANCED_FACE ( 'NONE', ( #5883 ), #2131, .F. ) ;
#1584 = DIRECTION ( 'NONE',  ( 0.000000000000000000, -1.000000000000000000, 0.000000000000000000 ) ) ;
#1585 = EDGE_LOOP ( 'NONE', ( #5669, #472, #4508, #4447, #6800, #637, #2223, #330, #4443, #5877, #4388, #6801, #2983 ) ) ;
#1586 = AXIS2_PLACEMENT_3D ( 'NONE', #4343, #6993, #3254 ) ;
#1587 = DIRECTION ( 'NONE',  ( -0.000000000000000000, -0.000000000000000000, -1.000000000000000000 ) ) ;
#1588 = ORIENTED_EDGE ( 'NONE', *, *, #6560, .F. ) ;
#1589 = CARTESIAN_POINT ( 'NONE',  ( -19.61382099233761522, -39.38655282777481403, 9.154741687032492692 ) ) ;
#1590 = ORIENTED_EDGE ( 'NONE', *, *, #6428, .T. ) ;
#1591 = CARTESIAN_POINT ( 'NONE',  ( -21.61304353333141037, -39.46994235144411078, 6.240925979401422019 ) ) ;
#1592 = FACE_OUTER_BOUND ( 'NONE', #2077, .T. ) ;
#1593 = ADVANCED_FACE ( 'NONE', ( #5475 ), #2601, .F. ) ;
#1594 = CARTESIAN_POINT ( 'NONE',  ( -29.25896300087919144, -4.743426454221668642, 27.00000000000000355 ) ) ;
#1595 = CARTESIAN_POINT ( 'NONE',  ( -22.05062966264405233, -38.18459035703558868, 20.00000000000000000 ) ) ;
#1596 = CARTESIAN_POINT ( 'NONE',  ( -19.68095559456849841, -39.80930997826963846, 11.04757605879871107 ) ) ;
#1597 = CARTESIAN_POINT ( 'NONE',  ( 31.11269837220809364, 31.11269837220809364, 1.999999997268813168 ) ) ;
#1598 = ORIENTED_EDGE ( 'NONE', *, *, #5590, .T. ) ;
#1599 = CARTESIAN_POINT ( 'NONE',  ( -12.71088950390531025, -15.70339485872172958, 27.00000000000000000 ) ) ;
#1600 = DIRECTION ( 'NONE',  ( 0.000000000000000000, 0.000000000000000000, -1.000000000000000000 ) ) ;
#1601 = CARTESIAN_POINT ( 'NONE',  ( 7.990384747035712110, -9.759909745017587568, 25.00000000000000000 ) ) ;
#1602 = ORIENTED_EDGE ( 'NONE', *, *, #3393, .T. ) ;
#1603 = FACE_OUTER_BOUND ( 'NONE', #1148, .T. ) ;
#1604 = CARTESIAN_POINT ( 'NONE',  ( 18.22539674441619084, -43.99999999999999289, 1.687499997268813612 ) ) ;
#1605 = CARTESIAN_POINT ( 'NONE',  ( -6.026290284605116732, -8.174127049777249354, 26.00000000000001066 ) ) ;
#1606 = CARTESIAN_POINT ( 'NONE',  ( -18.00119707814144121, 43.45873412499999233, 3.624999998634406140 ) ) ;
#1607 = ORIENTED_EDGE ( 'NONE', *, *, #1261, .F. ) ;
#1608 = CARTESIAN_POINT ( 'NONE',  ( 2.661079982058854631E-15, 43.45873412499999233, 2.812499998634407028 ) ) ;
#1609 = CARTESIAN_POINT ( 'NONE',  ( 26.15853479422420946, -36.61780005566859586, 12.61028878550296461 ) ) ;
#1610 = CARTESIAN_POINT ( 'NONE',  ( -31.11269837220809364, -31.11269837220808654, 1.499999997268813168 ) ) ;
#1611 = ORIENTED_EDGE ( 'NONE', *, *, #2362, .T. ) ;
#1612 = FACE_OUTER_BOUND ( 'NONE', #7118, .T. ) ;
#1613 = CARTESIAN_POINT ( 'NONE',  ( -7.207336614662802177, -7.761317931020775163, 27.00000000000000000 ) ) ;
#1614 = ADVANCED_FACE ( 'NONE', ( #1513 ), #3767, .F. ) ;
#1615 =( BOUNDED_CURVE ( )  B_SPLINE_CURVE ( 3, ( #2936, #6043, #1057, #2696 ),
 .UNSPECIFIED., .F., .F. ) 
 B_SPLINE_CURVE_WITH_KNOTS ( ( 4, 4 ),
 ( 0.000000000000000000, 1.570796326794896558 ),
 .UNSPECIFIED. ) 
 CURVE ( )  GEOMETRIC_REPRESENTATION_ITEM ( )  RATIONAL_B_SPLINE_CURVE ( ( 1.000000000000000000, 0.8047378541243649375, 0.8047378541243649375, 1.000000000000000000 ) ) 
 REPRESENTATION_ITEM ( '' )  );
#1616 = FACE_OUTER_BOUND ( 'NONE', #3631, .T. ) ;
#1617 = ORIENTED_EDGE ( 'NONE', *, *, #6249, .F. ) ;
#1618 = ORIENTED_EDGE ( 'NONE', *, *, #4558, .T. ) ;
#1619 = DIRECTION ( 'NONE',  ( -0.000000000000000000, -0.000000000000000000, -1.000000000000000000 ) ) ;
#1620 = EDGE_LOOP ( 'NONE', ( #6383, #4189, #2157, #3394 ) ) ;
#1621 = CARTESIAN_POINT ( 'NONE',  ( -23.33459615025240552, -37.30570549281770809, 12.92011873656103127 ) ) ;
#1622 = LINE ( 'NONE', #3230, #6114 ) ;
#1623 = DIRECTION ( 'NONE',  ( 0.000000000000000000, 0.000000000000000000, -1.000000000000000000 ) ) ;
#1624 = ADVANCED_FACE ( 'NONE', ( #2642 ), #4861, .T. ) ;
#1625 = DIRECTION ( 'NONE',  ( -0.000000000000000000, -0.000000000000000000, 1.000000000000000000 ) ) ;
#1626 = DIRECTION ( 'NONE',  ( 1.000000000000000000, 0.000000000000000000, -3.469446951953610639E-15 ) ) ;
#1627 = CARTESIAN_POINT ( 'NONE',  ( -21.29537893667246351, -38.72364776319832202, 12.75406198365547006 ) ) ;
#1628 = CARTESIAN_POINT ( 'NONE',  ( 19.60753886958358549, -39.38967851367581829, 9.176378368931754181 ) ) ;
#1629 = VERTEX_POINT ( 'NONE', #3918 ) ;
#1630 = ADVANCED_FACE ( 'NONE', ( #6201 ), #1766, .F. ) ;
#1631 = ADVANCED_FACE ( 'NONE', ( #1694 ), #5660, .T. ) ;
#1632 = LINE ( 'NONE', #7170, #2480 ) ;
#1633 = CARTESIAN_POINT ( 'NONE',  ( 31.11269837220809364, 31.11269837220809364, 4.125000000000000000 ) ) ;
#1634 = VERTEX_POINT ( 'NONE', #3875 ) ;
#1635 = CARTESIAN_POINT ( 'NONE',  ( -24.84314680814570764, -36.31580710552875502, 12.02612166522461834 ) ) ;
#1636 = CARTESIAN_POINT ( 'NONE',  ( 17.00000000000000000, -21.74342645422165887, 27.00000000000000355 ) ) ;
#1637 = CARTESIAN_POINT ( 'NONE',  ( -31.11269837220809364, -31.11269837220808654, 3.499999997268813612 ) ) ;
#1638 = CARTESIAN_POINT ( 'NONE',  ( -11.40843301440147428, 42.59273254217915650, 20.00000000000000000 ) ) ;
#1639 = CARTESIAN_POINT ( 'NONE',  ( 43.45873412499999233, 0.000000000000000000, 4.312499998634407028 ) ) ;
#1640 = ORIENTED_EDGE ( 'NONE', *, *, #3133, .T. ) ;
#1641 = CARTESIAN_POINT ( 'NONE',  ( 43.45873412499999233, 0.000000000000000000, 2.562499998634406584 ) ) ;
#1642 = CARTESIAN_POINT ( 'NONE',  ( 25.34140514174696435, -35.28343798583893687, 9.014775321379790540 ) ) ;
#1643 = CARTESIAN_POINT ( 'NONE',  ( 4.000000000000000000, 10.00000000000000178, 18.00000000000000000 ) ) ;
#1644 = VERTEX_POINT ( 'NONE', #1733 ) ;
#1645 = LINE ( 'NONE', #4525, #3442 ) ;
#1646 = CARTESIAN_POINT ( 'NONE',  ( -6.094091463152460975, -8.151990636322167916, 26.00000000000000355 ) ) ;
#1647 = CARTESIAN_POINT ( 'NONE',  ( -25.50000000000000355, -26.00000000000000000, 18.00000000000000000 ) ) ;
#1648 = CYLINDRICAL_SURFACE ( 'NONE', #4128, 44.00000000000000000 ) ;
#1649 = ORIENTED_EDGE ( 'NONE', *, *, #6030, .F. ) ;
#1650 = DIRECTION ( 'NONE',  ( 1.982541115402066096E-15, -1.000000000000000000, 0.000000000000000000 ) ) ;
#1651 = LINE ( 'NONE', #5513, #848 ) ;
#1652 = EDGE_LOOP ( 'NONE', ( #5612, #4694, #719, #3589, #5943, #5476, #3644, #3067, #68, #5058, #1590, #3973 ) ) ;
#1653 = VECTOR ( 'NONE', #3802, 1000.000000000000000 ) ;
#1654 = CARTESIAN_POINT ( 'NONE',  ( -23.87071686393463210, -38.14843301167866230, 7.256583777724328499 ) ) ;
#1655 = CARTESIAN_POINT ( 'NONE',  ( 43.45873412499999233, 18.00119707814144476, 0.6249999986344065839 ) ) ;
#1656 =( BOUNDED_CURVE ( )  B_SPLINE_CURVE ( 3, ( #928, #894, #4348, #2641 ),
 .UNSPECIFIED., .F., .F. ) 
 B_SPLINE_CURVE_WITH_KNOTS ( ( 4, 4 ),
 ( 1.570796326794895892, 3.141592653589793116 ),
 .UNSPECIFIED. ) 
 CURVE ( )  GEOMETRIC_REPRESENTATION_ITEM ( )  RATIONAL_B_SPLINE_CURVE ( ( 1.000000000000000000, 0.8047378541243649375, 0.8047378541243649375, 1.000000000000000000 ) ) 
 REPRESENTATION_ITEM ( '' )  );
#1657 = CONICAL_SURFACE ( 'NONE', #616, 39.00000000000000000, 1.030376826524312506 ) ;
#1658 = CYLINDRICAL_SURFACE ( 'NONE', #4030, 0.9999999999999994449 ) ;
#1659 = EDGE_CURVE ( 'NONE', #5992, #192, #1430, .T. ) ;
#1660 = LINE ( 'NONE', #5593, #1328 ) ;
#1661 = DIRECTION ( 'NONE',  ( -0.000000000000000000, -0.000000000000000000, -1.000000000000000000 ) ) ;
#1662 = DIRECTION ( 'NONE',  ( -0.000000000000000000, -0.000000000000000000, -1.000000000000000000 ) ) ;
#1663 = EDGE_LOOP ( 'NONE', ( #97, #2013, #1364, #1856, #1756 ) ) ;
#1664 = CARTESIAN_POINT ( 'NONE',  ( 20.10572558379799801, -39.53786763364241352, 8.180851225484598643 ) ) ;
#1665 = AXIS2_PLACEMENT_3D ( 'NONE', #1189, #1803, #4537 ) ;
#1666 = LINE ( 'NONE', #3377, #5963 ) ;
#1667 = EDGE_CURVE ( 'NONE', #2213, #2364, #3291, .T. ) ;
#1668 = EDGE_CURVE ( 'NONE', #818, #5689, #5078, .T. ) ;
#1669 = VECTOR ( 'NONE', #5436, 1000.000000000000114 ) ;
#1670 = CARTESIAN_POINT ( 'NONE',  ( -39.00000000000000000, 0.000000000000000000, 23.00000000000000000 ) ) ;
#1671 = ORIENTED_EDGE ( 'NONE', *, *, #5627, .T. ) ;
#1672 = AXIS2_PLACEMENT_3D ( 'NONE', #3308, #7094, #355 ) ;
#1673 = CARTESIAN_POINT ( 'NONE',  ( -19.56082338646728047, -40.52663320336002073, 12.16577893698549140 ) ) ;
#1674 = CARTESIAN_POINT ( 'NONE',  ( -20.50000000000003197, -3.743426454221661537, 26.58578643762690774 ) ) ;
#1675 = CARTESIAN_POINT ( 'NONE',  ( -44.00000000000001421, -18.22539674441618018, 3.437499997268814500 ) ) ;
#1676 = CARTESIAN_POINT ( 'NONE',  ( -7.264577627374021240, -7.748221249981454228, 26.00000000000000355 ) ) ;
#1677 = CARTESIAN_POINT ( 'NONE',  ( -30.72996560157072565, -30.72996560157071499, 4.937499998634407028 ) ) ;
#1678 = VECTOR ( 'NONE', #6420, 1000.000000000000000 ) ;
#1679 = ADVANCED_FACE ( 'NONE', ( #1222 ), #3365, .F. ) ;
#1680 = ORIENTED_EDGE ( 'NONE', *, *, #5232, .T. ) ;
#1681 = EDGE_LOOP ( 'NONE', ( #4629, #3118, #930, #2717 ) ) ;
#1682 = CARTESIAN_POINT ( 'NONE',  ( -22.50000000000000000, -37.81203512110926113, 13.00000000000000355 ) ) ;
#1683 = VECTOR ( 'NONE', #3298, 1000.000000000000000 ) ;
#1684 = CARTESIAN_POINT ( 'NONE',  ( 25.50148609919886056, -35.12328381623900952, 9.949712991803510320 ) ) ;
#1685 = CARTESIAN_POINT ( 'NONE',  ( -44.00000000000001421, -18.22539674441617663, 1.437499997268813834 ) ) ;
#1686 = ORIENTED_EDGE ( 'NONE', *, *, #5539, .F. ) ;
#1687 = CARTESIAN_POINT ( 'NONE',  ( 20.42066529908129624, -39.33015572055686704, 12.17103352555704809 ) ) ;
#1688 = CARTESIAN_POINT ( 'NONE',  ( -3.501896340770445093, -9.982913208074734257, 27.00000000000000355 ) ) ;
#1689 = AXIS2_PLACEMENT_3D ( 'NONE', #6997, #7037, #5296 ) ;
#1690 = VECTOR ( 'NONE', #86, 1000.000000000000000 ) ;
#1691 = FACE_OUTER_BOUND ( 'NONE', #4322, .T. ) ;
#1692 = VERTEX_POINT ( 'NONE', #2788 ) ;
#1693 = CARTESIAN_POINT ( 'NONE',  ( 31.11269837220809364, 31.11269837220809364, 1.125000000000000222 ) ) ;
#1694 = FACE_OUTER_BOUND ( 'NONE', #42, .T. ) ;
#1695 = VERTEX_POINT ( 'NONE', #4972 ) ;
#1696 = AXIS2_PLACEMENT_3D ( 'NONE', #2787, #5512, #2753 ) ;
#1697 = ORIENTED_EDGE ( 'NONE', *, *, #3482, .F. ) ;
#1698 = CARTESIAN_POINT ( 'NONE',  ( -25.42739604195773850, -37.15730260043900302, 9.108832582488327390 ) ) ;
#1699 = CARTESIAN_POINT ( 'NONE',  ( -30.72996560157072565, -30.72996560157071499, 2.187499998634407028 ) ) ;
#1700 = VECTOR ( 'NONE', #3099, 1000.000000000000000 ) ;
#1701 = CARTESIAN_POINT ( 'NONE',  ( 26.84465468539448807, -1.500000000000003331, 18.00000000000000000 ) ) ;
#1702 = CARTESIAN_POINT ( 'NONE',  ( -11.50000000000000000, -4.743426454221663313, 26.00000000000000355 ) ) ;
#1703 = CARTESIAN_POINT ( 'NONE',  ( 4.500000000000003553, -3.743426454221664645, 26.58578643762690064 ) ) ;
#1704 = ORIENTED_EDGE ( 'NONE', *, *, #4817, .T. ) ;
#1705 = CARTESIAN_POINT ( 'NONE',  ( 19.84543391419814640, -40.39193855125775912, 8.591446987602312291 ) ) ;
#1706 = AXIS2_PLACEMENT_3D ( 'NONE', #5868, #5387, #327 ) ;
#1707 = CARTESIAN_POINT ( 'NONE',  ( 44.00000000000005684, -18.22539674441614821, 2.937500000000000888 ) ) ;
#1708 = EDGE_CURVE ( 'NONE', #5080, #5787, #1651, .T. ) ;
#1709 = COLOUR_RGB ( '',0.7960784313725489669, 0.8235294117647058432, 0.9372549019607843146 ) ;
#1710 = CARTESIAN_POINT ( 'NONE',  ( 17.00000000000000000, -21.74342645422165887, 27.00000000000000355 ) ) ;
#1711 = ORIENTED_EDGE ( 'NONE', *, *, #862, .T. ) ;
#1712 = DIRECTION ( 'NONE',  ( 0.000000000000000000, 0.000000000000000000, 1.000000000000000000 ) ) ;
#1713 = CARTESIAN_POINT ( 'NONE',  ( 18.22539674441618374, 44.00000000000000000, 4.062499997268813168 ) ) ;
#1714 = CARTESIAN_POINT ( 'NONE',  ( -41.75274860195126791, 14.17748896793610847, 20.00000000000000000 ) ) ;
#1715 = CARTESIAN_POINT ( 'NONE',  ( -18.00119707814144121, 43.45873412499999233, 1.624999998634407028 ) ) ;
#1716 = ADVANCED_FACE ( 'NONE', ( #1151 ), #3437, .T. ) ;
#1717 = VECTOR ( 'NONE', #2022, 1000.000000000000000 ) ;
#1718 = ORIENTED_EDGE ( 'NONE', *, *, #4337, .T. ) ;
#1719 = ORIENTED_EDGE ( 'NONE', *, *, #610, .F. ) ;
#1720 = LINE ( 'NONE', #2302, #1455 ) ;
#1721 = CARTESIAN_POINT ( 'NONE',  ( 25.42043682584847986, -37.16101904475595319, 10.92558143768945733 ) ) ;
#1722 = LINE ( 'NONE', #481, #3995 ) ;
#1723 = EDGE_LOOP ( 'NONE', ( #4990, #2810, #4047, #6415 ) ) ;
#1724 = EDGE_CURVE ( 'NONE', #835, #765, #2943, .T. ) ;
#1725 = LINE ( 'NONE', #6588, #5535 ) ;
#1726 = CARTESIAN_POINT ( 'NONE',  ( -6.821435902588035560, -7.874301909799250154, 26.00000000000000355 ) ) ;
#1727 = ADVANCED_FACE ( 'NONE', ( #6059 ), #2823, .T. ) ;
#1728 = CARTESIAN_POINT ( 'NONE',  ( -28.36377890089844911, -4.247297479745755666, 27.00000000000000355 ) ) ;
#1729 = ORIENTED_EDGE ( 'NONE', *, *, #2700, .F. ) ;
#1730 = DIRECTION ( 'NONE',  ( -1.000000000000000000, 0.000000000000000000, 0.000000000000000000 ) ) ;
#1731 = FACE_OUTER_BOUND ( 'NONE', #6761, .T. ) ;
#1732 = DIRECTION ( 'NONE',  ( -1.000000000000000000, 0.000000000000000000, 0.000000000000000000 ) ) ;
#1733 = CARTESIAN_POINT ( 'NONE',  ( 18.50000000000000000, 20.00000000000000000, 23.00000000000000000 ) ) ;
#1734 = ORIENTED_EDGE ( 'NONE', *, *, #2921, .T. ) ;
#1735 = ORIENTED_EDGE ( 'NONE', *, *, #5854, .F. ) ;
#1736 = CARTESIAN_POINT ( 'NONE',  ( -25.05027514545535894, -35.56974180313513756, 8.407938967021891585 ) ) ;
#1737 = CARTESIAN_POINT ( 'NONE',  ( -43.45873412499999944, -18.00119707814143410, 1.124999998634406584 ) ) ;
#1738 = FILL_AREA_STYLE ('',( #7200 ) ) ;
#1739 = DIRECTION ( 'NONE',  ( -0.000000000000000000, 0.000000000000000000, 1.000000000000000000 ) ) ;
#1740 = CARTESIAN_POINT ( 'NONE',  ( -21.47456525777639413, -38.59283252141199938, 7.180694484551055190 ) ) ;
#1741 = DIRECTION ( 'NONE',  ( -1.000000000000000000, 0.000000000000000000, -0.000000000000000000 ) ) ;
#1742 = ORIENTED_EDGE ( 'NONE', *, *, #6065, .T. ) ;
#1743 = CARTESIAN_POINT ( 'NONE',  ( 21.67396066171519209, -39.43747593673599283, 6.211178700009583054 ) ) ;
#1744 = CARTESIAN_POINT ( 'NONE',  ( 13.59999999999999787, -14.99999999999999822, 13.00000000000000000 ) ) ;
#1745 = LINE ( 'NONE', #1670, #3426 ) ;
#1746 = EDGE_LOOP ( 'NONE', ( #3202, #5623 ) ) ;
#1747 = DIRECTION ( 'NONE',  ( 1.000000000000000000, 0.000000000000000000, 0.000000000000000000 ) ) ;
#1748 = CARTESIAN_POINT ( 'NONE',  ( 30.72996560157071855, 30.72996560157071855, 1.687499998634406806 ) ) ;
#1749 = CARTESIAN_POINT ( 'NONE',  ( 30.72996560157071144, -30.72996560157072565, 3.187499998634406584 ) ) ;
#1750 = EDGE_CURVE ( 'NONE', #3919, #1629, #724, .T. ) ;
#1751 = ORIENTED_EDGE ( 'NONE', *, *, #104, .F. ) ;
#1752 = ORIENTED_EDGE ( 'NONE', *, *, #6817, .F. ) ;
#1753 = CARTESIAN_POINT ( 'NONE',  ( 30.72996560157071855, 30.72996560157071855, 4.687499998634407028 ) ) ;
#1754 = CARTESIAN_POINT ( 'NONE',  ( 26.88600701143790417, -36.08533430394661679, 8.686367095231473101 ) ) ;
#1755 = CARTESIAN_POINT ( 'NONE',  ( -25.62397039055229442, -36.99277813883981736, 13.08851411413873400 ) ) ;
#1756 = ORIENTED_EDGE ( 'NONE', *, *, #1849, .F. ) ;
#1757 = CARTESIAN_POINT ( 'NONE',  ( 21.82677449902655553, -38.33537541472827570, 12.94263555556221412 ) ) ;
#1758 = CARTESIAN_POINT ( 'NONE',  ( -4.519520879213789755, -9.959368143744441682, 27.00000000000000000 ) ) ;
#1759 = CARTESIAN_POINT ( 'NONE',  ( -1.301042606982608476E-15, 17.97969965692938743, 26.00000000000000355 ) ) ;
#1760 = ADVANCED_FACE ( 'NONE', ( #6097 ), #2472, .T. ) ;
#1761 = EDGE_CURVE ( 'NONE', #4732, #178, #1112, .T. ) ;
#1762 = ORIENTED_EDGE ( 'NONE', *, *, #1539, .F. ) ;
#1763 = CARTESIAN_POINT ( 'NONE',  ( -19.50910917498777053, -39.91619451379361294, 9.698038388834431700 ) ) ;
#1764 = LINE ( 'NONE', #4496, #2154 ) ;
#1765 = DIRECTION ( 'NONE',  ( 1.000000000000000000, 1.982541115402066096E-15, 0.000000000000000000 ) ) ;
#1766 = PLANE ( 'NONE',  #6303 ) ;
#1767 = ORIENTED_EDGE ( 'NONE', *, *, #7103, .T. ) ;
#1768 = ORIENTED_EDGE ( 'NONE', *, *, #3583, .F. ) ;
#1769 = CARTESIAN_POINT ( 'NONE',  ( -23.46000503693712957, -37.02138296440902820, 7.151965830403843150 ) ) ;
#1770 = CARTESIAN_POINT ( 'NONE',  ( 18.00119707814145187, -43.45873412499998523, 1.374999998634407250 ) ) ;
#1771 = CARTESIAN_POINT ( 'NONE',  ( 2.500000000000003553, 10.00000000000000000, 23.00000000000000000 ) ) ;
#1772 = CARTESIAN_POINT ( 'NONE',  ( -18.49999999999999645, 20.00000000000000000, 25.00000000000000000 ) ) ;
#1773 = CARTESIAN_POINT ( 'NONE',  ( -22.25000000000001421, -12.74342645422166598, 26.00000000000000355 ) ) ;
#1774 = FACE_OUTER_BOUND ( 'NONE', #4335, .T. ) ;
#1775 = ORIENTED_EDGE ( 'NONE', *, *, #3940, .T. ) ;
#1776 = CARTESIAN_POINT ( 'NONE',  ( 19.92093203190497519, -40.35100863902902546, 7.365287246041139824 ) ) ;
#1777 = CARTESIAN_POINT ( 'NONE',  ( -14.99999999999999822, -3.743426454221665534, 26.00000000000000355 ) ) ;
#1778 = AXIS2_PLACEMENT_3D ( 'NONE', #3511, #3042, #5733 ) ;
#1779 = CARTESIAN_POINT ( 'NONE',  ( 8.844654685394491622, 24.99999999999999645, 23.00000000000000000 ) ) ;
#1780 = ORIENTED_EDGE ( 'NONE', *, *, #5267, .F. ) ;
#1781 = CARTESIAN_POINT ( 'NONE',  ( -24.08183148178014577, -38.01800708718683097, 13.89121379855682292 ) ) ;
#1782 = VECTOR ( 'NONE', #3907, 1000.000000000000000 ) ;
#1783 = CARTESIAN_POINT ( 'NONE',  ( 44.00000000000000000, 0.000000000000000000, 4.000000000000000000 ) ) ;
#1784 =( BOUNDED_CURVE ( )  B_SPLINE_CURVE ( 2, ( #1125, #3341, #1084, #2764, #2729, #3816, #4981, #6005, #3780 ),
 .UNSPECIFIED., .F., .F. ) 
 B_SPLINE_CURVE_WITH_KNOTS ( ( 3, 2, 2, 2, 3 ),
 ( 0.6000000000000000888, 0.6250000000000001110, 0.6500000000000001332, 0.6750000000000002665, 0.7000000000000001776 ),
 .UNSPECIFIED. ) 
 CURVE ( )  GEOMETRIC_REPRESENTATION_ITEM ( )  RATIONAL_B_SPLINE_CURVE ( ( 0.9999999999999996669, 0.9238795325112870716, 1.000000000000000000, 0.9238795325112867385, 1.000000000000000000, 0.9238795325112867385, 1.000000000000000000, 0.9238795325112860723, 1.000000000000000666 ) ) 
 REPRESENTATION_ITEM ( '' )  );
#1785 = VECTOR ( 'NONE', #2426, 1000.000000000000000 ) ;
#1786 = VERTEX_POINT ( 'NONE', #5004 ) ;
#1787 = ORIENTED_EDGE ( 'NONE', *, *, #727, .T. ) ;
#1788 = DIRECTION ( 'NONE',  ( -0.5049055868418398374, -0.8631745758396137669, 0.000000000000000000 ) ) ;
#1789 = CARTESIAN_POINT ( 'NONE',  ( 23.90303978938091944, -38.12776484664615140, 6.088749992981858483 ) ) ;
#1790 = CARTESIAN_POINT ( 'NONE',  ( -43.45873412499999233, 18.00119707814144832, 0.7499999986344066949 ) ) ;
#1791 = TOROIDAL_SURFACE ( 'NONE', #7138, 40.00000000000000711, 5.000000000000000000 ) ;
#1792 = CARTESIAN_POINT ( 'NONE',  ( 7.990384747035712110, -9.759909745017587568, 27.00000000000000355 ) ) ;
#1793 = CARTESIAN_POINT ( 'NONE',  ( -6.843714124214693051, -11.61966640006291485, 26.00000000000000355 ) ) ;
#1794 = CARTESIAN_POINT ( 'NONE',  ( -17.86377890089844911, -3.239555428697579842, 26.00000000000000355 ) ) ;
#1795 = EDGE_CURVE ( 'NONE', #5743, #5275, #3955, .T. ) ;
#1796 = VERTEX_POINT ( 'NONE', #4455 ) ;
#1797 = CARTESIAN_POINT ( 'NONE',  ( 1.000000000000000222, -21.74342645422165887, 27.00000000000000355 ) ) ;
#1798 = DIRECTION ( 'NONE',  ( 1.000000000000000000, 0.000000000000000000, 0.000000000000000000 ) ) ;
#1799 = DIRECTION ( 'NONE',  ( 1.156482317317873697E-15, 1.000000000000000000, 0.000000000000000000 ) ) ;
#1800 = CARTESIAN_POINT ( 'NONE',  ( 18.91778053558305928, -40.83035172732810736, 10.20151846028796427 ) ) ;
#1801 = ORIENTED_EDGE ( 'NONE', *, *, #7049, .F. ) ;
#1802 = CARTESIAN_POINT ( 'NONE',  ( -26.79948370776976674, -36.14958763054247015, 8.483666098428487956 ) ) ;
#1803 = DIRECTION ( 'NONE',  ( 1.224646799147353207E-16, 1.000000000000000000, -0.000000000000000000 ) ) ;
#1804 = VECTOR ( 'NONE', #3576, 1000.000000000000000 ) ;
#1805 = ADVANCED_FACE ( 'NONE', ( #1185, #6667 ), #6744, .T. ) ;
#1806 = VECTOR ( 'NONE', #776, 1000.000000000000000 ) ;
#1807 = CARTESIAN_POINT ( 'NONE',  ( 18.22539674441619439, -43.99999999999999289, 0.8125000000000001110 ) ) ;
#1808 = VECTOR ( 'NONE', #777, 1000.000000000000000 ) ;
#1809 = CARTESIAN_POINT ( 'NONE',  ( -10.94849430006247992, -15.74342645422166598, 26.00000000000000355 ) ) ;
#1810 = PLANE ( 'NONE',  #4441 ) ;
#1811 = EDGE_LOOP ( 'NONE', ( #6013, #2998, #5313, #5165 ) ) ;
#1812 = CARTESIAN_POINT ( 'NONE',  ( 19.02499882717981805, -40.78052436385176804, 10.90959381895631886 ) ) ;
#1813 = CARTESIAN_POINT ( 'NONE',  ( -44.00000000000000000, 5.388445916248353619E-15, 3.500000000000000000 ) ) ;
#1814 = EDGE_CURVE ( 'NONE', #4776, #4518, #1977, .T. ) ;
#1815 = ADVANCED_FACE ( 'NONE', ( #4133 ), #6846, .F. ) ;
#1816 = CARTESIAN_POINT ( 'NONE',  ( 8.399999999999998579, -14.99999999999999822, 23.00000000000000000 ) ) ;
#1817 = AXIS2_PLACEMENT_3D ( 'NONE', #4225, #6435, #325 ) ;
#1818 = CARTESIAN_POINT ( 'NONE',  ( -5.258306172953624014, -7.442010401322905366, 27.00000000000000711 ) ) ;
#1819 = CARTESIAN_POINT ( 'NONE',  ( 6.250000000000000000, -12.74342645422166242, 25.00000000000000000 ) ) ;
#1820 = ORIENTED_EDGE ( 'NONE', *, *, #6852, .T. ) ;
#1821 = CARTESIAN_POINT ( 'NONE',  ( -19.54637739187190704, -40.53360231970317074, 7.856111246742186083 ) ) ;
#1822 = ORIENTED_EDGE ( 'NONE', *, *, #3141, .F. ) ;
#1823 = CARTESIAN_POINT ( 'NONE',  ( 31.11269837220809364, 31.11269837220809364, 3.125000000000000000 ) ) ;
#1824 = ORIENTED_EDGE ( 'NONE', *, *, #7085, .T. ) ;
#1825 = CARTESIAN_POINT ( 'NONE',  ( -8.082668874372530822E-15, -44.00000000000000000, 3.624999997268813168 ) ) ;
#1826 = DIRECTION ( 'NONE',  ( -0.8660254037844407060, 0.000000000000000000, -0.4999999999999965028 ) ) ;
#1827 = CARTESIAN_POINT ( 'NONE',  ( 30.72996560157071144, -30.72996560157072565, 3.187499998634406584 ) ) ;
#1828 = DIRECTION ( 'NONE',  ( -1.000000000000000000, 0.000000000000000000, 0.000000000000000000 ) ) ;
#1829 = CARTESIAN_POINT ( 'NONE',  ( -7.232625667721000795, -11.73235606841538647, 26.00000000000000355 ) ) ;
#1830 = DIRECTION ( 'NONE',  ( -0.000000000000000000, -0.000000000000000000, -1.000000000000000000 ) ) ;
#1831 = EDGE_LOOP ( 'NONE', ( #663, #1241, #3145, #3989 ) ) ;
#1832 = CARTESIAN_POINT ( 'NONE',  ( -13.49999999999999645, 20.00000000000000000, 23.00000000000000000 ) ) ;
#1833 = FACE_OUTER_BOUND ( 'NONE', #4654, .T. ) ;
#1834 = CARTESIAN_POINT ( 'NONE',  ( -11.53948624919529742, -7.203875879397616977, 26.31368714872661840 ) ) ;
#1835 = CARTESIAN_POINT ( 'NONE',  ( 19.26427590633992182, -40.66806090367106918, 8.388652268293968817 ) ) ;
#1836 = ORIENTED_EDGE ( 'NONE', *, *, #2338, .F. ) ;
#1837 = CARTESIAN_POINT ( 'NONE',  ( -25.42895904389184025, -37.15642254865451832, 10.88481541764835825 ) ) ;
#1838 = CARTESIAN_POINT ( 'NONE',  ( -43.45873412499999233, 5.322159964117709262E-15, 4.062499998634407028 ) ) ;
#1839 = ORIENTED_EDGE ( 'NONE', *, *, #4819, .F. ) ;
#1840 = CARTESIAN_POINT ( 'NONE',  ( 0.000000000000000000, 0.000000000000000000, 25.00000000000000000 ) ) ;
#1841 = CARTESIAN_POINT ( 'NONE',  ( 8.929238224710598359, 6.949538567781225140, 26.00000000000000355 ) ) ;
#1842 = EDGE_CURVE ( 'NONE', #187, #1258, #778, .T. ) ;
#1843 = FACE_BOUND ( 'NONE', #4891, .T. ) ;
#1844 = CARTESIAN_POINT ( 'NONE',  ( -29.50000000000000355, 15.00000000000000355, 23.00000000000000000 ) ) ;
#1845 = EDGE_LOOP ( 'NONE', ( #1425, #3930, #5872, #420 ) ) ;
#1846 = CARTESIAN_POINT ( 'NONE',  ( 20.44266511824929466, -39.31562370722442523, 12.19246300090238577 ) ) ;
#1847 = CARTESIAN_POINT ( 'NONE',  ( 13.25896300087918611, -4.743426454221663313, 26.99999999999999645 ) ) ;
#1848 = CARTESIAN_POINT ( 'NONE',  ( -27.50000000000001421, -3.743426454221668642, 27.00000000000000355 ) ) ;
#1849 = EDGE_CURVE ( 'NONE', #6048, #4945, #1092, .T. ) ;
#1850 = CARTESIAN_POINT ( 'NONE',  ( -3.542589560684043626, -10.19797359677733262, 27.00000000000000711 ) ) ;
#1851 = EDGE_CURVE ( 'NONE', #519, #4456, #5927, .T. ) ;
#1852 = CARTESIAN_POINT ( 'NONE',  ( -23.62361255554651152, -36.87938167896525243, 12.78163527893544149 ) ) ;
#1853 = CYLINDRICAL_SURFACE ( 'NONE', #3193, 1.000000000000000888 ) ;
#1854 = ORIENTED_EDGE ( 'NONE', *, *, #4241, .T. ) ;
#1855 = CARTESIAN_POINT ( 'NONE',  ( -1.308212678991453215, -8.291089764608610579, 26.00000000000000355 ) ) ;
#1856 = ORIENTED_EDGE ( 'NONE', *, *, #3763, .T. ) ;
#1857 = CARTESIAN_POINT ( 'NONE',  ( -44.00000000000001421, -18.22539674441618018, 1.562500000000000000 ) ) ;
#1858 = ORIENTED_EDGE ( 'NONE', *, *, #6469, .F. ) ;
#1859 = DIRECTION ( 'NONE',  ( 1.000000000000000000, 0.000000000000000000, 0.000000000000000000 ) ) ;
#1860 = CARTESIAN_POINT ( 'NONE',  ( -23.89501810508407331, -13.93876056129902175, 27.00000000000000355 ) ) ;
#1861 = CARTESIAN_POINT ( 'NONE',  ( 21.34688703791395525, -38.68636720680667906, 7.225034189426144060 ) ) ;
#1862 = FACE_OUTER_BOUND ( 'NONE', #741, .T. ) ;
#1863 = DIRECTION ( 'NONE',  ( 1.000000000000000000, -1.239088197126291310E-16, 0.000000000000000000 ) ) ;
#1864 = ORIENTED_EDGE ( 'NONE', *, *, #3762, .T. ) ;
#1865 = CYLINDRICAL_SURFACE ( 'NONE', #3547, 1.000000000000000222 ) ;
#1866 = CYLINDRICAL_SURFACE ( 'NONE', #6680, 1.100000000000000311 ) ;
#1867 = CARTESIAN_POINT ( 'NONE',  ( -10.82799043902684311, 7.020665034867511700, 26.64160903059730146 ) ) ;
#1868 = DIRECTION ( 'NONE',  ( 0.000000000000000000, 0.000000000000000000, -1.000000000000000000 ) ) ;
#1869 = ORIENTED_EDGE ( 'NONE', *, *, #3763, .F. ) ;
#1870 = CARTESIAN_POINT ( 'NONE',  ( -26.00805041774036397, -36.72376343293852585, 12.73484612060697962 ) ) ;
#1871 = CARTESIAN_POINT ( 'NONE',  ( -43.45873412499999233, 18.00119707814145187, 4.999999998634407028 ) ) ;
#1872 = SURFACE_SIDE_STYLE ('',( #6851 ) ) ;
#1873 = CARTESIAN_POINT ( 'NONE',  ( -44.00000000000001421, -18.22539674441617663, 0.5625000000000002220 ) ) ;
#1874 = CARTESIAN_POINT ( 'NONE',  ( -1.000000000000000888, -9.743426454221660649, 26.00000000000001066 ) ) ;
#1875 = CARTESIAN_POINT ( 'NONE',  ( -11.05046143221876953, 6.929238224710590366, 27.00000000000000355 ) ) ;
#1876 = ORIENTED_EDGE ( 'NONE', *, *, #3489, .T. ) ;
#1877 = CARTESIAN_POINT ( 'NONE',  ( 21.58444612359725312, -39.48742895933561670, 12.88779233588096318 ) ) ;
#1878 = DIRECTION ( 'NONE',  ( 0.000000000000000000, -1.000000000000000000, 0.000000000000000000 ) ) ;
#1879 = CARTESIAN_POINT ( 'NONE',  ( -7.983239946176564682E-15, -43.45873412499999233, 1.312499998634406584 ) ) ;
#1880 = CARTESIAN_POINT ( 'NONE',  ( 21.84465468539448452, -2.638641928929985385E-15, 23.00000000000000000 ) ) ;
#1881 = EDGE_CURVE ( 'NONE', #5586, #4983, #191, .T. ) ;
#1882 = DIRECTION ( 'NONE',  ( -1.000000000000000000, 2.616114634628809171E-16, 0.000000000000000000 ) ) ;
#1883 = CARTESIAN_POINT ( 'NONE',  ( -24.07939480009415334, -38.01959268461611430, 13.89217619337848220 ) ) ;
#1884 = CARTESIAN_POINT ( 'NONE',  ( -31.00000000000000355, -14.99999999999999112, 18.00000000000000000 ) ) ;
#1885 = EDGE_LOOP ( 'NONE', ( #6678, #2774, #3379, #4484, #856 ) ) ;
#1886 = CARTESIAN_POINT ( 'NONE',  ( -1.997412110668032037, -9.681144530279420124, 27.00000000000000355 ) ) ;
#1887 = ORIENTED_EDGE ( 'NONE', *, *, #2025, .F. ) ;
#1888 = VERTEX_POINT ( 'NONE', #992 ) ;
#1889 = STYLED_ITEM ( 'NONE', ( #6716 ), #1156 ) ;
#1890 = CARTESIAN_POINT ( 'NONE',  ( 18.22539674441618374, 44.00000000000000000, 0.1875000000000000278 ) ) ;
#1891 = EDGE_CURVE ( 'NONE', #3367, #6223, #7108, .T. ) ;
#1892 = ADVANCED_FACE ( 'NONE', ( #3111, #1981, #4746 ), #2120, .F. ) ;
#1893 = VECTOR ( 'NONE', #2236, 1000.000000000000114 ) ;
#1894 = ORIENTED_EDGE ( 'NONE', *, *, #6599, .F. ) ;
#1895 = LINE ( 'NONE', #6982, #5157 ) ;
#1896 = LINE ( 'NONE', #4766, #2042 ) ;
#1897 = CARTESIAN_POINT ( 'NONE',  ( -18.00119707814146608, -43.45873412499998523, 3.999999998634406584 ) ) ;
#1898 = CARTESIAN_POINT ( 'NONE',  ( 19.56281021840920786, -39.88297376157243690, 9.355530411668029345 ) ) ;
#1899 = EDGE_CURVE ( 'NONE', #6223, #6007, #1578, .T. ) ;
#1900 = CARTESIAN_POINT ( 'NONE',  ( -11.75362361592715743, -13.26063145955879996, 27.00000000000000355 ) ) ;
#1901 = CARTESIAN_POINT ( 'NONE',  ( 22.10648544016904893, 24.99999999999999645, 18.00000000000000000 ) ) ;
#1902 = AXIS2_PLACEMENT_3D ( 'NONE', #7206, #6639, #6145 ) ;
#1903 = ADVANCED_FACE ( 'NONE', ( #302 ), #5978, .T. ) ;
#1904 = VERTEX_POINT ( 'NONE', #7070 ) ;
#1905 = LINE ( 'NONE', #3467, #1804 ) ;
#1906 = LINE ( 'NONE', #300, #4589 ) ;
#1907 = VECTOR ( 'NONE', #99, 1000.000000000000000 ) ;
#1908 = CARTESIAN_POINT ( 'NONE',  ( 4.000000000000000000, 15.00000000000000000, 18.00000000000000000 ) ) ;
#1909 = CARTESIAN_POINT ( 'NONE',  ( 18.93572968148122371, -40.82203117449721930, 9.625654078678213210 ) ) ;
#1910 = VERTEX_POINT ( 'NONE', #3721 ) ;
#1911 = DIRECTION ( 'NONE',  ( -1.000000000000000000, 0.000000000000000000, 0.000000000000000000 ) ) ;
#1912 = CARTESIAN_POINT ( 'NONE',  ( -43.45873412499999944, -18.00119707814143410, 4.124999998634407028 ) ) ;
#1913 = AXIS2_PLACEMENT_3D ( 'NONE', #7123, #2138, #1045 ) ;
#1914 = CARTESIAN_POINT ( 'NONE',  ( -1.000000000000000888, -6.228707828460229301, 26.00000000000000355 ) ) ;
#1915 = DIRECTION ( 'NONE',  ( -0.000000000000000000, -0.000000000000000000, -1.000000000000000000 ) ) ;
#1916 = ORIENTED_EDGE ( 'NONE', *, *, #4869, .F. ) ;
#1917 = CARTESIAN_POINT ( 'NONE',  ( 21.97456897608540061, -38.22128308959229059, 12.95950533142490713 ) ) ;
#1918 = VECTOR ( 'NONE', #3130, 1000.000000000000114 ) ;
#1919 = DIRECTION ( 'NONE',  ( -0.000000000000000000, -0.000000000000000000, 1.000000000000000000 ) ) ;
#1920 = CARTESIAN_POINT ( 'NONE',  ( 31.11269837220809364, 31.11269837220809364, 4.999999997268813168 ) ) ;
#1921 = CARTESIAN_POINT ( 'NONE',  ( -1.000000000001234124, -9.604341691956612692, 26.00000000000000355 ) ) ;
#1922 = VECTOR ( 'NONE', #5594, 1000.000000000000000 ) ;
#1923 = DIRECTION ( 'NONE',  ( 1.000000000000000000, 0.000000000000000000, 0.000000000000000000 ) ) ;
#1924 = CARTESIAN_POINT ( 'NONE',  ( 27.00027893920686850, -35.99983931903095424, 10.93172505340666412 ) ) ;
#1925 = CARTESIAN_POINT ( 'NONE',  ( 2.694222958124176809E-15, 44.00000000000000000, 0.2500000000000000000 ) ) ;
#1926 = ORIENTED_EDGE ( 'NONE', *, *, #4173, .T. ) ;
#1927 = CARTESIAN_POINT ( 'NONE',  ( -5.688323840480230764, -4.732896551982398670, 26.00000000000000355 ) ) ;
#1928 = EDGE_CURVE ( 'NONE', #3097, #2895, #365, .T. ) ;
#1929 = VERTEX_POINT ( 'NONE', #4235 ) ;
#1930 = VECTOR ( 'NONE', #1919, 1000.000000000000000 ) ;
#1931 = CARTESIAN_POINT ( 'NONE',  ( 44.00000000000000000, 0.000000000000000000, 1.000000000000000000 ) ) ;
#1932 = VECTOR ( 'NONE', #6408, 1000.000000000000000 ) ;
#1933 = ORIENTED_EDGE ( 'NONE', *, *, #1008, .T. ) ;
#1934 = CARTESIAN_POINT ( 'NONE',  ( 18.00000000000000355, -20.74342645422165532, 27.00000000000000355 ) ) ;
#1935 =( BOUNDED_CURVE ( )  B_SPLINE_CURVE ( 3, ( #487, #3116, #4896, #5913 ),
 .UNSPECIFIED., .F., .F. ) 
 B_SPLINE_CURVE_WITH_KNOTS ( ( 4, 4 ),
 ( 4.712388980384689674, 6.283185307179586232 ),
 .UNSPECIFIED. ) 
 CURVE ( )  GEOMETRIC_REPRESENTATION_ITEM ( )  RATIONAL_B_SPLINE_CURVE ( ( 1.000000000000000000, 0.8047378541243649375, 0.8047378541243649375, 1.000000000000000000 ) ) 
 REPRESENTATION_ITEM ( '' )  );
#1936 = EDGE_CURVE ( 'NONE', #1253, #4075, #3177, .T. ) ;
#1937 = CARTESIAN_POINT ( 'NONE',  ( -23.72872284534697940, -37.05330905774420103, 12.76166266617081568 ) ) ;
#1938 = CARTESIAN_POINT ( 'NONE',  ( -18.00119707814144121, 43.45873412499999233, 2.624999998634406140 ) ) ;
#1939 = DIRECTION ( 'NONE',  ( -0.000000000000000000, -0.000000000000000000, 1.000000000000000000 ) ) ;
#1940 = CARTESIAN_POINT ( 'NONE',  ( -12.80229455944036765, 7.468005159673532845, 26.00000000000000355 ) ) ;
#1942 = DIRECTION ( 'NONE',  ( 0.5038710255240861358, -0.8637789008984333439, 0.000000000000000000 ) ) ;
#1941 =( GEOMETRIC_REPRESENTATION_CONTEXT ( 3 ) GLOBAL_UNCERTAINTY_ASSIGNED_CONTEXT ( ( #968 ) ) GLOBAL_UNIT_ASSIGNED_CONTEXT ( ( #2283, #746, #4504 ) ) REPRESENTATION_CONTEXT ( 'NONE', 'WORKASPACE' ) );
#1943 = ORIENTED_EDGE ( 'NONE', *, *, #1192, .F. ) ;
#1944 = PLANE ( 'NONE',  #4830 ) ;
#1945 = EDGE_CURVE ( 'NONE', #5321, #6711, #4302, .T. ) ;
#1946 = EDGE_CURVE ( 'NONE', #4843, #2884, #1722, .T. ) ;
#1947 = DIRECTION ( 'NONE',  ( -1.000000000000000000, 1.445602896647334726E-16, 0.000000000000000000 ) ) ;
#1948 = CARTESIAN_POINT ( 'NONE',  ( 19.66859750811370589, -40.47449410575661233, 12.32181454578462443 ) ) ;
#1949 = ORIENTED_EDGE ( 'NONE', *, *, #6162, .T. ) ;
#1950 = CARTESIAN_POINT ( 'NONE',  ( -25.05501812155747032, -35.56513924455066444, 11.58459793400541216 ) ) ;
#1951 = CARTESIAN_POINT ( 'NONE',  ( 43.45873412499999233, 0.000000000000000000, 5.562499998634406140 ) ) ;
#1952 = DIRECTION ( 'NONE',  ( 0.000000000000000000, 0.000000000000000000, 1.000000000000000000 ) ) ;
#1953 = DIRECTION ( 'NONE',  ( 1.000000000000000000, 1.455606550238083545E-13, 0.000000000000000000 ) ) ;
#1954 = CARTESIAN_POINT ( 'NONE',  ( 29.99999999999998934, -20.74342645422165532, 27.00000000000000355 ) ) ;
#1955 = ORIENTED_EDGE ( 'NONE', *, *, #5854, .T. ) ;
#1956 = CARTESIAN_POINT ( 'NONE',  ( 19.55402942853159587, -39.88834373564964153, 10.57674666419501364 ) ) ;
#1957 = DIRECTION ( 'NONE',  ( -0.000000000000000000, -0.000000000000000000, -1.000000000000000000 ) ) ;
#1958 = CARTESIAN_POINT ( 'NONE',  ( 2.661079982058854631E-15, 43.45873412499999233, 0.8124999986344066949 ) ) ;
#1959 = CARTESIAN_POINT ( 'NONE',  ( -5.599797183797675437, -4.766907434170915003, 26.00000000000000355 ) ) ;
#1960 = CARTESIAN_POINT ( 'NONE',  ( -6.878731815707166852, -6.814366891244230118, 27.00000000000000355 ) ) ;
#1961 = CARTESIAN_POINT ( 'NONE',  ( 26.04454273598501146, -36.69772846050612713, 7.303408218717127198 ) ) ;
#1962 = LINE ( 'NONE', #172, #3075 ) ;
#1963 = EDGE_LOOP ( 'NONE', ( #5293, #2639, #2835, #4418 ) ) ;
#1964 = CARTESIAN_POINT ( 'NONE',  ( -1.997607032405030791, -9.811272749468082921, 27.00000000000000355 ) ) ;
#1965 = EDGE_LOOP ( 'NONE', ( #2554, #62, #4762, #4545 ) ) ;
#1966 = DIRECTION ( 'NONE',  ( 0.5038710255240855806, 0.8637789008984338990, 0.000000000000000000 ) ) ;
#1967 = VERTEX_POINT ( 'NONE', #5029 ) ;
#1968 = ORIENTED_EDGE ( 'NONE', *, *, #3413, .T. ) ;
#1969 = FACE_OUTER_BOUND ( 'NONE', #4760, .T. ) ;
#1970 = VECTOR ( 'NONE', #6970, 1000.000000000000000 ) ;
#1971 = CARTESIAN_POINT ( 'NONE',  ( 17.00000000000000000, -4.743426454221659760, 26.00000000000000355 ) ) ;
#1972 = CARTESIAN_POINT ( 'NONE',  ( -11.49999999999999822, -15.74342645422166598, 27.00000000000000355 ) ) ;
#1973 = CARTESIAN_POINT ( 'NONE',  ( 15.00000000000000178, -3.743426454221663313, 27.00000000000000355 ) ) ;
#1974 = CARTESIAN_POINT ( 'NONE',  ( -12.27221050981907347, -13.00124453697946869, 26.98073460703665560 ) ) ;
#1975 = CYLINDRICAL_SURFACE ( 'NONE', #4115, 2.121320343559641941 ) ;
#1976 = EDGE_CURVE ( 'NONE', #3992, #2826, #534, .T. ) ;
#1977 =( BOUNDED_CURVE ( )  B_SPLINE_CURVE ( 2, ( #5253, #5802, #1323, #3579, #4093, #5725, #3543, #1396, #5219 ),
 .UNSPECIFIED., .F., .F. ) 
 B_SPLINE_CURVE_WITH_KNOTS ( ( 3, 2, 2, 2, 3 ),
 ( 0.000000000000000000, 0.02500000000000000486, 0.05000000000000000971, 0.07499999999999999722, 0.1000000000000000194 ),
 .UNSPECIFIED. ) 
 CURVE ( )  GEOMETRIC_REPRESENTATION_ITEM ( )  RATIONAL_B_SPLINE_CURVE ( ( 1.000000000000000000, 0.9238795325112867385, 1.000000000000000000, 0.9238795325112867385, 1.000000000000000000, 0.9238795325112867385, 1.000000000000000000, 0.9238795325112867385, 1.000000000000000000 ) ) 
 REPRESENTATION_ITEM ( '' )  );
#1978 = ORIENTED_EDGE ( 'NONE', *, *, #3489, .F. ) ;
#1979 = CARTESIAN_POINT ( 'NONE',  ( 27.49999999999998579, -21.74342645422165532, 27.00000000000000355 ) ) ;
#1980 = CARTESIAN_POINT ( 'NONE',  ( -11.99387736136325167, -14.74385734603421305, 27.00000000000000000 ) ) ;
#1981 = FACE_BOUND ( 'NONE', #1272, .T. ) ;
#1982 = VERTEX_POINT ( 'NONE', #1643 ) ;
#1983 = CARTESIAN_POINT ( 'NONE',  ( 15.00000000000000178, -3.743426454221663313, 25.99999999999999645 ) ) ;
#1984 = CARTESIAN_POINT ( 'NONE',  ( -43.45873412499999233, 5.322159964117709262E-15, 5.062499998634407916 ) ) ;
#1985 = EDGE_CURVE ( 'NONE', #5564, #2588, #6733, .T. ) ;
#1986 = EDGE_CURVE ( 'NONE', #1888, #1786, #2723, .T. ) ;
#1987 = DIRECTION ( 'NONE',  ( 0.5049055868418413917, -0.8631745758396131007, 0.000000000000000000 ) ) ;
#1988 = CARTESIAN_POINT ( 'NONE',  ( -28.07437033245416202, -20.74342645422166953, 27.00000000000000355 ) ) ;
#1989 = FACE_OUTER_BOUND ( 'NONE', #1302, .T. ) ;
#1990 = EDGE_LOOP ( 'NONE', ( #514, #1465 ) ) ;
#1991 = CARTESIAN_POINT ( 'NONE',  ( -19.93984296225722019, -39.22269700609421506, 11.57679489386347527 ) ) ;
#1992 = DIRECTION ( 'NONE',  ( -1.000000000000000000, 1.156482317317873697E-15, 0.000000000000000000 ) ) ;
#1993 = CARTESIAN_POINT ( 'NONE',  ( -44.00000000000001421, -18.22539674441618018, 4.437499997268813168 ) ) ;
#1994 = CARTESIAN_POINT ( 'NONE',  ( 43.72936706249999617, 0.000000000000000000, 5.156249999317203958 ) ) ;
#1995 = CARTESIAN_POINT ( 'NONE',  ( 42.59273254217917071, -11.40843301440143698, 20.00000000000000355 ) ) ;
#1996 = CARTESIAN_POINT ( 'NONE',  ( 26.12184627900340317, -36.64284530413622321, 12.61041897167066317 ) ) ;
#1997 = CARTESIAN_POINT ( 'NONE',  ( -11.49999999999999822, -15.74342645422166598, 26.00000000000001066 ) ) ;
#1998 = ORIENTED_EDGE ( 'NONE', *, *, #654, .T. ) ;
#1999 = CARTESIAN_POINT ( 'NONE',  ( -2.280019770653524791, -8.574043817710597537, 27.00000000000000355 ) ) ;
#2000 = ORIENTED_EDGE ( 'NONE', *, *, #3323, .F. ) ;
#2001 = CARTESIAN_POINT ( 'NONE',  ( -44.00000000000000000, 5.388445916248353619E-15, 2.500000000000000000 ) ) ;
#2002 = VERTEX_POINT ( 'NONE', #3282 ) ;
#2003 = CARTESIAN_POINT ( 'NONE',  ( 9.037871610927156851, 8.847999651746356164, 26.63972177930866891 ) ) ;
#2004 = CARTESIAN_POINT ( 'NONE',  ( 30.99999999999998934, -3.743426454221657096, 26.58578643762690774 ) ) ;
#2005 = CARTESIAN_POINT ( 'NONE',  ( 19.63562047876287409, -4.246266432013685588, 26.00000000000000355 ) ) ;
#2006 = CARTESIAN_POINT ( 'NONE',  ( 27.49999999999998579, -3.743426454221660205, 25.00000000000000000 ) ) ;
#2007 = DIRECTION ( 'NONE',  ( -0.000000000000000000, -0.000000000000000000, 1.000000000000000000 ) ) ;
#2008 = DIRECTION ( 'NONE',  ( -0.000000000000000000, -0.000000000000000000, -1.000000000000000000 ) ) ;
#2009 = ORIENTED_EDGE ( 'NONE', *, *, #5095, .F. ) ;
#2010 = DIRECTION ( 'NONE',  ( -1.000000000000000000, 1.734723475976800586E-15, 0.000000000000000000 ) ) ;
#2011 = CARTESIAN_POINT ( 'NONE',  ( -2.300636998013084966, -8.514640583455005185, 27.00000000000000711 ) ) ;
#2012 = CARTESIAN_POINT ( 'NONE',  ( -25.40033890954104123, -37.14685641537154481, 6.743590664304178084 ) ) ;
#2013 = ORIENTED_EDGE ( 'NONE', *, *, #5996, .F. ) ;
#2014 = CARTESIAN_POINT ( 'NONE',  ( 26.84465468539448807, 9.999999999999998224, 23.00000000000000000 ) ) ;
#2015 = EDGE_CURVE ( 'NONE', #1796, #3288, #2778, .T. ) ;
#2016 = AXIS2_PLACEMENT_3D ( 'NONE', #3807, #1623, #3262 ) ;
#2017 =( NAMED_UNIT ( * ) PLANE_ANGLE_UNIT ( ) SI_UNIT ( $, .RADIAN. ) );
#2018 =( NAMED_UNIT ( * ) PLANE_ANGLE_UNIT ( ) SI_UNIT ( $, .RADIAN. ) );
#2019 = CARTESIAN_POINT ( 'NONE',  ( 17.00000000000000000, -3.743426454221659760, 26.58578643762690774 ) ) ;
#2020 = PLANE ( 'NONE',  #3286 ) ;
#2021 = ORIENTED_EDGE ( 'NONE', *, *, #5456, .T. ) ;
#2022 = DIRECTION ( 'NONE',  ( -0.000000000000000000, -0.000000000000000000, 1.000000000000000000 ) ) ;
#2023 = DIRECTION ( 'NONE',  ( 1.000000000000000000, 1.982541115402067674E-15, 0.000000000000000000 ) ) ;
#2024 = CARTESIAN_POINT ( 'NONE',  ( -18.00119707814146608, -43.45873412499998523, 3.249999998634406584 ) ) ;
#2025 = EDGE_CURVE ( 'NONE', #689, #4584, #4957, .T. ) ;
#2026 = VECTOR ( 'NONE', #5320, 1000.000000000000000 ) ;
#2027 = CARTESIAN_POINT ( 'NONE',  ( -4.588247131087076269, -5.211988908941975751, 26.00000000000000711 ) ) ;
#2028 = CARTESIAN_POINT ( 'NONE',  ( -19.49865308019173682, -39.54865025904198461, 19.99999999999999645 ) ) ;
#2029 =( GEOMETRIC_REPRESENTATION_CONTEXT ( 3 ) GLOBAL_UNCERTAINTY_ASSIGNED_CONTEXT ( ( #376 ) ) GLOBAL_UNIT_ASSIGNED_CONTEXT ( ( #815, #2018, #6411 ) ) REPRESENTATION_CONTEXT ( 'NONE', 'WORKASPACE' ) );
#2030 = CARTESIAN_POINT ( 'NONE',  ( -19.50052170560635290, -40.56029532698166662, 10.24078032880442812 ) ) ;
#2031 = CARTESIAN_POINT ( 'NONE',  ( 21.24884386009454929, -38.52955390666989643, 7.266953852424553162 ) ) ;
#2032 = ORIENTED_EDGE ( 'NONE', *, *, #110, .F. ) ;
#2033 = CARTESIAN_POINT ( 'NONE',  ( -1.313683541240856067, -11.20829917390893193, 26.00000000000000355 ) ) ;
#2034 = EDGE_CURVE ( 'NONE', #4518, #5208, #6431, .T. ) ;
#2035 = EDGE_LOOP ( 'NONE', ( #10, #5418, #6609, #1751 ) ) ;
#2036 = CARTESIAN_POINT ( 'NONE',  ( 31.11269837220808299, -31.11269837220809364, 4.875000000000000000 ) ) ;
#2037 = VECTOR ( 'NONE', #6503, 1000.000000000000000 ) ;
#2038 = VECTOR ( 'NONE', #6198, 1000.000000000000000 ) ;
#2039 = CARTESIAN_POINT ( 'NONE',  ( 2.694222958124176809E-15, 44.00000000000000000, 4.250000000000000000 ) ) ;
#2040 = ORIENTED_EDGE ( 'NONE', *, *, #4381, .T. ) ;
#2041 = CARTESIAN_POINT ( 'NONE',  ( -31.00000000000001421, -3.743426454221668198, 25.00000000000000000 ) ) ;
#2042 = VECTOR ( 'NONE', #5967, 1000.000000000000000 ) ;
#2043 = CARTESIAN_POINT ( 'NONE',  ( 31.11269837220809364, 31.11269837220809364, 2.999999997268813168 ) ) ;
#2044 = CYLINDRICAL_SURFACE ( 'NONE', #2587, 1.000000000000000888 ) ;
#2045 = CARTESIAN_POINT ( 'NONE',  ( -5.471484647191707573, -11.01826436989619218, 26.00000000000000711 ) ) ;
#2046 = CARTESIAN_POINT ( 'NONE',  ( -43.45873412499999233, 18.00119707814145187, 0.7499999986344068059 ) ) ;
#2047 = DIRECTION ( 'NONE',  ( -1.000000000000000000, 0.000000000000000000, 0.000000000000000000 ) ) ;
#2048 = VECTOR ( 'NONE', #1878, 1000.000000000000000 ) ;
#2049 = ORIENTED_EDGE ( 'NONE', *, *, #6641, .T. ) ;
#2050 = DIRECTION ( 'NONE',  ( -1.734723475976800981E-15, -1.000000000000000000, 0.000000000000000000 ) ) ;
#2051 = CARTESIAN_POINT ( 'NONE',  ( -2.563620018339189510, -11.40221759538837354, 27.00000000000000000 ) ) ;
#2052 = CARTESIAN_POINT ( 'NONE',  ( -26.93142308329766621, -36.05137637636470771, 8.847565767669776093 ) ) ;
#2053 = ORIENTED_EDGE ( 'NONE', *, *, #4430, .F. ) ;
#2054 = AXIS2_PLACEMENT_3D ( 'NONE', #3263, #3233, #6632 ) ;
#2055 = DIRECTION ( 'NONE',  ( -0.5038710255240861358, -0.8637789008984333439, -0.000000000000000000 ) ) ;
#2056 = CARTESIAN_POINT ( 'NONE',  ( 43.45873412499998523, -18.00119707814146963, 5.249999998634406140 ) ) ;
#2057 = ORIENTED_EDGE ( 'NONE', *, *, #6410, .T. ) ;
#2058 = CARTESIAN_POINT ( 'NONE',  ( 20.49999999999998934, -9.759909745017585792, 25.00000000000000000 ) ) ;
#2059 = CARTESIAN_POINT ( 'NONE',  ( -11.49999999999999822, -21.74342645422166242, 26.00000000000000355 ) ) ;
#2060 = FACE_OUTER_BOUND ( 'NONE', #2167, .T. ) ;
#2061 = ORIENTED_EDGE ( 'NONE', *, *, #1976, .F. ) ;
#2062 = FACE_OUTER_BOUND ( 'NONE', #3361, .T. ) ;
#2063 = UNCERTAINTY_MEASURE_WITH_UNIT (LENGTH_MEASURE( 1.000000000000000082E-05 ), #5190, 'distance_accuracy_value', 'NONE');
#2064 = DIRECTION ( 'NONE',  ( -0.5038710255240861358, 0.8637789008984333439, -0.000000000000000000 ) ) ;
#2065 = CARTESIAN_POINT ( 'NONE',  ( 43.45873412499998523, -18.00119707814146963, 5.499999998634406140 ) ) ;
#2066 = CYLINDRICAL_SURFACE ( 'NONE', #2143, 1.000000000000000888 ) ;
#2067 = ADVANCED_FACE ( 'NONE', ( #6125 ), #4412, .F. ) ;
#2068 = LINE ( 'NONE', #382, #4121 ) ;
#2069 = CARTESIAN_POINT ( 'NONE',  ( -20.58772739167644517, -40.01724704680314204, 12.32712631381964741 ) ) ;
#2070 = CARTESIAN_POINT ( 'NONE',  ( 19.49937519880416303, -39.44330573574922028, 9.798748935751675049 ) ) ;
#2071 = ORIENTED_EDGE ( 'NONE', *, *, #2744, .T. ) ;
#2072 = CARTESIAN_POINT ( 'NONE',  ( -2.415797664552317148, -12.76160227207007836, 27.00000000000000000 ) ) ;
#2073 = CARTESIAN_POINT ( 'NONE',  ( -18.22539674441620505, -43.99999999999999289, 4.687500000000000888 ) ) ;
#2074 = EDGE_CURVE ( 'NONE', #1202, #5074, #2129, .T. ) ;
#2075 = ADVANCED_FACE ( 'NONE', ( #41 ), #6698, .T. ) ;
#2076 = CARTESIAN_POINT ( 'NONE',  ( 2.741036999120819218, -4.743426454221664201, 26.99999999999999645 ) ) ;
#2077 = EDGE_LOOP ( 'NONE', ( #7208, #1417, #2927, #5289 ) ) ;
#2078 = CARTESIAN_POINT ( 'NONE',  ( -23.78638288774926579, -37.01674981298881306, 7.257615259379114114 ) ) ;
#2079 = CARTESIAN_POINT ( 'NONE',  ( 29.99999999999998934, -4.743426454221657984, 27.00000000000000355 ) ) ;
#2080 = DIRECTION ( 'NONE',  ( -0.000000000000000000, -0.000000000000000000, 1.000000000000000000 ) ) ;
#2081 = LINE ( 'NONE', #4227, #4371 ) ;
#2082 = CARTESIAN_POINT ( 'NONE',  ( -25.27046344042179626, -12.74342645422165354, 27.00000000000000355 ) ) ;
#2083 = ORIENTED_EDGE ( 'NONE', *, *, #1986, .F. ) ;
#2084 = DIRECTION ( 'NONE',  ( -3.854941057726240562E-16, 1.000000000000000000, 0.000000000000000000 ) ) ;
#2085 = CARTESIAN_POINT ( 'NONE',  ( -10.48534831250881005, -4.743426454221657096, 27.00000000000000355 ) ) ;
#2086 = CARTESIAN_POINT ( 'NONE',  ( -26.95240027265110072, -36.03572984382418554, 11.10974168465598666 ) ) ;
#2087 = ORIENTED_EDGE ( 'NONE', *, *, #2015, .F. ) ;
#2088 = DIRECTION ( 'NONE',  ( -1.000000000000000000, 0.000000000000000000, 0.000000000000000000 ) ) ;
#2089 = CARTESIAN_POINT ( 'NONE',  ( -43.45873412499999944, -18.00119707814143410, 4.874999998634406140 ) ) ;
#2090 = DIRECTION ( 'NONE',  ( 1.000000000000000000, 0.000000000000000000, 0.000000000000000000 ) ) ;
#2091 = ORIENTED_EDGE ( 'NONE', *, *, #4593, .F. ) ;
#2092 = DIRECTION ( 'NONE',  ( 1.000000000000000000, -9.912705577010330480E-16, 0.000000000000000000 ) ) ;
#2093 = CARTESIAN_POINT ( 'NONE',  ( -31.00000000000000355, -9.999999999999991118, 18.00000000000000000 ) ) ;
#2094 = ORIENTED_EDGE ( 'NONE', *, *, #2912, .T. ) ;
#2095 = LINE ( 'NONE', #5951, #1970 ) ;
#2096 = DIRECTION ( 'NONE',  ( -0.000000000000000000, 0.000000000000000000, 1.000000000000000000 ) ) ;
#2097 = CARTESIAN_POINT ( 'NONE',  ( 2.661079982058854631E-15, 43.45873412499999233, 4.812499998634407028 ) ) ;
#2098 = DIRECTION ( 'NONE',  ( 1.000000000000000000, 0.000000000000000000, 0.000000000000000000 ) ) ;
#2099 = CARTESIAN_POINT ( 'NONE',  ( 22.04637162060486943, -38.07830745143734674, 13.97419442068544981 ) ) ;
#2100 = CARTESIAN_POINT ( 'NONE',  ( -19.50043571519245589, -39.92152933877982690, 10.21915337783156552 ) ) ;
#2101 = CARTESIAN_POINT ( 'NONE',  ( 22.50000000002245315, -37.81203512109589582, 6.999999999999991118 ) ) ;
#2102 = ORIENTED_EDGE ( 'NONE', *, *, #5096, .T. ) ;
#2103 = CARTESIAN_POINT ( 'NONE',  ( -12.64469364017773145, -14.70558821030462759, 27.00000000000000355 ) ) ;
#2104 = CARTESIAN_POINT ( 'NONE',  ( 18.22539674441618374, 44.00000000000000000, 4.187500000000000000 ) ) ;
#2105 = EDGE_CURVE ( 'NONE', #4627, #906, #624, .T. ) ;
#2106 = ADVANCED_BREP_SHAPE_REPRESENTATION ( '-Ёєь_яхЁхф (1)', ( #1156, #2519 ), #3450 ) ;
#2107 = CARTESIAN_POINT ( 'NONE',  ( -11.49999999999999822, -15.74342645422166598, 25.00000000000000000 ) ) ;
#2108 = VERTEX_POINT ( 'NONE', #2952 ) ;
#2109 = CARTESIAN_POINT ( 'NONE',  ( -25.22066603872198698, -36.05460874035274088, 8.439625453805541966 ) ) ;
#2110 = DIRECTION ( 'NONE',  ( -0.5038710255240854696, -0.8637789008984337880, 0.000000000000000000 ) ) ;
#2111 = CYLINDRICAL_SURFACE ( 'NONE', #4105, 2.121320343559641941 ) ;
#2112 = EDGE_CURVE ( 'NONE', #6592, #4851, #7189, .T. ) ;
#2113 = CARTESIAN_POINT ( 'NONE',  ( -4.581920054779083706, -9.354788838842790000, 26.00000000000000355 ) ) ;
#2114 = CARTESIAN_POINT ( 'NONE',  ( 43.45873412499999233, 0.000000000000000000, 1.312499998634406584 ) ) ;
#2115 = ADVANCED_FACE ( 'NONE', ( #914 ), #2044, .T. ) ;
#2116 = CARTESIAN_POINT ( 'NONE',  ( -24.00000000000001421, -13.75879159858598300, 27.00000000000000355 ) ) ;
#2117 = EDGE_LOOP ( 'NONE', ( #4288, #2614, #5377, #1729 ) ) ;
#2118 = CARTESIAN_POINT ( 'NONE',  ( -18.00119707814146608, -43.45873412499998523, 3.249999998634407472 ) ) ;
#2119 = CARTESIAN_POINT ( 'NONE',  ( -7.505503824297309556, -14.27182246590397874, 27.00000000000000000 ) ) ;
#2120 = CYLINDRICAL_SURFACE ( 'NONE', #1547, 44.00000000000000000 ) ;
#2121 = VERTEX_POINT ( 'NONE', #2623 ) ;
#2122 = ADVANCED_FACE ( 'NONE', ( #4736 ), #2111, .T. ) ;
#2123 = CARTESIAN_POINT ( 'NONE',  ( 28.07516404541423327, -4.743426454221659760, 27.00000000000000355 ) ) ;
#2124 = CARTESIAN_POINT ( 'NONE',  ( -43.45873412499999233, 5.322159964117709262E-15, 2.812499998634406584 ) ) ;
#2125 = VECTOR ( 'NONE', #5477, 1000.000000000000227 ) ;
#2126 =( BOUNDED_CURVE ( )  B_SPLINE_CURVE ( 3, ( #1147, #3362, #1032, #5582 ),
 .UNSPECIFIED., .F., .F. ) 
 B_SPLINE_CURVE_WITH_KNOTS ( ( 4, 4 ),
 ( 4.712388980384689674, 6.283185307179586232 ),
 .UNSPECIFIED. ) 
 CURVE ( )  GEOMETRIC_REPRESENTATION_ITEM ( )  RATIONAL_B_SPLINE_CURVE ( ( 1.000000000000000000, 0.8047378541243649375, 0.8047378541243649375, 1.000000000000000000 ) ) 
 REPRESENTATION_ITEM ( '' )  );
#2127 = CARTESIAN_POINT ( 'NONE',  ( -18.22539674441620861, -43.99999999999999289, 1.687500000000000000 ) ) ;
#2128 = VERTEX_POINT ( 'NONE', #946 ) ;
#2129 = CIRCLE ( 'NONE', #6194, 1.121320343559641941 ) ;
#2130 = DIRECTION ( 'NONE',  ( -1.000000000000000000, -1.156482317317870344E-15, 0.000000000000000000 ) ) ;
#2131 = CYLINDRICAL_SURFACE ( 'NONE', #3751, 44.00000000000000000 ) ;
#2132 = VERTEX_POINT ( 'NONE', #6950 ) ;
#2133 = DIRECTION ( 'NONE',  ( 1.000000000000000000, -8.177564888977969765E-16, 0.000000000000000000 ) ) ;
#2134 = DIRECTION ( 'NONE',  ( 0.5038710255240859137, -0.8637789008984334549, 0.000000000000000000 ) ) ;
#2135 = CARTESIAN_POINT ( 'NONE',  ( -30.72996560157071499, 30.72996560157071855, 4.937499998634407916 ) ) ;
#2136 = VECTOR ( 'NONE', #27, 1000.000000000000000 ) ;
#2137 = CARTESIAN_POINT ( 'NONE',  ( 44.00000000000000000, 18.22539674441618374, 4.937499997268813168 ) ) ;
#2138 = DIRECTION ( 'NONE',  ( 0.000000000000000000, -1.000000000000000000, 0.000000000000000000 ) ) ;
#2139 = CARTESIAN_POINT ( 'NONE',  ( -19.61090754641640288, -39.85299246107621229, 9.164064225630580651 ) ) ;
#2140 = CARTESIAN_POINT ( 'NONE',  ( 44.00000000000000000, 0.000000000000000000, 1.874999997268813390 ) ) ;
#2141 = ORIENTED_EDGE ( 'NONE', *, *, #4474, .F. ) ;
#2142 = CARTESIAN_POINT ( 'NONE',  ( -3.695381105324847315, -12.54561724933056510, 27.00000000000000355 ) ) ;
#2143 = AXIS2_PLACEMENT_3D ( 'NONE', #4283, #6495, #1519 ) ;
#2144 = CARTESIAN_POINT ( 'NONE',  ( 4.000000000000000000, 15.00000000000000000, 18.00000000000000000 ) ) ;
#2145 = ADVANCED_FACE ( 'NONE', ( #1420 ), #6436, .F. ) ;
#2146 = PLANE ( 'NONE',  #5751 ) ;
#2147 = ORIENTED_EDGE ( 'NONE', *, *, #5580, .T. ) ;
#2148 = DIRECTION ( 'NONE',  ( 0.000000000000000000, -0.000000000000000000, -1.000000000000000000 ) ) ;
#2149 = DIRECTION ( 'NONE',  ( 0.5038710255240854696, 0.8637789008984337880, -0.000000000000000000 ) ) ;
#2150 = CARTESIAN_POINT ( 'NONE',  ( -20.50000000000002842, -3.743426454221659760, 26.00000000000000355 ) ) ;
#2151 = VECTOR ( 'NONE', #2710, 1000.000000000000000 ) ;
#2152 = FACE_OUTER_BOUND ( 'NONE', #6256, .T. ) ;
#2153 = CARTESIAN_POINT ( 'NONE',  ( -43.45873412499999233, 18.00119707814145187, 4.749999998634407028 ) ) ;
#2154 = VECTOR ( 'NONE', #1286, 1000.000000000000114 ) ;
#2155 = AXIS2_PLACEMENT_3D ( 'NONE', #4013, #802, #253 ) ;
#2156 = EDGE_CURVE ( 'NONE', #1029, #5040, #3680, .T. ) ;
#2157 = ORIENTED_EDGE ( 'NONE', *, *, #463, .T. ) ;
#2158 = CARTESIAN_POINT ( 'NONE',  ( 18.00119707814144832, -43.45873412499998523, 2.374999998634407028 ) ) ;
#2159 = CARTESIAN_POINT ( 'NONE',  ( 25.27362244189779972, -37.23321696008133586, 6.658249270972601330 ) ) ;
#2160 = ORIENTED_EDGE ( 'NONE', *, *, #1312, .T. ) ;
#2161 = CARTESIAN_POINT ( 'NONE',  ( 20.16036440641512328, -39.50233274753362167, 11.88762407718488845 ) ) ;
#2162 = CARTESIAN_POINT ( 'NONE',  ( 18.00119707814145187, -43.45873412499998523, 5.124999998634406140 ) ) ;
#2163 = VECTOR ( 'NONE', #2110, 1000.000000000000114 ) ;
#2164 = EDGE_CURVE ( 'NONE', #122, #1982, #357, .T. ) ;
#2165 = EDGE_CURVE ( 'NONE', #868, #4584, #4330, .T. ) ;
#2166 = CARTESIAN_POINT ( 'NONE',  ( -8.949538567781235798, 9.070761775289389206, 26.00000000000000355 ) ) ;
#2167 = EDGE_LOOP ( 'NONE', ( #1742, #6147, #6137, #6844 ) ) ;
#2168 = AXIS2_PLACEMENT_3D ( 'NONE', #4379, #3429, #5031 ) ;
#2169 = CARTESIAN_POINT ( 'NONE',  ( 25.04445473112624754, -36.17734088893224964, 8.197967593977082856 ) ) ;
#2170 = LINE ( 'NONE', #2093, #1653 ) ;
#2171 = ORIENTED_EDGE ( 'NONE', *, *, #4838, .F. ) ;
#2172 = CARTESIAN_POINT ( 'NONE',  ( 22.10648544016904893, 26.50000000000000000, 18.00000000000000000 ) ) ;
#2173 = PLANE ( 'NONE',  #3093 ) ;
#2174 = CARTESIAN_POINT ( 'NONE',  ( -43.45873412499999233, 18.00119707814145187, 2.999999998634406584 ) ) ;
#2175 =( BOUNDED_CURVE ( )  B_SPLINE_CURVE ( 3, ( #4611, #5848, #1298, #6825 ),
 .UNSPECIFIED., .F., .F. ) 
 B_SPLINE_CURVE_WITH_KNOTS ( ( 4, 4 ),
 ( 1.570796326794896558, 3.141592653589793116 ),
 .UNSPECIFIED. ) 
 CURVE ( )  GEOMETRIC_REPRESENTATION_ITEM ( )  RATIONAL_B_SPLINE_CURVE ( ( 1.000000000000000000, 0.8047378541243649375, 0.8047378541243649375, 1.000000000000000000 ) ) 
 REPRESENTATION_ITEM ( '' )  );
#2176 = FACE_OUTER_BOUND ( 'NONE', #4058, .T. ) ;
#2177 = CARTESIAN_POINT ( 'NONE',  ( 11.50000000000000355, -3.743426454221663757, 25.99999999999999645 ) ) ;
#2178 = CARTESIAN_POINT ( 'NONE',  ( -19.52418796265922296, -39.90689267584917133, 10.43479839046651669 ) ) ;
#2179 = CARTESIAN_POINT ( 'NONE',  ( 22.50000000000000000, -37.81203512110926113, 13.00000000000000178 ) ) ;
#2180 = EDGE_LOOP ( 'NONE', ( #4452, #2000, #6126, #3055 ) ) ;
#2181 = CARTESIAN_POINT ( 'NONE',  ( -7.614761294939643932, -14.32971209672044743, 27.00000000000000355 ) ) ;
#2182 = DIRECTION ( 'NONE',  ( -4.336808689942013792E-16, -1.000000000000000000, 0.000000000000000000 ) ) ;
#2183 = PLANE ( 'NONE',  #4586 ) ;
#2184 = ORIENTED_EDGE ( 'NONE', *, *, #57, .T. ) ;
#2185 = DIRECTION ( 'NONE',  ( 0.000000000000000000, -1.000000000000000000, 0.000000000000000000 ) ) ;
#2186 = DIRECTION ( 'NONE',  ( 1.000000000000000000, 2.312964634635740689E-15, 0.000000000000000000 ) ) ;
#2187 = CARTESIAN_POINT ( 'NONE',  ( -44.00000000000000000, 5.388445916248353619E-15, 3.374999997268813612 ) ) ;
#2188 = CARTESIAN_POINT ( 'NONE',  ( -43.71637213330513561, 5.759515323017793342, 20.00000000000000355 ) ) ;
#2189 = CARTESIAN_POINT ( 'NONE',  ( -18.00119707814146608, -43.45873412499998523, 1.999999998634406806 ) ) ;
#2190 = VERTEX_POINT ( 'NONE', #838 ) ;
#2191 = CARTESIAN_POINT ( 'NONE',  ( -43.45873412499999944, -18.00119707814143410, 2.124999998634406584 ) ) ;
#2192 = CARTESIAN_POINT ( 'NONE',  ( 25.34329500189168982, -37.20720454334956884, 8.830074859161500811 ) ) ;
#2193 = CARTESIAN_POINT ( 'NONE',  ( 31.11269837220808299, -31.11269837220809364, 1.749999997268813390 ) ) ;
#2194 = ORIENTED_EDGE ( 'NONE', *, *, #4080, .T. ) ;
#2195 = CARTESIAN_POINT ( 'NONE',  ( 4.000000000000000000, -14.99999999999999822, 18.00000000000000000 ) ) ;
#2196 = CARTESIAN_POINT ( 'NONE',  ( -9.647624148310093517, -7.327725786380875128, 26.00000000000000355 ) ) ;
#2197 = CARTESIAN_POINT ( 'NONE',  ( 4.000000000000000000, -9.999999999999998224, 18.00000000000000000 ) ) ;
#2198 = EDGE_CURVE ( 'NONE', #7147, #3367, #2583, .T. ) ;
#2199 = DIRECTION ( 'NONE',  ( 0.000000000000000000, 1.000000000000000000, 0.000000000000000000 ) ) ;
#2200 = EDGE_LOOP ( 'NONE', ( #1579, #6202, #4609, #7028 ) ) ;
#2201 = CARTESIAN_POINT ( 'NONE',  ( -17.00000000000001421, -21.74342645422166242, 27.00000000000000355 ) ) ;
#2202 = DIRECTION ( 'NONE',  ( 1.000000000000000000, 0.000000000000000000, 0.000000000000000000 ) ) ;
#2203 = VERTEX_POINT ( 'NONE', #3062 ) ;
#2204 = CARTESIAN_POINT ( 'NONE',  ( -25.46828137312807527, -37.13639813498526365, 9.330601576869886671 ) ) ;
#2205 = CARTESIAN_POINT ( 'NONE',  ( 30.72996560157071144, -30.72996560157072565, 1.437499998634406584 ) ) ;
#2206 = ADVANCED_FACE ( 'NONE', ( #4846 ), #6399, .F. ) ;
#2207 = ADVANCED_FACE ( 'NONE', ( #7098 ), #4767, .T. ) ;
#2208 = DIRECTION ( 'NONE',  ( -0.8637789008984334549, 0.5038710255240861358, 0.000000000000000000 ) ) ;
#2209 = CARTESIAN_POINT ( 'NONE',  ( -25.50000000000000355, 27.50000000000000000, 18.00000000000000000 ) ) ;
#2210 =( BOUNDED_SURFACE ( )  B_SPLINE_SURFACE ( 1, 2, ( 
 ( #2218, #4916, #4405, #2697, #2769, #581, #7135, #3895, #4368, #3346, #5602, #1021, #6581, #1604, #6044, #617, #4437, #3933, #3821, #3381, #71, #1058, #3277, #1167, #5495, #2295, #3246, #3310, #6612, #6116, #509, #2735, #6544, #5532, #4987, #4954, #6010, #5462, #7176, #475, #2187, #1675, #1637, #3858, #1132, #5567, #2807, #5021, #33, #2258, #6688, #1713, #6149, #6418, #3013, #3969, #6355, #1993, #3083, #790, #5813, #3661, #5335, #1375, #273, #2498, #1920, #4721, #312, #1442, #6936, #6860, #4211, #5231, #2977, #5197, #4642, #5886, #4103, #1205, #6386 ),
 ( #3121, #899, #859, #822, #1958, #344, #204, #4180, #1407, #4145, #3592, #3556, #1879, #3046, #6724, #4515, #238, #2459, #1748, #6182, #5265, #3622, #5849, #5303, #2424, #2535, #3419, #4755, #6972, #5779, #6314, #5642, #1336, #660, #4678, #6896, #4317, #1480, #970, #2174, #1006, #4282, #2569, #2024, #5370, #4938, #3698, #7004, #3191, #5919, #933, #6530, #3155, #3295, #378, #493, #7120, #7081, #1553, #1518, #2605, #3771, #4787, #4247, #5409, #422, #3840, #6063, #2097, #5994, #2135, #3231, #4828, #5446, #6458, #4353, #461, #3733, #7045, #2065, #6494 ) ),
 .UNSPECIFIED., .F., .F., .F. ) 
 B_SPLINE_SURFACE_WITH_KNOTS ( ( 2, 2 ),
 ( 3, 2, 2, 2, 2, 2, 2, 2, 2, 2, 2, 2, 2, 2, 2, 2, 2, 2, 2, 2, 2, 2, 2, 2, 2, 2, 2, 2, 2, 2, 2, 2, 2, 2, 2, 2, 2, 2, 2, 2, 3 ),
 ( 0.000000000000000000, 1.000000000000000000 ),
 ( 0.000000000000000000, 0.02500000000000000139, 0.05000000000000000278, 0.07499999999999999722, 0.1000000000000000056, 0.1250000000000000000, 0.1499999999999999944, 0.1749999999999999889, 0.2000000000000000111, 0.2250000000000000056, 0.2500000000000000000, 0.2750000000000000222, 0.2999999999999999889, 0.3250000000000000111, 0.3499999999999999778, 0.3750000000000000000, 0.4000000000000000222, 0.4249999999999999889, 0.4500000000000000111, 0.4749999999999999778, 0.5000000000000000000, 0.5250000000000000222, 0.5500000000000000444, 0.5749999999999999556, 0.5999999999999999778, 0.6250000000000000000, 0.6500000000000000222, 0.6750000000000000444, 0.6999999999999999556, 0.7249999999999999778, 0.7500000000000000000, 0.7750000000000000222, 0.8000000000000000444, 0.8249999999999999556, 0.8499999999999999778, 0.8750000000000000000, 0.9000000000000000222, 0.9250000000000000444, 0.9499999999999999556, 0.9749999999999999778, 1.000000000000000000 ),
 .UNSPECIFIED. ) 
 GEOMETRIC_REPRESENTATION_ITEM ( )  RATIONAL_B_SPLINE_SURFACE ( (
 ( 1.000000000000000000, 0.9238795325112867385, 1.000000000000000000, 0.9238795325112867385, 1.000000000000000000, 0.9238795325112867385, 1.000000000000000000, 0.9238795325112867385, 1.000000000000000000, 0.9238795325112867385, 1.000000000000000000, 0.9238795325112867385, 1.000000000000000000, 0.9238795325112867385, 1.000000000000000000, 0.9238795325112867385, 1.000000000000000000, 0.9238795325112867385, 1.000000000000000000, 0.9238795325112867385, 1.000000000000000000, 0.9238795325112867385, 1.000000000000000000, 0.9238795325112867385, 1.000000000000000000, 0.9238795325112867385, 1.000000000000000000, 0.9238795325112867385, 1.000000000000000000, 0.9238795325112867385, 1.000000000000000000, 0.9238795325112867385, 1.000000000000000000, 0.9238795325112867385, 1.000000000000000000, 0.9238795325112867385, 1.000000000000000000, 0.9238795325112867385, 1.000000000000000000, 0.9238795325112867385, 1.000000000000000000, 0.9238795325112867385, 1.000000000000000000, 0.9238795325112867385, 1.000000000000000000, 0.9238795325112867385, 1.000000000000000000, 0.9238795325112867385, 1.000000000000000000, 0.9238795325112867385, 1.000000000000000000, 0.9238795325112867385, 1.000000000000000000, 0.9238795325112867385, 1.000000000000000000, 0.9238795325112867385, 1.000000000000000000, 0.9238795325112867385, 1.000000000000000000, 0.9238795325112867385, 1.000000000000000000, 0.9238795325112867385, 1.000000000000000000, 0.9238795325112867385, 1.000000000000000000, 0.9238795325112867385, 1.000000000000000000, 0.9238795325112867385, 1.000000000000000000, 0.9238795325112867385, 1.000000000000000000, 0.9238795325112867385, 1.000000000000000000, 0.9238795325112867385, 1.000000000000000000, 0.9238795325112867385, 1.000000000000000000, 0.9238795325112867385, 1.000000000000000000, 0.9238795325112867385, 1.000000000000000000),
 ( 1.000000000000000000, 0.9238795325112867385, 1.000000000000000000, 0.9238795325112867385, 1.000000000000000000, 0.9238795325112867385, 1.000000000000000000, 0.9238795325112867385, 1.000000000000000000, 0.9238795325112867385, 1.000000000000000000, 0.9238795325112867385, 1.000000000000000000, 0.9238795325112867385, 1.000000000000000000, 0.9238795325112867385, 1.000000000000000000, 0.9238795325112867385, 1.000000000000000000, 0.9238795325112867385, 1.000000000000000000, 0.9238795325112867385, 1.000000000000000000, 0.9238795325112867385, 1.000000000000000000, 0.9238795325112867385, 1.000000000000000000, 0.9238795325112867385, 1.000000000000000000, 0.9238795325112867385, 1.000000000000000000, 0.9238795325112867385, 1.000000000000000000, 0.9238795325112867385, 1.000000000000000000, 0.9238795325112867385, 1.000000000000000000, 0.9238795325112867385, 1.000000000000000000, 0.9238795325112867385, 1.000000000000000000, 0.9238795325112867385, 1.000000000000000000, 0.9238795325112867385, 1.000000000000000000, 0.9238795325112867385, 1.000000000000000000, 0.9238795325112867385, 1.000000000000000000, 0.9238795325112867385, 1.000000000000000000, 0.9238795325112867385, 1.000000000000000000, 0.9238795325112867385, 1.000000000000000000, 0.9238795325112867385, 1.000000000000000000, 0.9238795325112867385, 1.000000000000000000, 0.9238795325112867385, 1.000000000000000000, 0.9238795325112867385, 1.000000000000000000, 0.9238795325112867385, 1.000000000000000000, 0.9238795325112867385, 1.000000000000000000, 0.9238795325112867385, 1.000000000000000000, 0.9238795325112867385, 1.000000000000000000, 0.9238795325112867385, 1.000000000000000000, 0.9238795325112867385, 1.000000000000000000, 0.9238795325112867385, 1.000000000000000000, 0.9238795325112867385, 1.000000000000000000, 0.9238795325112867385, 1.000000000000000000) ) ) 
 REPRESENTATION_ITEM ( '' )  SURFACE ( )  );
#2211 = DIRECTION ( 'NONE',  ( -1.000000000000000000, 0.000000000000000000, -0.000000000000000000 ) ) ;
#2212 = DIRECTION ( 'NONE',  ( -1.000000000000000000, 0.000000000000000000, -0.000000000000000000 ) ) ;
#2213 = VERTEX_POINT ( 'NONE', #3747 ) ;
#2214 = CARTESIAN_POINT ( 'NONE',  ( 22.10419426309604063, -39.19823300110734010, 6.990269332952808945 ) ) ;
#2215 = CYLINDRICAL_SURFACE ( 'NONE', #6441, 1.000000000000000888 ) ;
#2216 = ORIENTED_EDGE ( 'NONE', *, *, #2829, .F. ) ;
#2217 = CARTESIAN_POINT ( 'NONE',  ( -1.000000000000000888, -9.743426454221660649, 25.00000000000000000 ) ) ;
#2218 = CARTESIAN_POINT ( 'NONE',  ( 44.00000000000000000, 0.000000000000000000, 0.8749999972688132788 ) ) ;
#2219 = CARTESIAN_POINT ( 'NONE',  ( 26.83955084308088956, 34.98473552558841249, 19.99999999999999289 ) ) ;
#2220 = CARTESIAN_POINT ( 'NONE',  ( 30.72996560157071855, 30.72996560157071855, 3.437499998634406584 ) ) ;
#2221 = B_SPLINE_CURVE_WITH_KNOTS ( 'NONE', 3,
 ( #793, #864, #6830, #1411, #827, #4647, #3051, #1996, #3518, #279, #2502, #6902, #1924, #6864, #757, #4149, #2940, #718, #3560, #6319, #1449, #3667, #4725, #1961, #5783, #3626, #210, #4183, #3088, #4758, #5306, #314 ),
 .UNSPECIFIED., .F., .F.,
 ( 4, 2, 2, 2, 2, 2, 2, 2, 2, 2, 2, 2, 2, 2, 2, 4 ),
 ( 5.506372013301484282E-05, 0.001792448355124971401, 0.003529832990116928224, 0.004398525307612905985, 0.005267217625108885047, 0.006135909942604863242, 0.007004602260100841436, 0.007438948418848831401, 0.007873294577596822233, 0.008741986895092803897, 0.009610679212588785561, 0.01047937153008476723, 0.01134806384758074889, 0.01221675616507672882, 0.01308544848257271048, 0.01395414080006869215 ),
 .UNSPECIFIED. ) ;
#2222 = ORIENTED_EDGE ( 'NONE', *, *, #1085, .T. ) ;
#2223 = ORIENTED_EDGE ( 'NONE', *, *, #3040, .F. ) ;
#2224 = CARTESIAN_POINT ( 'NONE',  ( -30.72996560157072565, -30.72996560157071499, 3.187499998634407028 ) ) ;
#2225 = CARTESIAN_POINT ( 'NONE',  ( 25.50078845613886713, -37.12671900833744587, 9.706122156741816553 ) ) ;
#2226 = CARTESIAN_POINT ( 'NONE',  ( -5.349242404917498028, -15.74342645422166598, 25.00000000000000000 ) ) ;
#2227 = ORIENTED_EDGE ( 'NONE', *, *, #5973, .T. ) ;
#2228 = FACE_OUTER_BOUND ( 'NONE', #6578, .T. ) ;
#2229 = CARTESIAN_POINT ( 'NONE',  ( -4.516934043265015575, -9.539250374970370316, 26.00000000000000355 ) ) ;
#2230 = CARTESIAN_POINT ( 'NONE',  ( -5.877523733362672077E-16, -4.743426454221664201, 26.99999999999999645 ) ) ;
#2231 = VERTEX_POINT ( 'NONE', #1459 ) ;
#2232 = CARTESIAN_POINT ( 'NONE',  ( 0.000000000000000000, 0.000000000000000000, 15.00000000000000000 ) ) ;
#2233 = ORIENTED_EDGE ( 'NONE', *, *, #6072, .T. ) ;
#2234 = EDGE_CURVE ( 'NONE', #6555, #3689, #5968, .T. ) ;
#2235 = CARTESIAN_POINT ( 'NONE',  ( 25.06362084284953795, -36.16405917689195348, 11.77816890241576075 ) ) ;
#2236 = DIRECTION ( 'NONE',  ( 0.5038710255240855806, -0.8637789008984336769, 0.000000000000000000 ) ) ;
#2237 = VERTEX_POINT ( 'NONE', #2150 ) ;
#2238 = VECTOR ( 'NONE', #2689, 1000.000000000000114 ) ;
#2239 = CARTESIAN_POINT ( 'NONE',  ( -25.47783339030587157, -37.13226428710225235, 9.401932075390961430 ) ) ;
#2240 = CARTESIAN_POINT ( 'NONE',  ( -43.45873412499999233, 5.322159964117709262E-15, 2.062499998634406584 ) ) ;
#2241 = EDGE_CURVE ( 'NONE', #1429, #6726, #4478, .T. ) ;
#2242 = AXIS2_PLACEMENT_3D ( 'NONE', #5914, #3258, #929 ) ;
#2243 = DIRECTION ( 'NONE',  ( -1.000000000000000000, 0.000000000000000000, 0.000000000000000000 ) ) ;
#2244 = CARTESIAN_POINT ( 'NONE',  ( -29.50000000000000000, 10.00000000000000178, 18.00000000000000000 ) ) ;
#2245 = EDGE_CURVE ( 'NONE', #214, #148, #3879, .T. ) ;
#2246 = CARTESIAN_POINT ( 'NONE',  ( -21.11416443541235921, -38.85596469052384805, 7.311779080510208750 ) ) ;
#2247 = CARTESIAN_POINT ( 'NONE',  ( 10.05055856827024741, 6.949538567781225140, 26.00000000000000355 ) ) ;
#2248 = EDGE_LOOP ( 'NONE', ( #1289, #4764, #7173, #5220 ) ) ;
#2249 = CARTESIAN_POINT ( 'NONE',  ( 19.65559395737213677, -40.48515085200261154, 9.014924332706582888 ) ) ;
#2250 = AXIS2_PLACEMENT_3D ( 'NONE', #4390, #6598, #1075 ) ;
#2251 = FACE_OUTER_BOUND ( 'NONE', #1963, .T. ) ;
#2252 = AXIS2_PLACEMENT_3D ( 'NONE', #5815, #3593, #3624 ) ;
#2253 = ADVANCED_FACE ( 'NONE', ( #6648 ), #2210, .F. ) ;
#2254 = ADVANCED_FACE ( 'NONE', ( #5953 ), #2647, .T. ) ;
#2255 = CARTESIAN_POINT ( 'NONE',  ( 23.99999999999998934, -9.759909745017587568, 27.00000000000000355 ) ) ;
#2256 = ORIENTED_EDGE ( 'NONE', *, *, #5806, .F. ) ;
#2257 = LINE ( 'NONE', #3893, #389 ) ;
#2258 = CARTESIAN_POINT ( 'NONE',  ( 44.00000000000000000, 18.22539674441618374, 3.937499997268813168 ) ) ;
#2259 = CARTESIAN_POINT ( 'NONE',  ( 33.14901971886402521, 29.07637702555215142, 19.99999999999999645 ) ) ;
#2260 = CARTESIAN_POINT ( 'NONE',  ( 44.00000000000000000, 0.000000000000000000, 0.000000000000000000 ) ) ;
#2261 = CIRCLE ( 'NONE', #4239, 1.000000000000002220 ) ;
#2262 = ORIENTED_EDGE ( 'NONE', *, *, #3948, .T. ) ;
#2263 = ORIENTED_EDGE ( 'NONE', *, *, #5257, .F. ) ;
#2264 = CARTESIAN_POINT ( 'NONE',  ( -43.45873412499999233, 5.322159964117709262E-15, 5.062499998634407916 ) ) ;
#2265 = AXIS2_PLACEMENT_3D ( 'NONE', #6094, #2199, #3256 ) ;
#2266 = CARTESIAN_POINT ( 'NONE',  ( 27.10407563196577030, -35.92170907001032276, 10.07719934396116024 ) ) ;
#2267 = CARTESIAN_POINT ( 'NONE',  ( 0.000000000000000000, 0.000000000000000000, 15.00000000000000000 ) ) ;
#2268 = ORIENTED_EDGE ( 'NONE', *, *, #5398, .T. ) ;
#2269 = DIRECTION ( 'NONE',  ( -0.000000000000000000, 0.000000000000000000, -1.000000000000000000 ) ) ;
#2270 = CARTESIAN_POINT ( 'NONE',  ( -9.231191435535560430, -7.373048671244466057, 26.00000000000000355 ) ) ;
#2271 = LINE ( 'NONE', #5654, #2728 ) ;
#2272 = CIRCLE ( 'NONE', #4137, 1.000000000000003331 ) ;
#2273 = ORIENTED_EDGE ( 'NONE', *, *, #4593, .T. ) ;
#2274 = CARTESIAN_POINT ( 'NONE',  ( -31.11269837220808654, 31.11269837220809364, 2.375000000000000000 ) ) ;
#2275 = CARTESIAN_POINT ( 'NONE',  ( 20.49999999999999289, -3.743426454221659316, 26.00000000000000355 ) ) ;
#2276 = CARTESIAN_POINT ( 'NONE',  ( 25.16183333084859797, -36.09568088298405542, 8.351592885588505766 ) ) ;
#2277 = DIRECTION ( 'NONE',  ( 1.000000000000000000, 0.000000000000000000, 0.000000000000000000 ) ) ;
#2278 = VERTEX_POINT ( 'NONE', #6029 ) ;
#2279 = AXIS2_PLACEMENT_3D ( 'NONE', #4216, #1300, #2981 ) ;
#2280 = CARTESIAN_POINT ( 'NONE',  ( -21.83766142008107281, -38.32478821212833964, 7.068167489233129430 ) ) ;
#2281 = CARTESIAN_POINT ( 'NONE',  ( -30.72996560157071499, 30.72996560157071855, 2.937499998634406584 ) ) ;
#2282 = AXIS2_PLACEMENT_3D ( 'NONE', #3261, #4901, #1005 ) ;
#2283 =( LENGTH_UNIT ( ) NAMED_UNIT ( * ) SI_UNIT ( .MILLI., .METRE. ) );
#2284 = CARTESIAN_POINT ( 'NONE',  ( 44.00000000000000000, 5.388445916248352830E-15, 20.00000000000000000 ) ) ;
#2285 = CARTESIAN_POINT ( 'NONE',  ( -19.39547131094028742, -40.60581654515367234, 8.108571730693311608 ) ) ;
#2286 = LINE ( 'NONE', #3374, #6995 ) ;
#2287 = ORIENTED_EDGE ( 'NONE', *, *, #6152, .F. ) ;
#2288 = CARTESIAN_POINT ( 'NONE',  ( 22.41562704457244593, -39.02076947191806511, 6.034929733431398269 ) ) ;
#2289 = AXIS2_PLACEMENT_3D ( 'NONE', #1471, #4892, #4308 ) ;
#2290 = DIRECTION ( 'NONE',  ( 1.000000000000000000, 0.000000000000000000, 0.000000000000000000 ) ) ;
#2291 = ADVANCED_FACE ( 'NONE', ( #1592 ), #4902, .T. ) ;
#2292 = PLANE ( 'NONE',  #285 ) ;
#2293 = ORIENTED_EDGE ( 'NONE', *, *, #4771, .T. ) ;
#2294 = CARTESIAN_POINT ( 'NONE',  ( -19.80872509284576921, -40.40572809373845331, 12.49244623889646100 ) ) ;
#2295 = CARTESIAN_POINT ( 'NONE',  ( -44.00000000000001421, -18.22539674441618018, 2.437499997268814056 ) ) ;
#2296 = CARTESIAN_POINT ( 'NONE',  ( 43.45873412499999233, 0.000000000000000000, 2.312499998634406584 ) ) ;
#2297 = AXIS2_PLACEMENT_3D ( 'NONE', #4863, #4785, #2133 ) ;
#2298 = EDGE_CURVE ( 'NONE', #608, #3950, #5274, .T. ) ;
#2299 = ADVANCED_FACE ( 'NONE', ( #5480 ), #2719, .T. ) ;
#2300 = ORIENTED_EDGE ( 'NONE', *, *, #1410, .F. ) ;
#2301 = ORIENTED_EDGE ( 'NONE', *, *, #1936, .F. ) ;
#2302 = CARTESIAN_POINT ( 'NONE',  ( 23.99999999999999289, -15.74342645422166598, 26.00000000000000355 ) ) ;
#2303 = CARTESIAN_POINT ( 'NONE',  ( 25.50000923261227115, -37.13204215253968243, 9.975509031764687506 ) ) ;
#2304 = CARTESIAN_POINT ( 'NONE',  ( -26.00286860110435327, -36.72743276515562627, 12.74022914009500518 ) ) ;
#2305 = ORIENTED_EDGE ( 'NONE', *, *, #783, .T. ) ;
#2306 = DIRECTION ( 'NONE',  ( 0.000000000000000000, -1.000000000000000000, 0.000000000000000000 ) ) ;
#2307 = CARTESIAN_POINT ( 'NONE',  ( -5.287117308266133797, -8.586659958419875949, 27.00000000000000000 ) ) ;
#2308 = CARTESIAN_POINT ( 'NONE',  ( 1.721161137629196203, -21.32921289184856661, 26.99999999999999645 ) ) ;
#2309 = ORIENTED_EDGE ( 'NONE', *, *, #5580, .F. ) ;
#2310 = DIRECTION ( 'NONE',  ( 0.000000000000000000, -1.000000000000000000, 0.000000000000000000 ) ) ;
#2311 = VERTEX_POINT ( 'NONE', #6204 ) ;
#2312 = CARTESIAN_POINT ( 'NONE',  ( 22.86407699275451222, -37.59539160243222966, 13.00000000000022737 ) ) ;
#2313 = DIRECTION ( 'NONE',  ( -0.5028399777920260494, 0.8643795212371211401, 0.000000000000000000 ) ) ;
#2314 = ORIENTED_EDGE ( 'NONE', *, *, #721, .T. ) ;
#2315 = ORIENTED_EDGE ( 'NONE', *, *, #3948, .F. ) ;
#2316 = CARTESIAN_POINT ( 'NONE',  ( -25.63043913014858433, -36.98827631442615882, 6.916998976242013875 ) ) ;
#2317 = CARTESIAN_POINT ( 'NONE',  ( -30.72996560157071499, 30.72996560157071855, 0.9374999986344066949 ) ) ;
#2318 = B_SPLINE_CURVE_WITH_KNOTS ( 'NONE', 3,
 ( #2166, #5510, #6165, #4417, #563, #485, #1068, #4382, #3914, #632 ),
 .UNSPECIFIED., .F., .F.,
 ( 4, 2, 2, 2, 4 ),
 ( 0.000000000000000000, 0.0004143485489478894077, 0.0008286970978957788154, 0.001243045646843668169, 0.001657394195791557631 ),
 .UNSPECIFIED. ) ;
#2319 = LINE ( 'NONE', #4538, #1446 ) ;
#2320 = CARTESIAN_POINT ( 'NONE',  ( -1.499999999999997558, -27.50000000000000000, 18.00000000000000000 ) ) ;
#2321 = ORIENTED_EDGE ( 'NONE', *, *, #4704, .F. ) ;
#2322 = CARTESIAN_POINT ( 'NONE',  ( 21.51923781843365546, -38.56108758230857347, 7.158384024900410481 ) ) ;
#2323 = B_SPLINE_CURVE_WITH_KNOTS ( 'NONE', 3,
 ( #427, #4249, #3123, #1995, #3234, #2650, #1445, #4215, #3157, #3666, #5890, #1520, #901, #3265, #4790, #464, #1483, #5448, #6571, #5956, #7009, #2028, #1595, #6032, #6462, #935, #4356, #5374, #5483, #6421, #4870, #2610, #4319, #4833 ),
 .UNSPECIFIED., .F., .F.,
 ( 4, 2, 2, 2, 2, 2, 2, 2, 2, 2, 2, 2, 2, 2, 2, 2, 4 ),
 ( 0.000000000000000000, 0.03125000000000005551, 0.06250000000000009714, 0.09375000000000009714, 0.1250000000000000833, 0.1562500000000000555, 0.1875000000000000000, 0.2187500000000000000, 0.2500000000000000000, 0.2812500000000000000, 0.3125000000000000000, 0.3437500000000000000, 0.3750000000000000000, 0.4062500000000000000, 0.4375000000000000000, 0.4687500000000000000, 0.5000000000000000000 ),
 .UNSPECIFIED. ) ;
#2324 = CARTESIAN_POINT ( 'NONE',  ( -14.99999999999999822, -21.74342645422166242, 26.00000000000000355 ) ) ;
#2325 = CARTESIAN_POINT ( 'NONE',  ( -27.50000000000001421, -21.74342645422166953, 27.00000000000000355 ) ) ;
#2326 = ORIENTED_EDGE ( 'NONE', *, *, #297, .T. ) ;
#2327 = CARTESIAN_POINT ( 'NONE',  ( 16.00000000000000000, 20.00000000000000000, 25.00000000000000000 ) ) ;
#2328 = EDGE_CURVE ( 'NONE', #4727, #1429, #3699, .T. ) ;
#2329 = CARTESIAN_POINT ( 'NONE',  ( 44.00000000000000000, 18.22539674441618374, 1.062500000000000222 ) ) ;
#2330 = ORIENTED_EDGE ( 'NONE', *, *, #5187, .F. ) ;
#2331 = ORIENTED_EDGE ( 'NONE', *, *, #432, .F. ) ;
#2332 = EDGE_CURVE ( 'NONE', #6721, #2826, #1154, .T. ) ;
#2333 = DIRECTION ( 'NONE',  ( 0.8660254037844404840, -0.000000000000000000, 0.4999999999999967804 ) ) ;
#2334 = CARTESIAN_POINT ( 'NONE',  ( 43.45873412499999233, 18.00119707814144121, 0.3749999986344065839 ) ) ;
#2335 = DIRECTION ( 'NONE',  ( 0.000000000000000000, -0.000000000000000000, 1.000000000000000000 ) ) ;
#2336 = CARTESIAN_POINT ( 'NONE',  ( -11.75019857661350287, -6.226026871495041526, 27.00000000000000355 ) ) ;
#2337 = CARTESIAN_POINT ( 'NONE',  ( -11.49999999999999822, -12.24342645422166242, 26.00000000000000355 ) ) ;
#2338 = EDGE_CURVE ( 'NONE', #2930, #7192, #6088, .T. ) ;
#2339 = FACE_OUTER_BOUND ( 'NONE', #6375, .T. ) ;
#2340 = DIRECTION ( 'NONE',  ( 0.000000000000000000, 0.000000000000000000, 1.000000000000000000 ) ) ;
#2341 = ADVANCED_FACE ( 'NONE', ( #3403 ), #208, .F. ) ;
#2342 = CARTESIAN_POINT ( 'NONE',  ( 28.34465468539448807, 9.999999999999998224, 18.00000000000000000 ) ) ;
#2343 = CARTESIAN_POINT ( 'NONE',  ( 20.02035408551379092, -40.30166030505137797, 12.74241688712496057 ) ) ;
#2344 = ORIENTED_EDGE ( 'NONE', *, *, #2921, .F. ) ;
#2345 = CARTESIAN_POINT ( 'NONE',  ( -22.38545570820129171, -37.90354110391817244, 6.996724937611828565 ) ) ;
#2346 = CARTESIAN_POINT ( 'NONE',  ( -30.72996560157072565, -30.72996560157071499, 1.187499998634406806 ) ) ;
#2347 = CARTESIAN_POINT ( 'NONE',  ( -24.00000000000001776, -11.72806130985734185, 27.00000000000000355 ) ) ;
#2348 = CARTESIAN_POINT ( 'NONE',  ( 4.261429801886569280, -4.157640016594760013, 26.99999999999999289 ) ) ;
#2349 = CARTESIAN_POINT ( 'NONE',  ( 9.499999999999998224, -14.99999999999999822, 23.00000000000000000 ) ) ;
#2350 = ORIENTED_EDGE ( 'NONE', *, *, #6641, .F. ) ;
#2351 = CARTESIAN_POINT ( 'NONE',  ( 20.90050053888401038, -39.85465657278243157, 7.437233948581741139 ) ) ;
#2352 = CARTESIAN_POINT ( 'NONE',  ( -31.00000000000000355, -9.999999999999991118, 18.00000000000000000 ) ) ;
#2353 = CARTESIAN_POINT ( 'NONE',  ( -11.95716026777093788, -15.28070685747298185, 26.84934049181171645 ) ) ;
#2354 = VECTOR ( 'NONE', #456, 1000.000000000000000 ) ;
#2355 =( BOUNDED_CURVE ( )  B_SPLINE_CURVE ( 2, ( #49, #4969, #2785, #85, #6705, #3328, #2274, #3287, #1109 ),
 .UNSPECIFIED., .F., .F. ) 
 B_SPLINE_CURVE_WITH_KNOTS ( ( 3, 2, 2, 2, 3 ),
 ( 0.4000000000000000222, 0.4249999999999999889, 0.4500000000000000111, 0.4749999999999999778, 0.5000000000000000000 ),
 .UNSPECIFIED. ) 
 CURVE ( )  GEOMETRIC_REPRESENTATION_ITEM ( )  RATIONAL_B_SPLINE_CURVE ( ( 1.000000000000000000, 0.9238795325112867385, 1.000000000000000000, 0.9238795325112867385, 1.000000000000000000, 0.9238795325112867385, 1.000000000000000000, 0.9238795325112867385, 1.000000000000000000 ) ) 
 REPRESENTATION_ITEM ( '' )  );
#2356 = DIRECTION ( 'NONE',  ( 2.616114634628809171E-16, 1.000000000000000000, 0.000000000000000000 ) ) ;
#2357 = CARTESIAN_POINT ( 'NONE',  ( 30.99999999999998934, -21.74342645422165532, 26.00000000000000355 ) ) ;
#2358 = ORIENTED_EDGE ( 'NONE', *, *, #2234, .F. ) ;
#2359 = CARTESIAN_POINT ( 'NONE',  ( -21.38252075354034787, -39.59625680824628091, 13.67782719786853463 ) ) ;
#2360 = CARTESIAN_POINT ( 'NONE',  ( -44.00000000000001421, -18.22539674441618018, 2.562500000000000444 ) ) ;
#2361 = AXIS2_PLACEMENT_3D ( 'NONE', #2005, #4226, #7062 ) ;
#2362 = EDGE_CURVE ( 'NONE', #445, #4706, #4275, .T. ) ;
#2363 = VECTOR ( 'NONE', #2084, 1000.000000000000000 ) ;
#2364 = VERTEX_POINT ( 'NONE', #2014 ) ;
#2365 = CARTESIAN_POINT ( 'NONE',  ( -11.49999999999999645, -12.24342645422166242, 25.00000000000000000 ) ) ;
#2366 = CARTESIAN_POINT ( 'NONE',  ( 23.15389503075387267, -37.28048185471163123, 7.066562363497475019 ) ) ;
#2367 = CARTESIAN_POINT ( 'NONE',  ( -18.00119707814146608, -43.45873412499998523, 0.9999999986344065839 ) ) ;
#2368 = VECTOR ( 'NONE', #3065, 1000.000000000000114 ) ;
#2369 = CARTESIAN_POINT ( 'NONE',  ( 20.72503382897696511, -39.12407149745597224, 7.574263864728403739 ) ) ;
#2370 = CARTESIAN_POINT ( 'NONE',  ( -6.106931645639302353, -11.34837647792548587, 27.00000000000000000 ) ) ;
#2371 = LINE ( 'NONE', #1390, #5972 ) ;
#2372 = EDGE_CURVE ( 'NONE', #2203, #694, #6994, .T. ) ;
#2373 = CARTESIAN_POINT ( 'NONE',  ( -44.00000000000000000, 5.388445916248353619E-15, 1.374999997268813390 ) ) ;
#2374 = DIRECTION ( 'NONE',  ( -0.000000000000000000, -0.000000000000000000, -1.000000000000000000 ) ) ;
#2375 = DIRECTION ( 'NONE',  ( -1.000000000000000000, 0.000000000000000000, 0.000000000000000000 ) ) ;
#2376 = DIRECTION ( 'NONE',  ( -0.000000000000000000, 0.000000000000000000, -1.000000000000000000 ) ) ;
#2377 = EDGE_LOOP ( 'NONE', ( #1607, #3757, #6371, #1711 ) ) ;
#2378 = CARTESIAN_POINT ( 'NONE',  ( -23.79447458512721170, -36.73113723259889696, 12.71261734435686286 ) ) ;
#2379 = CARTESIAN_POINT ( 'NONE',  ( -18.00119707814144121, 43.45873412499999233, 0.6249999986344065839 ) ) ;
#2380 = AXIS2_PLACEMENT_3D ( 'NONE', #2730, #4950, #7130 ) ;
#2381 = EDGE_CURVE ( 'NONE', #2132, #3288, #451, .T. ) ;
#2382 = VECTOR ( 'NONE', #217, 1000.000000000000000 ) ;
#2383 = ADVANCED_FACE ( 'NONE', ( #3725 ), #4440, .T. ) ;
#2384 = PRESENTATION_STYLE_ASSIGNMENT (( #4031 ) ) ;
#2385 = CIRCLE ( 'NONE', #988, 12.65655881953732909 ) ;
#2386 = DIRECTION ( 'NONE',  ( 0.000000000000000000, -0.000000000000000000, -1.000000000000000000 ) ) ;
#2387 = DIRECTION ( 'NONE',  ( 1.000000000000000000, 0.000000000000000000, 0.000000000000000000 ) ) ;
#2388 = ORIENTED_EDGE ( 'NONE', *, *, #293, .F. ) ;
#2389 = CARTESIAN_POINT ( 'NONE',  ( 19.49821290492836212, -40.56141117216694170, 10.05294484048441994 ) ) ;
#2390 = CYLINDRICAL_SURFACE ( 'NONE', #653, 1.000000000000000888 ) ;
#2391 = LINE ( 'NONE', #4643, #3066 ) ;
#2392 = AXIS2_PLACEMENT_3D ( 'NONE', #166, #5812, #4677 ) ;
#2393 = CARTESIAN_POINT ( 'NONE',  ( -3.677526579765521664, -8.907050502613447662, 27.00000000000000711 ) ) ;
#2394 = DIRECTION ( 'NONE',  ( -1.445602896647334726E-16, -1.000000000000000000, 0.000000000000000000 ) ) ;
#2395 = ORIENTED_EDGE ( 'NONE', *, *, #2015, .T. ) ;
#2396 = CARTESIAN_POINT ( 'NONE',  ( -1.135112483029748098, -10.71844564584568715, 26.00000000000000355 ) ) ;
#2397 = AXIS2_PLACEMENT_3D ( 'NONE', #3881, #3197, #4903 ) ;
#2398 = CARTESIAN_POINT ( 'NONE',  ( -18.22539674441618374, 44.00000000000000000, 1.312500000000000444 ) ) ;
#2399 =( BOUNDED_SURFACE ( )  B_SPLINE_SURFACE ( 3, 1, ( 
 ( #6865, #1450 ),
 ( #4759, #5202 ),
 ( #3668, #758 ),
 ( #1997, #2982 ) ),
 .UNSPECIFIED., .F., .F., .F. ) 
 B_SPLINE_SURFACE_WITH_KNOTS ( ( 4, 4 ),
 ( 2, 2 ),
 ( 0.000000000000000000, 1.000000000000000000 ),
 ( 0.000000000000000000, 1.000000000000000000 ),
 .UNSPECIFIED. ) 
 GEOMETRIC_REPRESENTATION_ITEM ( )  RATIONAL_B_SPLINE_SURFACE ( (
 ( 1.000000000000000000, 1.000000000000000000),
 ( 0.8047378541231711147, 0.8047378541231711147),
 ( 0.8047378541231711147, 0.8047378541231711147),
 ( 1.000000000000000000, 1.000000000000000000) ) ) 
 REPRESENTATION_ITEM ( '' )  SURFACE ( )  );
#2400 = VERTEX_POINT ( 'NONE', #1354 ) ;
#2401 = CARTESIAN_POINT ( 'NONE',  ( 27.49999999999998934, -3.743426454221659760, 25.00000000000000000 ) ) ;
#2402 = DIRECTION ( 'NONE',  ( -1.000000000000000000, 0.000000000000000000, 0.000000000000000000 ) ) ;
#2403 = CARTESIAN_POINT ( 'NONE',  ( -43.45873412499999944, -18.00119707814143410, 1.874999998634406806 ) ) ;
#2404 = CYLINDRICAL_SURFACE ( 'NONE', #5189, 2.121320343559649046 ) ;
#2405 = CARTESIAN_POINT ( 'NONE',  ( -9.116078909351950088, -13.12221015038271332, 27.00000000000000355 ) ) ;
#2406 = CARTESIAN_POINT ( 'NONE',  ( -22.33085390405213033, -37.94623532647216990, 6.999999999999153566 ) ) ;
#2407 = EDGE_LOOP ( 'NONE', ( #6467, #3466, #3485, #4886 ) ) ;
#2408 = CARTESIAN_POINT ( 'NONE',  ( 0.8770307038085966012, 0.5087979876780400756, 25.99999999999999645 ) ) ;
#2409 = VERTEX_POINT ( 'NONE', #3572 ) ;
#2410 = DIRECTION ( 'NONE',  ( 1.000000000000000000, 0.000000000000000000, 0.000000000000000000 ) ) ;
#2411 = CARTESIAN_POINT ( 'NONE',  ( 18.00000000000000355, -20.74342645422165532, 27.00000000000000355 ) ) ;
#2412 = EDGE_LOOP ( 'NONE', ( #3915, #1858, #1342, #4907 ) ) ;
#2413 = CARTESIAN_POINT ( 'NONE',  ( -27.10260521846973703, -35.92281713002580545, 10.13343798149134400 ) ) ;
#2414 = CARTESIAN_POINT ( 'NONE',  ( 30.72996560157071855, 30.72996560157071855, 0.4374999986344065839 ) ) ;
#2415 = EDGE_CURVE ( 'NONE', #482, #3575, #6840, .T. ) ;
#2416 = FILL_AREA_STYLE_COLOUR ( '', #1709 ) ;
#2417 = DIRECTION ( 'NONE',  ( 0.5038710255240859137, 0.8637789008984335659, -0.000000000000000000 ) ) ;
#2418 = DIRECTION ( 'NONE',  ( 0.000000000000000000, -1.000000000000000000, 0.000000000000000000 ) ) ;
#2419 = DIRECTION ( 'NONE',  ( 0.000000000000000000, 0.000000000000000000, 1.000000000000000000 ) ) ;
#2420 = ORIENTED_EDGE ( 'NONE', *, *, #4122, .T. ) ;
#2421 = CARTESIAN_POINT ( 'NONE',  ( 20.45391577464949506, -40.08630782367607281, 12.21736160035698404 ) ) ;
#2422 = ADVANCED_FACE ( 'NONE', ( #1862 ), #4087, .T. ) ;
#2423 = CARTESIAN_POINT ( 'NONE',  ( 28.34465468539448807, 15.00000000000000000, 18.00000000000000000 ) ) ;
#2424 = CARTESIAN_POINT ( 'NONE',  ( -43.45873412499999233, 5.322159964117709262E-15, 2.062499998634406584 ) ) ;
#2425 = EDGE_CURVE ( 'NONE', #2278, #2643, #6766, .T. ) ;
#2426 = DIRECTION ( 'NONE',  ( -0.000000000000000000, -0.000000000000000000, 1.000000000000000000 ) ) ;
#2427 = FACE_OUTER_BOUND ( 'NONE', #6311, .T. ) ;
#2428 = ADVANCED_FACE ( 'NONE', ( #6228 ), #1251, .T. ) ;
#2429 = CARTESIAN_POINT ( 'NONE',  ( -23.88422610547837976, -38.14102567902599361, 12.75697692137949169 ) ) ;
#2430 = DIRECTION ( 'NONE',  ( -1.000000000000000000, -3.854941057726236125E-16, 0.000000000000000000 ) ) ;
#2431 = ORIENTED_EDGE ( 'NONE', *, *, #6852, .F. ) ;
#2432 = CARTESIAN_POINT ( 'NONE',  ( -7.777720248177844020, -4.124216955387023376, 26.00000000000000355 ) ) ;
#2433 = EDGE_CURVE ( 'NONE', #6196, #5682, #882, .T. ) ;
#2434 = VERTEX_POINT ( 'NONE', #4267 ) ;
#2435 = CARTESIAN_POINT ( 'NONE',  ( 18.22539674441619084, -43.99999999999999289, 2.812500000000000000 ) ) ;
#2436 = VERTEX_POINT ( 'NONE', #3137 ) ;
#2437 = CARTESIAN_POINT ( 'NONE',  ( -25.50000000000000355, 27.50000000000000000, 18.00000000000000000 ) ) ;
#2438 =( BOUNDED_CURVE ( )  B_SPLINE_CURVE ( 3, ( #3113, #4929, #337, #2123 ),
 .UNSPECIFIED., .F., .F. ) 
 B_SPLINE_CURVE_WITH_KNOTS ( ( 4, 4 ),
 ( 3.141592653589793116, 4.712388980384690562 ),
 .UNSPECIFIED. ) 
 CURVE ( )  GEOMETRIC_REPRESENTATION_ITEM ( )  RATIONAL_B_SPLINE_CURVE ( ( 1.000000000000000000, 0.8047378541243648264, 0.8047378541243648264, 1.000000000000000000 ) ) 
 REPRESENTATION_ITEM ( '' )  );
#2439 = FACE_OUTER_BOUND ( 'NONE', #3527, .T. ) ;
#2440 = CARTESIAN_POINT ( 'NONE',  ( -43.45873412499999233, 18.00119707814144832, 3.749999998634406584 ) ) ;
#2441 = CARTESIAN_POINT ( 'NONE',  ( 19.75739521635136597, -39.76120893519440358, 8.767569402965229131 ) ) ;
#2442 = CARTESIAN_POINT ( 'NONE',  ( -5.166325969654708139, -10.81380867381837163, 27.00000000000000000 ) ) ;
#2443 = CARTESIAN_POINT ( 'NONE',  ( 1.000000000000000444, -3.743426454221663757, 25.00000000000000000 ) ) ;
#2444 = EDGE_LOOP ( 'NONE', ( #6069, #3221, #3619, #6176 ) ) ;
#2445 = CARTESIAN_POINT ( 'NONE',  ( -20.48731744349825590, -39.28547833256774879, 7.768835189084981607 ) ) ;
#2446 = LINE ( 'NONE', #1466, #3662 ) ;
#2447 = LINE ( 'NONE', #2342, #2857 ) ;
#2448 = CARTESIAN_POINT ( 'NONE',  ( 20.98358473351239795, -39.80892575234953767, 6.516465714370129447 ) ) ;
#2449 = VERTEX_POINT ( 'NONE', #3169 ) ;
#2450 = FACE_OUTER_BOUND ( 'NONE', #6455, .T. ) ;
#2451 = CARTESIAN_POINT ( 'NONE',  ( -30.72996560157071499, 30.72996560157071855, 0.6874999986344065839 ) ) ;
#2452 = EDGE_CURVE ( 'NONE', #2746, #5553, #4738, .T. ) ;
#2453 = CARTESIAN_POINT ( 'NONE',  ( -20.26208801847276675, -21.32921289184857017, 27.00000000000000000 ) ) ;
#2454 = CARTESIAN_POINT ( 'NONE',  ( -10.39663681905682502, -15.71858169120069881, 26.00000000000000711 ) ) ;
#2455 = DIRECTION ( 'NONE',  ( -0.000000000000000000, -0.000000000000000000, 1.000000000000000000 ) ) ;
#2456 = ORIENTED_EDGE ( 'NONE', *, *, #1928, .F. ) ;
#2457 = CARTESIAN_POINT ( 'NONE',  ( 21.55599662888729284, -39.50211925137751479, 13.74671542804311031 ) ) ;
#2458 = LINE ( 'NONE', #3621, #6221 ) ;
#2459 = CARTESIAN_POINT ( 'NONE',  ( 43.45873412499999233, 18.00119707814144476, 1.624999998634407028 ) ) ;
#2460 = CARTESIAN_POINT ( 'NONE',  ( 18.22539674441619439, -43.99999999999999289, 4.812500000000000888 ) ) ;
#2461 = ADVANCED_FACE ( 'NONE', ( #6952 ), #3103, .F. ) ;
#2462 = CARTESIAN_POINT ( 'NONE',  ( -5.282243017730783308, -12.07312466055648947, 27.00000000000000355 ) ) ;
#2463 = CARTESIAN_POINT ( 'NONE',  ( -1.499999999999997558, -27.50000000000000000, 18.00000000000000000 ) ) ;
#2464 = DIRECTION ( 'NONE',  ( -0.5049055868418398374, -0.8631745758396138779, 0.000000000000000000 ) ) ;
#2465 = ORIENTED_EDGE ( 'NONE', *, *, #6119, .T. ) ;
#2466 = CARTESIAN_POINT ( 'NONE',  ( -1.025478596180546598, -10.19809593412346338, 26.00000000000000355 ) ) ;
#2467 = ORIENTED_EDGE ( 'NONE', *, *, #6119, .F. ) ;
#2468 = AXIS2_PLACEMENT_3D ( 'NONE', #6856, #712, #3009 ) ;
#2469 = CARTESIAN_POINT ( 'NONE',  ( 31.11269837220809364, 31.11269837220809364, 1.125000000000000222 ) ) ;
#2470 = EDGE_CURVE ( 'NONE', #585, #4310, #5388, .T. ) ;
#2471 = EDGE_CURVE ( 'NONE', #5600, #6048, #5737, .T. ) ;
#2472 = TOROIDAL_SURFACE ( 'NONE', #2830, 14.62771242792461379, 1.000000000000000000 ) ;
#2473 = ORIENTED_EDGE ( 'NONE', *, *, #5267, .T. ) ;
#2474 = DIRECTION ( 'NONE',  ( -1.000000000000000000, 0.000000000000000000, 0.000000000000000000 ) ) ;
#2475 = CARTESIAN_POINT ( 'NONE',  ( 24.14159732189894925, -37.97710780327184210, 6.148043088814054258 ) ) ;
#2476 = CARTESIAN_POINT ( 'NONE',  ( -43.45873412499999944, -18.00119707814143410, 2.874999998634406584 ) ) ;
#2477 = CARTESIAN_POINT ( 'NONE',  ( 20.43857941671089762, -39.31827242567901948, 7.812479512088964739 ) ) ;
#2478 = CARTESIAN_POINT ( 'NONE',  ( -4.074667603035772245, -11.17155489534006563, 27.00000000000000355 ) ) ;
#2479 = DIRECTION ( 'NONE',  ( 0.5038710255240859137, 0.8637789008984334549, 0.000000000000000000 ) ) ;
#2480 = VECTOR ( 'NONE', #2182, 1000.000000000000000 ) ;
#2481 =( BOUNDED_SURFACE ( )  B_SPLINE_SURFACE ( 3, 2, ( 
 ( #4546, #6756, #6219 ),
 ( #1242, #5677, #690 ),
 ( #6254, #1273, #4984 ),
 ( #5528, #1303, #2432 ),
 ( #282, #830, #1414 ),
 ( #4686, #6905, #867 ),
 ( #796, #317, #1927 ),
 ( #213, #6284, #246 ),
 ( #2541, #2984, #3520 ),
 ( #4761, #760, #6978 ),
 ( #5239, #3629, #3021 ),
 ( #3486, #2505, #1381 ),
 ( #5858, #1343, #5744 ),
 ( #5821, #3563, #6426 ),
 ( #4650, #6942, #5204 ),
 ( #1999, #4728, #4219 ),
 ( #3054, #4152, #1855 ),
 ( #174, #5273, #4076 ),
 ( #6360, #2942, #6867 ),
 ( #1886, #4110, #6322 ),
 ( #1964, #3091, #5786 ),
 ( #3598, #4186, #2466 ),
 ( #6393, #5309, #5708 ),
 ( #720, #5162, #2396 ),
 ( #4617, #6833, #5487 ),
 ( #5341, #3238, #2033 ),
 ( #5894, #7126, #4794 ),
 ( #5454, #6537, #939 ),
 ( #6500, #4255, #2727 ),
 ( #1524, #4398, #7089 ),
 ( #1452, #2072, #7054 ),
 ( #4946, #3739, #5960 ),
 ( #2142, #3161, #4908 ),
 ( #500, #4874, #1050 ),
 ( #350, #2575, #978 ),
 ( #4360, #3269, #468 ),
 ( #3705, #2656, #7168 ),
 ( #2181, #2691, #3127 ),
 ( #3203, #7013, #6466 ),
 ( #1487, #5378, #3670 ),
 ( #5925, #386, #2615 ),
 ( #4837, #4289, #5419 ),
 ( #431, #905, #6575 ),
 ( #2103, #1599, #6036 ) ),
 .UNSPECIFIED., .F., .F., .F. ) 
 B_SPLINE_SURFACE_WITH_KNOTS ( ( 4, 2, 2, 2, 2, 2, 2, 2, 2, 2, 2, 2, 2, 2, 2, 2, 2, 2, 2, 2, 2, 4 ),
 ( 3, 3 ),
 ( 0.000000000000000000, 0.003017988566531100772, 0.004526982849796651158, 0.006035977133062201544, 0.007544971416327751930, 0.009053965699593302316, 0.009808462841226078810, 0.01018571141204246619, 0.01056295998285885357, 0.01131745712449162833, 0.01169470569530801571, 0.01207195426612440309, 0.01244920283694079047, 0.01282645140775717785, 0.01358094854938995261, 0.01433544569102272737, 0.01508994283265550386, 0.01659893711592105511, 0.01810793139918660463, 0.02112591996571770714, 0.02263491424898325666, 0.02414390853224880618 ),
 ( 0.000000000000000000, 1.000000000000000000 ),
 .UNSPECIFIED. ) 
 GEOMETRIC_REPRESENTATION_ITEM ( )  RATIONAL_B_SPLINE_SURFACE ( (
 ( 1.000000000000000000, 0.7071067811865463515, 1.000000000000000000),
 ( 1.000000000000000000, 0.7071067811865463515, 1.000000000000000000),
 ( 1.000000000000000000, 0.7071067811865463515, 1.000000000000000000),
 ( 1.000000000000000000, 0.7071067811865463515, 1.000000000000000000),
 ( 1.000000000000000000, 0.7071067811865460184, 1.000000000000000000),
 ( 1.000000000000000000, 0.7071067811865460184, 1.000000000000000000),
 ( 1.000000000000000000, 0.7071067811865463515, 1.000000000000000000),
 ( 1.000000000000000000, 0.7071067811865463515, 1.000000000000000000),
 ( 1.000000000000000000, 0.7071067811865463515, 1.000000000000000000),
 ( 1.000000000000000000, 0.7071067811865463515, 1.000000000000000000),
 ( 1.000000000000000000, 0.7071067811865463515, 1.000000000000000000),
 ( 1.000000000000000000, 0.7071067811865463515, 1.000000000000000000),
 ( 1.000000000000000000, 0.7071067811865463515, 1.000000000000000000),
 ( 1.000000000000000000, 0.7071067811865463515, 1.000000000000000000),
 ( 1.000000000000000000, 0.7071067811865463515, 1.000000000000000000),
 ( 1.000000000000000000, 0.7071067811865463515, 1.000000000000000000),
 ( 1.000000000000000000, 0.7071067811865463515, 1.000000000000000000),
 ( 1.000000000000000000, 0.7071067811865463515, 1.000000000000000000),
 ( 1.000000000000000000, 0.7071067811865463515, 1.000000000000000000),
 ( 1.000000000000000000, 0.7071067811865463515, 1.000000000000000000),
 ( 1.000000000000000000, 0.7071067811865463515, 1.000000000000000000),
 ( 1.000000000000000000, 0.7071067811865463515, 1.000000000000000000),
 ( 1.000000000000000000, 0.7071067811865463515, 1.000000000000000000),
 ( 1.000000000000000000, 0.7071067811865463515, 1.000000000000000000),
 ( 1.000000000000000000, 0.7071067811865465735, 1.000000000000000000),
 ( 1.000000000000000000, 0.7071067811865465735, 1.000000000000000000),
 ( 1.000000000000000000, 0.7071067811865463515, 1.000000000000000000),
 ( 1.000000000000000000, 0.7071067811865463515, 1.000000000000000000),
 ( 1.000000000000000000, 0.7071067811865463515, 1.000000000000000000),
 ( 1.000000000000000000, 0.7071067811865463515, 1.000000000000000000),
 ( 1.000000000000000000, 0.7071067811865467956, 1.000000000000000000),
 ( 1.000000000000000000, 0.7071067811865467956, 1.000000000000000000),
 ( 1.000000000000000000, 0.7071067811865463515, 1.000000000000000000),
 ( 1.000000000000000000, 0.7071067811865463515, 1.000000000000000000),
 ( 1.000000000000000000, 0.7071067811865463515, 1.000000000000000000),
 ( 1.000000000000000000, 0.7071067811865463515, 1.000000000000000000),
 ( 1.000000000000000000, 0.7071067811865469066, 1.000000000000000000),
 ( 1.000000000000000000, 0.7071067811865469066, 1.000000000000000000),
 ( 1.000000000000000000, 0.7071067811865456854, 1.000000000000000000),
 ( 1.000000000000000000, 0.7071067811865456854, 1.000000000000000000),
 ( 1.000000000000000000, 0.7071067811865463515, 1.000000000000000000),
 ( 1.000000000000000000, 0.7071067811865463515, 1.000000000000000000),
 ( 1.000000000000000000, 0.7071067811865463515, 1.000000000000000000),
 ( 1.000000000000000000, 0.7071067811865463515, 1.000000000000000000) ) ) 
 REPRESENTATION_ITEM ( '' )  SURFACE ( )  );
#2482 = ORIENTED_EDGE ( 'NONE', *, *, #2245, .T. ) ;
#2483 = DIRECTION ( 'NONE',  ( -0.000000000000000000, -0.000000000000000000, -1.000000000000000000 ) ) ;
#2484 = AXIS2_PLACEMENT_3D ( 'NONE', #806, #4053, #144 ) ;
#2485 = CARTESIAN_POINT ( 'NONE',  ( 11.88353659479237479, 6.951159343767574939, 27.00000000000000355 ) ) ;
#2486 = CARTESIAN_POINT ( 'NONE',  ( 19.02583199238711487, -40.78013632558729995, 10.91330705652909039 ) ) ;
#2487 = ORIENTED_EDGE ( 'NONE', *, *, #1034, .T. ) ;
#2488 = CARTESIAN_POINT ( 'NONE',  ( -24.77655904606855941, -37.56593398863243038, 13.61682202164330135 ) ) ;
#2489 = CARTESIAN_POINT ( 'NONE',  ( 30.72996560157071144, -30.72996560157072565, 4.437499998634407028 ) ) ;
#2490 = VECTOR ( 'NONE', #3627, 1000.000000000000000 ) ;
#2491 = CARTESIAN_POINT ( 'NONE',  ( -44.00000000000000000, 5.388445916248353619E-15, 0.5000000000000000000 ) ) ;
#2492 = CARTESIAN_POINT ( 'NONE',  ( 8.844654685394491622, 24.99999999999999645, 18.00000000000000000 ) ) ;
#2493 = LINE ( 'NONE', #4751, #1424 ) ;
#2494 = ORIENTED_EDGE ( 'NONE', *, *, #7085, .F. ) ;
#2495 = CARTESIAN_POINT ( 'NONE',  ( 22.04594032256621361, -39.23079060264398521, 13.89509945854390160 ) ) ;
#2496 = VECTOR ( 'NONE', #392, 1000.000000000000000 ) ;
#2497 = DIRECTION ( 'NONE',  ( -1.000000000000000000, 0.000000000000000000, 0.000000000000000000 ) ) ;
#2498 = CARTESIAN_POINT ( 'NONE',  ( 44.00000000000000000, 18.22539674441618374, 4.937499997268813168 ) ) ;
#2499 = CARTESIAN_POINT ( 'NONE',  ( -10.39563326407329846, -3.743426454221656652, 26.00000000000000000 ) ) ;
#2500 = AXIS2_PLACEMENT_3D ( 'NONE', #1159, #6749, #2211 ) ;
#2501 = CARTESIAN_POINT ( 'NONE',  ( 4.000000000000000000, -14.99999999999999822, 18.00000000000000000 ) ) ;
#2502 = CARTESIAN_POINT ( 'NONE',  ( 26.71448589144634767, -36.21260603247731780, 11.72215461039293771 ) ) ;
#2503 = PLANE ( 'NONE',  #3536 ) ;
#2504 = ORIENTED_EDGE ( 'NONE', *, *, #3232, .T. ) ;
#2505 = CARTESIAN_POINT ( 'NONE',  ( -2.095804611008187823, -7.062989018025158217, 27.00000000000000000 ) ) ;
#2506 = VERTEX_POINT ( 'NONE', #4332 ) ;
#2507 = ORIENTED_EDGE ( 'NONE', *, *, #2381, .F. ) ;
#2508 = VECTOR ( 'NONE', #2134, 1000.000000000000114 ) ;
#2509 = DIRECTION ( 'NONE',  ( 0.000000000000000000, 0.000000000000000000, 1.000000000000000000 ) ) ;
#2510 = EDGE_CURVE ( 'NONE', #2237, #5689, #5318, .T. ) ;
#2511 = AXIS2_PLACEMENT_3D ( 'NONE', #2195, #5651, #3866 ) ;
#2512 = ORIENTED_EDGE ( 'NONE', *, *, #3723, .T. ) ;
#2513 = CARTESIAN_POINT ( 'NONE',  ( 22.50000000000000000, -37.81203512110926113, 13.00000000000000178 ) ) ;
#2514 = CARTESIAN_POINT ( 'NONE',  ( 30.72996560157071144, -30.72996560157072565, 5.187499998634407028 ) ) ;
#2515 = EDGE_CURVE ( 'NONE', #2964, #4151, #6729, .T. ) ;
#2516 = CARTESIAN_POINT ( 'NONE',  ( -6.979659085313428157, -11.65847369766396291, 25.99999999999999289 ) ) ;
#2517 = DIRECTION ( 'NONE',  ( -0.000000000000000000, -0.000000000000000000, 1.000000000000000000 ) ) ;
#2518 = EDGE_CURVE ( 'NONE', #1523, #4632, #4769, .T. ) ;
#2520 = CARTESIAN_POINT ( 'NONE',  ( 4.500000000000003553, -20.74342645422166242, 26.99999999999999645 ) ) ;
#2519 = AXIS2_PLACEMENT_3D ( 'NONE', #6308, #2528, #5839 ) ;
#2521 = ORIENTED_EDGE ( 'NONE', *, *, #4527, .T. ) ;
#2522 = CARTESIAN_POINT ( 'NONE',  ( 9.290638566546959964, 8.011022955702829407, 27.00000000000000355 ) ) ;
#2523 = CARTESIAN_POINT ( 'NONE',  ( 23.46358425701018291, -38.40100161658593692, 12.92221498501182175 ) ) ;
#2524 = DIRECTION ( 'NONE',  ( -1.000000000000000000, 0.000000000000000000, 0.000000000000000000 ) ) ;
#2525 = ORIENTED_EDGE ( 'NONE', *, *, #4063, .T. ) ;
#2526 = DIRECTION ( 'NONE',  ( 1.000000000000000000, 0.000000000000000000, 0.000000000000000000 ) ) ;
#2527 = CARTESIAN_POINT ( 'NONE',  ( -7.983239946176564682E-15, -43.45873412499999233, 2.062499998634406584 ) ) ;
#2528 = DIRECTION ( 'NONE',  ( 0.000000000000000000, 0.000000000000000000, 1.000000000000000000 ) ) ;
#2529 = CARTESIAN_POINT ( 'NONE',  ( 4.000000000000000000, 15.00000000000000000, 23.00000000000000000 ) ) ;
#2530 = CARTESIAN_POINT ( 'NONE',  ( -8.929238224710607241, 6.949538567781226917, 26.00000000000000355 ) ) ;
#2531 = DIRECTION ( 'NONE',  ( -0.000000000000000000, -0.000000000000000000, -1.000000000000000000 ) ) ;
#2532 = VERTEX_POINT ( 'NONE', #2666 ) ;
#2533 = CARTESIAN_POINT ( 'NONE',  ( -19.67027774966731357, -39.35846796985970286, 11.01788901407888588 ) ) ;
#2534 = LINE ( 'NONE', #3514, #2048 ) ;
#2535 = CARTESIAN_POINT ( 'NONE',  ( -43.45873412499999944, -18.00119707814143410, 2.124999998634406584 ) ) ;
#2536 = CARTESIAN_POINT ( 'NONE',  ( -31.11269837220808654, 31.11269837220809364, 3.375000000000000000 ) ) ;
#2537 = CARTESIAN_POINT ( 'NONE',  ( -29.50000000000000355, 15.00000000000000355, 18.00000000000000000 ) ) ;
#2538 = DIRECTION ( 'NONE',  ( -0.000000000000000000, -0.000000000000000000, -1.000000000000000000 ) ) ;
#2539 = DIRECTION ( 'NONE',  ( 8.673617379884034239E-17, -1.000000000000000000, 0.000000000000000000 ) ) ;
#2540 = ORIENTED_EDGE ( 'NONE', *, *, #6127, .F. ) ;
#2541 = CARTESIAN_POINT ( 'NONE',  ( -4.647643650596605447, -6.308226108846755054, 27.00000000000000355 ) ) ;
#2542 = ORIENTED_EDGE ( 'NONE', *, *, #831, .F. ) ;
#2543 = CARTESIAN_POINT ( 'NONE',  ( -25.50000000000000355, -27.50000000000000000, 23.00000000000000000 ) ) ;
#2544 = EDGE_CURVE ( 'NONE', #6944, #519, #4195, .T. ) ;
#2545 = ORIENTED_EDGE ( 'NONE', *, *, #4928, .F. ) ;
#2546 = CARTESIAN_POINT ( 'NONE',  ( 31.11269837220808299, -31.11269837220809364, 3.749999997268813168 ) ) ;
#2547 = CARTESIAN_POINT ( 'NONE',  ( -29.25896300087920210, -20.74342645422166598, 27.00000000000000355 ) ) ;
#2548 = CARTESIAN_POINT ( 'NONE',  ( -30.72996560157071499, 30.72996560157071855, 4.687499998634407028 ) ) ;
#2549 = FACE_OUTER_BOUND ( 'NONE', #4718, .T. ) ;
#2550 = CARTESIAN_POINT ( 'NONE',  ( -11.66798858740934541, -12.41080452669007705, 26.57336123605365330 ) ) ;
#2551 = EDGE_CURVE ( 'NONE', #5087, #4862, #1462, .T. ) ;
#2552 = CARTESIAN_POINT ( 'NONE',  ( -44.00000000000000000, -5.388445916248353619E-15, 20.00000000000000000 ) ) ;
#2553 = ADVANCED_FACE ( 'NONE', ( #4228 ), #6015, .F. ) ;
#2554 = ORIENTED_EDGE ( 'NONE', *, *, #5449, .T. ) ;
#2555 = DIRECTION ( 'NONE',  ( 1.000000000000000000, 0.000000000000000000, -0.000000000000000000 ) ) ;
#2556 = CARTESIAN_POINT ( 'NONE',  ( -8.009853293914250827, -5.097781417851248165, 27.00000000000000355 ) ) ;
#2557 = CARTESIAN_POINT ( 'NONE',  ( -23.33330023876850134, -38.47906326087653639, 6.005236720402420403 ) ) ;
#2558 = ORIENTED_EDGE ( 'NONE', *, *, #6195, .T. ) ;
#2559 = DIRECTION ( 'NONE',  ( 0.000000000000000000, 0.000000000000000000, 1.000000000000000000 ) ) ;
#2560 = CARTESIAN_POINT ( 'NONE',  ( -12.56929833594609214, -7.272766967448029085, 26.00000000000000355 ) ) ;
#2561 = EDGE_CURVE ( 'NONE', #4541, #3059, #1489, .T. ) ;
#2562 = ADVANCED_FACE ( 'NONE', ( #3204 ), #1525, .F. ) ;
#2563 = CARTESIAN_POINT ( 'NONE',  ( -20.50000000000001421, -21.74342645422166953, 26.00000000000000355 ) ) ;
#2564 = CARTESIAN_POINT ( 'NONE',  ( -27.50000000000001421, -21.74342645422166953, 26.00000000000000355 ) ) ;
#2565 = LINE ( 'NONE', #373, #2354 ) ;
#2566 = VERTEX_POINT ( 'NONE', #979 ) ;
#2567 = CARTESIAN_POINT ( 'NONE',  ( -20.31834358250829098, -39.02808120160093353, 7.931539357692933834 ) ) ;
#2568 = LINE ( 'NONE', #5993, #6452 ) ;
#2569 = CARTESIAN_POINT ( 'NONE',  ( -30.72996560157072565, -30.72996560157071499, 3.187499998634407028 ) ) ;
#2570 = CARTESIAN_POINT ( 'NONE',  ( -1.008616888026130587, -9.464294296232520054, 26.00000000000000711 ) ) ;
#2571 = LINE ( 'NONE', #6496, #6788 ) ;
#2572 = CARTESIAN_POINT ( 'NONE',  ( -19.16232201470905139, -40.71636108098046236, 8.616688613880054248 ) ) ;
#2573 = CARTESIAN_POINT ( 'NONE',  ( 19.94185217777288699, -39.22167617940415596, 8.419954216669674807 ) ) ;
#2574 = VERTEX_POINT ( 'NONE', #4875 ) ;
#2575 = CARTESIAN_POINT ( 'NONE',  ( -4.293306800582595173, -14.12293065792812108, 27.00000000000000000 ) ) ;
#2576 = EDGE_LOOP ( 'NONE', ( #7104, #6857, #1324, #80 ) ) ;
#2577 = CARTESIAN_POINT ( 'NONE',  ( 44.00000000000000000, 0.000000000000000000, 5.000000000000000000 ) ) ;
#2578 = CARTESIAN_POINT ( 'NONE',  ( -20.36025560572769422, -39.37035522484186600, 7.889913398939262024 ) ) ;
#2579 = ORIENTED_EDGE ( 'NONE', *, *, #2596, .T. ) ;
#2580 = CARTESIAN_POINT ( 'NONE',  ( -23.16256715704119529, -37.41167020147147326, 7.051064765526579237 ) ) ;
#2581 = VECTOR ( 'NONE', #1121, 1000.000000000000000 ) ;
#2582 = DIRECTION ( 'NONE',  ( 1.000000000000000000, 2.312964634635740689E-15, 0.000000000000000000 ) ) ;
#2583 = LINE ( 'NONE', #4803, #32 ) ;
#2584 = CARTESIAN_POINT ( 'NONE',  ( -10.84393850599850317, -12.24342645422166598, 26.00000000000000355 ) ) ;
#2585 = CARTESIAN_POINT ( 'NONE',  ( 18.00119707814145187, 43.45873412499999233, 0.4999999986344065839 ) ) ;
#2586 = DIRECTION ( 'NONE',  ( 3.854941057726240562E-16, -1.000000000000000000, 0.000000000000000000 ) ) ;
#2587 = AXIS2_PLACEMENT_3D ( 'NONE', #2664, #5284, #6507 ) ;
#2588 = VERTEX_POINT ( 'NONE', #6980 ) ;
#2589 = FACE_BOUND ( 'NONE', #3173, .T. ) ;
#2590 = CARTESIAN_POINT ( 'NONE',  ( -6.053598716098852250, -13.82051468268387140, 27.00000000000000355 ) ) ;
#2591 = CARTESIAN_POINT ( 'NONE',  ( -26.78709957317593648, -36.15876862118542334, 8.454349817702349057 ) ) ;
#2592 = ORIENTED_EDGE ( 'NONE', *, *, #3106, .F. ) ;
#2593 = AXIS2_PLACEMENT_3D ( 'NONE', #6568, #7161, #1041 ) ;
#2594 = CARTESIAN_POINT ( 'NONE',  ( -27.50000000000001421, -21.74342645422166953, 26.00000000000000355 ) ) ;
#2595 = CARTESIAN_POINT ( 'NONE',  ( 2.661079982058854631E-15, 43.45873412499999233, 2.562499998634406584 ) ) ;
#2596 = EDGE_CURVE ( 'NONE', #3537, #3575, #3740, .T. ) ;
#2597 = CIRCLE ( 'NONE', #6432, 15.62771242792461379 ) ;
#2598 = DIRECTION ( 'NONE',  ( -1.445602896647334726E-16, -1.000000000000000000, 0.000000000000000000 ) ) ;
#2599 = VECTOR ( 'NONE', #4801, 1000.000000000000000 ) ;
#2600 = CARTESIAN_POINT ( 'NONE',  ( -23.99815007406201417, -36.87938167896525243, 13.70884703858058806 ) ) ;
#2601 = PLANE ( 'NONE',  #5147 ) ;
#2602 = ORIENTED_EDGE ( 'NONE', *, *, #3741, .T. ) ;
#2603 = DIRECTION ( 'NONE',  ( -0.5038710255240861358, 0.8637789008984333439, 0.000000000000000000 ) ) ;
#2604 = CARTESIAN_POINT ( 'NONE',  ( -22.25000000000001421, -12.74342645422166775, 25.00000000000000000 ) ) ;
#2605 = CARTESIAN_POINT ( 'NONE',  ( -7.983239946176564682E-15, -43.45873412499999233, 4.312499998634407028 ) ) ;
#2606 = AXIS2_PLACEMENT_3D ( 'NONE', #401, #3717, #7065 ) ;
#2607 = EDGE_CURVE ( 'NONE', #4082, #2731, #295, .T. ) ;
#2608 = CARTESIAN_POINT ( 'NONE',  ( -13.49999999999999645, 20.00000000000000000, 25.00000000000000000 ) ) ;
#2609 = EDGE_CURVE ( 'NONE', #1439, #2436, #284, .T. ) ;
#2610 = CARTESIAN_POINT ( 'NONE',  ( -43.71637213330511429, -5.759515323017815547, 19.99999999999999645 ) ) ;
#2611 = VECTOR ( 'NONE', #2394, 1000.000000000000000 ) ;
#2612 = CARTESIAN_POINT ( 'NONE',  ( -19.79285221838969377, -40.41350385282837010, 12.47281446838870167 ) ) ;
#2613 = FACE_OUTER_BOUND ( 'NONE', #3824, .T. ) ;
#2614 = ORIENTED_EDGE ( 'NONE', *, *, #411, .F. ) ;
#2615 = CARTESIAN_POINT ( 'NONE',  ( -10.56179098850576814, -15.72731064964987269, 26.00000000000000355 ) ) ;
#2616 = CARTESIAN_POINT ( 'NONE',  ( 22.10648544016904893, 26.50000000000000000, 23.00000000000000000 ) ) ;
#2617 = VECTOR ( 'NONE', #3076, 1000.000000000000000 ) ;
#2618 = CARTESIAN_POINT ( 'NONE',  ( -19.90856507393399255, -39.66508820707662153, 11.52202793736723052 ) ) ;
#2619 = VERTEX_POINT ( 'NONE', #3058 ) ;
#2620 = CARTESIAN_POINT ( 'NONE',  ( -25.63213404536680784, -35.76304039996444573, 10.61116485403541887 ) ) ;
#2621 = AXIS2_PLACEMENT_3D ( 'NONE', #2201, #1650, #1765 ) ;
#2622 = CARTESIAN_POINT ( 'NONE',  ( -31.00000000000000355, 15.00000000000000000, 18.00000000000000000 ) ) ;
#2623 = CARTESIAN_POINT ( 'NONE',  ( -11.05046143221876953, 6.929238224710590366, 26.00000000000000355 ) ) ;
#2624 = CARTESIAN_POINT ( 'NONE',  ( -7.295402781262624536, -11.74683713450263056, 26.00000000000001066 ) ) ;
#2625 = CARTESIAN_POINT ( 'NONE',  ( -30.72996560157071499, 30.72996560157071855, 0.6874999986344065839 ) ) ;
#2626 = CARTESIAN_POINT ( 'NONE',  ( 4.112469581981344014E-14, -20.74342645422169440, 26.00000000000000355 ) ) ;
#2627 = CIRCLE ( 'NONE', #996, 1.100000000000000311 ) ;
#2628 = ORIENTED_EDGE ( 'NONE', *, *, #6288, .F. ) ;
#2629 = VERTEX_POINT ( 'NONE', #7017 ) ;
#2630 = CARTESIAN_POINT ( 'NONE',  ( 43.45873412499999233, 18.00119707814144121, 0.6249999986344065839 ) ) ;
#2631 = CARTESIAN_POINT ( 'NONE',  ( 24.51095207505486329, -37.74306970169138253, 13.75334649357299277 ) ) ;
#2632 = DIRECTION ( 'NONE',  ( 1.734723475976807341E-16, 1.000000000000000000, 0.000000000000000000 ) ) ;
#2633 = ORIENTED_EDGE ( 'NONE', *, *, #6559, .T. ) ;
#2634 = AXIS2_PLACEMENT_3D ( 'NONE', #1792, #5793, #3463 ) ;
#2635 = CARTESIAN_POINT ( 'NONE',  ( 19.92483595458574541, -4.743426454221659760, 27.00000000000000355 ) ) ;
#2636 = CARTESIAN_POINT ( 'NONE',  ( -30.72996560157071499, 30.72996560157071855, 3.687499998634406584 ) ) ;
#2637 =( BOUNDED_CURVE ( )  B_SPLINE_CURVE ( 3, ( #1983, #707, #5144, #156 ),
 .UNSPECIFIED., .F., .F. ) 
 B_SPLINE_CURVE_WITH_KNOTS ( ( 4, 4 ),
 ( 0.000000000000000000, 1.570796326794894116 ),
 .UNSPECIFIED. ) 
 CURVE ( )  GEOMETRIC_REPRESENTATION_ITEM ( )  RATIONAL_B_SPLINE_CURVE ( ( 1.000000000000000000, 0.8047378541243654926, 0.8047378541243654926, 1.000000000000000000 ) ) 
 REPRESENTATION_ITEM ( '' )  );
#2638 = DIRECTION ( 'NONE',  ( -1.239088197126293529E-16, 1.000000000000000000, 0.000000000000000000 ) ) ;
#2639 = ORIENTED_EDGE ( 'NONE', *, *, #3404, .F. ) ;
#2640 = EDGE_CURVE ( 'NONE', #539, #2237, #870, .T. ) ;
#2641 = CARTESIAN_POINT ( 'NONE',  ( -31.00000000000001421, -3.743426454221668198, 26.00000000000000355 ) ) ;
#2642 = FACE_OUTER_BOUND ( 'NONE', #6002, .T. ) ;
#2643 = VERTEX_POINT ( 'NONE', #5926 ) ;
#2644 = PLANE ( 'NONE',  #5106 ) ;
#2645 = ORIENTED_EDGE ( 'NONE', *, *, #4251, .F. ) ;
#2646 = CARTESIAN_POINT ( 'NONE',  ( 26.84465468539448807, 14.99999999999999822, 23.00000000000000000 ) ) ;
#2647 = PLANE ( 'NONE',  #5155 ) ;
#2648 = CARTESIAN_POINT ( 'NONE',  ( -1.258221958548572328, -8.395639455092929637, 26.00000000000000711 ) ) ;
#2649 = CARTESIAN_POINT ( 'NONE',  ( 2.500000000000001776, -14.99999999999999822, 23.00000000000000000 ) ) ;
#2650 = CARTESIAN_POINT ( 'NONE',  ( 39.54865025904199172, -19.49865308019173327, 20.00000000000000711 ) ) ;
#2651 = ADVANCED_FACE ( 'NONE', ( #5277 ), #940, .T. ) ;
#2652 = EDGE_CURVE ( 'NONE', #5836, #4921, #6945, .T. ) ;
#2653 = CARTESIAN_POINT ( 'NONE',  ( -19.95965962241831093, -39.63243053250288739, 11.60871378855195069 ) ) ;
#2654 = CARTESIAN_POINT ( 'NONE',  ( 22.13574075867271418, -38.02878708655132556, 13.00000000000000533 ) ) ;
#2655 = ORIENTED_EDGE ( 'NONE', *, *, #5570, .F. ) ;
#2656 = CARTESIAN_POINT ( 'NONE',  ( -5.810678089146575687, -14.79801890118578456, 27.00000000000088818 ) ) ;
#2657 = CARTESIAN_POINT ( 'NONE',  ( 18.22539674441619084, -43.99999999999999289, 4.812500000000000888 ) ) ;
#2658 = EDGE_CURVE ( 'NONE', #4873, #4025, #390, .T. ) ;
#2659 = EDGE_CURVE ( 'NONE', #4467, #316, #1043, .T. ) ;
#2660 = LINE ( 'NONE', #4878, #6558 ) ;
#2661 = EDGE_LOOP ( 'NONE', ( #695, #6694, #2908, #3471, #1527, #4569 ) ) ;
#2662 = CARTESIAN_POINT ( 'NONE',  ( 21.84465468539448452, -1.500000000000003331, 18.00000000000000000 ) ) ;
#2663 = CYLINDRICAL_SURFACE ( 'NONE', #1817, 1.000000000000000000 ) ;
#2664 = CARTESIAN_POINT ( 'NONE',  ( 18.00000000000000355, 0.000000000000000000, 26.00000000000000355 ) ) ;
#2665 = FACE_OUTER_BOUND ( 'NONE', #2690, .T. ) ;
#2666 = CARTESIAN_POINT ( 'NONE',  ( 44.00000000000000000, 0.000000000000000000, 2.000000000000000000 ) ) ;
#2667 = CARTESIAN_POINT ( 'NONE',  ( 0.000000000000000000, 0.000000000000000000, 15.00000000000000000 ) ) ;
#2668 = ORIENTED_EDGE ( 'NONE', *, *, #324, .F. ) ;
#2669 = ORIENTED_EDGE ( 'NONE', *, *, #5635, .T. ) ;
#2670 = CARTESIAN_POINT ( 'NONE',  ( -18.00119707814144121, 43.45873412499999233, 2.874999998634406584 ) ) ;
#2671 = CARTESIAN_POINT ( 'NONE',  ( 22.15977871545364764, -38.07830745143734674, 12.98064581551408914 ) ) ;
#2672 = CARTESIAN_POINT ( 'NONE',  ( -26.46978460857119231, -36.39214926160824604, 7.847439121751736302 ) ) ;
#2673 = EDGE_LOOP ( 'NONE', ( #3938, #5965, #4688, #5701 ) ) ;
#2674 = CARTESIAN_POINT ( 'NONE',  ( 20.49999999999999289, -3.743426454221659316, 26.58578643762690774 ) ) ;
#2675 = CARTESIAN_POINT ( 'NONE',  ( -43.45873412499999944, -18.00119707814143410, 2.874999998634406584 ) ) ;
#2676 = CARTESIAN_POINT ( 'NONE',  ( -11.49999999999999645, -12.24342645422166242, 26.00000000000000355 ) ) ;
#2677 = ORIENTED_EDGE ( 'NONE', *, *, #5983, .T. ) ;
#2678 = CARTESIAN_POINT ( 'NONE',  ( -11.91421356237309226, -21.32921289184856661, 27.00000000000000355 ) ) ;
#2679 = FACE_OUTER_BOUND ( 'NONE', #7042, .T. ) ;
#2680 = ORIENTED_EDGE ( 'NONE', *, *, #3665, .T. ) ;
#2681 = CARTESIAN_POINT ( 'NONE',  ( -22.13647974573548893, -38.02834735330606009, 13.00000000000000355 ) ) ;
#2682 = DIRECTION ( 'NONE',  ( 0.000000000000000000, 1.000000000000000000, 0.000000000000000000 ) ) ;
#2683 = DIRECTION ( 'NONE',  ( -1.000000000000000000, -1.156482317317870344E-15, 0.000000000000000000 ) ) ;
#2684 =( BOUNDED_CURVE ( )  B_SPLINE_CURVE ( 3, ( #3961, #3373, #3446, #606 ),
 .UNSPECIFIED., .F., .F. ) 
 B_SPLINE_CURVE_WITH_KNOTS ( ( 4, 4 ),
 ( 1.570796326794896558, 3.141592653589793116 ),
 .UNSPECIFIED. ) 
 CURVE ( )  GEOMETRIC_REPRESENTATION_ITEM ( )  RATIONAL_B_SPLINE_CURVE ( ( 1.000000000000000000, 0.8047378541243649375, 0.8047378541243649375, 1.000000000000000000 ) ) 
 REPRESENTATION_ITEM ( '' )  );
#2685 = EDGE_CURVE ( 'NONE', #1967, #4082, #1784, .T. ) ;
#2686 = CARTESIAN_POINT ( 'NONE',  ( 4.500000000000002665, -21.74342645422166242, 27.00000000000000355 ) ) ;
#2687 = FACE_OUTER_BOUND ( 'NONE', #3753, .T. ) ;
#2688 = CARTESIAN_POINT ( 'NONE',  ( -18.94991300442935866, -40.81550330591827702, 9.442554453385152868 ) ) ;
#2689 = DIRECTION ( 'NONE',  ( -0.5038710255240859137, -0.8637789008984335659, 0.000000000000000000 ) ) ;
#2690 = EDGE_LOOP ( 'NONE', ( #6751, #1955, #2305, #6880 ) ) ;
#2691 = CARTESIAN_POINT ( 'NONE',  ( -7.381931466956641152, -15.30537093568067419, 26.99999999999822720 ) ) ;
#2692 = FACE_OUTER_BOUND ( 'NONE', #670, .T. ) ;
#2693 = ADVANCED_FACE ( 'NONE', ( #2692 ), #1015, .F. ) ;
#2694 = ORIENTED_EDGE ( 'NONE', *, *, #1842, .F. ) ;
#2695 = FACE_OUTER_BOUND ( 'NONE', #4165, .T. ) ;
#2696 = CARTESIAN_POINT ( 'NONE',  ( -18.74103699912082988, -4.743426454221663313, 27.00000000000000355 ) ) ;
#2697 = CARTESIAN_POINT ( 'NONE',  ( 18.22539674441618374, 44.00000000000000000, 1.062499997268813168 ) ) ;
#2698 = CARTESIAN_POINT ( 'NONE',  ( -43.99999999999999289, 2.879793265790633328, 19.99999999999999645 ) ) ;
#2699 = CARTESIAN_POINT ( 'NONE',  ( 30.72996560157071855, 30.72996560157071855, 4.437499998634407028 ) ) ;
#2700 = EDGE_CURVE ( 'NONE', #519, #1456, #6039, .T. ) ;
#2701 = ADVANCED_FACE ( 'NONE', ( #2251 ), #4432, .F. ) ;
#2702 = EDGE_LOOP ( 'NONE', ( #1649, #7180, #1453, #2741 ) ) ;
#2703 = CARTESIAN_POINT ( 'NONE',  ( 30.72996560157071855, 30.72996560157071855, 0.6874999986344066949 ) ) ;
#2704 = CARTESIAN_POINT ( 'NONE',  ( 26.53343791227875670, -36.34557372774050776, 7.947455942680123897 ) ) ;
#2705 = CARTESIAN_POINT ( 'NONE',  ( -17.00000000000001421, -21.74342645422166242, 26.58578643762690774 ) ) ;
#2706 = EDGE_LOOP ( 'NONE', ( #3963, #4595, #4995, #2293 ) ) ;
#2707 = DIRECTION ( 'NONE',  ( 0.5038710255240866909, -0.8637789008984331218, 0.000000000000000000 ) ) ;
#2708 = CARTESIAN_POINT ( 'NONE',  ( -43.45873412499999233, 5.322159964117709262E-15, 4.812499998634407028 ) ) ;
#2709 = AXIS2_PLACEMENT_3D ( 'NONE', #6892, #2419, #6932 ) ;
#2710 = DIRECTION ( 'NONE',  ( -0.000000000000000000, -0.000000000000000000, -1.000000000000000000 ) ) ;
#2711 = EDGE_LOOP ( 'NONE', ( #7020, #2949, #1588, #3228 ) ) ;
#2712 = AXIS2_PLACEMENT_3D ( 'NONE', #3729, #5949, #965 ) ;
#2713 = DIRECTION ( 'NONE',  ( -0.000000000000000000, -0.000000000000000000, 1.000000000000000000 ) ) ;
#2714 = DIRECTION ( 'NONE',  ( 0.000000000000000000, 1.000000000000000000, 0.000000000000000000 ) ) ;
#2715 = ORIENTED_EDGE ( 'NONE', *, *, #100, .F. ) ;
#2716 = DIRECTION ( 'NONE',  ( 1.000000000000000000, -0.000000000000000000, -0.000000000000000000 ) ) ;
#2717 = ORIENTED_EDGE ( 'NONE', *, *, #4558, .F. ) ;
#2718 = CARTESIAN_POINT ( 'NONE',  ( -23.89501810508406976, -13.93876056129903596, 27.00000000000000355 ) ) ;
#2719 = PLANE ( 'NONE',  #2250 ) ;
#2720 = VECTOR ( 'NONE', #6753, 1000.000000000000000 ) ;
#2721 = CYLINDRICAL_SURFACE ( 'NONE', #2397, 1.000000000000000000 ) ;
#2722 = DIRECTION ( 'NONE',  ( -3.469446951953611033E-15, 0.000000000000000000, -1.000000000000000000 ) ) ;
#2723 =( BOUNDED_CURVE ( )  B_SPLINE_CURVE ( 2, ( #555, #2814, #5504, #3864, #6189, #5, #6656, #7184, #1211 ),
 .UNSPECIFIED., .F., .F. ) 
 B_SPLINE_CURVE_WITH_KNOTS ( ( 3, 2, 2, 2, 3 ),
 ( 0.3000000000000000444, 0.3250000000000000666, 0.3499999999999999778, 0.3750000000000000000, 0.4000000000000000222 ),
 .UNSPECIFIED. ) 
 CURVE ( )  GEOMETRIC_REPRESENTATION_ITEM ( )  RATIONAL_B_SPLINE_CURVE ( ( 0.9999999999999997780, 0.9238795325112869605, 1.000000000000000000, 0.9238795325112867385, 1.000000000000000000, 0.9238795325112867385, 1.000000000000000000, 0.9238795325112867385, 1.000000000000000000 ) ) 
 REPRESENTATION_ITEM ( '' )  );
#2724 = CARTESIAN_POINT ( 'NONE',  ( -19.40472352562271041, -40.60140368338769434, 11.90862032727902076 ) ) ;
#2725 = CARTESIAN_POINT ( 'NONE',  ( 19.61249756466293803, -39.38721081055103923, 10.84008973337818560 ) ) ;
#2726 = EDGE_LOOP ( 'NONE', ( #2986, #3498, #2504, #5083 ) ) ;
#2727 = CARTESIAN_POINT ( 'NONE',  ( -1.805297760356861625, -12.06321000129278787, 26.00000000000000355 ) ) ;
#2728 = VECTOR ( 'NONE', #6622, 1000.000000000000000 ) ;
#2729 = CARTESIAN_POINT ( 'NONE',  ( 2.694222958124176809E-15, 44.00000000000000000, 4.124999997268813168 ) ) ;
#2730 = CARTESIAN_POINT ( 'NONE',  ( 8.854163647934145231, -10.26378077054167370, 25.99999999999999645 ) ) ;
#2731 = VERTEX_POINT ( 'NONE', #1163 ) ;
#2732 = CARTESIAN_POINT ( 'NONE',  ( -20.50000000000001421, -21.74342645422166953, 26.00000000000000355 ) ) ;
#2733 = EDGE_CURVE ( 'NONE', #3871, #5505, #1666, .T. ) ;
#2734 = DIRECTION ( 'NONE',  ( 0.000000000000000000, -1.000000000000000000, 0.000000000000000000 ) ) ;
#2735 = CARTESIAN_POINT ( 'NONE',  ( 43.99999999999999289, -18.22539674441620861, 2.812499997268813612 ) ) ;
#2736 = AXIS2_PLACEMENT_3D ( 'NONE', #1797, #5690, #4021 ) ;
#2737 = CARTESIAN_POINT ( 'NONE',  ( -6.949225689174967968, -7.837627557260617550, 26.00000000000001421 ) ) ;
#2738 = CARTESIAN_POINT ( 'NONE',  ( -30.72996560157072565, -30.72996560157071499, 3.937499998634406584 ) ) ;
#2739 = TOROIDAL_SURFACE ( 'NONE', #6216, 13.65655881953732909, 1.000000000000000000 ) ;
#2740 = VECTOR ( 'NONE', #1732, 1000.000000000000000 ) ;
#2741 = ORIENTED_EDGE ( 'NONE', *, *, #1708, .F. ) ;
#2742 = CARTESIAN_POINT ( 'NONE',  ( -30.72996560157071499, 30.72996560157071855, 2.937499998634406584 ) ) ;
#2743 = EDGE_CURVE ( 'NONE', #4862, #4887, #3928, .T. ) ;
#2744 = EDGE_CURVE ( 'NONE', #5707, #4809, #469, .T. ) ;
#2745 = CARTESIAN_POINT ( 'NONE',  ( 25.48063940126343851, -37.09169772660310116, 6.800851999839940376 ) ) ;
#2746 = VERTEX_POINT ( 'NONE', #5562 ) ;
#2747 = CARTESIAN_POINT ( 'NONE',  ( 0.000000000000000000, 0.000000000000000000, 18.00000000000000000 ) ) ;
#2748 = CARTESIAN_POINT ( 'NONE',  ( -4.500894541247813407, -9.856396915036523154, 27.00000000000000355 ) ) ;
#2749 = AXIS2_PLACEMENT_3D ( 'NONE', #5827, #5865, #5425 ) ;
#2750 = FACE_OUTER_BOUND ( 'NONE', #5207, .T. ) ;
#2751 = EDGE_LOOP ( 'NONE', ( #1978, #4485, #6271, #3957, #5624 ) ) ;
#2752 = VECTOR ( 'NONE', #1507, 1000.000000000000000 ) ;
#2753 = DIRECTION ( 'NONE',  ( 1.000000000000000000, 0.000000000000000000, -0.000000000000000000 ) ) ;
#2754 = DIRECTION ( 'NONE',  ( -1.000000000000000000, 1.734723475976800586E-15, 0.000000000000000000 ) ) ;
#2755 = ORIENTED_EDGE ( 'NONE', *, *, #5627, .F. ) ;
#2756 = CARTESIAN_POINT ( 'NONE',  ( -26.97816512510927467, -36.01638612825165353, 9.012136165099001062 ) ) ;
#2757 = CARTESIAN_POINT ( 'NONE',  ( 43.45873412499998523, -18.00119707814146963, 1.499999998634406806 ) ) ;
#2758 = PRESENTATION_LAYER_ASSIGNMENT (  '', '', ( #3683 ) ) ;
#2759 = CYLINDRICAL_SURFACE ( 'NONE', #6356, 45.00000000000000711 ) ;
#2760 = LINE ( 'NONE', #4505, #1683 ) ;
#2761 = CARTESIAN_POINT ( 'NONE',  ( -20.33096033875813546, -39.39007352870685708, 7.917724568840565524 ) ) ;
#2762 = VERTEX_POINT ( 'NONE', #2144 ) ;
#2763 = CARTESIAN_POINT ( 'NONE',  ( 19.78865899248438964, -39.74124314564485161, 8.711766276693355238 ) ) ;
#2764 = CARTESIAN_POINT ( 'NONE',  ( 18.22539674441618374, 44.00000000000000000, 4.062499997268813168 ) ) ;
#2765 = DIRECTION ( 'NONE',  ( 0.8637789008984340100, 0.5038710255240853586, 0.000000000000000000 ) ) ;
#2766 = ORIENTED_EDGE ( 'NONE', *, *, #3541, .F. ) ;
#2767 = CARTESIAN_POINT ( 'NONE',  ( 7.990384747035712110, -9.759909745017587568, 25.00000000000000000 ) ) ;
#2768 = CARTESIAN_POINT ( 'NONE',  ( 9.499999999999998224, -14.99999999999999822, 13.00000000000000000 ) ) ;
#2769 = CARTESIAN_POINT ( 'NONE',  ( 2.694222958124176809E-15, 44.00000000000000000, 1.124999997268813390 ) ) ;
#2770 = CARTESIAN_POINT ( 'NONE',  ( 19.49865308019176524, 39.54865025904197751, 20.00000000000000000 ) ) ;
#2771 = CARTESIAN_POINT ( 'NONE',  ( -43.45873412499999233, 18.00119707814145187, 2.749999998634406140 ) ) ;
#2772 = ADVANCED_FACE ( 'NONE', ( #611 ), #3270, .T. ) ;
#2773 = VERTEX_POINT ( 'NONE', #4909 ) ;
#2774 = ORIENTED_EDGE ( 'NONE', *, *, #2074, .F. ) ;
#2775 = CARTESIAN_POINT ( 'NONE',  ( -30.72996560157071499, 30.72996560157071855, 1.937499998634406584 ) ) ;
#2776 = EDGE_CURVE ( 'NONE', #4020, #4541, #151, .T. ) ;
#2777 = CARTESIAN_POINT ( 'NONE',  ( 25.50004005378168870, -37.13089938953061164, 10.13470445099622097 ) ) ;
#2778 = LINE ( 'NONE', #4994, #1782 ) ;
#2779 = ORIENTED_EDGE ( 'NONE', *, *, #1410, .T. ) ;
#2780 = PLANE ( 'NONE',  #3790 ) ;
#2781 = CARTESIAN_POINT ( 'NONE',  ( -3.792608218270274723, -8.694775275863152686, 27.00000000000000355 ) ) ;
#2782 = CARTESIAN_POINT ( 'NONE',  ( -13.99999999999999822, -4.743426454221665090, 27.00000000000000355 ) ) ;
#2783 = EDGE_CURVE ( 'NONE', #3367, #3992, #4361, .T. ) ;
#2784 = EDGE_LOOP ( 'NONE', ( #7053, #404, #4529, #6770 ) ) ;
#2785 = CARTESIAN_POINT ( 'NONE',  ( 31.11269837220809364, 31.11269837220809364, 2.125000000000000000 ) ) ;
#2786 = ORIENTED_EDGE ( 'NONE', *, *, #6600, .F. ) ;
#2787 = CARTESIAN_POINT ( 'NONE',  ( 0.000000000000000000, 0.000000000000000000, 18.00000000000000000 ) ) ;
#2788 = CARTESIAN_POINT ( 'NONE',  ( -11.49999999999999822, -21.74342645422166242, 26.00000000000000355 ) ) ;
#2789 = EDGE_LOOP ( 'NONE', ( #2592, #6083, #2315, #5281 ) ) ;
#2790 = CARTESIAN_POINT ( 'NONE',  ( -24.38967144859568137, -37.82066099979611806, 7.571608493603238621 ) ) ;
#2791 = CARTESIAN_POINT ( 'NONE',  ( -43.45873412499999233, 5.322159964117709262E-15, 1.062499998634406584 ) ) ;
#2792 = EDGE_CURVE ( 'NONE', #1523, #544, #5017, .T. ) ;
#2793 = EDGE_CURVE ( 'NONE', #3537, #5040, #1632, .T. ) ;
#2794 = B_SPLINE_CURVE_WITH_KNOTS ( 'NONE', 3,
 ( #3293, #4387, #1621, #3837 ),
 .UNSPECIFIED., .F., .F.,
 ( 4, 4 ),
 ( 2.805438527077309508E-14, 0.001463620523891447697 ),
 .UNSPECIFIED. ) ;
#2795 = ADVANCED_FACE ( 'NONE', ( #4399 ), #4470, .F. ) ;
#2796 = CARTESIAN_POINT ( 'NONE',  ( 0.000000000000000000, 0.000000000000000000, 0.000000000000000000 ) ) ;
#2797 = CARTESIAN_POINT ( 'NONE',  ( 6.729536559578224164, -12.74342645422166420, 26.99999999999999645 ) ) ;
#2798 = CYLINDRICAL_SURFACE ( 'NONE', #59, 44.00000000000000000 ) ;
#2799 = CARTESIAN_POINT ( 'NONE',  ( 2.500000000000003109, 15.00000000000000178, 18.00000000000000000 ) ) ;
#2800 = ORIENTED_EDGE ( 'NONE', *, *, #1034, .F. ) ;
#2801 = CARTESIAN_POINT ( 'NONE',  ( 22.66494477183679024, -38.87654074523329228, 6.006806877262528488 ) ) ;
#2802 = DIRECTION ( 'NONE',  ( 0.000000000000000000, 0.000000000000000000, 1.000000000000000000 ) ) ;
#2803 = DIRECTION ( 'NONE',  ( 0.000000000000000000, 1.000000000000000000, 0.000000000000000000 ) ) ;
#2804 = VERTEX_POINT ( 'NONE', #1237 ) ;
#2805 = CARTESIAN_POINT ( 'NONE',  ( -21.86524748694237985, -39.33175179590825365, 13.84799764719416260 ) ) ;
#2806 = CARTESIAN_POINT ( 'NONE',  ( -31.00000000000000355, 15.00000000000000000, 18.00000000000000000 ) ) ;
#2807 = CARTESIAN_POINT ( 'NONE',  ( 31.11269837220808299, -31.11269837220809364, 3.749999997268813168 ) ) ;
#2808 = CARTESIAN_POINT ( 'NONE',  ( 42.59273254217914229, 11.40843301440152047, 20.00000000000000000 ) ) ;
#2809 = CARTESIAN_POINT ( 'NONE',  ( 2.661079982058854631E-15, 43.45873412499999233, 2.562499998634406584 ) ) ;
#2810 = ORIENTED_EDGE ( 'NONE', *, *, #2783, .T. ) ;
#2811 = VERTEX_POINT ( 'NONE', #167 ) ;
#2812 = CARTESIAN_POINT ( 'NONE',  ( 43.45873412499998523, -18.00119707814146963, 5.499999998634405252 ) ) ;
#2813 = CARTESIAN_POINT ( 'NONE',  ( 25.19199054102205793, -37.30266972155781247, 8.499544077879233939 ) ) ;
#2814 = CARTESIAN_POINT ( 'NONE',  ( -43.99999999999997868, -18.22539674441620861, 2.437499997268814056 ) ) ;
#2815 = ORIENTED_EDGE ( 'NONE', *, *, #2733, .F. ) ;
#2816 = LINE ( 'NONE', #81, #890 ) ;
#2817 = CARTESIAN_POINT ( 'NONE',  ( -6.094091462488877120, -8.151990634912813505, 27.00000000000000000 ) ) ;
#2818 = CARTESIAN_POINT ( 'NONE',  ( -1.499999999999997335, -25.99999999999999645, 18.00000000000000000 ) ) ;
#2819 = EDGE_LOOP ( 'NONE', ( #672, #3490, #3217, #6644 ) ) ;
#2820 = CARTESIAN_POINT ( 'NONE',  ( 3.526514240017615474E-15, -4.743426454221680189, 26.00000000000000355 ) ) ;
#2821 = ORIENTED_EDGE ( 'NONE', *, *, #2948, .F. ) ;
#2822 = CARTESIAN_POINT ( 'NONE',  ( 25.36917708966085883, -35.95025575387538908, 8.687105241366184671 ) ) ;
#2823 = PLANE ( 'NONE',  #6538 ) ;
#2824 = ORIENTED_EDGE ( 'NONE', *, *, #5175, .T. ) ;
#2825 = VECTOR ( 'NONE', #4568, 1000.000000000000000 ) ;
#2826 = VERTEX_POINT ( 'NONE', #2875 ) ;
#2827 = CARTESIAN_POINT ( 'NONE',  ( -25.49491863677673109, -37.12738898313003943, 9.603327757329273240 ) ) ;
#2828 = CARTESIAN_POINT ( 'NONE',  ( 30.72996560157071855, 30.72996560157071855, 2.687499998634407028 ) ) ;
#2829 = EDGE_CURVE ( 'NONE', #1692, #6668, #5119, .T. ) ;
#2830 = AXIS2_PLACEMENT_3D ( 'NONE', #528, #6709, #5552 ) ;
#2831 = DIRECTION ( 'NONE',  ( -0.8637789008984338990, 0.5038710255240855806, 0.000000000000000000 ) ) ;
#2832 = LINE ( 'NONE', #3997, #7142 ) ;
#2833 = CARTESIAN_POINT ( 'NONE',  ( -31.00000000000000355, 15.00000000000000000, 18.00000000000000000 ) ) ;
#2834 = LINE ( 'NONE', #3925, #2581 ) ;
#2835 = ORIENTED_EDGE ( 'NONE', *, *, #6127, .T. ) ;
#2836 = CARTESIAN_POINT ( 'NONE',  ( 19.52220263902801634, -39.90807478657577434, 9.620446631267798310 ) ) ;
#2837 = EDGE_CURVE ( 'NONE', #2311, #6490, #6349, .T. ) ;
#2838 = EDGE_CURVE ( 'NONE', #2231, #6275, #4104, .T. ) ;
#2839 = VECTOR ( 'NONE', #6576, 1000.000000000000000 ) ;
#2840 = CARTESIAN_POINT ( 'NONE',  ( -15.99999999999999645, 20.00000000000000000, 23.00000000000000000 ) ) ;
#2841 = VECTOR ( 'NONE', #2978, 1000.000000000000000 ) ;
#2842 = DIRECTION ( 'NONE',  ( 0.000000000000000000, -0.000000000000000000, 1.000000000000000000 ) ) ;
#2843 = ORIENTED_EDGE ( 'NONE', *, *, #2906, .F. ) ;
#2844 = CARTESIAN_POINT ( 'NONE',  ( -20.68303079297435332, -39.96594863269251618, 6.701035756800031606 ) ) ;
#2845 = CARTESIAN_POINT ( 'NONE',  ( -8.929238224710607241, 6.949538567781226917, 26.00000000000000355 ) ) ;
#2846 = CARTESIAN_POINT ( 'NONE',  ( -7.983239946176564682E-15, -43.45873412499999233, 5.062499998634407028 ) ) ;
#2847 = VECTOR ( 'NONE', #2539, 1000.000000000000000 ) ;
#2848 = ORIENTED_EDGE ( 'NONE', *, *, #2510, .T. ) ;
#2849 = EDGE_LOOP ( 'NONE', ( #5730, #1550, #247, #4350 ) ) ;
#2850 = AXIS2_PLACEMENT_3D ( 'NONE', #525, #4495, #5618 ) ;
#2851 = CARTESIAN_POINT ( 'NONE',  ( 23.67191506683814950, -36.83839787100944108, 7.232379751773750698 ) ) ;
#2852 = CARTESIAN_POINT ( 'NONE',  ( -11.49999999999999822, -7.243426454221660649, 27.00000000000000355 ) ) ;
#2853 = ORIENTED_EDGE ( 'NONE', *, *, #1138, .T. ) ;
#2854 = CARTESIAN_POINT ( 'NONE',  ( 1.175504746672536585E-15, -4.743426454221666866, 25.99999999999999645 ) ) ;
#2855 = CARTESIAN_POINT ( 'NONE',  ( -4.723204334737810761, -7.759630229984950667, 27.00000000000000355 ) ) ;
#2856 = DIRECTION ( 'NONE',  ( -1.000000000000000000, 1.239088197126290077E-16, -0.000000000000000000 ) ) ;
#2857 = VECTOR ( 'NONE', #4665, 1000.000000000000000 ) ;
#2858 = ORIENTED_EDGE ( 'NONE', *, *, #1750, .F. ) ;
#2859 = DIRECTION ( 'NONE',  ( 1.000000000000000000, -0.000000000000000000, 0.000000000000000000 ) ) ;
#2860 = CARTESIAN_POINT ( 'NONE',  ( 2.500000000000003553, 10.00000000000000000, 18.00000000000000000 ) ) ;
#2861 = CARTESIAN_POINT ( 'NONE',  ( 23.19516462253438505, -37.39020120917567880, 7.069628335100428096 ) ) ;
#2862 = CARTESIAN_POINT ( 'NONE',  ( 0.000000000000000000, 0.000000000000000000, 27.00000000000000355 ) ) ;
#2863 = ORIENTED_EDGE ( 'NONE', *, *, #6738, .T. ) ;
#2864 = ORIENTED_EDGE ( 'NONE', *, *, #2958, .T. ) ;
#2865 = CARTESIAN_POINT ( 'NONE',  ( -23.28574078690957805, -37.16970871662912401, 7.098955983316899143 ) ) ;
#2866 = CARTESIAN_POINT ( 'NONE',  ( 30.99999999999998934, -21.74342645422165532, 26.58578643762690774 ) ) ;
#2867 = EDGE_CURVE ( 'NONE', #5079, #1967, #2391, .T. ) ;
#2868 = VECTOR ( 'NONE', #7209, 1000.000000000000000 ) ;
#2869 = CARTESIAN_POINT ( 'NONE',  ( 31.11269837220808299, -31.11269837220809364, 5.749999997268813168 ) ) ;
#2870 = CARTESIAN_POINT ( 'NONE',  ( 3.924040592136514682, -4.743426454221664201, 26.99999999999999645 ) ) ;
#2871 = SURFACE_STYLE_FILL_AREA ( #4540 ) ;
#2872 = ORIENTED_EDGE ( 'NONE', *, *, #5489, .F. ) ;
#2873 = CARTESIAN_POINT ( 'NONE',  ( 19.25418381689356551, -40.67283793713652074, 8.411389598648829846 ) ) ;
#2874 = B_SPLINE_CURVE_WITH_KNOTS ( 'NONE', 3,
 ( #6473, #1781, #6181, #579, #1129, #5641, #2805, #2359, #3344, #658, #5020, #5122, #3931, #2909, #2294, #1673, #1203, #6148, #6796, #134, #6645, #3456, #5059, #4045, #4579, #4007, #6722, #3418, #1821, #5565, #2879, #5093, #2844, #4514, #4477, #31 ),
 .UNSPECIFIED., .F., .F.,
 ( 4, 2, 2, 2, 2, 2, 2, 2, 2, 2, 2, 2, 2, 2, 2, 2, 2, 4 ),
 ( 0.02517505465013764390, 0.02689828599930724554, 0.02775990167389205676, 0.02862151734847686799, 0.02948313302306167921, 0.03034474869764649044, 0.03077555653493889085, 0.03120636437223129125, 0.03206798004681608166, 0.03292959572140087554, 0.03336040355869327595, 0.03379121139598567636, 0.03465282707057047717, 0.03551444274515527799, 0.03637605841974007881, 0.03723767409432487963, 0.03809928976890968044, 0.03896090544349448126 ),
 .UNSPECIFIED. ) ;
#2875 = CARTESIAN_POINT ( 'NONE',  ( -18.74103699912082988, -20.74342645422166598, 27.00000000000000355 ) ) ;
#2876 = EDGE_CURVE ( 'NONE', #2914, #6218, #3015, .T. ) ;
#2877 = LINE ( 'NONE', #4982, #1334 ) ;
#2878 = EDGE_LOOP ( 'NONE', ( #6652, #2482, #1072, #6403 ) ) ;
#2879 = CARTESIAN_POINT ( 'NONE',  ( -20.06167305549458391, -40.28127347692355897, 7.215489852260767556 ) ) ;
#2880 = CARTESIAN_POINT ( 'NONE',  ( 18.22539674441619084, -43.99999999999999289, 3.812500000000000000 ) ) ;
#2881 = EDGE_CURVE ( 'NONE', #3950, #5662, #5199, .T. ) ;
#2882 = EDGE_CURVE ( 'NONE', #1013, #2400, #652, .T. ) ;
#2883 = ORIENTED_EDGE ( 'NONE', *, *, #6021, .T. ) ;
#2884 = VERTEX_POINT ( 'NONE', #5089 ) ;
#2885 = DIRECTION ( 'NONE',  ( 0.000000000000000000, 1.000000000000000000, -0.000000000000000000 ) ) ;
#2886 = CARTESIAN_POINT ( 'NONE',  ( 11.03417062876480692, 6.936117314770092079, 26.20858678848677670 ) ) ;
#2887 = CARTESIAN_POINT ( 'NONE',  ( 30.72996560157071855, 30.72996560157071855, 2.437499998634406584 ) ) ;
#2888 = CARTESIAN_POINT ( 'NONE',  ( -25.50000000000000355, 26.00000000000000000, 18.00000000000000000 ) ) ;
#2889 = CARTESIAN_POINT ( 'NONE',  ( -9.231191435460175398, -7.373048670735118826, 27.00000000000000355 ) ) ;
#2890 = CARTESIAN_POINT ( 'NONE',  ( 44.00000000000000000, 0.000000000000000000, 5.437499998634406140 ) ) ;
#2891 = DIRECTION ( 'NONE',  ( -1.000000000000000000, -7.434529182757739478E-16, 0.000000000000000000 ) ) ;
#2892 = CYLINDRICAL_SURFACE ( 'NONE', #5291, 12.65655881953732909 ) ;
#2893 = CARTESIAN_POINT ( 'NONE',  ( -31.00000000000000355, -9.999999999999991118, 23.00000000000000000 ) ) ;
#2894 = DIRECTION ( 'NONE',  ( 1.000000000000000000, 0.000000000000000000, 0.000000000000000000 ) ) ;
#2895 = VERTEX_POINT ( 'NONE', #5673 ) ;
#2896 = CARTESIAN_POINT ( 'NONE',  ( -25.49948742291929094, -35.12529319836691855, 9.778662902972591553 ) ) ;
#2897 = CARTESIAN_POINT ( 'NONE',  ( 43.45873412499999233, 0.000000000000000000, 3.562499998634406584 ) ) ;
#2898 = ORIENTED_EDGE ( 'NONE', *, *, #6279, .F. ) ;
#2899 = DIRECTION ( 'NONE',  ( 1.000000000000000000, 0.000000000000000000, 0.000000000000000000 ) ) ;
#2900 = DIRECTION ( 'NONE',  ( 0.000000000000000000, -1.000000000000000000, 0.000000000000000000 ) ) ;
#2901 = FACE_OUTER_BOUND ( 'NONE', #1165, .T. ) ;
#2902 = CARTESIAN_POINT ( 'NONE',  ( 44.00000000000000000, 5.388445916248353619E-15, 15.00000000000000000 ) ) ;
#2903 = EDGE_LOOP ( 'NONE', ( #589, #920, #3718, #2431 ) ) ;
#2904 = CARTESIAN_POINT ( 'NONE',  ( 22.52116564299539547, -38.95982851748155440, 6.957728222343662061 ) ) ;
#2905 = CARTESIAN_POINT ( 'NONE',  ( 4.000000000000000000, 10.00000000000000178, 23.00000000000000000 ) ) ;
#2906 = EDGE_CURVE ( 'NONE', #4662, #1161, #4573, .T. ) ;
#2907 = DIRECTION ( 'NONE',  ( 0.5038710255240863578, 0.8637789008984333439, 0.000000000000000000 ) ) ;
#2908 = ORIENTED_EDGE ( 'NONE', *, *, #2025, .T. ) ;
#2909 = CARTESIAN_POINT ( 'NONE',  ( -19.89661685470629138, -40.36254979598158599, 12.59672188592232445 ) ) ;
#2910 = CARTESIAN_POINT ( 'NONE',  ( 18.22539674441619084, -43.99999999999999289, 0.8125000000000001110 ) ) ;
#2911 =( BOUNDED_CURVE ( )  B_SPLINE_CURVE ( 3, ( #2782, #6703, #6131, #4528 ),
 .UNSPECIFIED., .F., .F. ) 
 B_SPLINE_CURVE_WITH_KNOTS ( ( 4, 4 ),
 ( 4.712388980384689674, 6.283185307179586232 ),
 .UNSPECIFIED. ) 
 CURVE ( )  GEOMETRIC_REPRESENTATION_ITEM ( )  RATIONAL_B_SPLINE_CURVE ( ( 1.000000000000000000, 0.8047378541243649375, 0.8047378541243649375, 1.000000000000000000 ) ) 
 REPRESENTATION_ITEM ( '' )  );
#2912 = EDGE_CURVE ( 'NONE', #868, #6394, #4471, .T. ) ;
#2913 = ORIENTED_EDGE ( 'NONE', *, *, #332, .F. ) ;
#2914 = VERTEX_POINT ( 'NONE', #5637 ) ;
#2915 = CARTESIAN_POINT ( 'NONE',  ( -39.00000000000000000, 2.388061258337338939E-15, 23.00000000000000000 ) ) ;
#2916 = LINE ( 'NONE', #6914, #1231 ) ;
#2917 = CARTESIAN_POINT ( 'NONE',  ( 18.00119707814144832, -43.45873412499998523, 3.124999998634405696 ) ) ;
#2918 = EDGE_CURVE ( 'NONE', #6344, #4185, #3451, .T. ) ;
#2919 = CARTESIAN_POINT ( 'NONE',  ( 21.18508234551703850, -38.80239667567682460, 7.297654385632816876 ) ) ;
#2920 = CARTESIAN_POINT ( 'NONE',  ( -4.821737127247879506, -10.50115581689604838, 27.00000000000000000 ) ) ;
#2921 = EDGE_CURVE ( 'NONE', #1692, #4662, #4070, .T. ) ;
#2922 = LINE ( 'NONE', #3031, #5158 ) ;
#2923 = EDGE_LOOP ( 'NONE', ( #6727, #5444, #4386, #5857, #6442, #1069, #3628, #531, #3611, #3301, #5065, #2755, #2388 ) ) ;
#2924 = FACE_OUTER_BOUND ( 'NONE', #6231, .T. ) ;
#2925 = DIRECTION ( 'NONE',  ( 1.000000000000000000, 0.000000000000000000, -0.000000000000000000 ) ) ;
#2926 = DIRECTION ( 'NONE',  ( -1.000000000000000000, 1.734723475976800586E-15, 0.000000000000000000 ) ) ;
#2927 = ORIENTED_EDGE ( 'NONE', *, *, #3583, .T. ) ;
#2928 = CARTESIAN_POINT ( 'NONE',  ( -25.42497180674286028, -37.12999869063837366, 13.23905077435497191 ) ) ;
#2929 = CARTESIAN_POINT ( 'NONE',  ( 2.661079982058854631E-15, 43.45873412499999233, 0.5624999986344066949 ) ) ;
#2930 = VERTEX_POINT ( 'NONE', #6278 ) ;
#2931 = PRESENTATION_STYLE_ASSIGNMENT (( #680 ) ) ;
#2932 = FACE_BOUND ( 'NONE', #2661, .T. ) ;
#2933 = LINE ( 'NONE', #1875, #4915 ) ;
#2934 = ORIENTED_EDGE ( 'NONE', *, *, #2156, .T. ) ;
#2935 = CARTESIAN_POINT ( 'NONE',  ( 19.52050552357103186, -39.90912494822635637, 10.36604916001434340 ) ) ;
#2936 = CARTESIAN_POINT ( 'NONE',  ( -17.00000000000001421, -3.743426454221665534, 26.00000000000000355 ) ) ;
#2937 = DIRECTION ( 'NONE',  ( -0.000000000000000000, -0.000000000000000000, -1.000000000000000000 ) ) ;
#2938 = VECTOR ( 'NONE', #6351, 1000.000000000000114 ) ;
#2939 = CARTESIAN_POINT ( 'NONE',  ( -3.783476313317740036, -8.710350112672475831, 27.00000000000000355 ) ) ;
#2940 = CARTESIAN_POINT ( 'NONE',  ( 27.10446190934209199, -35.92141749919484539, 9.938717564508444013 ) ) ;
#2941 = ORIENTED_EDGE ( 'NONE', *, *, #593, .F. ) ;
#2942 = CARTESIAN_POINT ( 'NONE',  ( -1.038873403729547951, -9.113535909254512291, 27.00000000000000000 ) ) ;
#2943 = CIRCLE ( 'NONE', #7008, 2.121320343559641941 ) ;
#2944 = VERTEX_POINT ( 'NONE', #1816 ) ;
#2945 = CARTESIAN_POINT ( 'NONE',  ( -44.00000000000000000, 5.388445916248353619E-15, 3.500000000000000000 ) ) ;
#2946 = AXIS2_PLACEMENT_3D ( 'NONE', #700, #5132, #143 ) ;
#2947 = VECTOR ( 'NONE', #4765, 1000.000000000000000 ) ;
#2948 = EDGE_CURVE ( 'NONE', #765, #4850, #4004, .T. ) ;
#2949 = ORIENTED_EDGE ( 'NONE', *, *, #293, .T. ) ;
#2950 = CARTESIAN_POINT ( 'NONE',  ( 43.45873412499999233, 18.00119707814144121, 4.624999998634407028 ) ) ;
#2951 = CARTESIAN_POINT ( 'NONE',  ( 22.97552710080445948, -37.42748150934017559, 7.037927418782356170 ) ) ;
#2952 = CARTESIAN_POINT ( 'NONE',  ( 1.000000000000000222, -21.74342645422165887, 25.99999999999999645 ) ) ;
#2953 = DIRECTION ( 'NONE',  ( -0.8637789008984333439, 0.5038710255240863578, 0.000000000000000000 ) ) ;
#2954 = CARTESIAN_POINT ( 'NONE',  ( -4.821737127834509806, -10.50115581645490259, 26.00000000000000355 ) ) ;
#2955 = DIRECTION ( 'NONE',  ( 0.5049055868418398374, 0.8631745758396138779, 0.000000000000000000 ) ) ;
#2956 = VECTOR ( 'NONE', #6066, 1000.000000000000000 ) ;
#2957 = EDGE_CURVE ( 'NONE', #6979, #499, #754, .T. ) ;
#2958 = EDGE_CURVE ( 'NONE', #2190, #5553, #6861, .T. ) ;
#2959 = ORIENTED_EDGE ( 'NONE', *, *, #7144, .F. ) ;
#2960 = LINE ( 'NONE', #188, #4942 ) ;
#2961 = LINE ( 'NONE', #633, #1690 ) ;
#2962 = CARTESIAN_POINT ( 'NONE',  ( 13.50000000000000178, 20.00000000000000000, 23.00000000000000000 ) ) ;
#2963 = CARTESIAN_POINT ( 'NONE',  ( 19.14118035725758205, -40.72618839855995532, 11.32733909302613640 ) ) ;
#2964 = VERTEX_POINT ( 'NONE', #6937 ) ;
#2965 = CARTESIAN_POINT ( 'NONE',  ( -26.95157380820273474, -36.03634718338629028, 11.11174319158177148 ) ) ;
#2966 = CARTESIAN_POINT ( 'NONE',  ( 43.45873412499999233, 0.000000000000000000, 0.3124999986344065839 ) ) ;
#2967 = CIRCLE ( 'NONE', #2850, 4.099999999999999645 ) ;
#2968 = VECTOR ( 'NONE', #944, 1000.000000000000114 ) ;
#2969 = EDGE_CURVE ( 'NONE', #3317, #1029, #971, .T. ) ;
#2970 = CARTESIAN_POINT ( 'NONE',  ( 43.72936706249999617, 0.000000000000000000, 5.156249999317203958 ) ) ;
#2971 = AXIS2_PLACEMENT_3D ( 'NONE', #2492, #2418, #2386 ) ;
#2972 = DIRECTION ( 'NONE',  ( -0.000000000000000000, 1.000000000000000000, -0.000000000000000000 ) ) ;
#2973 = PLANE ( 'NONE',  #6759 ) ;
#2974 = VERTEX_POINT ( 'NONE', #4181 ) ;
#2975 = CARTESIAN_POINT ( 'NONE',  ( 20.62494035742737353, -39.99583864679269851, 13.25968444232933408 ) ) ;
#2976 = CARTESIAN_POINT ( 'NONE',  ( -17.00000000000001066, -21.74342645422166242, 25.00000000000000000 ) ) ;
#2977 = CARTESIAN_POINT ( 'NONE',  ( -31.11269837220809364, -31.11269837220808654, 5.499999997268813168 ) ) ;
#2978 = DIRECTION ( 'NONE',  ( 1.000000000000000000, 2.312964634635740689E-15, 0.000000000000000000 ) ) ;
#2979 = AXIS2_PLACEMENT_3D ( 'NONE', #1365, #6887, #1911 ) ;
#2980 = CARTESIAN_POINT ( 'NONE',  ( -1.301042606982608476E-15, 17.97969965692938743, 25.00000000000000000 ) ) ;
#2981 = DIRECTION ( 'NONE',  ( 1.000000000000000000, 0.000000000000000000, 0.000000000000000000 ) ) ;
#2982 = CARTESIAN_POINT ( 'NONE',  ( -11.49999999999999822, -15.74342645422166598, 25.00000000000000000 ) ) ;
#2983 = ORIENTED_EDGE ( 'NONE', *, *, #3625, .F. ) ;
#2984 = CARTESIAN_POINT ( 'NONE',  ( -4.162985228073547539, -5.431243076590972052, 27.00000000000000000 ) ) ;
#2985 = VECTOR ( 'NONE', #1625, 1000.000000000000000 ) ;
#2986 = ORIENTED_EDGE ( 'NONE', *, *, #423, .F. ) ;
#2987 = CARTESIAN_POINT ( 'NONE',  ( 44.00000000000000000, 0.000000000000000000, 2.000000000000000000 ) ) ;
#2988 = EDGE_LOOP ( 'NONE', ( #2525, #7195, #6595, #4190 ) ) ;
#2989 = ORIENTED_EDGE ( 'NONE', *, *, #502, .F. ) ;
#2990 = CARTESIAN_POINT ( 'NONE',  ( 9.225642650282880552, 8.281374995939982497, 26.97842704082830778 ) ) ;
#2991 = CARTESIAN_POINT ( 'NONE',  ( -20.50000000000002487, -3.743426454221659760, 25.00000000000000000 ) ) ;
#2992 = CARTESIAN_POINT ( 'NONE',  ( 18.00119707814144832, 43.45873412499999233, 3.499999998634406584 ) ) ;
#2993 = CIRCLE ( 'NONE', #2297, 2.121320343559649046 ) ;
#2994 = DIRECTION ( 'NONE',  ( 0.8637789008984340100, 0.5038710255240853586, 0.000000000000000000 ) ) ;
#2995 = CARTESIAN_POINT ( 'NONE',  ( -8.249451560296169106, -13.00130573635931519, 27.00000000000000355 ) ) ;
#2996 = CYLINDRICAL_SURFACE ( 'NONE', #5045, 0.9999999999999991118 ) ;
#2997 = ADVANCED_FACE ( 'NONE', ( #1444 ), #4722, .F. ) ;
#2998 = ORIENTED_EDGE ( 'NONE', *, *, #5319, .T. ) ;
#2999 = LINE ( 'NONE', #5762, #523 ) ;
#3000 = CARTESIAN_POINT ( 'NONE',  ( 23.99999999999999289, -15.74342645422166598, 25.00000000000000000 ) ) ;
#3001 = CARTESIAN_POINT ( 'NONE',  ( 2.499999999999996891, -12.24342645422166420, 25.00000000000000000 ) ) ;
#3002 = CARTESIAN_POINT ( 'NONE',  ( 28.34465468539448807, 9.999999999999998224, 23.00000000000000000 ) ) ;
#3003 = EDGE_LOOP ( 'NONE', ( #319, #4534, #2160, #4187, #2222, #1559, #3783, #84, #5390, #1801, #453, #5300 ) ) ;
#3004 = CARTESIAN_POINT ( 'NONE',  ( -25.49924189032415001, -37.12832243896239248, 10.26963154217183671 ) ) ;
#3005 = CARTESIAN_POINT ( 'NONE',  ( -7.983239946176564682E-15, -43.45873412499999233, 5.312499998634406140 ) ) ;
#3006 = EDGE_CURVE ( 'NONE', #3097, #4549, #4127, .T. ) ;
#3007 = CARTESIAN_POINT ( 'NONE',  ( -11.49999999999999645, -12.24342645422166242, 27.00000000000000355 ) ) ;
#3008 = CARTESIAN_POINT ( 'NONE',  ( 9.499999999999998224, -14.99999999999999822, 13.00000000000000000 ) ) ;
#3009 = DIRECTION ( 'NONE',  ( -1.000000000000000000, 9.912705577010330480E-16, 0.000000000000000000 ) ) ;
#3010 = ORIENTED_EDGE ( 'NONE', *, *, #5139, .F. ) ;
#3011 = CARTESIAN_POINT ( 'NONE',  ( 21.79320630274353476, -39.37234487078745104, 12.94793963031379214 ) ) ;
#3012 = CARTESIAN_POINT ( 'NONE',  ( 7.990384747035713886, -9.759909745017591121, 25.99999999999999645 ) ) ;
#3013 = CARTESIAN_POINT ( 'NONE',  ( -31.11269837220808654, 31.11269837220809364, 4.249999997268813168 ) ) ;
#3014 = EDGE_CURVE ( 'NONE', #4710, #4873, #5371, .T. ) ;
#3015 = LINE ( 'NONE', #3515, #4927 ) ;
#3016 = EDGE_CURVE ( 'NONE', #2944, #5404, #5861, .T. ) ;
#3017 = CARTESIAN_POINT ( 'NONE',  ( -4.166406367271088484, -8.180101463781259241, 27.00000000000000000 ) ) ;
#3018 = LINE ( 'NONE', #6358, #762 ) ;
#3019 = LINE ( 'NONE', #865, #2611 ) ;
#3020 = ORIENTED_EDGE ( 'NONE', *, *, #4999, .T. ) ;
#3021 = CARTESIAN_POINT ( 'NONE',  ( -2.731390537342122116, -6.405081432948057873, 26.00000000000000355 ) ) ;
#3022 = EDGE_LOOP ( 'NONE', ( #1768, #1509, #2848, #5254 ) ) ;
#3023 = CARTESIAN_POINT ( 'NONE',  ( -44.00000000000000000, 18.22539674441618374, 3.437500000000000000 ) ) ;
#3024 = EDGE_LOOP ( 'NONE', ( #5527, #4667, #3459, #454 ) ) ;
#3025 = ORIENTED_EDGE ( 'NONE', *, *, #195, .T. ) ;
#3026 = CARTESIAN_POINT ( 'NONE',  ( 4.000000000000000000, -9.999999999999998224, 23.00000000000000000 ) ) ;
#3027 = CARTESIAN_POINT ( 'NONE',  ( 2.500000000000001776, -14.99999999999999822, 18.00000000000000000 ) ) ;
#3028 = CARTESIAN_POINT ( 'NONE',  ( -30.72996560157071499, 30.72996560157071855, 3.687499998634406584 ) ) ;
#3029 = CARTESIAN_POINT ( 'NONE',  ( 29.99999999999998934, -4.743426454221657984, 27.00000000000000355 ) ) ;
#3030 = CARTESIAN_POINT ( 'NONE',  ( -12.56917879921794778, -12.21409253951386553, 27.00000000000000000 ) ) ;
#3031 = CARTESIAN_POINT ( 'NONE',  ( -11.91845339750663513, 6.952431148545534789, 27.00000000000000355 ) ) ;
#3032 = ORIENTED_EDGE ( 'NONE', *, *, #6738, .F. ) ;
#3033 = CARTESIAN_POINT ( 'NONE',  ( -11.05055856827024918, 6.949538567781226917, 26.00000000000000355 ) ) ;
#3034 = CARTESIAN_POINT ( 'NONE',  ( -11.49999999999999822, -7.243426454221660649, 25.00000000000000000 ) ) ;
#3035 = CARTESIAN_POINT ( 'NONE',  ( 20.54392169986849481, -40.03759082430214988, 6.799142003170129733 ) ) ;
#3036 = EDGE_LOOP ( 'NONE', ( #599, #2465, #1611, #6513 ) ) ;
#3037 = CARTESIAN_POINT ( 'NONE',  ( -26.18185892801699666, -36.59983150262755203, 12.54149711899707320 ) ) ;
#3038 = CARTESIAN_POINT ( 'NONE',  ( -7.983239946176564682E-15, -43.45873412499999233, 4.312499998634407028 ) ) ;
#3039 = DIRECTION ( 'NONE',  ( -0.5028399777920261604, -0.8643795212371212511, 0.000000000000000000 ) ) ;
#3040 = EDGE_CURVE ( 'NONE', #316, #5564, #3421, .T. ) ;
#3041 = CARTESIAN_POINT ( 'NONE',  ( -3.171748252421743075, -13.40356908338409880, 26.00000000000001421 ) ) ;
#3042 = DIRECTION ( 'NONE',  ( -1.000000000000000000, 4.336808689942013792E-16, 0.000000000000000000 ) ) ;
#3043 = ORIENTED_EDGE ( 'NONE', *, *, #1946, .F. ) ;
#3044 = CARTESIAN_POINT ( 'NONE',  ( 43.45873412499999233, 0.000000000000000000, 0.5624999986344066949 ) ) ;
#3045 = LINE ( 'NONE', #1374, #5997 ) ;
#3046 = CARTESIAN_POINT ( 'NONE',  ( 18.00119707814145187, -43.45873412499998523, 1.374999998634407250 ) ) ;
#3047 = CARTESIAN_POINT ( 'NONE',  ( 9.499999999999998224, -14.99999999999999822, 23.00000000000000000 ) ) ;
#3048 = ADVANCED_FACE ( 'NONE', ( #6459 ), #5278, .T. ) ;
#3049 = DIRECTION ( 'NONE',  ( 1.000000000000000000, -1.239088197126290077E-16, 0.000000000000000000 ) ) ;
#3050 = ADVANCED_FACE ( 'NONE', ( #6973 ), #4213, .T. ) ;
#3051 = CARTESIAN_POINT ( 'NONE',  ( 25.76022096886879709, -36.89796716137346522, 12.97322157124407482 ) ) ;
#3052 = DIRECTION ( 'NONE',  ( 0.000000000000000000, -0.000000000000000000, -1.000000000000000000 ) ) ;
#3053 = ORIENTED_EDGE ( 'NONE', *, *, #4949, .F. ) ;
#3054 = CARTESIAN_POINT ( 'NONE',  ( -2.225421751441997831, -8.691875940650811927, 27.00000000000000355 ) ) ;
#3055 = ORIENTED_EDGE ( 'NONE', *, *, #3014, .T. ) ;
#3056 = ORIENTED_EDGE ( 'NONE', *, *, #3808, .T. ) ;
#3057 = AXIS2_PLACEMENT_3D ( 'NONE', #2247, #5595, #607 ) ;
#3058 = CARTESIAN_POINT ( 'NONE',  ( 2.500000000000002665, -9.999999999999998224, 23.00000000000000000 ) ) ;
#3059 = VERTEX_POINT ( 'NONE', #2608 ) ;
#3060 = CARTESIAN_POINT ( 'NONE',  ( -24.00000000000001776, -9.743426454221653543, 26.00000000000000355 ) ) ;
#3061 = CARTESIAN_POINT ( 'NONE',  ( 44.00000000000000000, 0.000000000000000000, 2.874999997268813168 ) ) ;
#3062 = CARTESIAN_POINT ( 'NONE',  ( -25.75000000000002132, -12.74342645422166420, 26.00000000000000355 ) ) ;
#3063 = CARTESIAN_POINT ( 'NONE',  ( -23.89501810508406976, -13.93876056129903418, 26.00000000000000355 ) ) ;
#3064 = CARTESIAN_POINT ( 'NONE',  ( -10.89738291572869677, -12.25253238504541997, 26.00000000000000355 ) ) ;
#3065 = DIRECTION ( 'NONE',  ( -0.5018067792377997050, 0.8649797432951745746, 0.000000000000000000 ) ) ;
#3066 = VECTOR ( 'NONE', #4679, 1000.000000000000000 ) ;
#3067 = ORIENTED_EDGE ( 'NONE', *, *, #1447, .T. ) ;
#3068 = LINE ( 'NONE', #6372, #6792 ) ;
#3069 = VECTOR ( 'NONE', #1942, 1000.000000000000114 ) ;
#3070 = CARTESIAN_POINT ( 'NONE',  ( -3.422462255014207422, -7.137235270820676547, 27.00000000000000711 ) ) ;
#3071 = CARTESIAN_POINT ( 'NONE',  ( 19.51103041724272202, -40.55047680162613233, 12.08931533677909087 ) ) ;
#3072 = ORIENTED_EDGE ( 'NONE', *, *, #6817, .T. ) ;
#3073 = CARTESIAN_POINT ( 'NONE',  ( -24.26997932533996050, -36.30488760882855104, 12.42928808122243289 ) ) ;
#3074 = CARTESIAN_POINT ( 'NONE',  ( -18.00119707814144121, 43.45873412499999233, 4.874999998634407916 ) ) ;
#3075 = VECTOR ( 'NONE', #4615, 1000.000000000000000 ) ;
#3076 = DIRECTION ( 'NONE',  ( -1.000000000000000000, -7.434529182757739478E-16, 0.000000000000000000 ) ) ;
#3077 = CARTESIAN_POINT ( 'NONE',  ( -9.303578755460701899, -15.61920140025194215, 25.99999999999999645 ) ) ;
#3078 = LINE ( 'NONE', #4608, #3988 ) ;
#3079 = ORIENTED_EDGE ( 'NONE', *, *, #7133, .F. ) ;
#3080 = CARTESIAN_POINT ( 'NONE',  ( 19.50345421410300517, -40.55411441148883256, 12.07686875115390635 ) ) ;
#3081 = VECTOR ( 'NONE', #2310, 1000.000000000000000 ) ;
#3082 = CARTESIAN_POINT ( 'NONE',  ( 9.499999999999998224, -14.99999999999999822, 23.00000000000000000 ) ) ;
#3083 = CARTESIAN_POINT ( 'NONE',  ( -31.11269837220809364, -31.11269837220808654, 4.499999997268814056 ) ) ;
#3084 = AXIS2_PLACEMENT_3D ( 'NONE', #6265, #189, #6772 ) ;
#3085 = CARTESIAN_POINT ( 'NONE',  ( 43.99999999999994316, 18.22539674441624413, 3.062500000000000444 ) ) ;
#3086 = ADVANCED_FACE ( 'NONE', ( #7046 ), #2066, .T. ) ;
#3087 = VECTOR ( 'NONE', #1826, 1000.000000000000114 ) ;
#3088 = CARTESIAN_POINT ( 'NONE',  ( 24.60189646085771997, -37.68053842017935295, 6.306854834758684802 ) ) ;
#3089 = DIRECTION ( 'NONE',  ( -0.000000000000000000, -0.000000000000000000, 1.000000000000000000 ) ) ;
#3090 = VERTEX_POINT ( 'NONE', #2818 ) ;
#3091 = CARTESIAN_POINT ( 'NONE',  ( -0.9966453736004156072, -9.839442526382029541, 27.00000000000000000 ) ) ;
#3092 = ORIENTED_EDGE ( 'NONE', *, *, #1046, .T. ) ;
#3093 = AXIS2_PLACEMENT_3D ( 'NONE', #377, #4389, #3839 ) ;
#3094 = DIRECTION ( 'NONE',  ( -1.000000000000000000, 0.000000000000000000, 0.000000000000000000 ) ) ;
#3095 = EDGE_CURVE ( 'NONE', #5064, #7078, #4018, .T. ) ;
#3096 = AXIS2_PLACEMENT_3D ( 'NONE', #1973, #7063, #881 ) ;
#3097 = VERTEX_POINT ( 'NONE', #6737 ) ;
#3098 = LINE ( 'NONE', #3026, #6661 ) ;
#3099 = DIRECTION ( 'NONE',  ( -0.000000000000000000, -0.000000000000000000, 1.000000000000000000 ) ) ;
#3100 = CARTESIAN_POINT ( 'NONE',  ( -14.99999999999999822, -3.743426454221665534, 27.00000000000000355 ) ) ;
#3101 = CARTESIAN_POINT ( 'NONE',  ( 26.84465468539448807, -3.287522043468436264E-15, 23.00000000000000000 ) ) ;
#3102 = EDGE_CURVE ( 'NONE', #3689, #6324, #2271, .T. ) ;
#3103 = PLANE ( 'NONE',  #4807 ) ;
#3105 = CARTESIAN_POINT ( 'NONE',  ( -14.99999999999999822, -4.743426454221665978, 26.00000000000000355 ) ) ;
#3104 = AXIS2_PLACEMENT_3D ( 'NONE', #1840, #3407, #2899 ) ;
#3106 = EDGE_CURVE ( 'NONE', #713, #1161, #2911, .T. ) ;
#3107 =( BOUNDED_CURVE ( )  B_SPLINE_CURVE ( 2, ( #794, #5784, #5892, #903, #1925, #4150, #6940, #5819, #5742 ),
 .UNSPECIFIED., .F., .F. ) 
 B_SPLINE_CURVE_WITH_KNOTS ( ( 3, 2, 2, 2, 3 ),
 ( 0.000000000000000000, 0.02500000000000000486, 0.05000000000000000971, 0.07499999999999999722, 0.1000000000000000194 ),
 .UNSPECIFIED. ) 
 CURVE ( )  GEOMETRIC_REPRESENTATION_ITEM ( )  RATIONAL_B_SPLINE_CURVE ( ( 1.000000000000000000, 0.9238795325112867385, 1.000000000000000000, 0.9238795325112867385, 1.000000000000000000, 0.9238795325112867385, 1.000000000000000000, 0.9238795325112867385, 1.000000000000000000 ) ) 
 REPRESENTATION_ITEM ( '' )  );
#3108 = ORIENTED_EDGE ( 'NONE', *, *, #5223, .T. ) ;
#3109 = FACE_BOUND ( 'NONE', #1176, .T. ) ;
#3110 = CARTESIAN_POINT ( 'NONE',  ( 22.52875811616551971, -37.79346786524079960, 13.02276240817596609 ) ) ;
#3111 = FACE_BOUND ( 'NONE', #3280, .T. ) ;
#3112 = ORIENTED_EDGE ( 'NONE', *, *, #1659, .F. ) ;
#3113 = CARTESIAN_POINT ( 'NONE',  ( 27.49999999999998579, -3.743426454221660205, 26.00000000000000355 ) ) ;
#3114 = CARTESIAN_POINT ( 'NONE',  ( -18.00119707814146608, -43.45873412499998523, 4.999999998634406140 ) ) ;
#3115 = CARTESIAN_POINT ( 'NONE',  ( -44.00000000000000000, 5.388445916248353619E-15, 1.499999999999999778 ) ) ;
#3116 = CARTESIAN_POINT ( 'NONE',  ( 20.08578643762689353, -8.231401844741078833, 27.00000000000000355 ) ) ;
#3117 = CARTESIAN_POINT ( 'NONE',  ( -17.00000000000001421, -21.74342645422166242, 25.00000000000000000 ) ) ;
#3118 = ORIENTED_EDGE ( 'NONE', *, *, #3713, .F. ) ;
#3119 = CARTESIAN_POINT ( 'NONE',  ( -44.00000000000000000, 5.388445916248353619E-15, 0.5000000000000000000 ) ) ;
#3120 = CARTESIAN_POINT ( 'NONE',  ( -21.83892408252910045, -39.34625415094782142, 7.048170288258797989 ) ) ;
#3121 = CARTESIAN_POINT ( 'NONE',  ( 43.45873412499999233, 0.000000000000000000, 0.5624999986344066949 ) ) ;
#3122 = CARTESIAN_POINT ( 'NONE',  ( -1.041943727039971401, -9.190351915558599316, 26.00000000000000355 ) ) ;
#3123 = CARTESIAN_POINT ( 'NONE',  ( 43.71637213330512139, -5.759515323017817323, 19.99999999999999645 ) ) ;
#3124 = CARTESIAN_POINT ( 'NONE',  ( -19.71695248409751500, -40.45520441585656357, 11.14849528448021410 ) ) ;
#3125 = DIRECTION ( 'NONE',  ( 0.000000000000000000, -1.000000000000000000, 0.000000000000000000 ) ) ;
#3126 = EDGE_LOOP ( 'NONE', ( #3730, #2102, #5396, #1887 ) ) ;
#3127 = CARTESIAN_POINT ( 'NONE',  ( -7.381931467738829689, -15.30537093325688502, 26.00000000000000355 ) ) ;
#3128 = ORIENTED_EDGE ( 'NONE', *, *, #5047, .T. ) ;
#3129 = CARTESIAN_POINT ( 'NONE',  ( -44.00000000000000000, 18.22539674441618374, 4.437500000000000888 ) ) ;
#3130 = DIRECTION ( 'NONE',  ( 0.5049055868418398374, 0.8631745758396137669, -0.000000000000000000 ) ) ;
#3131 = ORIENTED_EDGE ( 'NONE', *, *, #6072, .F. ) ;
#3132 = CARTESIAN_POINT ( 'NONE',  ( -29.50000000000000000, 10.00000000000000178, 18.00000000000000000 ) ) ;
#3133 = EDGE_CURVE ( 'NONE', #578, #4232, #6230, .T. ) ;
#3134 = DIRECTION ( 'NONE',  ( -1.000000000000000000, 0.000000000000000000, 0.000000000000000000 ) ) ;
#3135 = CARTESIAN_POINT ( 'NONE',  ( 18.00119707814144832, -43.45873412499998523, 5.124999998634407028 ) ) ;
#3136 = CARTESIAN_POINT ( 'NONE',  ( -5.349242404917498916, -3.743426454221657540, 25.00000000000000000 ) ) ;
#3137 = CARTESIAN_POINT ( 'NONE',  ( 20.49999999999999289, -3.743426454221659316, 25.00000000000000000 ) ) ;
#3138 = CARTESIAN_POINT ( 'NONE',  ( 8.949538567781228693, 9.070761775289389206, 26.00000000000000355 ) ) ;
#3139 = ORIENTED_EDGE ( 'NONE', *, *, #814, .T. ) ;
#3140 = DIRECTION ( 'NONE',  ( -1.000000000000000000, -2.895182638072235125E-16, 0.000000000000000000 ) ) ;
#3141 = EDGE_CURVE ( 'NONE', #3892, #2773, #5329, .T. ) ;
#3142 = EDGE_CURVE ( 'NONE', #1181, #3090, #7188, .T. ) ;
#3143 = CARTESIAN_POINT ( 'NONE',  ( -5.139468307672516723, -6.056654626978679623, 27.00000000000001421 ) ) ;
#3144 = CARTESIAN_POINT ( 'NONE',  ( -26.15339740401285695, -36.62018336015128739, 7.425114427830736830 ) ) ;
#3145 = ORIENTED_EDGE ( 'NONE', *, *, #6422, .F. ) ;
#3146 = FACE_OUTER_BOUND ( 'NONE', #5656, .T. ) ;
#3147 = CARTESIAN_POINT ( 'NONE',  ( 43.45873412499998523, -18.00119707814146963, 4.249999998634406140 ) ) ;
#3148 =( BOUNDED_CURVE ( )  B_SPLINE_CURVE ( 2, ( #6577, #4912, #1633, #3306, #2039, #5526, #543, #4261, #6471 ),
 .UNSPECIFIED., .F., .F. ) 
 B_SPLINE_CURVE_WITH_KNOTS ( ( 3, 2, 2, 2, 3 ),
 ( 0.8000000000000000444, 0.8249999999999999556, 0.8499999999999999778, 0.8750000000000000000, 0.9000000000000000222 ),
 .UNSPECIFIED. ) 
 CURVE ( )  GEOMETRIC_REPRESENTATION_ITEM ( )  RATIONAL_B_SPLINE_CURVE ( ( 1.000000000000000000, 0.9238795325112867385, 1.000000000000000000, 0.9238795325112867385, 1.000000000000000000, 0.9238795325112867385, 1.000000000000000000, 0.9238795325112867385, 1.000000000000000000 ) ) 
 REPRESENTATION_ITEM ( '' )  );
#3149 = DIRECTION ( 'NONE',  ( -1.000000000000000000, 0.000000000000000000, 0.000000000000000000 ) ) ;
#3150 = CARTESIAN_POINT ( 'NONE',  ( -12.49999999999999645, -20.74342645422166242, 27.00000000000000355 ) ) ;
#3151 = DIRECTION ( 'NONE',  ( -1.000000000000000000, 0.000000000000000000, 0.000000000000000000 ) ) ;
#3152 = ORIENTED_EDGE ( 'NONE', *, *, #875, .F. ) ;
#3153 = CARTESIAN_POINT ( 'NONE',  ( -19.60666842986899994, -39.39011108462666755, 10.82005937497615200 ) ) ;
#3154 = FACE_OUTER_BOUND ( 'NONE', #1565, .T. ) ;
#3155 = CARTESIAN_POINT ( 'NONE',  ( 2.661079982058854631E-15, 43.45873412499999233, 3.812499998634407028 ) ) ;
#3156 = CARTESIAN_POINT ( 'NONE',  ( -1.066621127345608100, -9.055349275804378095, 26.00000000000001066 ) ) ;
#3157 = CARTESIAN_POINT ( 'NONE',  ( 33.14901971886401100, -29.07637702555216208, 19.99999999999999645 ) ) ;
#3158 = CARTESIAN_POINT ( 'NONE',  ( -18.91987701383765241, -40.82937979198528211, 9.723923401907573094 ) ) ;
#3159 = DIRECTION ( 'NONE',  ( -0.000000000000000000, -0.000000000000000000, -1.000000000000000000 ) ) ;
#3160 = ORIENTED_EDGE ( 'NONE', *, *, #3435, .F. ) ;
#3161 = CARTESIAN_POINT ( 'NONE',  ( -3.088811619938530928, -13.34141106831244272, 27.00000000000000000 ) ) ;
#3162 = CARTESIAN_POINT ( 'NONE',  ( 4.464619112355298292, 12.46461911235530451, 27.00000000000000355 ) ) ;
#3163 = CARTESIAN_POINT ( 'NONE',  ( -1.000000000000000888, -9.743426454191267183, 26.00000000000001066 ) ) ;
#3164 = ORIENTED_EDGE ( 'NONE', *, *, #318, .T. ) ;
#3165 = DIRECTION ( 'NONE',  ( 0.000000000000000000, 1.000000000000000000, 0.000000000000000000 ) ) ;
#3166 = CARTESIAN_POINT ( 'NONE',  ( -44.00000000000000000, 5.388445916248353619E-15, 3.374999997268813612 ) ) ;
#3167 = DIRECTION ( 'NONE',  ( 1.000000000000000000, 0.000000000000000000, 0.000000000000000000 ) ) ;
#3168 = CARTESIAN_POINT ( 'NONE',  ( -4.555254562429237097, -10.08976563938971971, 26.00000000000000711 ) ) ;
#3169 = CARTESIAN_POINT ( 'NONE',  ( -14.99999999999999822, -3.743426454221665534, 25.00000000000000000 ) ) ;
#3170 = CARTESIAN_POINT ( 'NONE',  ( -1.499999999999996669, 27.50000000000000000, 23.00000000000000000 ) ) ;
#3171 = AXIS2_PLACEMENT_3D ( 'NONE', #52, #1619, #2277 ) ;
#3172 = EDGE_CURVE ( 'NONE', #5505, #6490, #669, .T. ) ;
#3173 = EDGE_LOOP ( 'NONE', ( #1344, #807, #37, #6868 ) ) ;
#3174 = ORIENTED_EDGE ( 'NONE', *, *, #3852, .T. ) ;
#3175 = CARTESIAN_POINT ( 'NONE',  ( 43.45873412499999233, 0.000000000000000000, 1.562499998634406584 ) ) ;
#3176 = CARTESIAN_POINT ( 'NONE',  ( -9.976877699277107325, -14.68378859092800504, 27.00000000000000711 ) ) ;
#3177 = LINE ( 'NONE', #888, #1204 ) ;
#3178 = ORIENTED_EDGE ( 'NONE', *, *, #3798, .T. ) ;
#3179 = AXIS2_PLACEMENT_3D ( 'NONE', #5869, #6546, #5351 ) ;
#3180 = CARTESIAN_POINT ( 'NONE',  ( -11.49999999999999822, -9.743426454221660649, 27.00000000000000355 ) ) ;
#3181 = CARTESIAN_POINT ( 'NONE',  ( 30.72996560157071855, 30.72996560157071855, 2.437499998634406584 ) ) ;
#3182 = ADVANCED_FACE ( 'NONE', ( #3980 ), #4493, .T. ) ;
#3183 = EDGE_CURVE ( 'NONE', #4627, #4151, #4556, .T. ) ;
#3184 = PLANE ( 'NONE',  #5167 ) ;
#3185 = CARTESIAN_POINT ( 'NONE',  ( 5.399999999999998579, -14.99999999999999822, 23.00000000000000000 ) ) ;
#3186 = CARTESIAN_POINT ( 'NONE',  ( -2.056234790990670429E-14, -20.74342645422169795, 26.00000000000000355 ) ) ;
#3187 = LINE ( 'NONE', #6414, #5143 ) ;
#3188 = ORIENTED_EDGE ( 'NONE', *, *, #3716, .T. ) ;
#3189 = LINE ( 'NONE', #4209, #1717 ) ;
#3190 = PLANE ( 'NONE',  #7162 ) ;
#3191 = CARTESIAN_POINT ( 'NONE',  ( 43.45873412499999233, 0.000000000000000000, 3.562499998634406584 ) ) ;
#3192 =( BOUNDED_CURVE ( )  B_SPLINE_CURVE ( 3, ( #2059, #372, #2678, #3150 ),
 .UNSPECIFIED., .F., .F. ) 
 B_SPLINE_CURVE_WITH_KNOTS ( ( 4, 4 ),
 ( 0.000000000000000000, 1.570796326794896558 ),
 .UNSPECIFIED. ) 
 CURVE ( )  GEOMETRIC_REPRESENTATION_ITEM ( )  RATIONAL_B_SPLINE_CURVE ( ( 1.000000000000000000, 0.8047378541243649375, 0.8047378541243649375, 1.000000000000000000 ) ) 
 REPRESENTATION_ITEM ( '' )  );
#3193 = AXIS2_PLACEMENT_3D ( 'NONE', #4074, #3596, #2430 ) ;
#3194 = CARTESIAN_POINT ( 'NONE',  ( -4.097160803146669750, -5.469513393478406371, 26.00000000000000355 ) ) ;
#3195 = EDGE_CURVE ( 'NONE', #4232, #5064, #5688, .T. ) ;
#3196 = B_SPLINE_CURVE_WITH_KNOTS ( 'NONE', 3,
 ( #4708, #4630, #6924, #4056, #3542, #1867, #6300, #5252, #5140, #6812 ),
 .UNSPECIFIED., .F., .F.,
 ( 4, 2, 2, 2, 4 ),
 ( -6.641767926580272198E-06, 0.0004098344267639612262, 0.0008263106214545027891, 0.001242786816145044189, 0.001659263010835585698 ),
 .UNSPECIFIED. ) ;
#3197 = DIRECTION ( 'NONE',  ( -0.5038710255240862468, 0.8637789008984335659, 0.000000000000000000 ) ) ;
#3198 = CARTESIAN_POINT ( 'NONE',  ( -31.00000000000000355, -14.99999999999999112, 18.00000000000000000 ) ) ;
#3199 = VECTOR ( 'NONE', #2803, 1000.000000000000000 ) ;
#3200 = CARTESIAN_POINT ( 'NONE',  ( -21.83000915241241913, -38.33334025951940305, 12.94872676392091826 ) ) ;
#3201 = CARTESIAN_POINT ( 'NONE',  ( -17.00000000000001421, -3.743426454221665534, 25.00000000000000000 ) ) ;
#3202 = ORIENTED_EDGE ( 'NONE', *, *, #6323, .T. ) ;
#3203 = CARTESIAN_POINT ( 'NONE',  ( -8.604642414010147178, -14.52799120475987493, 27.00000000000000355 ) ) ;
#3204 = FACE_OUTER_BOUND ( 'NONE', #2784, .T. ) ;
#3205 = VECTOR ( 'NONE', #1512, 1000.000000000000000 ) ;
#3206 = CARTESIAN_POINT ( 'NONE',  ( -21.29001894578920329, -38.72716908411201331, 12.74992612126028391 ) ) ;
#3207 = ORIENTED_EDGE ( 'NONE', *, *, #3264, .T. ) ;
#3208 = CARTESIAN_POINT ( 'NONE',  ( -25.67973466399601179, -35.72885957558087000, 9.655345165222925630 ) ) ;
#3209 = VECTOR ( 'NONE', #2088, 1000.000000000000000 ) ;
#3210 = FACE_OUTER_BOUND ( 'NONE', #2035, .T. ) ;
#3211 = CARTESIAN_POINT ( 'NONE',  ( 30.72996560157071855, 30.72996560157071855, 4.437499998634407028 ) ) ;
#3212 = CARTESIAN_POINT ( 'NONE',  ( 15.00000000000000178, -3.743426454221663313, 25.00000000000000000 ) ) ;
#3213 = CARTESIAN_POINT ( 'NONE',  ( -11.75453318454392182, -12.49655463386815057, 26.67850615994725771 ) ) ;
#3214 = CARTESIAN_POINT ( 'NONE',  ( 0.000000000000000000, 0.000000000000000000, 18.00000000000000000 ) ) ;
#3215 = VECTOR ( 'NONE', #957, 1000.000000000000000 ) ;
#3216 = ORIENTED_EDGE ( 'NONE', *, *, #2793, .T. ) ;
#3217 = ORIENTED_EDGE ( 'NONE', *, *, #4039, .T. ) ;
#3218 = CARTESIAN_POINT ( 'NONE',  ( -43.45873412499999233, 18.00119707814144832, 3.999999998634406584 ) ) ;
#3219 = CARTESIAN_POINT ( 'NONE',  ( -7.521939453861901548, -5.210300103753452206, 27.00000000000000711 ) ) ;
#3220 = DIRECTION ( 'NONE',  ( -0.000000000000000000, -0.000000000000000000, -1.000000000000000000 ) ) ;
#3221 = ORIENTED_EDGE ( 'NONE', *, *, #3665, .F. ) ;
#3222 = VECTOR ( 'NONE', #3714, 1000.000000000000000 ) ;
#3223 = LINE ( 'NONE', #483, #2752 ) ;
#3224 = CARTESIAN_POINT ( 'NONE',  ( 2.661079982058854631E-15, 43.45873412499999233, 4.562499998634407028 ) ) ;
#3225 = EDGE_CURVE ( 'NONE', #3828, #4583, #701, .T. ) ;
#3226 = ORIENTED_EDGE ( 'NONE', *, *, #4729, .F. ) ;
#3227 = DIRECTION ( 'NONE',  ( 0.8631745758396131007, 0.5049055868418412807, 0.000000000000000000 ) ) ;
#3228 = ORIENTED_EDGE ( 'NONE', *, *, #2112, .F. ) ;
#3229 = CARTESIAN_POINT ( 'NONE',  ( -21.76777887731383032, -38.24032250923695386, 12.93304637332807161 ) ) ;
#3230 = CARTESIAN_POINT ( 'NONE',  ( -11.49999999999999822, -9.743426454221660649, 25.00000000000000000 ) ) ;
#3231 = CARTESIAN_POINT ( 'NONE',  ( -43.45873412499999233, 18.00119707814145187, 4.999999998634407028 ) ) ;
#3232 = EDGE_CURVE ( 'NONE', #5596, #4983, #3947, .T. ) ;
#3233 = DIRECTION ( 'NONE',  ( 1.000000000000000000, -0.000000000000000000, 0.000000000000000000 ) ) ;
#3234 = CARTESIAN_POINT ( 'NONE',  ( 41.75274860195126081, -14.17748896793611024, 19.99999999999999645 ) ) ;
#3235 = CARTESIAN_POINT ( 'NONE',  ( -19.49957647744532352, -39.92206024105313844, 9.792942551429471010 ) ) ;
#3236 = CARTESIAN_POINT ( 'NONE',  ( 19.67199698552586540, -39.35760671194169191, 8.977796358429968038 ) ) ;
#3237 = ORIENTED_EDGE ( 'NONE', *, *, #6212, .F. ) ;
#3238 = CARTESIAN_POINT ( 'NONE',  ( -1.313683535421303450, -11.20829917617734495, 27.00000000000000355 ) ) ;
#3239 = EDGE_CURVE ( 'NONE', #1629, #2121, #2597, .T. ) ;
#3240 = EDGE_CURVE ( 'NONE', #6969, #3351, #1213, .T. ) ;
#3241 = CARTESIAN_POINT ( 'NONE',  ( 8.844654685394491622, 24.99999999999999645, 23.00000000000000000 ) ) ;
#3242 = CARTESIAN_POINT ( 'NONE',  ( -11.49999999999999822, -7.243426454221660649, 26.00000000000000355 ) ) ;
#3243 = ORIENTED_EDGE ( 'NONE', *, *, #3752, .F. ) ;
#3244 = CARTESIAN_POINT ( 'NONE',  ( -25.07484905250737128, -36.15621293845669726, 11.76239238117379315 ) ) ;
#3245 = CARTESIAN_POINT ( 'NONE',  ( -24.00000000000001421, -15.74342645422166775, 25.00000000000000000 ) ) ;
#3246 = CARTESIAN_POINT ( 'NONE',  ( -31.11269837220809364, -31.11269837220808654, 2.499999997268813612 ) ) ;
#3247 = CARTESIAN_POINT ( 'NONE',  ( -44.00000000000000000, 0.000000000000000000, 0.000000000000000000 ) ) ;
#3248 = CARTESIAN_POINT ( 'NONE',  ( 18.00000000000000355, 0.000000000000000000, 27.00000000000000355 ) ) ;
#3249 = EDGE_LOOP ( 'NONE', ( #5536, #5820, #6268, #6776 ) ) ;
#3250 = CARTESIAN_POINT ( 'NONE',  ( -7.983239946176564682E-15, -43.45873412499999233, 2.312499998634407028 ) ) ;
#3251 = CARTESIAN_POINT ( 'NONE',  ( 24.80792551499663290, -35.80407116484818886, 11.95771658887593070 ) ) ;
#3252 = CARTESIAN_POINT ( 'NONE',  ( -27.10312817552017250, -35.92242258647218733, 10.11921935566148711 ) ) ;
#3253 = ORIENTED_EDGE ( 'NONE', *, *, #550, .F. ) ;
#3254 = DIRECTION ( 'NONE',  ( -1.000000000000000000, 0.000000000000000000, -0.000000000000000000 ) ) ;
#3255 = CARTESIAN_POINT ( 'NONE',  ( -30.72996560157071499, 30.72996560157071855, 4.687499998634407028 ) ) ;
#3256 = DIRECTION ( 'NONE',  ( 0.000000000000000000, -0.000000000000000000, 1.000000000000000000 ) ) ;
#3257 = ORIENTED_EDGE ( 'NONE', *, *, #6742, .T. ) ;
#3258 = DIRECTION ( 'NONE',  ( 0.000000000000000000, -1.000000000000000000, 0.000000000000000000 ) ) ;
#3259 = ORIENTED_EDGE ( 'NONE', *, *, #1236, .T. ) ;
#3260 = CARTESIAN_POINT ( 'NONE',  ( -21.25414599505437252, -38.52662118823236170, 7.264640707158766197 ) ) ;
#3261 = CARTESIAN_POINT ( 'NONE',  ( 9.499999999999998224, -14.99999999999999822, 13.00000000000000000 ) ) ;
#3262 = DIRECTION ( 'NONE',  ( -1.000000000000000000, 0.000000000000000000, 0.000000000000000000 ) ) ;
#3263 = CARTESIAN_POINT ( 'NONE',  ( 28.34465468539448807, 9.999999999999998224, 18.00000000000000000 ) ) ;
#3264 = EDGE_CURVE ( 'NONE', #1136, #2108, #3651, .T. ) ;
#3265 = CARTESIAN_POINT ( 'NONE',  ( 14.17748896793612801, -41.75274860195123949, 19.99999999999999645 ) ) ;
#3266 = CARTESIAN_POINT ( 'NONE',  ( -21.42703360621530706, -39.57325189332838278, 12.83080111712647842 ) ) ;
#3267 = CARTESIAN_POINT ( 'NONE',  ( -31.11269837220808654, 31.11269837220809364, 2.249999997268813612 ) ) ;
#3268 = ORIENTED_EDGE ( 'NONE', *, *, #7057, .F. ) ;
#3269 = CARTESIAN_POINT ( 'NONE',  ( -5.297131280969050948, -14.59888066228062264, 27.00000000000000000 ) ) ;
#3270 = CYLINDRICAL_SURFACE ( 'NONE', #1433, 0.9999999999999994449 ) ;
#3271 = EDGE_CURVE ( 'NONE', #6027, #3685, #1216, .T. ) ;
#3272 = ADVANCED_FACE ( 'NONE', ( #4416 ), #5033, .T. ) ;
#3273 = CARTESIAN_POINT ( 'NONE',  ( -19.67084842275812662, -39.81559622978159751, 11.01556758295841298 ) ) ;
#3274 = ORIENTED_EDGE ( 'NONE', *, *, #1985, .T. ) ;
#3275 = LINE ( 'NONE', #5384, #7016 ) ;
#3276 = LINE ( 'NONE', #5494, #3911 ) ;
#3277 = CARTESIAN_POINT ( 'NONE',  ( -31.11269837220808654, 31.11269837220809364, 2.249999997268813612 ) ) ;
#3278 = CARTESIAN_POINT ( 'NONE',  ( -24.00000000000001421, -13.75879159858598300, 27.00000000000000355 ) ) ;
#3279 = CARTESIAN_POINT ( 'NONE',  ( -30.72996560157071499, 30.72996560157071855, 3.687499998634406584 ) ) ;
#3280 = EDGE_LOOP ( 'NONE', ( #3544, #7181, #4157 ) ) ;
#3281 = CARTESIAN_POINT ( 'NONE',  ( 27.07272561687800660, -35.94535220910432827, 10.49990618482780214 ) ) ;
#3282 = CARTESIAN_POINT ( 'NONE',  ( -25.50000000000000355, -27.50000000000000000, 18.00000000000000000 ) ) ;
#3283 = VERTEX_POINT ( 'NONE', #46 ) ;
#3284 = DIRECTION ( 'NONE',  ( -0.000000000000000000, -0.000000000000000000, 1.000000000000000000 ) ) ;
#3285 = CARTESIAN_POINT ( 'NONE',  ( -4.808476181248265036, -9.001020487443950557, 26.00000000000000355 ) ) ;
#3286 = AXIS2_PLACEMENT_3D ( 'NONE', #4897, #2714, #5441 ) ;
#3287 = CARTESIAN_POINT ( 'NONE',  ( -44.00000000000000000, 18.22539674441618374, 2.437500000000000444 ) ) ;
#3288 = VERTEX_POINT ( 'NONE', #5214 ) ;
#3289 = AXIS2_PLACEMENT_3D ( 'NONE', #4193, #4882, #3167 ) ;
#3290 = PLANE ( 'NONE',  #1696 ) ;
#3291 = LINE ( 'NONE', #6168, #6886 ) ;
#3292 = ORIENTED_EDGE ( 'NONE', *, *, #5450, .T. ) ;
#3293 = CARTESIAN_POINT ( 'NONE',  ( -22.50000000000000000, -37.81203512110926113, 13.00000000000000355 ) ) ;
#3294 = CARTESIAN_POINT ( 'NONE',  ( -25.42755681401332168, -37.12823501330684905, 6.762717211779317061 ) ) ;
#3295 = CARTESIAN_POINT ( 'NONE',  ( -18.00119707814144121, 43.45873412499999233, 3.874999998634406140 ) ) ;
#3296 = VECTOR ( 'NONE', #2290, 1000.000000000000000 ) ;
#3297 = DIRECTION ( 'NONE',  ( 0.000000000000000000, 1.000000000000000000, 0.000000000000000000 ) ) ;
#3298 = DIRECTION ( 'NONE',  ( -0.000000000000000000, -0.000000000000000000, -1.000000000000000000 ) ) ;
#3299 = CARTESIAN_POINT ( 'NONE',  ( -21.12157336794757612, -39.73906273639916265, 6.415710593096593861 ) ) ;
#3300 =( NAMED_UNIT ( * ) SI_UNIT ( $, .STERADIAN. ) SOLID_ANGLE_UNIT ( ) );
#3301 = ORIENTED_EDGE ( 'NONE', *, *, #7057, .T. ) ;
#3302 = CARTESIAN_POINT ( 'NONE',  ( 20.22445057404829782, -40.20293544357680560, 8.022168258981004385 ) ) ;
#3303 = VECTOR ( 'NONE', #5781, 1000.000000000000000 ) ;
#3304 = CARTESIAN_POINT ( 'NONE',  ( 44.00000000000000000, 0.000000000000000000, 3.000000000000000000 ) ) ;
#3305 = EDGE_CURVE ( 'NONE', #192, #1202, #3525, .T. ) ;
#3306 = CARTESIAN_POINT ( 'NONE',  ( 18.22539674441618374, 44.00000000000000000, 4.187500000000000000 ) ) ;
#3307 = ORIENTED_EDGE ( 'NONE', *, *, #4381, .F. ) ;
#3308 = CARTESIAN_POINT ( 'NONE',  ( -25.50000000000000355, -27.50000000000000000, 18.00000000000000000 ) ) ;
#3309 = FACE_OUTER_BOUND ( 'NONE', #6528, .T. ) ;
#3310 = CARTESIAN_POINT ( 'NONE',  ( -18.22539674441620505, -43.99999999999999289, 2.562499997268814056 ) ) ;
#3311 = CARTESIAN_POINT ( 'NONE',  ( -24.00000000000001421, -15.74342645422166775, 26.00000000000000355 ) ) ;
#3312 = CARTESIAN_POINT ( 'NONE',  ( 2.661079982058854631E-15, 43.45873412499999233, 4.562499998634407028 ) ) ;
#3313 = ADVANCED_FACE ( 'NONE', ( #4592 ), #1975, .T. ) ;
#3314 = CLOSED_SHELL ( 'NONE', ( #26, #3653, #4959, #5540, #232, #2122, #5055, #6829, #3488, #4114, #1892, #1097, #1583, #6341, #4375, #7179, #2067, #3540, #5009, #4212, #1614, #5760, #1501, #276, #5128, #6419, #1053, #2145, #4372, #7143, #6037, #3949, #3841, #3050, #2553, #2341, #2253, #2701, #3272, #6691, #6946, #1306, #4780, #2997, #5361, #146, #1042, #3899, #7190, #2291, #1170, #2075, #2206, #4644, #1368, #3623, #693, #852, #6862, #4524, #7007, #6908, #6758, #6730, #1727, #4156, #1815, #5889, #3529, #2562, #361, #137, #1573, #113, #1679, #6205, #1631, #1630, #333, #1593, #6502, #147, #1716, #3182, #2428, #6242, #5797, #6549, #4779, #6826, #2422, #7005, #5188, #3574, #738, #6108, #5044, #5665, #2383, #369, #4463, #959, #4604, #7050, #6683, #1903, #2772, #5135, #2115, #5748, #3522, #2207, #3675, #4079, #1624, #4392, #3359, #773, #3086, #560, #4431, #6731, #18, #3313, #2651, #3048, #74, #1760, #3994, #3349, #2795, #782, #6340, #6996, #1227, #5498, #6213, #5344, #2461, #5090, #3707, #949, #1269, #4284, #5853, #2254, #7091, #4967, #1358, #1482, #3941, #2299, #6540, #5995, #3834, #520, #2693, #4681, #604, #6163, #4701, #6642, #3614, #6780, #4259, #3630, #6508, #6625, #5439, #1180, #647, #1448, #5362, #6287, #5719, #4744, #5903, #6590, #5939, #1805, #65, #1191 ) ) ;
#3315 = AXIS2_PLACEMENT_3D ( 'NONE', #1287, #3578, #2375 ) ;
#3316 = ORIENTED_EDGE ( 'NONE', *, *, #1529, .T. ) ;
#3317 = VERTEX_POINT ( 'NONE', #1355 ) ;
#3318 = CARTESIAN_POINT ( 'NONE',  ( -7.983239946176564682E-15, -43.45873412499999233, 4.312499998634407028 ) ) ;
#3319 = EDGE_CURVE ( 'NONE', #3283, #5836, #4196, .T. ) ;
#3320 = CARTESIAN_POINT ( 'NONE',  ( 26.72494171189086387, -36.20488094400250390, 11.70019238726186295 ) ) ;
#3321 = CARTESIAN_POINT ( 'NONE',  ( -8.929238224710607241, 6.949538567781226917, 27.00000000000000355 ) ) ;
#3322 = ORIENTED_EDGE ( 'NONE', *, *, #4949, .T. ) ;
#3323 = EDGE_CURVE ( 'NONE', #2811, #4887, #5249, .T. ) ;
#3324 = CARTESIAN_POINT ( 'NONE',  ( 19.83324331145092856, -39.71317742486909452, 11.38879046539332585 ) ) ;
#3325 = CARTESIAN_POINT ( 'NONE',  ( -5.287117307521663534, -8.586659957216497219, 26.00000000000000355 ) ) ;
#3326 = AXIS2_PLACEMENT_3D ( 'NONE', #4316, #460, #2096 ) ;
#3327 = ORIENTED_EDGE ( 'NONE', *, *, #3360, .F. ) ;
#3328 = CARTESIAN_POINT ( 'NONE',  ( -18.22539674441618374, 44.00000000000000000, 2.312500000000000888 ) ) ;
#3329 = ORIENTED_EDGE ( 'NONE', *, *, #380, .F. ) ;
#3330 = VECTOR ( 'NONE', #4393, 1000.000000000000114 ) ;
#3331 = CARTESIAN_POINT ( 'NONE',  ( 25.60803555532143250, -35.78037758808006430, 10.71089110222233209 ) ) ;
#3332 = CARTESIAN_POINT ( 'NONE',  ( 30.99999999999998934, -3.743426454221657540, 27.00000000000000355 ) ) ;
#3333 = ORIENTED_EDGE ( 'NONE', *, *, #66, .F. ) ;
#3334 = CARTESIAN_POINT ( 'NONE',  ( -22.85516687481380771, -38.76498521991350543, 5.995633250349477805 ) ) ;
#3335 = CARTESIAN_POINT ( 'NONE',  ( 30.99999999999998934, -21.74342645422165532, 26.00000000000000355 ) ) ;
#3336 = LINE ( 'NONE', #5519, #3330 ) ;
#3337 = CARTESIAN_POINT ( 'NONE',  ( 2.500000000000002665, -9.999999999999998224, 18.00000000000000000 ) ) ;
#3338 = DIRECTION ( 'NONE',  ( 1.734723475976807341E-16, 1.000000000000000000, 0.000000000000000000 ) ) ;
#3339 = ORIENTED_EDGE ( 'NONE', *, *, #4734, .F. ) ;
#3340 = CARTESIAN_POINT ( 'NONE',  ( 19.09737509976943315, -40.74682350269645781, 8.803078316192882724 ) ) ;
#3341 = CARTESIAN_POINT ( 'NONE',  ( 43.99999999999994316, 18.22539674441624413, 3.937499997268813168 ) ) ;
#3342 = DIRECTION ( 'NONE',  ( -0.5038710255240859137, -0.8637789008984334549, 0.000000000000000000 ) ) ;
#3343 = ORIENTED_EDGE ( 'NONE', *, *, #6073, .F. ) ;
#3344 = CARTESIAN_POINT ( 'NONE',  ( -21.14589473445283119, -39.72298114984074857, 13.56902813386357565 ) ) ;
#3345 = FACE_OUTER_BOUND ( 'NONE', #5514, .T. ) ;
#3346 = CARTESIAN_POINT ( 'NONE',  ( -44.00000000000001421, -18.22539674441618018, 1.437499997268813612 ) ) ;
#3347 = CARTESIAN_POINT ( 'NONE',  ( -2.879793265790654644, 44.00000000000000000, 20.00000000000000000 ) ) ;
#3348 = CARTESIAN_POINT ( 'NONE',  ( 30.72996560157071144, -30.72996560157072565, 5.187499998634407028 ) ) ;
#3349 = ADVANCED_FACE ( 'NONE', ( #4088 ), #3607, .F. ) ;
#3350 = EDGE_LOOP ( 'NONE', ( #4936, #4747, #1152, #6154 ) ) ;
#3351 = VERTEX_POINT ( 'NONE', #5831 ) ;
#3352 = CARTESIAN_POINT ( 'NONE',  ( -43.45873412499999944, -18.00119707814143410, 5.124999998634406140 ) ) ;
#3353 = CARTESIAN_POINT ( 'NONE',  ( 24.97352293475475449, -35.64408571515380686, 8.291331610940980923 ) ) ;
#3354 = DIRECTION ( 'NONE',  ( 0.000000000000000000, 0.000000000000000000, 1.000000000000000000 ) ) ;
#3355 = ORIENTED_EDGE ( 'NONE', *, *, #2881, .F. ) ;
#3356 = CARTESIAN_POINT ( 'NONE',  ( -24.00000000000001421, -15.74342645422166775, 26.00000000000000355 ) ) ;
#3357 = CARTESIAN_POINT ( 'NONE',  ( -8.001457370118698620, -7.571346213134190428, 27.00000000000000000 ) ) ;
#3358 = CARTESIAN_POINT ( 'NONE',  ( 0.000000000000000000, 0.000000000000000000, 0.000000000000000000 ) ) ;
#3359 = ADVANCED_FACE ( 'NONE', ( #3497 ), #2996, .T. ) ;
#3360 = EDGE_CURVE ( 'NONE', #1136, #1634, #6878, .T. ) ;
#3361 = EDGE_LOOP ( 'NONE', ( #5798, #6786, #3704, #5910 ) ) ;
#3362 = CARTESIAN_POINT ( 'NONE',  ( 27.91421356237307805, -21.32921289184856306, 27.00000000000000355 ) ) ;
#3363 = CARTESIAN_POINT ( 'NONE',  ( 39.00000000000000000, 4.776122516674677878E-15, 23.00000000000000000 ) ) ;
#3364 = CARTESIAN_POINT ( 'NONE',  ( 25.66165502173767266, -35.74184819472576180, 9.564118775324205401 ) ) ;
#3365 = PLANE ( 'NONE',  #5616 ) ;
#3366 = ORIENTED_EDGE ( 'NONE', *, *, #6723, .T. ) ;
#3367 = VERTEX_POINT ( 'NONE', #6369 ) ;
#3368 = CARTESIAN_POINT ( 'NONE',  ( -24.69457544116656322, -35.91048758300705401, 7.945916442168259763 ) ) ;
#3369 = CARTESIAN_POINT ( 'NONE',  ( 30.72996560157071144, -30.72996560157072565, 2.437499998634406584 ) ) ;
#3370 = ORIENTED_EDGE ( 'NONE', *, *, #3404, .T. ) ;
#3371 = FACE_OUTER_BOUND ( 'NONE', #374, .T. ) ;
#3372 = DIRECTION ( 'NONE',  ( 1.000000000000000000, 0.000000000000000000, 0.000000000000000000 ) ) ;
#3373 = CARTESIAN_POINT ( 'NONE',  ( 20.08578643762690064, -21.32921289184856306, 27.00000000000000355 ) ) ;
#3374 = CARTESIAN_POINT ( 'NONE',  ( 2.500000000000001776, -14.99999999999999822, 23.00000000000000000 ) ) ;
#3375 = ORIENTED_EDGE ( 'NONE', *, *, #6964, .F. ) ;
#3376 = CARTESIAN_POINT ( 'NONE',  ( 19.31408044519378464, -40.64445321698295288, 8.282355036082925892 ) ) ;
#3377 = CARTESIAN_POINT ( 'NONE',  ( 44.00000000000000000, 5.388445916248353619E-15, 15.00000000000000000 ) ) ;
#3378 = CARTESIAN_POINT ( 'NONE',  ( -31.00000000000000355, 10.00000000000000178, 18.00000000000000000 ) ) ;
#3379 = ORIENTED_EDGE ( 'NONE', *, *, #4291, .F. ) ;
#3380 = CARTESIAN_POINT ( 'NONE',  ( -31.00000000000001421, -3.743426454221668198, 26.00000000000000355 ) ) ;
#3381 = CARTESIAN_POINT ( 'NONE',  ( 18.22539674441618374, 44.00000000000000000, 2.062499997268813612 ) ) ;
#3382 = CARTESIAN_POINT ( 'NONE',  ( 44.00000000000000000, 2.879793265790659529, 20.00000000000000000 ) ) ;
#3383 = CARTESIAN_POINT ( 'NONE',  ( -30.72996560157072565, -30.72996560157071499, 1.937499998634406806 ) ) ;
#3384 = ORIENTED_EDGE ( 'NONE', *, *, #2876, .F. ) ;
#3385 = ORIENTED_EDGE ( 'NONE', *, *, #1928, .T. ) ;
#3386 = DIRECTION ( 'NONE',  ( -0.000000000000000000, -0.000000000000000000, -1.000000000000000000 ) ) ;
#3387 = CARTESIAN_POINT ( 'NONE',  ( 24.59842825839047364, -36.00097990510101198, 7.847667137048628838 ) ) ;
#3388 = DIRECTION ( 'NONE',  ( -7.434529182757746381E-16, 1.000000000000000000, 0.000000000000000000 ) ) ;
#3389 = ORIENTED_EDGE ( 'NONE', *, *, #2362, .F. ) ;
#3390 = DIRECTION ( 'NONE',  ( -0.5038710255240862468, -0.8637789008984333439, 0.000000000000000000 ) ) ;
#3391 = CARTESIAN_POINT ( 'NONE',  ( -4.649875749193683738, -9.216905932307689397, 26.00000000000000355 ) ) ;
#3392 = CARTESIAN_POINT ( 'NONE',  ( 0.9999999999999986677, -21.74342645422165887, 26.58578643762690064 ) ) ;
#3393 = EDGE_CURVE ( 'NONE', #2002, #1181, #2371, .T. ) ;
#3394 = ORIENTED_EDGE ( 'NONE', *, *, #2415, .T. ) ;
#3395 = DIRECTION ( 'NONE',  ( -1.000000000000000000, 0.000000000000000000, 0.000000000000000000 ) ) ;
#3396 = CARTESIAN_POINT ( 'NONE',  ( 9.499999999999998224, -14.99999999999999822, 9.888730162779189925 ) ) ;
#3397 = CARTESIAN_POINT ( 'NONE',  ( 23.90432837764080531, -36.94245966535179804, 12.70659237003203934 ) ) ;
#3398 = DIRECTION ( 'NONE',  ( 0.000000000000000000, 0.000000000000000000, 1.000000000000000000 ) ) ;
#3399 = EDGE_LOOP ( 'NONE', ( #7088, #3237, #6337, #3343 ) ) ;
#3400 = CONICAL_SURFACE ( 'NONE', #136, 39.00000000000000000, 1.030376826524312506 ) ;
#3401 = CARTESIAN_POINT ( 'NONE',  ( -22.74748003420775078, -37.61477650299866582, 7.004747902460484177 ) ) ;
#3402 = PRODUCT_RELATED_PRODUCT_CATEGORY ( 'part', '', ( #5518 ) ) ;
#3403 = FACE_OUTER_BOUND ( 'NONE', #2711, .T. ) ;
#3404 = EDGE_CURVE ( 'NONE', #1644, #1929, #387, .T. ) ;
#3405 = EDGE_CURVE ( 'NONE', #1695, #127, #1190, .T. ) ;
#3406 = VECTOR ( 'NONE', #2632, 1000.000000000000000 ) ;
#3407 = DIRECTION ( 'NONE',  ( 0.000000000000000000, 0.000000000000000000, 1.000000000000000000 ) ) ;
#3408 = CARTESIAN_POINT ( 'NONE',  ( -18.22539674441620861, -43.99999999999999289, 5.562499997268813168 ) ) ;
#3409 = CARTESIAN_POINT ( 'NONE',  ( -19.54044183230407938, -40.53645978403478978, 7.865353842782082161 ) ) ;
#3410 = ORIENTED_EDGE ( 'NONE', *, *, #960, .F. ) ;
#3411 = CARTESIAN_POINT ( 'NONE',  ( 19.52659714021660520, -40.54769549981687504, 9.583039906403064023 ) ) ;
#3412 = EDGE_CURVE ( 'NONE', #4850, #4314, #6779, .T. ) ;
#3413 = EDGE_CURVE ( 'NONE', #694, #1013, #3642, .T. ) ;
#3414 = CARTESIAN_POINT ( 'NONE',  ( -11.76248345244739291, -15.47931328872464007, 26.68711250025274850 ) ) ;
#3415 = AXIS2_PLACEMENT_3D ( 'NONE', #1794, #1144, #5615 ) ;
#3416 = DIRECTION ( 'NONE',  ( -0.000000000000000000, -0.000000000000000000, -1.000000000000000000 ) ) ;
#3417 = ORIENTED_EDGE ( 'NONE', *, *, #2156, .F. ) ;
#3418 = CARTESIAN_POINT ( 'NONE',  ( -19.40008447809400138, -40.60361709970707977, 8.099917010148576679 ) ) ;
#3419 = CARTESIAN_POINT ( 'NONE',  ( -30.72996560157072565, -30.72996560157071499, 2.187499998634407028 ) ) ;
#3420 = CARTESIAN_POINT ( 'NONE',  ( 18.00119707814145187, -43.45873412499998523, 4.124999998634407028 ) ) ;
#3421 =( BOUNDED_CURVE ( )  B_SPLINE_CURVE ( 2, ( #861, #3085, #1376, #5336, #275, #5304, #2536, #4788, #7006 ),
 .UNSPECIFIED., .F., .F. ) 
 B_SPLINE_CURVE_WITH_KNOTS ( ( 3, 2, 2, 2, 3 ),
 ( 0.6000000000000000888, 0.6250000000000001110, 0.6500000000000001332, 0.6750000000000001554, 0.7000000000000000666 ),
 .UNSPECIFIED. ) 
 CURVE ( )  GEOMETRIC_REPRESENTATION_ITEM ( )  RATIONAL_B_SPLINE_CURVE ( ( 0.9999999999999996669, 0.9238795325112870716, 1.000000000000000000, 0.9238795325112867385, 1.000000000000000000, 0.9238795325112867385, 1.000000000000000000, 0.9238795325112864054, 1.000000000000000444 ) ) 
 REPRESENTATION_ITEM ( '' )  );
#3422 = AXIS2_PLACEMENT_3D ( 'NONE', #5557, #3960, #3372 ) ;
#3423 = ORIENTED_EDGE ( 'NONE', *, *, #1139, .T. ) ;
#3424 = ORIENTED_EDGE ( 'NONE', *, *, #4646, .F. ) ;
#3425 = CYLINDRICAL_SURFACE ( 'NONE', #169, 1.000000000000000888 ) ;
#3426 = VECTOR ( 'NONE', #5706, 1000.000000000000114 ) ;
#3427 = CYLINDRICAL_SURFACE ( 'NONE', #7158, 1.000000000000000888 ) ;
#3428 = CARTESIAN_POINT ( 'NONE',  ( -43.45873412499999233, 18.00119707814144832, 1.749999998634406584 ) ) ;
#3429 = DIRECTION ( 'NONE',  ( 0.000000000000000000, 0.000000000000000000, 1.000000000000000000 ) ) ;
#3430 = CARTESIAN_POINT ( 'NONE',  ( -4.908513261106691949, -8.894386700924995282, 26.00000000000000355 ) ) ;
#3431 = DIRECTION ( 'NONE',  ( -0.000000000000000000, -0.000000000000000000, -1.000000000000000000 ) ) ;
#3432 = VECTOR ( 'NONE', #2713, 1000.000000000000000 ) ;
#3433 = DIRECTION ( 'NONE',  ( 0.000000000000000000, 0.000000000000000000, 1.000000000000000000 ) ) ;
#3434 = LINE ( 'NONE', #3984, #7151 ) ;
#3435 = EDGE_CURVE ( 'NONE', #5434, #403, #274, .T. ) ;
#3436 = CARTESIAN_POINT ( 'NONE',  ( 23.71011391124328682, -37.06577030705170017, 7.225665422353917400 ) ) ;
#3437 = CYLINDRICAL_SURFACE ( 'NONE', #4798, 1.000000000000000888 ) ;
#3438 = ORIENTED_EDGE ( 'NONE', *, *, #4636, .F. ) ;
#3439 = VECTOR ( 'NONE', #6398, 1000.000000000000000 ) ;
#3440 = CARTESIAN_POINT ( 'NONE',  ( -22.10817466395393538, -39.19580612603894565, 6.090889986901711239 ) ) ;
#3441 = CARTESIAN_POINT ( 'NONE',  ( 18.00119707814145187, -43.45873412499998523, 3.374999998634406140 ) ) ;
#3442 = VECTOR ( 'NONE', #1177, 1000.000000000000000 ) ;
#3443 = CARTESIAN_POINT ( 'NONE',  ( 0.000000000000000000, 0.000000000000000000, 15.00000000000000000 ) ) ;
#3444 = FACE_OUTER_BOUND ( 'NONE', #706, .T. ) ;
#3445 = EDGE_CURVE ( 'NONE', #3838, #4809, #222, .T. ) ;
#3446 = CARTESIAN_POINT ( 'NONE',  ( 20.49999999999999645, -21.74342645422165532, 26.58578643762690774 ) ) ;
#3447 = DIRECTION ( 'NONE',  ( 8.673617379884034239E-17, -1.000000000000000000, 0.000000000000000000 ) ) ;
#3448 = VERTEX_POINT ( 'NONE', #5795 ) ;
#3449 = CARTESIAN_POINT ( 'NONE',  ( 22.97552710080458738, -37.42748150934006901, 7.037927418782375710 ) ) ;
#3450 =( GEOMETRIC_REPRESENTATION_CONTEXT ( 3 ) GLOBAL_UNCERTAINTY_ASSIGNED_CONTEXT ( ( #4825 ) ) GLOBAL_UNIT_ASSIGNED_CONTEXT ( ( #5697, #644, #196 ) ) REPRESENTATION_CONTEXT ( 'NONE', 'WORKASPACE' ) );
#3451 = LINE ( 'NONE', #2905, #1907 ) ;
#3452 = EDGE_CURVE ( 'NONE', #3876, #3512, #2922, .T. ) ;
#3453 = EDGE_CURVE ( 'NONE', #4044, #3828, #4163, .T. ) ;
#3454 = LINE ( 'NONE', #3378, #3199 ) ;
#3455 = ORIENTED_EDGE ( 'NONE', *, *, #4164, .T. ) ;
#3456 = CARTESIAN_POINT ( 'NONE',  ( -18.92966387487392765, -40.82484729198328921, 10.30451061246575861 ) ) ;
#3457 = CARTESIAN_POINT ( 'NONE',  ( -44.00000000000000000, 18.22539674441618374, 2.437500000000000444 ) ) ;
#3458 = ORIENTED_EDGE ( 'NONE', *, *, #1391, .T. ) ;
#3459 = ORIENTED_EDGE ( 'NONE', *, *, #5280, .F. ) ;
#3460 = CARTESIAN_POINT ( 'NONE',  ( -18.22539674441620861, -43.99999999999999289, 3.562499997268814056 ) ) ;
#3461 = CARTESIAN_POINT ( 'NONE',  ( 43.72936706249999617, 0.000000000000000000, 5.718749997951610098 ) ) ;
#3462 = CARTESIAN_POINT ( 'NONE',  ( -7.983239946176564682E-15, -43.45873412499999233, 2.062499998634406584 ) ) ;
#3463 = DIRECTION ( 'NONE',  ( 0.5018067792377998160, -0.8649797432951745746, 0.000000000000000000 ) ) ;
#3464 = CARTESIAN_POINT ( 'NONE',  ( -25.50000000000000355, 27.50000000000000000, 18.00000000000000000 ) ) ;
#3465 = DIRECTION ( 'NONE',  ( 0.000000000000000000, -1.000000000000000000, 0.000000000000000000 ) ) ;
#3466 = ORIENTED_EDGE ( 'NONE', *, *, #6038, .F. ) ;
#3467 = CARTESIAN_POINT ( 'NONE',  ( 5.399999999999998579, -14.99999999999999822, 13.00000000000000000 ) ) ;
#3468 = DIRECTION ( 'NONE',  ( -0.5028399777920260494, 0.8643795212371211401, -0.000000000000000000 ) ) ;
#3469 = CARTESIAN_POINT ( 'NONE',  ( -11.49999999999999645, -7.243426454221661537, 26.15998106192724748 ) ) ;
#3470 = CARTESIAN_POINT ( 'NONE',  ( 21.56379832437563593, -39.49784673698901116, 13.74947470629494539 ) ) ;
#3471 = ORIENTED_EDGE ( 'NONE', *, *, #7056, .F. ) ;
#3472 = CARTESIAN_POINT ( 'NONE',  ( -24.54515167241507356, -37.72081259200498948, 12.30206258517882922 ) ) ;
#3473 = CARTESIAN_POINT ( 'NONE',  ( 43.45873412499999233, 0.000000000000000000, 2.562499998634406584 ) ) ;
#3474 = DIRECTION ( 'NONE',  ( -1.000000000000000000, 0.000000000000000000, 0.000000000000000000 ) ) ;
#3475 = CARTESIAN_POINT ( 'NONE',  ( 44.00000000000000000, 0.000000000000000000, 1.000000000000000000 ) ) ;
#3476 = CARTESIAN_POINT ( 'NONE',  ( 39.00000000000000000, 2.388061258337338939E-15, 23.00000000000000000 ) ) ;
#3477 = DIRECTION ( 'NONE',  ( 0.5028399777920260494, 0.8643795212371211401, -0.000000000000000000 ) ) ;
#3478 = VERTEX_POINT ( 'NONE', #5287 ) ;
#3479 = CARTESIAN_POINT ( 'NONE',  ( 18.91841755128373137, -40.83005687898859293, 10.06420919017346982 ) ) ;
#3480 = CARTESIAN_POINT ( 'NONE',  ( -28.07437033245416558, -4.743426454221668642, 27.00000000000000355 ) ) ;
#3481 = DIRECTION ( 'NONE',  ( -0.000000000000000000, -0.000000000000000000, 1.000000000000000000 ) ) ;
#3482 = EDGE_CURVE ( 'NONE', #6745, #2002, #6954, .T. ) ;
#3483 = CARTESIAN_POINT ( 'NONE',  ( -5.652506492091061929, -7.253126858111448527, 26.99999999999999645 ) ) ;
#3484 = PLANE ( 'NONE',  #3659 ) ;
#3485 = ORIENTED_EDGE ( 'NONE', *, *, #5279, .T. ) ;
#3486 = CARTESIAN_POINT ( 'NONE',  ( -2.849266445097989209, -7.722327021438715633, 27.00000000000000355 ) ) ;
#3487 = CARTESIAN_POINT ( 'NONE',  ( -31.11269837220808654, 31.11269837220809364, 2.375000000000000000 ) ) ;
#3488 = ADVANCED_FACE ( 'NONE', ( #329 ), #1791, .T. ) ;
#3489 = EDGE_CURVE ( 'NONE', #127, #5321, #6093, .T. ) ;
#3490 = ORIENTED_EDGE ( 'NONE', *, *, #3183, .T. ) ;
#3491 = ORIENTED_EDGE ( 'NONE', *, *, #3932, .T. ) ;
#3492 = CARTESIAN_POINT ( 'NONE',  ( -7.983239946176564682E-15, -43.45873412499999233, 5.312499998634406140 ) ) ;
#3493 = CARTESIAN_POINT ( 'NONE',  ( 11.05046143221876775, 6.929238224710594807, 26.10581963626261270 ) ) ;
#3494 = CARTESIAN_POINT ( 'NONE',  ( -30.72996560157072565, -30.72996560157071499, 1.937499998634406806 ) ) ;
#3495 = CARTESIAN_POINT ( 'NONE',  ( 21.83829128362829053, -38.32652417480736773, 7.053381499512370922 ) ) ;
#3496 = CARTESIAN_POINT ( 'NONE',  ( -4.748549262723263276, -11.74434800643955690, 27.00000000000000355 ) ) ;
#3497 = FACE_OUTER_BOUND ( 'NONE', #5986, .T. ) ;
#3498 = ORIENTED_EDGE ( 'NONE', *, *, #823, .F. ) ;
#3499 = CARTESIAN_POINT ( 'NONE',  ( -17.00000000000001421, -21.74342645422166242, 27.00000000000000355 ) ) ;
#3500 = CARTESIAN_POINT ( 'NONE',  ( -2.602085213965214191E-15, 18.02030034307065876, 26.00000000000000355 ) ) ;
#3501 = CARTESIAN_POINT ( 'NONE',  ( 30.99999999999998934, -21.74342645422165532, 27.00000000000000355 ) ) ;
#3502 = CARTESIAN_POINT ( 'NONE',  ( 19.76454339803320082, -40.42762215357675615, 7.551255168067182666 ) ) ;
#3503 = ORIENTED_EDGE ( 'NONE', *, *, #1849, .T. ) ;
#3504 = CARTESIAN_POINT ( 'NONE',  ( -25.25385942872800982, -37.26321365350927550, 11.37848450163078695 ) ) ;
#3505 = CARTESIAN_POINT ( 'NONE',  ( 18.00119707814145187, -43.45873412499998523, 4.374999998634407028 ) ) ;
#3506 = VERTEX_POINT ( 'NONE', #3138 ) ;
#3507 = DIRECTION ( 'NONE',  ( -1.000000000000000000, 0.000000000000000000, 0.000000000000000000 ) ) ;
#3508 = SURFACE_SIDE_STYLE ('',( #5807 ) ) ;
#3509 = VECTOR ( 'NONE', #6250, 1000.000000000000000 ) ;
#3510 = CARTESIAN_POINT ( 'NONE',  ( -7.153178173763985015, -15.21573177925299802, 26.00000000000000355 ) ) ;
#3511 = CARTESIAN_POINT ( 'NONE',  ( -1.499999999999996669, 27.50000000000000000, 18.00000000000000000 ) ) ;
#3512 = VERTEX_POINT ( 'NONE', #2116 ) ;
#3513 = CARTESIAN_POINT ( 'NONE',  ( 20.14871846515036680, -40.24117440444740623, 11.88563048040991177 ) ) ;
#3514 = CARTESIAN_POINT ( 'NONE',  ( -13.99999999999999822, -21.74342645422166242, 27.00000000000000355 ) ) ;
#3515 = CARTESIAN_POINT ( 'NONE',  ( 26.84465468539448807, 14.99999999999999822, 18.00000000000000000 ) ) ;
#3516 = VECTOR ( 'NONE', #397, 1000.000000000000000 ) ;
#3517 = CARTESIAN_POINT ( 'NONE',  ( -3.502333395978151298, -9.983618654653213298, 27.00000000000000711 ) ) ;
#3518 = CARTESIAN_POINT ( 'NONE',  ( 26.28890888705663542, -36.52296844141917376, 12.40854092184055446 ) ) ;
#3519 = VERTEX_POINT ( 'NONE', #2552 ) ;
#3520 = CARTESIAN_POINT ( 'NONE',  ( -4.162985229665812525, -5.431243079086004677, 26.00000000000000355 ) ) ;
#3521 = VECTOR ( 'NONE', #4797, 1000.000000000000000 ) ;
#3522 = ADVANCED_FACE ( 'NONE', ( #7101 ), #5936, .T. ) ;
#3523 = ORIENTED_EDGE ( 'NONE', *, *, #5711, .T. ) ;
#3524 = CARTESIAN_POINT ( 'NONE',  ( 2.694222958124176809E-15, 44.00000000000000000, 0.2500000000000000000 ) ) ;
#3525 = CIRCLE ( 'NONE', #1321, 13.65655881953732909 ) ;
#3526 = VECTOR ( 'NONE', #5826, 1000.000000000000000 ) ;
#3527 = EDGE_LOOP ( 'NONE', ( #491, #2344, #1680, #2331 ) ) ;
#3528 = CARTESIAN_POINT ( 'NONE',  ( -29.50000000000000000, -14.99999999999999112, 23.00000000000000000 ) ) ;
#3529 = ADVANCED_FACE ( 'NONE', ( #950 ), #4268, .F. ) ;
#3530 = CARTESIAN_POINT ( 'NONE',  ( 23.32883803583361271, -37.13317207422840482, 7.111032317136505299 ) ) ;
#3531 = CARTESIAN_POINT ( 'NONE',  ( 43.45873412499999233, 18.00119707814144121, 3.374999998634406584 ) ) ;
#3532 = AXIS2_PLACEMENT_3D ( 'NONE', #6522, #2638, #5881 ) ;
#3533 = CARTESIAN_POINT ( 'NONE',  ( 20.30164364639201224, -39.40929882561631814, 7.949509319655301276 ) ) ;
#3534 = CARTESIAN_POINT ( 'NONE',  ( -5.760708607240367485, -11.19060624287559236, 26.00000000000000355 ) ) ;
#3535 = DIRECTION ( 'NONE',  ( 0.000000000000000000, 1.000000000000000000, 0.000000000000000000 ) ) ;
#3536 = AXIS2_PLACEMENT_3D ( 'NONE', #828, #280, #4726 ) ;
#3537 = VERTEX_POINT ( 'NONE', #3170 ) ;
#3538 = CARTESIAN_POINT ( 'NONE',  ( 17.00000000000000000, -21.74342645422165887, 26.00000000000000355 ) ) ;
#3539 = CARTESIAN_POINT ( 'NONE',  ( 20.49999999999999645, -21.74342645422165177, 25.00000000000000000 ) ) ;
#3540 = ADVANCED_FACE ( 'NONE', ( #4299 ), #4849, .F. ) ;
#3541 = EDGE_CURVE ( 'NONE', #2974, #2203, #5606, .T. ) ;
#3542 = CARTESIAN_POINT ( 'NONE',  ( -10.63037185662759754, 7.096601545875373951, 26.82123392852443544 ) ) ;
#3543 = CARTESIAN_POINT ( 'NONE',  ( -31.11269837220808654, 31.11269837220809364, 1.249999997268813390 ) ) ;
#3544 = ORIENTED_EDGE ( 'NONE', *, *, #908, .T. ) ;
#3545 = CYLINDRICAL_SURFACE ( 'NONE', #2979, 44.00000000000000000 ) ;
#3546 = CARTESIAN_POINT ( 'NONE',  ( -43.45873412499999233, 18.00119707814145187, 3.999999998634406140 ) ) ;
#3547 = AXIS2_PLACEMENT_3D ( 'NONE', #2408, #6264, #6843 ) ;
#3548 = AXIS2_PLACEMENT_3D ( 'NONE', #703, #2925, #5724 ) ;
#3549 = LINE ( 'NONE', #124, #4469 ) ;
#3550 = CIRCLE ( 'NONE', #2279, 2.499999999999998668 ) ;
#3551 = DIRECTION ( 'NONE',  ( -0.000000000000000000, -0.000000000000000000, -1.000000000000000000 ) ) ;
#3552 = CARTESIAN_POINT ( 'NONE',  ( 4.000000000000000000, 10.00000000000000178, 18.00000000000000000 ) ) ;
#3553 = ORIENTED_EDGE ( 'NONE', *, *, #4473, .T. ) ;
#3554 = CARTESIAN_POINT ( 'NONE',  ( 22.62779439077251453, -38.89719199823528584, 13.03406675315653906 ) ) ;
#3555 = DIRECTION ( 'NONE',  ( -0.000000000000000000, 1.000000000000000000, 0.000000000000000000 ) ) ;
#3556 = CARTESIAN_POINT ( 'NONE',  ( -18.00119707814146608, -43.45873412499998523, 1.249999998634407028 ) ) ;
#3557 = CARTESIAN_POINT ( 'NONE',  ( -31.00000000000000355, 15.00000000000000000, 23.00000000000000000 ) ) ;
#3558 = CARTESIAN_POINT ( 'NONE',  ( 22.50000000002245315, -37.81203512109589582, 6.999999999999991118 ) ) ;
#3559 = B_SPLINE_CURVE_WITH_KNOTS ( 'NONE', 3,
 ( #2179, #2654, #5923, #976, #7011, #5339, #7087, #348, #6498, #6464, #2725, #1012, #4358, #2070, #1522, #1628, #3236, #7052, #2573, #3737, #6604, #4792, #3847, #5958, #2031, #4253, #5452, #5417, #429, #2101 ),
 .UNSPECIFIED., .F., .F.,
 ( 4, 2, 2, 2, 2, 2, 2, 2, 2, 2, 2, 2, 2, 2, 4 ),
 ( 0.000000000000000000, 0.001254499857298559465, 0.002508999714597118930, 0.003136249643246389555, 0.003763499571895660614, 0.004390749500544931239, 0.005017999429194202297, 0.005645249357843473356, 0.006272499286492743548, 0.006899749215142015474, 0.007526999143791285665, 0.008154249072440555857, 0.008781499001089824313, 0.009408748929739094505, 0.01003599885838836470 ),
 .UNSPECIFIED. ) ;
#3560 = CARTESIAN_POINT ( 'NONE',  ( 27.03519174275587744, -35.97370450349407633, 9.224913332952420220 ) ) ;
#3561 = DIRECTION ( 'NONE',  ( 0.5038710255240859137, 0.8637789008984334549, 0.000000000000000000 ) ) ;
#3562 = ORIENTED_EDGE ( 'NONE', *, *, #1348, .F. ) ;
#3563 = CARTESIAN_POINT ( 'NONE',  ( -1.622380581024392976, -7.703438254965209175, 27.00000000000000000 ) ) ;
#3564 = AXIS2_PLACEMENT_3D ( 'NONE', #6985, #4847, #4768 ) ;
#3565 = ORIENTED_EDGE ( 'NONE', *, *, #286, .F. ) ;
#3566 = CARTESIAN_POINT ( 'NONE',  ( 44.00000000000000000, 18.22539674441618374, 2.062500000000000000 ) ) ;
#3567 = ORIENTED_EDGE ( 'NONE', *, *, #4300, .T. ) ;
#3568 = LINE ( 'NONE', #4620, #2382 ) ;
#3569 = CARTESIAN_POINT ( 'NONE',  ( 22.10648544016904893, 26.50000000000000000, 18.00000000000000000 ) ) ;
#3570 = CARTESIAN_POINT ( 'NONE',  ( -7.983239946176564682E-15, -43.45873412499999233, 4.062499998634407028 ) ) ;
#3571 = CARTESIAN_POINT ( 'NONE',  ( 14.13622109910157043, -3.239555428697575845, 26.99999999999999645 ) ) ;
#3572 = CARTESIAN_POINT ( 'NONE',  ( 23.99999999999998934, -13.76285815380940925, 27.00000000000000355 ) ) ;
#3573 = DIRECTION ( 'NONE',  ( 0.000000000000000000, 0.000000000000000000, -1.000000000000000000 ) ) ;
#3574 = ADVANCED_FACE ( 'NONE', ( #6512 ), #4770, .T. ) ;
#3575 = VERTEX_POINT ( 'NONE', #7027 ) ;
#3576 = DIRECTION ( 'NONE',  ( -0.000000000000000000, -0.000000000000000000, 1.000000000000000000 ) ) ;
#3577 = DIRECTION ( 'NONE',  ( 0.000000000000000000, -1.000000000000000000, 0.000000000000000000 ) ) ;
#3578 = DIRECTION ( 'NONE',  ( 0.000000000000000000, 0.000000000000000000, -1.000000000000000000 ) ) ;
#3579 = CARTESIAN_POINT ( 'NONE',  ( 18.22539674441618374, 44.00000000000000000, 1.062499997268813168 ) ) ;
#3580 = ORIENTED_EDGE ( 'NONE', *, *, #203, .F. ) ;
#3581 = CARTESIAN_POINT ( 'NONE',  ( -14.99999999999999822, -3.743426454221665534, 25.00000000000000000 ) ) ;
#3582 = CARTESIAN_POINT ( 'NONE',  ( -30.72996560157071499, 30.72996560157071855, 1.687499998634406584 ) ) ;
#3583 = EDGE_CURVE ( 'NONE', #539, #1049, #883, .T. ) ;
#3584 = EDGE_CURVE ( 'NONE', #2409, #4732, #4868, .T. ) ;
#3585 =( NAMED_UNIT ( * ) SI_UNIT ( $, .STERADIAN. ) SOLID_ANGLE_UNIT ( ) );
#3586 = FACE_OUTER_BOUND ( 'NONE', #3903, .T. ) ;
#3587 = DIRECTION ( 'NONE',  ( 1.000000000000000000, 0.000000000000000000, -0.000000000000000000 ) ) ;
#3588 = DIRECTION ( 'NONE',  ( 0.5038710255240855806, 0.8637789008984338990, 0.000000000000000000 ) ) ;
#3589 = ORIENTED_EDGE ( 'NONE', *, *, #2241, .T. ) ;
#3590 = CARTESIAN_POINT ( 'NONE',  ( 20.84681986529504982, -39.88081857554072940, 13.40404141403085525 ) ) ;
#3591 = DIRECTION ( 'NONE',  ( 0.000000000000000000, 0.000000000000000000, 1.000000000000000000 ) ) ;
#3592 = CARTESIAN_POINT ( 'NONE',  ( -30.72996560157072565, -30.72996560157071499, 1.187499998634406806 ) ) ;
#3593 = DIRECTION ( 'NONE',  ( 0.8637789008984335659, 0.5038710255240860247, -0.000000000000000000 ) ) ;
#3594 = DIRECTION ( 'NONE',  ( 2.168404344971008868E-16, 1.000000000000000000, 0.000000000000000000 ) ) ;
#3595 = DIRECTION ( 'NONE',  ( 0.000000000000000000, -1.000000000000000000, 0.000000000000000000 ) ) ;
#3596 = DIRECTION ( 'NONE',  ( -3.854941057726240562E-16, 1.000000000000000000, 0.000000000000000000 ) ) ;
#3597 = ORIENTED_EDGE ( 'NONE', *, *, #66, .T. ) ;
#3598 = CARTESIAN_POINT ( 'NONE',  ( -2.018085059584385110, -10.06599677796917369, 27.00000000000000355 ) ) ;
#3599 = ORIENTED_EDGE ( 'NONE', *, *, #3106, .T. ) ;
#3600 = CARTESIAN_POINT ( 'NONE',  ( -31.11269837220809364, -31.11269837220808654, 3.625000000000000000 ) ) ;
#3601 = ORIENTED_EDGE ( 'NONE', *, *, #5257, .T. ) ;
#3602 = DIRECTION ( 'NONE',  ( -1.000000000000000000, 0.000000000000000000, 0.000000000000000000 ) ) ;
#3603 = CARTESIAN_POINT ( 'NONE',  ( -44.00000000000006395, 18.22539674441612334, 3.312499997268814056 ) ) ;
#3604 = CARTESIAN_POINT ( 'NONE',  ( -18.00119707814146608, -43.45873412499998523, 4.999999998634407028 ) ) ;
#3605 = LINE ( 'NONE', #5829, #6460 ) ;
#3606 = CARTESIAN_POINT ( 'NONE',  ( -6.544204860469926999, -12.57501935509369240, 27.00000000000000355 ) ) ;
#3607 = CYLINDRICAL_SURFACE ( 'NONE', #2484, 3.000000000000000888 ) ;
#3608 = ORIENTED_EDGE ( 'NONE', *, *, #3016, .T. ) ;
#3609 = CARTESIAN_POINT ( 'NONE',  ( -11.94756145116024371, -6.800640536747430964, 26.84315072459082430 ) ) ;
#3610 = CARTESIAN_POINT ( 'NONE',  ( 23.17211137745158567, -38.57637502596990942, 5.995701555856618015 ) ) ;
#3611 = ORIENTED_EDGE ( 'NONE', *, *, #2607, .T. ) ;
#3612 = DIRECTION ( 'NONE',  ( 1.000000000000000000, 7.434529182757746381E-16, 0.000000000000000000 ) ) ;
#3613 = CARTESIAN_POINT ( 'NONE',  ( -43.45873412499999944, -18.00119707814143410, 1.874999998634406806 ) ) ;
#3614 = ADVANCED_FACE ( 'NONE', ( #5905 ), #5971, .F. ) ;
#3615 = EDGE_CURVE ( 'NONE', #4100, #5979, #6903, .T. ) ;
#3616 = CYLINDRICAL_SURFACE ( 'NONE', #1689, 44.00000000000000000 ) ;
#3617 = CARTESIAN_POINT ( 'NONE',  ( -7.686174494864079776, -15.34298669841297524, 26.00000000000001421 ) ) ;
#3618 = CARTESIAN_POINT ( 'NONE',  ( 27.49999999999998579, -3.743426454221660205, 26.00000000000000355 ) ) ;
#3619 = ORIENTED_EDGE ( 'NONE', *, *, #4125, .F. ) ;
#3620 = CARTESIAN_POINT ( 'NONE',  ( 19.51129125027820166, -40.55509189658409497, 10.28600550051346296 ) ) ;
#3621 = CARTESIAN_POINT ( 'NONE',  ( 18.50000000000000000, 20.00000000000000000, 23.00000000000000000 ) ) ;
#3622 = CARTESIAN_POINT ( 'NONE',  ( -18.00119707814144121, 43.45873412499999233, 1.874999998634406806 ) ) ;
#3623 = ADVANCED_FACE ( 'NONE', ( #5856 ), #2399, .T. ) ;
#3624 = DIRECTION ( 'NONE',  ( -0.5038710255240859137, 0.8637789008984334549, 0.000000000000000000 ) ) ;
#3625 = EDGE_CURVE ( 'NONE', #3351, #866, #3107, .T. ) ;
#3626 = CARTESIAN_POINT ( 'NONE',  ( 25.46949419784318280, -37.09935087489126460, 6.792723191977374952 ) ) ;
#3627 = DIRECTION ( 'NONE',  ( -0.000000000000000000, -0.000000000000000000, -1.000000000000000000 ) ) ;
#3628 = ORIENTED_EDGE ( 'NONE', *, *, #380, .T. ) ;
#3629 = CARTESIAN_POINT ( 'NONE',  ( -2.731390530025573415, -6.405081425879532553, 27.00000000000000000 ) ) ;
#3630 = ADVANCED_FACE ( 'NONE', ( #6831 ), #211, .T. ) ;
#3631 = EDGE_LOOP ( 'NONE', ( #2815, #3375, #2049, #3268, #1296, #4494 ) ) ;
#3632 = VECTOR ( 'NONE', #2455, 1000.000000000000000 ) ;
#3633 = CARTESIAN_POINT ( 'NONE',  ( -43.99999999999987921, -18.22539674441629742, 4.437499997268814056 ) ) ;
#3634 = AXIS2_PLACEMENT_3D ( 'NONE', #5110, #6136, #2313 ) ;
#3635 = VERTEX_POINT ( 'NONE', #1301 ) ;
#3636 = ORIENTED_EDGE ( 'NONE', *, *, #3360, .T. ) ;
#3637 = CARTESIAN_POINT ( 'NONE',  ( 8.949538567781228693, 9.070761775289389206, 26.14016610581699496 ) ) ;
#3638 = DIRECTION ( 'NONE',  ( 0.000000000000000000, 1.000000000000000000, 0.000000000000000000 ) ) ;
#3639 = CARTESIAN_POINT ( 'NONE',  ( 2.661079982058854631E-15, 43.45873412499999233, 4.562499998634407028 ) ) ;
#3640 = DIRECTION ( 'NONE',  ( 1.000000000000000000, 0.000000000000000000, 0.000000000000000000 ) ) ;
#3641 = DIRECTION ( 'NONE',  ( -0.000000000000000000, -0.000000000000000000, 1.000000000000000000 ) ) ;
#3642 = LINE ( 'NONE', #6841, #1561 ) ;
#3643 = VECTOR ( 'NONE', #2517, 1000.000000000000000 ) ;
#3644 = ORIENTED_EDGE ( 'NONE', *, *, #110, .T. ) ;
#3645 = FACE_BOUND ( 'NONE', #1171, .T. ) ;
#3646 = AXIS2_PLACEMENT_3D ( 'NONE', #5579, #6092, #592 ) ;
#3647 = CARTESIAN_POINT ( 'NONE',  ( -10.47776231596824204, -14.72063980140738870, 27.00000000000001066 ) ) ;
#3648 = CARTESIAN_POINT ( 'NONE',  ( -22.59820759839795556, -38.91531968476886050, 6.012924759745938985 ) ) ;
#3649 = EDGE_LOOP ( 'NONE', ( #1392, #4685, #223, #6363 ) ) ;
#3650 = DIRECTION ( 'NONE',  ( -1.000000000000000000, 0.000000000000000000, 0.000000000000000000 ) ) ;
#3651 =( BOUNDED_CURVE ( )  B_SPLINE_CURVE ( 3, ( #6193, #2308, #3392, #114 ),
 .UNSPECIFIED., .F., .F. ) 
 B_SPLINE_CURVE_WITH_KNOTS ( ( 4, 4 ),
 ( 1.570796326794895448, 3.141592653589793116 ),
 .UNSPECIFIED. ) 
 CURVE ( )  GEOMETRIC_REPRESENTATION_ITEM ( )  RATIONAL_B_SPLINE_CURVE ( ( 1.000000000000000000, 0.8047378541243646044, 0.8047378541243646044, 1.000000000000000000 ) ) 
 REPRESENTATION_ITEM ( '' )  );
#3652 = PRESENTATION_LAYER_ASSIGNMENT (  '', '', ( #1217 ) ) ;
#3653 = ADVANCED_FACE ( 'NONE', ( #6424 ), #4684, .T. ) ;
#3654 = FACE_OUTER_BOUND ( 'NONE', #2248, .T. ) ;
#3655 = CARTESIAN_POINT ( 'NONE',  ( 10.93205456580694168, 6.978492120352953521, 26.52360581294651354 ) ) ;
#3656 = FACE_OUTER_BOUND ( 'NONE', #4341, .T. ) ;
#3657 = EDGE_LOOP ( 'NONE', ( #7167, #761, #5959, #4550 ) ) ;
#3658 = DIRECTION ( 'NONE',  ( 0.5038710255240859137, -0.8637789008984334549, 0.000000000000000000 ) ) ;
#3659 = AXIS2_PLACEMENT_3D ( 'NONE', #6643, #6720, #2842 ) ;
#3660 = FACE_OUTER_BOUND ( 'NONE', #6587, .T. ) ;
#3661 = CARTESIAN_POINT ( 'NONE',  ( 18.22539674441619084, -43.99999999999999289, 4.687499997268812280 ) ) ;
#3662 = VECTOR ( 'NONE', #363, 1000.000000000000000 ) ;
#3663 = CARTESIAN_POINT ( 'NONE',  ( -9.308080501654671934, -3.840481050924317685, 26.00000000000000711 ) ) ;
#3664 = VECTOR ( 'NONE', #809, 1000.000000000000000 ) ;
#3665 = EDGE_CURVE ( 'NONE', #551, #2434, #1962, .T. ) ;
#3666 = CARTESIAN_POINT ( 'NONE',  ( 29.07637702555219050, -33.14901971886400389, 20.00000000000000711 ) ) ;
#3667 = CARTESIAN_POINT ( 'NONE',  ( 26.52610864586251083, -36.35093107919074384, 7.935276099011269402 ) ) ;
#3668 = CARTESIAN_POINT ( 'NONE',  ( -5.349242404892795122, -15.74342645422166420, 26.00000000000001066 ) ) ;
#3669 = ORIENTED_EDGE ( 'NONE', *, *, #2776, .T. ) ;
#3670 = CARTESIAN_POINT ( 'NONE',  ( -10.02801935307743619, -15.69221935830886139, 26.00000000000000355 ) ) ;
#3671 = EDGE_LOOP ( 'NONE', ( #3389, #6664, #3174, #4326 ) ) ;
#3672 = AXIS2_PLACEMENT_3D ( 'NONE', #1971, #913, #879 ) ;
#3673 = CARTESIAN_POINT ( 'NONE',  ( -44.00000000000001421, -18.22539674441617663, 2.562500000000000444 ) ) ;
#3674 = EDGE_CURVE ( 'NONE', #6352, #3283, #3019, .T. ) ;
#3675 = ADVANCED_FACE ( 'NONE', ( #1379 ), #1853, .T. ) ;
#3676 = VECTOR ( 'NONE', #6570, 1000.000000000000000 ) ;
#3677 = EDGE_LOOP ( 'NONE', ( #5537, #3791 ) ) ;
#3678 = CARTESIAN_POINT ( 'NONE',  ( 9.290638566546959964, 8.011022955702829407, 27.00000000000000355 ) ) ;
#3679 = CARTESIAN_POINT ( 'NONE',  ( 30.99999999999998934, -21.74342645422165532, 25.00000000000000000 ) ) ;
#3680 = LINE ( 'NONE', #5386, #145 ) ;
#3681 = CARTESIAN_POINT ( 'NONE',  ( -25.75000000000002132, -12.74342645422166420, 27.00000000000000355 ) ) ;
#3682 = CARTESIAN_POINT ( 'NONE',  ( 43.45873412499999233, 0.000000000000000000, 0.3124999986344065839 ) ) ;
#3684 = CARTESIAN_POINT ( 'NONE',  ( 23.99999999999998934, -13.76285815380940925, 27.00000000000000355 ) ) ;
#3683 = STYLED_ITEM ( 'NONE', ( #2384 ), #2106 ) ;
#3685 = VERTEX_POINT ( 'NONE', #6320 ) ;
#3686 = DIRECTION ( 'NONE',  ( 1.000000000000000000, 0.000000000000000000, 0.000000000000000000 ) ) ;
#3687 = CARTESIAN_POINT ( 'NONE',  ( 24.53906915660117249, -36.05907022690031738, 12.23199945334046745 ) ) ;
#3688 = DIRECTION ( 'NONE',  ( -0.000000000000000000, -0.000000000000000000, -1.000000000000000000 ) ) ;
#3689 = VERTEX_POINT ( 'NONE', #6282 ) ;
#3690 = PLANE ( 'NONE',  #2289 ) ;
#3691 = CARTESIAN_POINT ( 'NONE',  ( 30.72996560157071144, -30.72996560157072565, 4.187499998634407028 ) ) ;
#3692 = FACE_OUTER_BOUND ( 'NONE', #982, .T. ) ;
#3693 = CARTESIAN_POINT ( 'NONE',  ( 17.00000000000000000, -3.743426454221659760, 26.00000000000000355 ) ) ;
#3694 = CARTESIAN_POINT ( 'NONE',  ( 0.000000000000000000, 0.000000000000000000, 23.00000000000000000 ) ) ;
#3695 = ORIENTED_EDGE ( 'NONE', *, *, #1367, .F. ) ;
#3696 = DIRECTION ( 'NONE',  ( -1.000000000000000000, 9.912705577010320619E-16, -0.000000000000000000 ) ) ;
#3697 = CARTESIAN_POINT ( 'NONE',  ( 27.49999999999997868, -9.759909745017587568, 26.58578643762691129 ) ) ;
#3698 = CARTESIAN_POINT ( 'NONE',  ( 30.72996560157071144, -30.72996560157072565, 3.437499998634406584 ) ) ;
#3699 =( BOUNDED_CURVE ( )  B_SPLINE_CURVE ( 3, ( #3335, #2866, #6778, #5007 ),
 .UNSPECIFIED., .F., .F. ) 
 B_SPLINE_CURVE_WITH_KNOTS ( ( 4, 4 ),
 ( 3.141592653589793116, 4.712388980384689674 ),
 .UNSPECIFIED. ) 
 CURVE ( )  GEOMETRIC_REPRESENTATION_ITEM ( )  RATIONAL_B_SPLINE_CURVE ( ( 1.000000000000000000, 0.8047378541243649375, 0.8047378541243649375, 1.000000000000000000 ) ) 
 REPRESENTATION_ITEM ( '' )  );
#3700 = DIRECTION ( 'NONE',  ( 0.000000000000000000, 0.000000000000000000, 1.000000000000000000 ) ) ;
#3701 = DIRECTION ( 'NONE',  ( 0.5010539004682903474, -0.8654160784417589403, 0.000000000000000000 ) ) ;
#3702 = CARTESIAN_POINT ( 'NONE',  ( -21.03818135998115224, -39.78193803862939859, 12.64537591442876874 ) ) ;
#3703 = LINE ( 'NONE', #4872, #4221 ) ;
#3704 = ORIENTED_EDGE ( 'NONE', *, *, #4328, .T. ) ;
#3705 = CARTESIAN_POINT ( 'NONE',  ( -6.155175540379578258, -13.85841713437943845, 27.00000000000000355 ) ) ;
#3706 = CARTESIAN_POINT ( 'NONE',  ( 20.49999999999998934, -9.759909745017585792, 27.00000000000000355 ) ) ;
#3707 = ADVANCED_FACE ( 'NONE', ( #4648 ), #2503, .T. ) ;
#3708 = LINE ( 'NONE', #5382, #2496 ) ;
#3709 = ORIENTED_EDGE ( 'NONE', *, *, #2969, .F. ) ;
#3710 = CARTESIAN_POINT ( 'NONE',  ( 5.399999999999998579, -14.99999999999999822, 13.00000000000000000 ) ) ;
#3711 = LINE ( 'NONE', #290, #5882 ) ;
#3712 = CARTESIAN_POINT ( 'NONE',  ( 18.00119707814144832, 43.45873412499999233, 4.499999998634407028 ) ) ;
#3713 = EDGE_CURVE ( 'NONE', #2128, #122, #4184, .T. ) ;
#3714 = DIRECTION ( 'NONE',  ( -0.000000000000000000, -0.000000000000000000, -1.000000000000000000 ) ) ;
#3715 = CARTESIAN_POINT ( 'NONE',  ( -30.72996560157072565, -30.72996560157071499, 0.9374999986344065839 ) ) ;
#3716 = EDGE_CURVE ( 'NONE', #6518, #5929, #5307, .T. ) ;
#3717 = DIRECTION ( 'NONE',  ( 0.8356176127317580526, -0.4575694507070687811, 0.3039299311882746046 ) ) ;
#3718 = ORIENTED_EDGE ( 'NONE', *, *, #7199, .F. ) ;
#3719 = CARTESIAN_POINT ( 'NONE',  ( 18.00119707814144832, -43.45873412499998523, 4.374999998634407028 ) ) ;
#3720 = CARTESIAN_POINT ( 'NONE',  ( -2.422204904883483945, -11.18849968234454195, 27.00000000000000000 ) ) ;
#3721 = CARTESIAN_POINT ( 'NONE',  ( 43.45873412499999233, 0.000000000000000000, 5.562499998634406140 ) ) ;
#3722 = ORIENTED_EDGE ( 'NONE', *, *, #4037, .F. ) ;
#3723 = EDGE_CURVE ( 'NONE', #694, #5743, #6391, .T. ) ;
#3724 = LINE ( 'NONE', #6484, #4139 ) ;
#3725 = FACE_OUTER_BOUND ( 'NONE', #1415, .T. ) ;
#3726 = CARTESIAN_POINT ( 'NONE',  ( -24.00000000000001776, -11.72806130985734185, 27.00000000000000355 ) ) ;
#3727 = CARTESIAN_POINT ( 'NONE',  ( -12.49999999999999645, -6.267806578733621237, 27.00000000000000355 ) ) ;
#3728 = DIRECTION ( 'NONE',  ( -9.912705577010314703E-16, -1.000000000000000000, 0.000000000000000000 ) ) ;
#3729 = CARTESIAN_POINT ( 'NONE',  ( 0.000000000000000000, 0.000000000000000000, 15.00000000000000000 ) ) ;
#3730 = ORIENTED_EDGE ( 'NONE', *, *, #6919, .F. ) ;
#3731 = LINE ( 'NONE', #419, #1016 ) ;
#3732 = CARTESIAN_POINT ( 'NONE',  ( 27.49999999999998224, -9.759909745017587568, 26.00000000000000355 ) ) ;
#3733 = CARTESIAN_POINT ( 'NONE',  ( 18.00119707814145187, -43.45873412499998523, 5.374999998634406140 ) ) ;
#3734 = DIRECTION ( 'NONE',  ( -0.000000000000000000, -0.000000000000000000, 1.000000000000000000 ) ) ;
#3735 = DIRECTION ( 'NONE',  ( -0.000000000000000000, -0.000000000000000000, 1.000000000000000000 ) ) ;
#3736 = CARTESIAN_POINT ( 'NONE',  ( -19.67736947733661523, -39.81155305727115490, 8.962516460307737631 ) ) ;
#3737 = CARTESIAN_POINT ( 'NONE',  ( 20.17632651048303316, -39.10157540489340278, 8.091805441811231958 ) ) ;
#3738 = ORIENTED_EDGE ( 'NONE', *, *, #908, .F. ) ;
#3739 = CARTESIAN_POINT ( 'NONE',  ( -2.858248741081599320, -13.15961169075024095, 27.00000000000000000 ) ) ;
#3740 = LINE ( 'NONE', #7090, #6651 ) ;
#3741 = EDGE_CURVE ( 'NONE', #3685, #178, #244, .T. ) ;
#3742 = LINE ( 'NONE', #1601, #402 ) ;
#3743 = ORIENTED_EDGE ( 'NONE', *, *, #2743, .F. ) ;
#3744 = CARTESIAN_POINT ( 'NONE',  ( 2.500000000000003109, 15.00000000000000178, 23.00000000000000000 ) ) ;
#3745 = VECTOR ( 'NONE', #683, 1000.000000000000000 ) ;
#3746 = CARTESIAN_POINT ( 'NONE',  ( 30.99999999999998934, -21.74342645422165532, 25.00000000000000000 ) ) ;
#3747 = CARTESIAN_POINT ( 'NONE',  ( 26.84465468539448807, 9.999999999999998224, 18.00000000000000000 ) ) ;
#3748 = CARTESIAN_POINT ( 'NONE',  ( -5.614037273630942515, -11.09964436043099489, 26.00000000000001421 ) ) ;
#3749 = CARTESIAN_POINT ( 'NONE',  ( -11.49999999999999645, -12.24342645422166242, 26.00000000000000355 ) ) ;
#3750 = DIRECTION ( 'NONE',  ( 1.000000000000000000, 7.434529182757746381E-16, -0.000000000000000000 ) ) ;
#3751 = AXIS2_PLACEMENT_3D ( 'NONE', #895, #1587, #3151 ) ;
#3752 = EDGE_CURVE ( 'NONE', #2506, #4025, #346, .T. ) ;
#3753 = EDGE_LOOP ( 'NONE', ( #1349, #3553, #5241, #6060 ) ) ;
#3754 = CARTESIAN_POINT ( 'NONE',  ( 43.45873412499998523, -18.00119707814146963, 3.499999998634406584 ) ) ;
#3755 = CARTESIAN_POINT ( 'NONE',  ( -11.49999999999999645, -12.24342645422166242, 25.00000000000000000 ) ) ;
#3756 = CARTESIAN_POINT ( 'NONE',  ( -26.17713569577831123, -36.60321461557807510, 12.54718586302453431 ) ) ;
#3757 = ORIENTED_EDGE ( 'NONE', *, *, #7082, .T. ) ;
#3758 = VECTOR ( 'NONE', #5327, 1000.000000000000000 ) ;
#3759 = DIRECTION ( 'NONE',  ( -3.854941057726240562E-16, 1.000000000000000000, 0.000000000000000000 ) ) ;
#3760 = CARTESIAN_POINT ( 'NONE',  ( -18.00119707814146608, -43.45873412499998523, 3.999999998634406140 ) ) ;
#3761 = AXIS2_PLACEMENT_3D ( 'NONE', #4126, #296, #841 ) ;
#3762 = EDGE_CURVE ( 'NONE', #4100, #436, #7084, .T. ) ;
#3763 = EDGE_CURVE ( 'NONE', #3448, #4945, #2261, .T. ) ;
#3764 = LINE ( 'NONE', #5437, #7150 ) ;
#3765 = ORIENTED_EDGE ( 'NONE', *, *, #3741, .F. ) ;
#3766 = CARTESIAN_POINT ( 'NONE',  ( 11.00182769530220028, 6.949538567781216258, 26.30836187824676031 ) ) ;
#3767 = CYLINDRICAL_SURFACE ( 'NONE', #2712, 44.00000000000000000 ) ;
#3768 = VERTEX_POINT ( 'NONE', #3198 ) ;
#3769 = CARTESIAN_POINT ( 'NONE',  ( -19.67911942579057794, -39.35404803241197413, 8.958512028135857008 ) ) ;
#3770 = CARTESIAN_POINT ( 'NONE',  ( 17.00000000000000000, -21.74342645422165887, 25.00000000000000000 ) ) ;
#3771 = CARTESIAN_POINT ( 'NONE',  ( 18.00119707814145187, -43.45873412499998523, 4.374999998634407028 ) ) ;
#3772 = AXIS2_PLACEMENT_3D ( 'NONE', #1702, #1626, #2722 ) ;
#3773 = CARTESIAN_POINT ( 'NONE',  ( -18.22539674441618374, 44.00000000000000000, 5.187499997268813168 ) ) ;
#3774 = FACE_OUTER_BOUND ( 'NONE', #3649, .T. ) ;
#3775 = AXIS2_PLACEMENT_3D ( 'NONE', #2232, #6623, #1730 ) ;
#3776 = CARTESIAN_POINT ( 'NONE',  ( -20.34071739417548486, -40.14382339568398095, 12.09646405567766081 ) ) ;
#3777 = DIRECTION ( 'NONE',  ( -0.000000000000000000, -0.000000000000000000, -1.000000000000000000 ) ) ;
#3778 = ORIENTED_EDGE ( 'NONE', *, *, #4734, .T. ) ;
#3779 = CYLINDRICAL_SURFACE ( 'NONE', #4985, 1.000000000000000888 ) ;
#3780 = CARTESIAN_POINT ( 'NONE',  ( -44.00000000000000000, 5.388445916248353619E-15, 4.374999997268814056 ) ) ;
#3781 = VECTOR ( 'NONE', #2972, 1000.000000000000000 ) ;
#3782 = FACE_OUTER_BOUND ( 'NONE', #1506, .T. ) ;
#3783 = ORIENTED_EDGE ( 'NONE', *, *, #1497, .T. ) ;
#3784 = CARTESIAN_POINT ( 'NONE',  ( -25.00776795077882042, -36.20260141173092450, 8.154674975434417661 ) ) ;
#3785 = AXIS2_PLACEMENT_3D ( 'NONE', #1636, #5118, #6611 ) ;
#3786 = CARTESIAN_POINT ( 'NONE',  ( -43.99999999999994316, -18.22539674441623703, 3.562500000000000000 ) ) ;
#3787 = CARTESIAN_POINT ( 'NONE',  ( 29.99999999999998934, -3.743426454221657540, 27.00000000000000355 ) ) ;
#3788 = CARTESIAN_POINT ( 'NONE',  ( -4.698243032708536049, -9.133975812807113570, 26.00000000000000711 ) ) ;
#3789 = CARTESIAN_POINT ( 'NONE',  ( 43.45873412499999233, 18.00119707814144476, 1.374999998634407250 ) ) ;
#3790 = AXIS2_PLACEMENT_3D ( 'NONE', #1066, #7186, #590 ) ;
#3791 = ORIENTED_EDGE ( 'NONE', *, *, #6330, .F. ) ;
#3792 = CARTESIAN_POINT ( 'NONE',  ( -7.983239946176564682E-15, -43.45873412499999233, 3.312499998634406584 ) ) ;
#3793 = CARTESIAN_POINT ( 'NONE',  ( -2.192620640308195590, -10.73625469596275650, 27.00000000000000355 ) ) ;
#3794 = CARTESIAN_POINT ( 'NONE',  ( 11.07335310895345692, -6.459455980222850613, 25.99999999999999645 ) ) ;
#3795 = ORIENTED_EDGE ( 'NONE', *, *, #3271, .F. ) ;
#3796 = PLANE ( 'NONE',  #1586 ) ;
#3797 = CARTESIAN_POINT ( 'NONE',  ( -30.72996560157072565, -30.72996560157071499, 4.937499998634407028 ) ) ;
#3798 = EDGE_CURVE ( 'NONE', #5586, #5511, #2068, .T. ) ;
#3799 = LINE ( 'NONE', #4932, #2151 ) ;
#3800 = EDGE_LOOP ( 'NONE', ( #1081, #1894, #5823, #4900 ) ) ;
#3801 = FACE_OUTER_BOUND ( 'NONE', #5974, .T. ) ;
#3802 = DIRECTION ( 'NONE',  ( 0.000000000000000000, -1.000000000000000000, 0.000000000000000000 ) ) ;
#3803 = ORIENTED_EDGE ( 'NONE', *, *, #1761, .T. ) ;
#3804 = DIRECTION ( 'NONE',  ( -1.000000000000000000, -7.434529182757739478E-16, 0.000000000000000000 ) ) ;
#3805 = VERTEX_POINT ( 'NONE', #4285 ) ;
#3806 = CARTESIAN_POINT ( 'NONE',  ( 28.49999999999998224, -6.069765241975582093, 27.00000000000000355 ) ) ;
#3807 = CARTESIAN_POINT ( 'NONE',  ( 9.499999999999998224, -14.99999999999999822, 13.00000000000000000 ) ) ;
#3808 = EDGE_CURVE ( 'NONE', #5722, #3876, #2571, .T. ) ;
#3809 = EDGE_CURVE ( 'NONE', #3871, #3519, #2323, .T. ) ;
#3810 = DIRECTION ( 'NONE',  ( 1.000000000000000000, 0.000000000000000000, 0.000000000000000000 ) ) ;
#3811 = PLANE ( 'NONE',  #391 ) ;
#3812 = CARTESIAN_POINT ( 'NONE',  ( -22.19432544671114016, -38.05588557903565317, 13.00694505754687214 ) ) ;
#3813 = CARTESIAN_POINT ( 'NONE',  ( 18.22539674441618374, 44.00000000000000000, 2.062499997268813168 ) ) ;
#3814 = ORIENTED_EDGE ( 'NONE', *, *, #1668, .T. ) ;
#3815 = DIRECTION ( 'NONE',  ( 0.000000000000000000, 0.000000000000000000, 1.000000000000000000 ) ) ;
#3816 = CARTESIAN_POINT ( 'NONE',  ( -18.22539674441618374, 44.00000000000000000, 4.187499997268813168 ) ) ;
#3817 = CARTESIAN_POINT ( 'NONE',  ( -19.82008626060714818, -39.72139288105658750, 11.36144721233680244 ) ) ;
#3818 = VERTEX_POINT ( 'NONE', #6533 ) ;
#3819 = CARTESIAN_POINT ( 'NONE',  ( -25.58254599301463728, -35.79860080001157030, 10.79517061380721188 ) ) ;
#3820 = CARTESIAN_POINT ( 'NONE',  ( -20.50000000000002842, -3.743426454221659760, 26.00000000000000355 ) ) ;
#3821 = CARTESIAN_POINT ( 'NONE',  ( 31.11269837220809364, 31.11269837220809364, 1.999999997268813168 ) ) ;
#3822 = CARTESIAN_POINT ( 'NONE',  ( -10.18315565356856034, -7.276013166583997105, 26.00000000000000711 ) ) ;
#3823 = CARTESIAN_POINT ( 'NONE',  ( 18.00119707814145187, 43.45873412499999233, 2.499999998634406584 ) ) ;
#3824 = EDGE_LOOP ( 'NONE', ( #2715, #154, #354, #6222 ) ) ;
#3825 = CARTESIAN_POINT ( 'NONE',  ( 30.72996560157071144, -30.72996560157072565, 3.437499998634406584 ) ) ;
#3826 = CARTESIAN_POINT ( 'NONE',  ( 25.50005815735558556, -37.13040945452034691, 9.815104446943339056 ) ) ;
#3827 = CARTESIAN_POINT ( 'NONE',  ( 18.22539674441619439, -43.99999999999999289, 1.687499997268813612 ) ) ;
#3828 = VERTEX_POINT ( 'NONE', #1556 ) ;
#3829 = CARTESIAN_POINT ( 'NONE',  ( 20.85909388852358859, -39.03161206569755137, 12.51820861325711221 ) ) ;
#3830 = CARTESIAN_POINT ( 'NONE',  ( -6.821435901873958763, -7.874301907875874917, 27.00000000000000000 ) ) ;
#3831 = PRODUCT_DEFINITION_SHAPE ( 'NONE', 'NONE',  #1356 ) ;
#3832 = PLANE ( 'NONE',  #2265 ) ;
#3833 = ORIENTED_EDGE ( 'NONE', *, *, #3853, .T. ) ;
#3834 = ADVANCED_FACE ( 'NONE', ( #3774 ), #3811, .F. ) ;
#3835 = CARTESIAN_POINT ( 'NONE',  ( -44.00000000000000000, 5.388445916248353619E-15, 1.500000000000000000 ) ) ;
#3836 = ORIENTED_EDGE ( 'NONE', *, *, #3615, .F. ) ;
#3837 = CARTESIAN_POINT ( 'NONE',  ( -23.72872284534697940, -37.05330905774420103, 12.76166266617081568 ) ) ;
#3838 = VERTEX_POINT ( 'NONE', #4757 ) ;
#3839 = DIRECTION ( 'NONE',  ( 0.5028399777920260494, 0.8643795212371211401, 0.000000000000000000 ) ) ;
#3840 = CARTESIAN_POINT ( 'NONE',  ( 30.72996560157071855, 30.72996560157071855, 4.687499998634407028 ) ) ;
#3841 = ADVANCED_FACE ( 'NONE', ( #2687 ), #4904, .T. ) ;
#3842 = FACE_BOUND ( 'NONE', #5092, .T. ) ;
#3843 =( BOUNDED_SURFACE ( )  B_SPLINE_SURFACE ( 3, 1, ( 
 ( #5844, #5225 ),
 ( #5774, #5699 ),
 ( #1914, #5808 ),
 ( #1874, #6931 ) ),
 .UNSPECIFIED., .F., .F., .F. ) 
 B_SPLINE_SURFACE_WITH_KNOTS ( ( 4, 4 ),
 ( 2, 2 ),
 ( 0.000000000000000000, 1.000000000000000000 ),
 ( 0.000000000000000000, 1.000000000000000000 ),
 .UNSPECIFIED. ) 
 GEOMETRIC_REPRESENTATION_ITEM ( )  RATIONAL_B_SPLINE_SURFACE ( (
 ( 1.000000000000000000, 1.000000000000000000),
 ( 0.8047378541243649375, 0.8047378541243649375),
 ( 0.8047378541243649375, 0.8047378541243649375),
 ( 1.000000000000000000, 1.000000000000000000) ) ) 
 REPRESENTATION_ITEM ( '' )  SURFACE ( )  );
#3844 = DIRECTION ( 'NONE',  ( -1.734723475976800586E-15, -1.000000000000000000, 0.000000000000000000 ) ) ;
#3845 = EDGE_CURVE ( 'NONE', #866, #6969, #2832, .T. ) ;
#3846 = CARTESIAN_POINT ( 'NONE',  ( -19.86924051947867298, -40.37631384863452411, 7.424051584527298964 ) ) ;
#3847 = CARTESIAN_POINT ( 'NONE',  ( 20.75239480870373399, -38.79912538878054562, 7.554102688695490286 ) ) ;
#3848 = ORIENTED_EDGE ( 'NONE', *, *, #1529, .F. ) ;
#3849 = CARTESIAN_POINT ( 'NONE',  ( 20.31056426765506728, -40.15629975901946125, 6.983546920926651858 ) ) ;
#3850 = B_SPLINE_CURVE_WITH_KNOTS ( 'NONE', 3,
 ( #5022, #2698, #2188, #5496, #1714, #6150, #4955, #4406, #34, #7211, #7177, #6613, #1133, #1168, #1638, #4917, #3347, #3859, #5533, #4438, #548, #2770, #5568, #2219, #4988, #2259, #3897, #6649, #6117, #582, #2808, #3934, #3382, #5603 ),
 .UNSPECIFIED., .F., .F.,
 ( 4, 2, 2, 2, 2, 2, 2, 2, 2, 2, 2, 2, 2, 2, 2, 2, 4 ),
 ( 0.5000000000000000000, 0.5312500000000000000, 0.5625000000000000000, 0.5937500000000000000, 0.6250000000000000000, 0.6562500000000000000, 0.6875000000000000000, 0.7187499999999998890, 0.7499999999999998890, 0.7812499999999997780, 0.8124999999999997780, 0.8437499999999997780, 0.8749999999999997780, 0.9062499999999998890, 0.9375000000000000000, 0.9687500000000000000, 1.000000000000000000 ),
 .UNSPECIFIED. ) ;
#3851 = DIRECTION ( 'NONE',  ( 0.8637789008984334549, -0.5038710255240861358, 0.000000000000000000 ) ) ;
#3852 = EDGE_CURVE ( 'NONE', #3892, #4531, #2760, .T. ) ;
#3853 = EDGE_CURVE ( 'NONE', #119, #5707, #6854, .T. ) ;
#3854 = CARTESIAN_POINT ( 'NONE',  ( -14.99999999999999822, -21.74342645422166242, 27.00000000000000355 ) ) ;
#3855 = ORIENTED_EDGE ( 'NONE', *, *, #4473, .F. ) ;
#3856 = CARTESIAN_POINT ( 'NONE',  ( 21.84465468539448452, -2.638641928929985385E-15, 18.00000000000000000 ) ) ;
#3857 = CARTESIAN_POINT ( 'NONE',  ( -29.50000000000000000, -9.999999999999991118, 18.00000000000000000 ) ) ;
#3858 = CARTESIAN_POINT ( 'NONE',  ( -18.22539674441620505, -43.99999999999999289, 3.562499997268814056 ) ) ;
#3859 = CARTESIAN_POINT ( 'NONE',  ( 2.879793265790623558, 43.99999999999999289, 19.99999999999999645 ) ) ;
#3860 = CARTESIAN_POINT ( 'NONE',  ( 18.00119707814145187, 43.45873412499999233, 4.499999998634407028 ) ) ;
#3861 = ORIENTED_EDGE ( 'NONE', *, *, #6234, .F. ) ;
#3862 = CARTESIAN_POINT ( 'NONE',  ( -30.72996560157072565, -30.72996560157071499, 4.187499998634407028 ) ) ;
#3863 = CARTESIAN_POINT ( 'NONE',  ( 23.84028456275228791, -36.69066395151742199, 7.309741739750646339 ) ) ;
#3864 = CARTESIAN_POINT ( 'NONE',  ( -18.22539674441620861, -43.99999999999999289, 2.562499997268814056 ) ) ;
#3865 = ORIENTED_EDGE ( 'NONE', *, *, #5037, .T. ) ;
#3866 = DIRECTION ( 'NONE',  ( 0.000000000000000000, 0.000000000000000000, -1.000000000000000000 ) ) ;
#3867 = CARTESIAN_POINT ( 'NONE',  ( -4.808476181453155363, -9.001020487594473707, 27.00000000000000000 ) ) ;
#3868 = DIRECTION ( 'NONE',  ( 1.000000000000000000, 1.445602896647339163E-16, 0.000000000000000000 ) ) ;
#3869 = AXIS2_PLACEMENT_3D ( 'NONE', #7166, #937, #6068 ) ;
#3870 = FACE_OUTER_BOUND ( 'NONE', #1845, .T. ) ;
#3871 = VERTEX_POINT ( 'NONE', #2284 ) ;
#3872 = AXIS2_PLACEMENT_3D ( 'NONE', #3943, #3388, #5611 ) ;
#3873 = B_SPLINE_CURVE_WITH_KNOTS ( 'NONE', 3,
 ( #702, #353, #4596, #4130, #6810, #2445, #2578, #4054, #1319, #775, #1219, #6740, #6338, #1763, #1360, #3983, #6197, #471, #3273, #3817, #2618, #4842, #981, #1086, #6541, #3206, #942, #7058, #5422, #6040 ),
 .UNSPECIFIED., .F., .F.,
 ( 4, 2, 2, 2, 2, 2, 2, 2, 2, 2, 2, 2, 2, 2, 4 ),
 ( 0.01292219896105221803, 0.01350352286254280672, 0.01408484676403339540, 0.01466617066552398409, 0.01524749456701457451, 0.01582881846850516319, 0.01641014236999575188, 0.01699146627148634056, 0.01757279017297692925, 0.01815411407446751793, 0.01873543797595810662, 0.01989808577893928052, 0.02047940968042986573, 0.02106073358192044748, 0.02222338138490161791 ),
 .UNSPECIFIED. ) ;
#3874 = CARTESIAN_POINT ( 'NONE',  ( 25.59355881488808748, -35.79065035734914346, 9.257354871738694868 ) ) ;
#3875 = CARTESIAN_POINT ( 'NONE',  ( 3.925629667545856183, -20.74342645422166242, 26.99999999999999645 ) ) ;
#3876 = VERTEX_POINT ( 'NONE', #6140 ) ;
#3877 = CARTESIAN_POINT ( 'NONE',  ( -22.60703014727142346, -38.91021450419270167, 6.011925473866658542 ) ) ;
#3878 = CARTESIAN_POINT ( 'NONE',  ( 2.661079982058854631E-15, 43.45873412499999233, 0.8124999986344066949 ) ) ;
#3879 = CIRCLE ( 'NONE', #4572, 2.121320343559641941 ) ;
#3880 = AXIS2_PLACEMENT_3D ( 'NONE', #7021, #2185, #2148 ) ;
#3881 = CARTESIAN_POINT ( 'NONE',  ( -0.01937043669026968298, -0.01129942140265731247, 25.99999999999999645 ) ) ;
#3882 = CARTESIAN_POINT ( 'NONE',  ( -17.00000000000001421, -3.743426454221665534, 27.00000000000000355 ) ) ;
#3883 = CARTESIAN_POINT ( 'NONE',  ( -12.49999999999999645, -15.74342645422166598, 27.00000000000000355 ) ) ;
#3884 = ORIENTED_EDGE ( 'NONE', *, *, #2198, .T. ) ;
#3885 = CARTESIAN_POINT ( 'NONE',  ( 19.88484978746580722, -39.68004309857554546, 8.526261369583249206 ) ) ;
#3886 = VECTOR ( 'NONE', #6178, 1000.000000000000000 ) ;
#3887 = DIRECTION ( 'NONE',  ( -0.000000000000000000, -0.000000000000000000, -1.000000000000000000 ) ) ;
#3888 =( BOUNDED_CURVE ( )  B_SPLINE_CURVE ( 3, ( #474, #4436, #1674, #3820 ),
 .UNSPECIFIED., .F., .F. ) 
 B_SPLINE_CURVE_WITH_KNOTS ( ( 4, 4 ),
 ( 1.570796326794896336, 3.141592653589793116 ),
 .UNSPECIFIED. ) 
 CURVE ( )  GEOMETRIC_REPRESENTATION_ITEM ( )  RATIONAL_B_SPLINE_CURVE ( ( 1.000000000000000000, 0.8047378541243649375, 0.8047378541243649375, 1.000000000000000000 ) ) 
 REPRESENTATION_ITEM ( '' )  );
#3889 = EDGE_CURVE ( 'NONE', #5915, #1292, #4941, .T. ) ;
#3890 = VECTOR ( 'NONE', #5364, 1000.000000000000000 ) ;
#3891 = CARTESIAN_POINT ( 'NONE',  ( -1.499999999999997335, -25.99999999999999645, 18.00000000000000000 ) ) ;
#3892 = VERTEX_POINT ( 'NONE', #2177 ) ;
#3893 = CARTESIAN_POINT ( 'NONE',  ( -29.50000000000000355, 15.00000000000000355, 18.00000000000000000 ) ) ;
#3894 = FACE_OUTER_BOUND ( 'NONE', #2576, .T. ) ;
#3895 = CARTESIAN_POINT ( 'NONE',  ( -44.00000000000000000, 18.22539674441618374, 1.312499997268813390 ) ) ;
#3896 = VECTOR ( 'NONE', #5107, 1000.000000000000000 ) ;
#3897 = CARTESIAN_POINT ( 'NONE',  ( 34.98473552558839117, 26.83955084308093220, 20.00000000000000000 ) ) ;
#3898 = CARTESIAN_POINT ( 'NONE',  ( -18.00119707814146608, -43.45873412499998523, 2.999999998634406584 ) ) ;
#3899 = ADVANCED_FACE ( 'NONE', ( #3444 ), #4464, .F. ) ;
#3900 = AXIS2_PLACEMENT_3D ( 'NONE', #4741, #2483, #6989 ) ;
#3901 = EDGE_CURVE ( 'NONE', #2002, #5836, #6748, .T. ) ;
#3902 = CIRCLE ( 'NONE', #646, 1.100000000000000311 ) ;
#3903 = EDGE_LOOP ( 'NONE', ( #1767, #6542, #5161, #6893 ) ) ;
#3904 = VERTEX_POINT ( 'NONE', #1772 ) ;
#3905 = CARTESIAN_POINT ( 'NONE',  ( 43.45873412499999233, 0.000000000000000000, 4.562499998634407028 ) ) ;
#3906 = CARTESIAN_POINT ( 'NONE',  ( 25.48467384818046710, -35.14019039148190870, 9.629173399690603929 ) ) ;
#3907 = DIRECTION ( 'NONE',  ( 1.000000000000000000, -9.912705577010320619E-16, 0.000000000000000000 ) ) ;
#3908 = EDGE_LOOP ( 'NONE', ( #7001, #1839, #4651, #38 ) ) ;
#3909 = CARTESIAN_POINT ( 'NONE',  ( 19.49257247695510031, -39.92639322200383845, 9.985221879590369554 ) ) ;
#3910 = CARTESIAN_POINT ( 'NONE',  ( -5.588232868471759929, -8.400374931186460614, 26.00000000000000355 ) ) ;
#3912 = CARTESIAN_POINT ( 'NONE',  ( 27.49999999999998224, -9.759909745017587568, 27.00000000000000355 ) ) ;
#3911 = VECTOR ( 'NONE', #2734, 1000.000000000000000 ) ;
#3913 = ORIENTED_EDGE ( 'NONE', *, *, #2381, .T. ) ;
#3914 = CARTESIAN_POINT ( 'NONE',  ( -9.261732908694025213, 8.146080946764339359, 27.00000000000000711 ) ) ;
#3915 = ORIENTED_EDGE ( 'NONE', *, *, #4071, .T. ) ;
#3916 = COLOUR_RGB ( '',0.7960784313725489669, 0.8235294117647058432, 0.9372549019607843146 ) ;
#3917 = CARTESIAN_POINT ( 'NONE',  ( 1.000000000000000444, -3.743426454221663757, 25.99999999999999645 ) ) ;
#3918 = CARTESIAN_POINT ( 'NONE',  ( 11.05046143221876775, 6.929238224710594807, 26.00000000000000355 ) ) ;
#3919 = VERTEX_POINT ( 'NONE', #537 ) ;
#3920 = CARTESIAN_POINT ( 'NONE',  ( -22.20348877481752581, -38.04554307076482900, 7.008944106343148128 ) ) ;
#3921 = CARTESIAN_POINT ( 'NONE',  ( -43.45873412499999233, 18.00119707814145187, 0.9999999986344065839 ) ) ;
#3922 = DIRECTION ( 'NONE',  ( -1.000000000000000000, 0.000000000000000000, 0.000000000000000000 ) ) ;
#3923 = CARTESIAN_POINT ( 'NONE',  ( -25.50000000000000355, -27.50000000000000000, 18.00000000000000000 ) ) ;
#3924 = CARTESIAN_POINT ( 'NONE',  ( 4.500000000000002665, -3.743426454221664201, 25.99999999999999645 ) ) ;
#3925 = CARTESIAN_POINT ( 'NONE',  ( 27.49999999999998224, -9.759909745017587568, 26.00000000000000355 ) ) ;
#3926 = ORIENTED_EDGE ( 'NONE', *, *, #25, .F. ) ;
#3927 = CARTESIAN_POINT ( 'NONE',  ( 21.92093273448860202, -39.30080780380940553, 6.136801118395759147 ) ) ;
#3928 = LINE ( 'NONE', #3241, #3296 ) ;
#3929 = DIRECTION ( 'NONE',  ( -0.000000000000000000, -0.000000000000000000, 1.000000000000000000 ) ) ;
#3930 = ORIENTED_EDGE ( 'NONE', *, *, #6871, .T. ) ;
#3931 = CARTESIAN_POINT ( 'NONE',  ( -20.08272945207663440, -40.27027149214133317, 12.79611881972537546 ) ) ;
#3932 = EDGE_CURVE ( 'NONE', #868, #1692, #7201, .T. ) ;
#3933 = CARTESIAN_POINT ( 'NONE',  ( 44.00000000000000000, 18.22539674441618374, 1.937499997268813390 ) ) ;
#3934 = CARTESIAN_POINT ( 'NONE',  ( 43.71637213330510718, 5.759515323017897259, 19.99999999999999645 ) ) ;
#3935 = CARTESIAN_POINT ( 'NONE',  ( 18.00119707814145187, -43.45873412499998523, 2.124999998634406584 ) ) ;
#3936 =( BOUNDED_CURVE ( )  B_SPLINE_CURVE ( 3, ( #3693, #2019, #455, #5948 ),
 .UNSPECIFIED., .F., .F. ) 
 B_SPLINE_CURVE_WITH_KNOTS ( ( 4, 4 ),
 ( 3.141592653589793116, 4.712388980384689674 ),
 .UNSPECIFIED. ) 
 CURVE ( )  GEOMETRIC_REPRESENTATION_ITEM ( )  RATIONAL_B_SPLINE_CURVE ( ( 1.000000000000000000, 0.8047378541243649375, 0.8047378541243649375, 1.000000000000000000 ) ) 
 REPRESENTATION_ITEM ( '' )  );
#3937 = ORIENTED_EDGE ( 'NONE', *, *, #5530, .F. ) ;
#3938 = ORIENTED_EDGE ( 'NONE', *, *, #6288, .T. ) ;
#3939 = CARTESIAN_POINT ( 'NONE',  ( 43.45873412499999233, 0.000000000000000000, 5.562499998634406140 ) ) ;
#3940 = EDGE_CURVE ( 'NONE', #4979, #6668, #58, .T. ) ;
#3941 = ADVANCED_FACE ( 'NONE', ( #6714 ), #4976, .T. ) ;
#3942 = CARTESIAN_POINT ( 'NONE',  ( 27.08823814192794899, -35.93365348444243068, 10.36008181277322748 ) ) ;
#3943 = CARTESIAN_POINT ( 'NONE',  ( -14.99999999999999822, -3.743426454221665534, 27.00000000000000355 ) ) ;
#3944 = EDGE_LOOP ( 'NONE', ( #245, #138, #1697, #5681 ) ) ;
#3945 = CARTESIAN_POINT ( 'NONE',  ( 43.45873412499999233, 0.000000000000000000, 0.3124999986344065839 ) ) ;
#3946 = CARTESIAN_POINT ( 'NONE',  ( -8.408990763443966898, -7.494739469406104249, 26.00000000000000355 ) ) ;
#3947 = LINE ( 'NONE', #2197, #6897 ) ;
#3948 = EDGE_CURVE ( 'NONE', #3097, #3635, #6900, .T. ) ;
#3949 = ADVANCED_FACE ( 'NONE', ( #4425 ), #630, .T. ) ;
#3950 = VERTEX_POINT ( 'NONE', #1158 ) ;
#3951 = LINE ( 'NONE', #7191, #3081 ) ;
#3952 = LINE ( 'NONE', #3363, #4574 ) ;
#3953 = EDGE_CURVE ( 'NONE', #2964, #4311, #1660, .T. ) ;
#3954 = CARTESIAN_POINT ( 'NONE',  ( 25.47270367754907028, -35.87684870085398359, 11.09924570446575487 ) ) ;
#3955 = LINE ( 'NONE', #14, #1893 ) ;
#3956 = EDGE_LOOP ( 'NONE', ( #1039, #552, #734, #4500 ) ) ;
#3957 = ORIENTED_EDGE ( 'NONE', *, *, #5240, .T. ) ;
#3958 = CARTESIAN_POINT ( 'NONE',  ( -25.38319173276228113, -37.18291802729162043, 8.945658369077722938 ) ) ;
#3959 = CARTESIAN_POINT ( 'NONE',  ( -30.72996560157072565, -30.72996560157071499, 3.187499998634407028 ) ) ;
#3960 = DIRECTION ( 'NONE',  ( 0.000000000000000000, 0.000000000000000000, 1.000000000000000000 ) ) ;
#3961 = CARTESIAN_POINT ( 'NONE',  ( 19.49999999999999645, -20.74342645422165532, 27.00000000000000355 ) ) ;
#3962 = SURFACE_STYLE_USAGE ( .BOTH. , #126 ) ;
#3963 = ORIENTED_EDGE ( 'NONE', *, *, #2957, .T. ) ;
#3964 = CARTESIAN_POINT ( 'NONE',  ( 21.28138091861014303, -39.65196670468739626, 7.230634677516744269 ) ) ;
#3965 = DIRECTION ( 'NONE',  ( -0.000000000000000000, -0.000000000000000000, -1.000000000000000000 ) ) ;
#3966 = PLANE ( 'NONE',  #168 ) ;
#3967 = ORIENTED_EDGE ( 'NONE', *, *, #4771, .F. ) ;
#3968 = FACE_OUTER_BOUND ( 'NONE', #1055, .T. ) ;
#3969 = CARTESIAN_POINT ( 'NONE',  ( -44.00000000000000000, 18.22539674441618374, 4.312499997268814056 ) ) ;
#3970 = CARTESIAN_POINT ( 'NONE',  ( -43.45873412499999233, 5.322159964117709262E-15, 3.812499998634406584 ) ) ;
#3971 = EDGE_CURVE ( 'NONE', #5438, #5505, #161, .T. ) ;
#3972 = ORIENTED_EDGE ( 'NONE', *, *, #3271, .T. ) ;
#3973 = ORIENTED_EDGE ( 'NONE', *, *, #5410, .T. ) ;
#3974 = CARTESIAN_POINT ( 'NONE',  ( -30.72996560157071499, 30.72996560157071855, 4.937499998634407916 ) ) ;
#3975 = LINE ( 'NONE', #6763, #1574 ) ;
#3976 = CARTESIAN_POINT ( 'NONE',  ( -44.00000000000000000, 0.000000000000000000, 15.00000000000000000 ) ) ;
#3977 = ORIENTED_EDGE ( 'NONE', *, *, #3932, .F. ) ;
#3978 = CARTESIAN_POINT ( 'NONE',  ( -19.92562966754586640, -20.74342645422166953, 27.00000000000000355 ) ) ;
#3979 = CARTESIAN_POINT ( 'NONE',  ( -4.053947019407316610, -8.339043285121443105, 27.00000000000000355 ) ) ;
#3980 = FACE_OUTER_BOUND ( 'NONE', #6822, .T. ) ;
#3981 = EDGE_CURVE ( 'NONE', #2436, #6499, #2319, .T. ) ;
#3982 = ORIENTED_EDGE ( 'NONE', *, *, #7144, .T. ) ;
#3983 = CARTESIAN_POINT ( 'NONE',  ( -19.50632465504656210, -39.91789036851945838, 10.27392245846356467 ) ) ;
#3984 = CARTESIAN_POINT ( 'NONE',  ( 11.05046143221876775, 6.929238224710594807, 27.00000000000000355 ) ) ;
#3985 = CARTESIAN_POINT ( 'NONE',  ( 23.87870157446264230, -36.95733020962583026, 7.297500345909350372 ) ) ;
#3986 = DIRECTION ( 'NONE',  ( -0.000000000000000000, -0.000000000000000000, 1.000000000000000000 ) ) ;
#3987 = EDGE_LOOP ( 'NONE', ( #5515, #3259, #2786, #800 ) ) ;
#3988 = VECTOR ( 'NONE', #1915, 1000.000000000000000 ) ;
#3989 = ORIENTED_EDGE ( 'NONE', *, *, #1276, .F. ) ;
#3990 = CARTESIAN_POINT ( 'NONE',  ( -24.42065536159728367, -36.16631461826742111, 7.687749232567168356 ) ) ;
#3991 = CARTESIAN_POINT ( 'NONE',  ( -18.00119707814146608, -43.45873412499998523, 3.249999998634406584 ) ) ;
#3992 = VERTEX_POINT ( 'NONE', #4394 ) ;
#3993 = EDGE_CURVE ( 'NONE', #4710, #2811, #3549, .T. ) ;
#3994 = ADVANCED_FACE ( 'NONE', ( #1329 ), #4699, .T. ) ;
#3995 = VECTOR ( 'NONE', #4488, 1000.000000000000000 ) ;
#3996 = CARTESIAN_POINT ( 'NONE',  ( -24.00000000000001776, -9.743426454221653543, 27.00000000000000355 ) ) ;
#3997 = CARTESIAN_POINT ( 'NONE',  ( -44.00000000000000000, 0.000000000000000000, 15.00000000000000000 ) ) ;
#3998 = CARTESIAN_POINT ( 'NONE',  ( -22.72953655957823926, -12.74342645422166598, 27.00000000000000355 ) ) ;
#3999 = PLANE ( 'NONE',  #6879 ) ;
#4000 = ORIENTED_EDGE ( 'NONE', *, *, #2332, .T. ) ;
#4001 = CARTESIAN_POINT ( 'NONE',  ( 19.51249710688611216, -40.55450908904384733, 9.701233606085111205 ) ) ;
#4002 = VECTOR ( 'NONE', #4763, 1000.000000000000000 ) ;
#4003 = CARTESIAN_POINT ( 'NONE',  ( -11.50000000000000178, -15.74342645422166598, 26.16299834956727466 ) ) ;
#4004 = CIRCLE ( 'NONE', #4931, 12.65655881953732909 ) ;
#4005 = DIRECTION ( 'NONE',  ( -1.000000000000000000, 0.000000000000000000, 0.000000000000000000 ) ) ;
#4006 = ORIENTED_EDGE ( 'NONE', *, *, #205, .T. ) ;
#4007 = CARTESIAN_POINT ( 'NONE',  ( -19.07267724280293208, -40.75828258918279090, 8.881377680199559421 ) ) ;
#4008 = CARTESIAN_POINT ( 'NONE',  ( -44.00000000000001421, -18.22539674441618018, 0.5625000000000001110 ) ) ;
#4009 = AXIS2_PLACEMENT_3D ( 'NONE', #3882, #3844, #5520 ) ;
#4010 = ORIENTED_EDGE ( 'NONE', *, *, #3141, .T. ) ;
#4011 = ORIENTED_EDGE ( 'NONE', *, *, #1052, .F. ) ;
#4012 = FACE_OUTER_BOUND ( 'NONE', #1965, .T. ) ;
#4013 = CARTESIAN_POINT ( 'NONE',  ( -8.929238224710607241, 6.949538567781226917, 25.00000000000000000 ) ) ;
#4014 = CARTESIAN_POINT ( 'NONE',  ( -43.45873412499999944, -18.00119707814143410, 0.8749999986344068059 ) ) ;
#4015 = VECTOR ( 'NONE', #3468, 1000.000000000000114 ) ;
#4016 = PLANE ( 'NONE',  #6807 ) ;
#4017 = DIRECTION ( 'NONE',  ( -0.000000000000000000, -0.000000000000000000, -1.000000000000000000 ) ) ;
#4018 = LINE ( 'NONE', #559, #6206 ) ;
#4019 = VECTOR ( 'NONE', #2402, 1000.000000000000000 ) ;
#4020 = VERTEX_POINT ( 'NONE', #6819 ) ;
#4021 = DIRECTION ( 'NONE',  ( -1.000000000000000000, 9.912705577010320619E-16, 0.000000000000000000 ) ) ;
#4022 = LINE ( 'NONE', #116, #2038 ) ;
#4023 = CARTESIAN_POINT ( 'NONE',  ( -12.38615584884155751, -6.376223030232233135, 27.00000000000000355 ) ) ;
#4024 = CARTESIAN_POINT ( 'NONE',  ( 20.85850407162403641, -39.87470110264749934, 13.41099914068666621 ) ) ;
#4025 = VERTEX_POINT ( 'NONE', #4715 ) ;
#4026 = VECTOR ( 'NONE', #2064, 1000.000000000000114 ) ;
#4027 = CARTESIAN_POINT ( 'NONE',  ( -25.40898775846997637, -35.21602199196667726, 9.259102123799490158 ) ) ;
#4028 = CARTESIAN_POINT ( 'NONE',  ( -7.983239946176564682E-15, -43.45873412499999233, 1.312499998634406584 ) ) ;
#4029 = EDGE_CURVE ( 'NONE', #4519, #6832, #4064, .T. ) ;
#4030 = AXIS2_PLACEMENT_3D ( 'NONE', #462, #4424, #2208 ) ;
#4031 = SURFACE_STYLE_USAGE ( .BOTH. , #1872 ) ;
#4032 = CARTESIAN_POINT ( 'NONE',  ( 20.49999999999998934, -9.759909745017585792, 26.00000000000000355 ) ) ;
#4033 = CARTESIAN_POINT ( 'NONE',  ( -11.49999999999999822, -15.74342645422166598, 26.00000000000000355 ) ) ;
#4034 = CARTESIAN_POINT ( 'NONE',  ( 28.34465468539448807, 15.00000000000000000, 23.00000000000000000 ) ) ;
#4035 = ORIENTED_EDGE ( 'NONE', *, *, #2433, .F. ) ;
#4036 = CARTESIAN_POINT ( 'NONE',  ( 19.65997939505790981, -39.82234131261680687, 10.98963440778463507 ) ) ;
#4037 = EDGE_CURVE ( 'NONE', #4732, #5069, #5149, .T. ) ;
#4038 = CARTESIAN_POINT ( 'NONE',  ( 26.84465468539448807, 9.999999999999998224, 18.00000000000000000 ) ) ;
#4039 = EDGE_CURVE ( 'NONE', #4151, #5522, #1262, .T. ) ;
#4040 = CIRCLE ( 'NONE', #3104, 40.00000000000000711 ) ;
#4041 = CARTESIAN_POINT ( 'NONE',  ( -2.602085213965214191E-15, 18.02030034307065876, 25.00000000000000000 ) ) ;
#4042 = CARTESIAN_POINT ( 'NONE',  ( 1.000000000000000222, -4.743426454221664201, 25.99999999999999645 ) ) ;
#4043 = CARTESIAN_POINT ( 'NONE',  ( -27.50000000000001421, -21.74342645422166953, 27.00000000000000355 ) ) ;
#4044 = VERTEX_POINT ( 'NONE', #747 ) ;
#4045 = CARTESIAN_POINT ( 'NONE',  ( -18.91934938998754134, -40.82962429690547879, 9.728228543446636678 ) ) ;
#4046 = CARTESIAN_POINT ( 'NONE',  ( 31.11269837220809364, 31.11269837220809364, 0.1250000000000000000 ) ) ;
#4047 = ORIENTED_EDGE ( 'NONE', *, *, #4423, .T. ) ;
#4048 = DIRECTION ( 'NONE',  ( -0.000000000000000000, -0.000000000000000000, 1.000000000000000000 ) ) ;
#4049 = CARTESIAN_POINT ( 'NONE',  ( -1.499999999999997113, 26.00000000000000000, 23.00000000000000000 ) ) ;
#4050 = CARTESIAN_POINT ( 'NONE',  ( 18.00119707814144832, 43.45873412499999233, 0.4999999986344065839 ) ) ;
#4051 = CARTESIAN_POINT ( 'NONE',  ( 20.87477233439097191, -39.02079729176542600, 7.472092704923789519 ) ) ;
#4052 = CARTESIAN_POINT ( 'NONE',  ( -6.843714123613505507, -11.61966640169565146, 27.00000000000000000 ) ) ;
#4053 = DIRECTION ( 'NONE',  ( -0.000000000000000000, 1.000000000000000000, -0.000000000000000000 ) ) ;
#4054 = CARTESIAN_POINT ( 'NONE',  ( -20.12821539143480720, -39.52323627660138072, 8.154570698355229297 ) ) ;
#4055 = CYLINDRICAL_SURFACE ( 'NONE', #3084, 1.100000000000000311 ) ;
#4056 = CARTESIAN_POINT ( 'NONE',  ( -10.51377847715021119, 7.139592156351216801, 26.88972215114597120 ) ) ;
#4057 = CARTESIAN_POINT ( 'NONE',  ( 19.10369076025403245, -40.74387088603301521, 8.782928683344822574 ) ) ;
#4058 = EDGE_LOOP ( 'NONE', ( #4223, #341, #5884, #2263 ) ) ;
#4059 = CARTESIAN_POINT ( 'NONE',  ( -25.49464625963118891, -35.13016691755489518, 10.20844184482582584 ) ) ;
#4060 = CARTESIAN_POINT ( 'NONE',  ( -30.72996560157071499, 30.72996560157071855, 3.937499998634406584 ) ) ;
#4061 = ORIENTED_EDGE ( 'NONE', *, *, #5679, .F. ) ;
#4062 = DIRECTION ( 'NONE',  ( -0.5038710255240855806, -0.8637789008984338990, 0.000000000000000000 ) ) ;
#4063 = EDGE_CURVE ( 'NONE', #584, #6721, #5097, .T. ) ;
#4064 = LINE ( 'NONE', #5224, #5393 ) ;
#4065 = FACE_OUTER_BOUND ( 'NONE', #6755, .T. ) ;
#4066 = CARTESIAN_POINT ( 'NONE',  ( -24.00000000000001776, -9.743426454221653543, 25.00000000000000000 ) ) ;
#4067 = EDGE_LOOP ( 'NONE', ( #2694, #675, #1172, #4639 ) ) ;
#4068 = CARTESIAN_POINT ( 'NONE',  ( 19.52456461717952863, -40.54867853785354015, 10.40213765140354418 ) ) ;
#4069 = LINE ( 'NONE', #2423, #1930 ) ;
#4070 = LINE ( 'NONE', #2324, #6548 ) ;
#4071 = EDGE_CURVE ( 'NONE', #4232, #539, #7096, .T. ) ;
#4072 = CARTESIAN_POINT ( 'NONE',  ( -5.677188745928228641, -12.25317147238303939, 27.00000000000000355 ) ) ;
#4073 = DIRECTION ( 'NONE',  ( -0.000000000000000000, -0.000000000000000000, 1.000000000000000000 ) ) ;
#4074 = CARTESIAN_POINT ( 'NONE',  ( 19.49999999999998934, 7.517135062566165128E-15, 26.00000000000000355 ) ) ;
#4075 = VERTEX_POINT ( 'NONE', #4635 ) ;
#4076 = CARTESIAN_POINT ( 'NONE',  ( -1.122946294674843637, -8.771061465482803854, 26.00000000000000355 ) ) ;
#4077 = ORIENTED_EDGE ( 'NONE', *, *, #1085, .F. ) ;
#4078 = CARTESIAN_POINT ( 'NONE',  ( -31.11269837220809364, -31.11269837220808654, 0.6250000000000000000 ) ) ;
#4079 = ADVANCED_FACE ( 'NONE', ( #6380 ), #4606, .T. ) ;
#4080 = EDGE_CURVE ( 'NONE', #866, #5176, #912, .T. ) ;
#4081 = EDGE_CURVE ( 'NONE', #6490, #4851, #4174, .T. ) ;
#4082 = VERTEX_POINT ( 'NONE', #5191 ) ;
#4083 = DIRECTION ( 'NONE',  ( 0.000000000000000000, 0.000000000000000000, -1.000000000000000000 ) ) ;
#4084 = DIRECTION ( 'NONE',  ( 0.5038710255240855806, -0.8637789008984336769, 0.000000000000000000 ) ) ;
#4085 = CARTESIAN_POINT ( 'NONE',  ( -43.45873412499999233, 18.00119707814144832, 2.749999998634406584 ) ) ;
#4086 = DIRECTION ( 'NONE',  ( 0.5038710255240860247, -0.8637789008984335659, 0.000000000000000000 ) ) ;
#4087 = CYLINDRICAL_SURFACE ( 'NONE', #7129, 1.000000000000000888 ) ;
#4088 = FACE_OUTER_BOUND ( 'NONE', #4303, .T. ) ;
#4089 = ORIENTED_EDGE ( 'NONE', *, *, #4877, .T. ) ;
#4090 = DIRECTION ( 'NONE',  ( -2.895182638072235125E-16, 1.000000000000000000, 0.000000000000000000 ) ) ;
#4091 = DIRECTION ( 'NONE',  ( 0.000000000000000000, 0.000000000000000000, 1.000000000000000000 ) ) ;
#4092 = PLANE ( 'NONE',  #5061 ) ;
#4093 = CARTESIAN_POINT ( 'NONE',  ( 2.694222958124176809E-15, 44.00000000000000000, 1.124999997268813390 ) ) ;
#4094 = ORIENTED_EDGE ( 'NONE', *, *, #7049, .T. ) ;
#4095 = CARTESIAN_POINT ( 'NONE',  ( -23.95789154458963921, -36.58635028467733008, 12.62846336058053254 ) ) ;
#4096 = CARTESIAN_POINT ( 'NONE',  ( 30.72996560157071855, 30.72996560157071855, 4.687499998634407028 ) ) ;
#4097 = VECTOR ( 'NONE', #1073, 1000.000000000000000 ) ;
#4098 = CARTESIAN_POINT ( 'NONE',  ( -0.9999999999975384135, -10.02122940157079611, 26.00000000000000000 ) ) ;
#4099 = DIRECTION ( 'NONE',  ( -1.000000000000000000, -7.434529182757746381E-16, 0.000000000000000000 ) ) ;
#4100 = VERTEX_POINT ( 'NONE', #1369 ) ;
#4101 = CARTESIAN_POINT ( 'NONE',  ( 21.79202290334591652, -38.35899525578650326, 12.92132459330851368 ) ) ;
#4102 = LINE ( 'NONE', #3012, #5767 ) ;
#4103 = CARTESIAN_POINT ( 'NONE',  ( 31.11269837220808299, -31.11269837220809364, 5.749999997268813168 ) ) ;
#4104 = LINE ( 'NONE', #4543, #2720 ) ;
#4105 = AXIS2_PLACEMENT_3D ( 'NONE', #5349, #1495, #5933 ) ;
#4106 = CARTESIAN_POINT ( 'NONE',  ( -7.725241932091351238, -6.606955510019548505, 27.00000000000001421 ) ) ;
#4107 = CARTESIAN_POINT ( 'NONE',  ( -22.92943905499392798, -37.46974601987433573, 12.99177833565253337 ) ) ;
#4108 = CARTESIAN_POINT ( 'NONE',  ( 2.500000000000003109, 15.00000000000000178, 18.00000000000000000 ) ) ;
#4109 = EDGE_LOOP ( 'NONE', ( #2094, #904, #5661, #3977 ) ) ;
#4110 = CARTESIAN_POINT ( 'NONE',  ( -0.9963691107898632326, -9.655268144571563127, 27.00000000000000000 ) ) ;
#4111 = AXIS2_PLACEMENT_3D ( 'NONE', #542, #7128, #1600 ) ;
#4112 = ORIENTED_EDGE ( 'NONE', *, *, #873, .T. ) ;
#4113 = CARTESIAN_POINT ( 'NONE',  ( -18.22539674441620505, -43.99999999999999289, 3.687500000000000444 ) ) ;
#4114 = ADVANCED_FACE ( 'NONE', ( #3586 ), #1401, .T. ) ;
#4115 = AXIS2_PLACEMENT_3D ( 'NONE', #6808, #4739, #1316 ) ;
#4116 = ORIENTED_EDGE ( 'NONE', *, *, #1008, .F. ) ;
#4117 = EDGE_LOOP ( 'NONE', ( #989, #3836, #3333, #5002 ) ) ;
#4118 = DIRECTION ( 'NONE',  ( 0.000000000000000000, 1.000000000000000000, 0.000000000000000000 ) ) ;
#4119 = DIRECTION ( 'NONE',  ( 1.000000000000000000, -1.239088197126290077E-16, 0.000000000000000000 ) ) ;
#4120 = CARTESIAN_POINT ( 'NONE',  ( -7.983239946176564682E-15, -43.45873412499999233, 1.062499998634406584 ) ) ;
#4121 = VECTOR ( 'NONE', #5921, 1000.000000000000000 ) ;
#4122 = EDGE_CURVE ( 'NONE', #585, #2930, #6101, .T. ) ;
#4123 = CARTESIAN_POINT ( 'NONE',  ( 2.500000000000003109, 15.00000000000000178, 18.00000000000000000 ) ) ;
#4124 = CARTESIAN_POINT ( 'NONE',  ( -12.62429250697924132, -13.21257262405076283, 27.00000000000000355 ) ) ;
#4125 = EDGE_CURVE ( 'NONE', #5915, #551, #5840, .T. ) ;
#4126 = CARTESIAN_POINT ( 'NONE',  ( 8.929238224710598359, 6.949538567781225140, 25.00000000000000000 ) ) ;
#4127 = B_SPLINE_CURVE_WITH_KNOTS ( 'NONE', 3,
 ( #5850, #2499, #3663, #345, #5954, #6387, #1959, #2027, #3194, #1409, #5411, #424, #5887, #4831, #900, #2648, #6898, #3156, #3122, #2570, #1921, #4248 ),
 .UNSPECIFIED., .F., .F.,
 ( 4, 2, 2, 2, 2, 2, 2, 2, 2, 2, 4 ),
 ( 5.275955480050202716E-18, 0.003264474134798697660, 0.004896711202198043671, 0.006528948269597390115, 0.008161185336996735692, 0.009793422404396082137, 0.01060954093809575623, 0.01142565947179542858, 0.01224177800549510267, 0.01264983727234493885, 0.01305789653919477503 ),
 .UNSPECIFIED. ) ;
#4128 = AXIS2_PLACEMENT_3D ( 'NONE', #1182, #5473, #3395 ) ;
#4129 = VERTEX_POINT ( 'NONE', #4749 ) ;
#4130 = CARTESIAN_POINT ( 'NONE',  ( -20.89085579092298062, -39.00950882787952878, 7.462782228213347580 ) ) ;
#4131 = DIRECTION ( 'NONE',  ( 0.000000000000000000, 0.000000000000000000, 1.000000000000000000 ) ) ;
#4132 = CARTESIAN_POINT ( 'NONE',  ( -11.49999999999999645, -12.24342645422166242, 25.00000000000000000 ) ) ;
#4133 = FACE_OUTER_BOUND ( 'NONE', #105, .T. ) ;
#4134 = ORIENTED_EDGE ( 'NONE', *, *, #5235, .T. ) ;
#4135 = CARTESIAN_POINT ( 'NONE',  ( 4.000000000000000000, 10.00000000000000178, 23.00000000000000000 ) ) ;
#4136 = CARTESIAN_POINT ( 'NONE',  ( -30.72996560157072565, -30.72996560157071499, 0.9374999986344065839 ) ) ;
#4137 = AXIS2_PLACEMENT_3D ( 'NONE', #2600, #4206, #4821 ) ;
#4138 = CARTESIAN_POINT ( 'NONE',  ( 31.11269837220808299, -31.11269837220809364, 0.8750000000000000000 ) ) ;
#4139 = VECTOR ( 'NONE', #3759, 1000.000000000000000 ) ;
#4140 = CARTESIAN_POINT ( 'NONE',  ( -1.000000000000000888, -9.743426454191267183, 26.00000000000001066 ) ) ;
#4141 = FACE_OUTER_BOUND ( 'NONE', #7159, .T. ) ;
#4142 = ORIENTED_EDGE ( 'NONE', *, *, #2561, .T. ) ;
#4143 = LINE ( 'NONE', #5811, #6487 ) ;
#4144 = CARTESIAN_POINT ( 'NONE',  ( -12.49999999999999645, -20.74342645422166242, 27.00000000000000355 ) ) ;
#4145 = CARTESIAN_POINT ( 'NONE',  ( -43.45873412499999944, -18.00119707814143410, 1.124999998634406584 ) ) ;
#4146 = DIRECTION ( 'NONE',  ( 0.000000000000000000, 0.000000000000000000, -1.000000000000000000 ) ) ;
#4147 = CIRCLE ( 'NONE', #6120, 45.00000000000000711 ) ;
#4148 = CARTESIAN_POINT ( 'NONE',  ( -1.499999999999997113, 26.00000000000000000, 18.00000000000000000 ) ) ;
#4149 = CARTESIAN_POINT ( 'NONE',  ( 27.10397945993691593, -35.92178179034183216, 10.08485263195979265 ) ) ;
#4150 = CARTESIAN_POINT ( 'NONE',  ( -18.22539674441618374, 44.00000000000000000, 0.3125000000000000555 ) ) ;
#4151 = VERTEX_POINT ( 'NONE', #2676 ) ;
#4152 = CARTESIAN_POINT ( 'NONE',  ( -1.308212675495922683, -8.291089763259353873, 27.00000000000000000 ) ) ;
#4153 = AXIS2_PLACEMENT_3D ( 'NONE', #4590, #6293, #2335 ) ;
#4154 = ORIENTED_EDGE ( 'NONE', *, *, #3393, .F. ) ;
#4155 = CARTESIAN_POINT ( 'NONE',  ( -31.11269837220809364, -31.11269837220808654, 1.625000000000000222 ) ) ;
#4156 = ADVANCED_FACE ( 'NONE', ( #3654 ), #6486, .T. ) ;
#4157 = ORIENTED_EDGE ( 'NONE', *, *, #603, .T. ) ;
#4158 = PLANE ( 'NONE',  #4461 ) ;
#4159 = CARTESIAN_POINT ( 'NONE',  ( 26.84465468539448807, -1.500000000000003331, 18.00000000000000000 ) ) ;
#4160 = CARTESIAN_POINT ( 'NONE',  ( -43.45873412499999233, 5.322159964117709262E-15, 0.8124999986344066949 ) ) ;
#4161 = CARTESIAN_POINT ( 'NONE',  ( 7.990384747035712110, -9.759909745017587568, 27.00000000000000355 ) ) ;
#4162 = DIRECTION ( 'NONE',  ( 0.8637789008984340100, -0.5038710255240853586, 0.000000000000000000 ) ) ;
#4163 = LINE ( 'NONE', #4703, #2368 ) ;
#4164 = EDGE_CURVE ( 'NONE', #3768, #3805, #3764, .T. ) ;
#4165 = EDGE_LOOP ( 'NONE', ( #2494, #4011, #3178, #1598 ) ) ;
#4166 = DIRECTION ( 'NONE',  ( 0.8637789008984335659, 0.5038710255240861358, -0.000000000000000000 ) ) ;
#4167 = CARTESIAN_POINT ( 'NONE',  ( -11.66799017070443512, -7.076046809980509167, 26.57336370369663570 ) ) ;
#4168 = DIRECTION ( 'NONE',  ( -1.000000000000000000, 0.000000000000000000, -0.000000000000000000 ) ) ;
#4169 = ORIENTED_EDGE ( 'NONE', *, *, #3541, .T. ) ;
#4170 = CARTESIAN_POINT ( 'NONE',  ( -1.499999999999997335, -25.99999999999999645, 23.00000000000000000 ) ) ;
#4171 = CARTESIAN_POINT ( 'NONE',  ( -30.72996560157071499, 30.72996560157071855, 4.937499998634407916 ) ) ;
#4172 =( BOUNDED_CURVE ( )  B_SPLINE_CURVE ( 3, ( #2564, #6563, #4860, #1988 ),
 .UNSPECIFIED., .F., .F. ) 
 B_SPLINE_CURVE_WITH_KNOTS ( ( 4, 4 ),
 ( 3.141592653589793116, 4.712388980384689674 ),
 .UNSPECIFIED. ) 
 CURVE ( )  GEOMETRIC_REPRESENTATION_ITEM ( )  RATIONAL_B_SPLINE_CURVE ( ( 1.000000000000000000, 0.8047378541243649375, 0.8047378541243649375, 1.000000000000000000 ) ) 
 REPRESENTATION_ITEM ( '' )  );
#4173 = EDGE_CURVE ( 'NONE', #5080, #544, #371, .T. ) ;
#4174 = LINE ( 'NONE', #2970, #4354 ) ;
#4175 = CARTESIAN_POINT ( 'NONE',  ( -1.619769899027104332, -11.83840995021297893, 26.00000000000000711 ) ) ;
#4176 = LINE ( 'NONE', #4066, #6531 ) ;
#4177 = EDGE_LOOP ( 'NONE', ( #2824, #1359, #2766, #4061 ) ) ;
#4178 = CARTESIAN_POINT ( 'NONE',  ( 19.13860826462436648, -40.72739452448260522, 11.31951254410096652 ) ) ;
#4179 = LINE ( 'NONE', #311, #764 ) ;
#4180 = CARTESIAN_POINT ( 'NONE',  ( -43.45873412499999233, 18.00119707814145187, 0.9999999986344065839 ) ) ;
#4181 = CARTESIAN_POINT ( 'NONE',  ( -24.59229633421253780, -12.74342645422165532, 27.00000000000000355 ) ) ;
#4182 = CARTESIAN_POINT ( 'NONE',  ( -9.030293228643536452, -13.11117445747573207, 27.00000000000000711 ) ) ;
#4183 = CARTESIAN_POINT ( 'NONE',  ( 24.83007468758885850, -37.53045768279302763, 6.408736396640846600 ) ) ;
#4184 = LINE ( 'NONE', #4108, #2847 ) ;
#4185 = VERTEX_POINT ( 'NONE', #2529 ) ;
#4186 = CARTESIAN_POINT ( 'NONE',  ( -1.025478593387692650, -10.19809593434798600, 27.00000000000000000 ) ) ;
#4187 = ORIENTED_EDGE ( 'NONE', *, *, #1668, .F. ) ;
#4188 = CARTESIAN_POINT ( 'NONE',  ( -13.49999999999999645, 20.00000000000000000, 23.00000000000000000 ) ) ;
#4189 = ORIENTED_EDGE ( 'NONE', *, *, #433, .F. ) ;
#4190 = ORIENTED_EDGE ( 'NONE', *, *, #7082, .F. ) ;
#4191 = CYLINDRICAL_SURFACE ( 'NONE', #7030, 1.000000000000000888 ) ;
#4192 = LINE ( 'NONE', #6949, #5297 ) ;
#4193 = CARTESIAN_POINT ( 'NONE',  ( -15.99999999999999645, 20.00000000000000000, 23.00000000000000000 ) ) ;
#4194 = LINE ( 'NONE', #6509, #3222 ) ;
#4195 = LINE ( 'NONE', #3248, #36 ) ;
#4196 = LINE ( 'NONE', #1283, #43 ) ;
#4197 = EDGE_CURVE ( 'NONE', #3090, #6745, #5985, .T. ) ;
#4198 = ORIENTED_EDGE ( 'NONE', *, *, #3323, .T. ) ;
#4199 = FACE_BOUND ( 'NONE', #3800, .T. ) ;
#4200 = DIRECTION ( 'NONE',  ( -0.000000000000000000, -0.000000000000000000, -1.000000000000000000 ) ) ;
#4201 = ORIENTED_EDGE ( 'NONE', *, *, #6955, .F. ) ;
#4202 = LINE ( 'NONE', #450, #3209 ) ;
#4203 = CARTESIAN_POINT ( 'NONE',  ( -30.72996560157072565, -30.72996560157071499, 5.187499998634406140 ) ) ;
#4204 = EDGE_CURVE ( 'NONE', #3478, #2532, #6899, .T. ) ;
#4205 = CARTESIAN_POINT ( 'NONE',  ( 0.000000000000000000, 0.000000000000000000, 25.00000000000000000 ) ) ;
#4206 = DIRECTION ( 'NONE',  ( -0.7938999510118974756, 0.5166065508912986992, -0.3206876040003777129 ) ) ;
#4207 = DIRECTION ( 'NONE',  ( 1.000000000000000000, -1.239088197126290077E-16, 0.000000000000000000 ) ) ;
#4208 = ORIENTED_EDGE ( 'NONE', *, *, #6065, .F. ) ;
#4209 = CARTESIAN_POINT ( 'NONE',  ( 4.000000000000000000, -9.999999999999998224, 18.00000000000000000 ) ) ;
#4210 = DIRECTION ( 'NONE',  ( 0.5038710255240860247, -0.8637789008984334549, 0.000000000000000000 ) ) ;
#4211 = CARTESIAN_POINT ( 'NONE',  ( -44.00000000000000000, 5.388445916248353619E-15, 5.374999997268814056 ) ) ;
#4212 = ADVANCED_FACE ( 'NONE', ( #3692 ), #3616, .F. ) ;
#4213 = PLANE ( 'NONE',  #159 ) ;
#4214 = EDGE_CURVE ( 'NONE', #5550, #178, #5946, .T. ) ;
#4215 = CARTESIAN_POINT ( 'NONE',  ( 34.98473552558840538, -26.83955084308092509, 20.00000000000000000 ) ) ;
#4216 = CARTESIAN_POINT ( 'NONE',  ( 16.00000000000000000, 20.00000000000000000, 25.00000000000000000 ) ) ;
#4217 = DIRECTION ( 'NONE',  ( 1.000000000000000000, 0.000000000000000000, 0.000000000000000000 ) ) ;
#4218 = ORIENTED_EDGE ( 'NONE', *, *, #6870, .F. ) ;
#4219 = CARTESIAN_POINT ( 'NONE',  ( -1.380354680281997481, -8.135809942038619624, 26.00000000000000355 ) ) ;
#4220 = ORIENTED_EDGE ( 'NONE', *, *, #4910, .F. ) ;
#4221 = VECTOR ( 'NONE', #1485, 1000.000000000000000 ) ;
#4222 = CARTESIAN_POINT ( 'NONE',  ( -44.00000000000000000, 5.388445916248353619E-15, 4.500000000000000888 ) ) ;
#4223 = ORIENTED_EDGE ( 'NONE', *, *, #6963, .T. ) ;
#4224 = CARTESIAN_POINT ( 'NONE',  ( 44.00000000000005684, -18.22539674441614821, 3.812499997268814056 ) ) ;
#4225 = CARTESIAN_POINT ( 'NONE',  ( -31.00000000000001421, -4.743426454221668642, 26.00000000000000355 ) ) ;
#4226 = DIRECTION ( 'NONE',  ( -0.5028399777920261604, 0.8643795212371212511, 0.000000000000000000 ) ) ;
#4227 = CARTESIAN_POINT ( 'NONE',  ( 44.00000000000000000, 5.388445916248353619E-15, 15.00000000000000000 ) ) ;
#4228 = FACE_OUTER_BOUND ( 'NONE', #1585, .T. ) ;
#4229 = DIRECTION ( 'NONE',  ( 0.000000000000000000, 1.000000000000000000, 0.000000000000000000 ) ) ;
#4230 = AXIS2_PLACEMENT_3D ( 'NONE', #2840, #2802, #5598 ) ;
#4231 = AXIS2_PLACEMENT_3D ( 'NONE', #696, #5683, #1278 ) ;
#4232 = VERTEX_POINT ( 'NONE', #3726 ) ;
#4233 = FACE_OUTER_BOUND ( 'NONE', #5500, .T. ) ;
#4234 = CARTESIAN_POINT ( 'NONE',  ( 23.05930071472479881, -38.64593427825080596, 13.02293188624148179 ) ) ;
#4235 = CARTESIAN_POINT ( 'NONE',  ( 13.50000000000000178, 20.00000000000000000, 23.00000000000000000 ) ) ;
#4236 = ORIENTED_EDGE ( 'NONE', *, *, #5816, .T. ) ;
#4237 = CARTESIAN_POINT ( 'NONE',  ( 20.49999999999999289, -3.743426454221659316, 26.00000000000000355 ) ) ;
#4238 = CARTESIAN_POINT ( 'NONE',  ( -12.56929833594609214, -7.272766967448031750, 27.00000000000000000 ) ) ;
#4239 = AXIS2_PLACEMENT_3D ( 'NONE', #2099, #974, #3701 ) ;
#4240 = CARTESIAN_POINT ( 'NONE',  ( -29.50000000000000000, -14.99999999999999112, 23.00000000000000000 ) ) ;
#4241 = EDGE_CURVE ( 'NONE', #3992, #584, #927, .T. ) ;
#4242 = CARTESIAN_POINT ( 'NONE',  ( 28.34465468539448807, 9.999999999999998224, 18.00000000000000000 ) ) ;
#4243 = CARTESIAN_POINT ( 'NONE',  ( 7.988010107695972195, -11.74861541094997186, 26.99999999999999645 ) ) ;
#4244 = EDGE_LOOP ( 'NONE', ( #3322, #3503 ) ) ;
#4245 = CARTESIAN_POINT ( 'NONE',  ( -19.95163633022158223, -39.21670210208581153, 8.404313146623215047 ) ) ;
#4246 = VECTOR ( 'NONE', #6179, 1000.000000000000000 ) ;
#4247 = CARTESIAN_POINT ( 'NONE',  ( 43.45873412499998523, -18.00119707814146963, 4.499999998634407028 ) ) ;
#4248 = CARTESIAN_POINT ( 'NONE',  ( -1.000000000000000888, -9.743426454191267183, 26.00000000000001066 ) ) ;
#4249 = CARTESIAN_POINT ( 'NONE',  ( 44.00000000000002132, -2.879793265790638213, 20.00000000000000000 ) ) ;
#4250 = EDGE_CURVE ( 'NONE', #5074, #5992, #4826, .T. ) ;
#4251 = EDGE_CURVE ( 'NONE', #436, #6289, #4782, .T. ) ;
#4252 = CARTESIAN_POINT ( 'NONE',  ( -22.26235314783717101, -39.11071710763921772, 13.05277161575025247 ) ) ;
#4253 = CARTESIAN_POINT ( 'NONE',  ( 21.59774617469333080, -38.33506553810988038, 7.132793874532283418 ) ) ;
#4254 = EDGE_LOOP ( 'NONE', ( #1141, #6941, #3274, #684 ) ) ;
#4255 = CARTESIAN_POINT ( 'NONE',  ( -1.805297765518255382, -12.06320999702970731, 27.00000000000000000 ) ) ;
#4256 = ORIENTED_EDGE ( 'NONE', *, *, #820, .T. ) ;
#4257 = AXIS2_PLACEMENT_3D ( 'NONE', #2768, #4986, #129 ) ;
#4258 = DIRECTION ( 'NONE',  ( 0.8631745758396129897, 0.5049055868418412807, -0.000000000000000000 ) ) ;
#4259 = ADVANCED_FACE ( 'NONE', ( #4858 ), #3184, .T. ) ;
#4260 = VECTOR ( 'NONE', #3810, 1000.000000000000000 ) ;
#4261 = CARTESIAN_POINT ( 'NONE',  ( -44.00000000000000000, 18.22539674441618374, 4.437500000000001776 ) ) ;
#4262 = ORIENTED_EDGE ( 'NONE', *, *, #3482, .T. ) ;
#4263 = DIRECTION ( 'NONE',  ( 1.000000000000000000, -1.239088197126291063E-16, 0.000000000000000000 ) ) ;
#4264 = CARTESIAN_POINT ( 'NONE',  ( -31.11269837220808654, 31.11269837220809364, 3.249999997268813612 ) ) ;
#4265 = CARTESIAN_POINT ( 'NONE',  ( 30.72996560157071144, -30.72996560157072565, 4.187499998634407028 ) ) ;
#4266 = CARTESIAN_POINT ( 'NONE',  ( -5.064180651208472383, -10.73415602231035493, 26.00000000000001421 ) ) ;
#4267 = CARTESIAN_POINT ( 'NONE',  ( -31.00000000000000355, 10.00000000000000178, 23.00000000000000000 ) ) ;
#4268 = PLANE ( 'NONE',  #7018 ) ;
#4269 = ORIENTED_EDGE ( 'NONE', *, *, #2234, .T. ) ;
#4270 = FACE_BOUND ( 'NONE', #7071, .T. ) ;
#4271 = CARTESIAN_POINT ( 'NONE',  ( -29.50000000000000000, -9.999999999999991118, 18.00000000000000000 ) ) ;
#4272 = CARTESIAN_POINT ( 'NONE',  ( -22.84409350442632203, -38.77149212279663715, 5.996192803747188549 ) ) ;
#4273 = ORIENTED_EDGE ( 'NONE', *, *, #6742, .F. ) ;
#4274 = LINE ( 'NONE', #5507, #5653 ) ;
#4275 = LINE ( 'NONE', #995, #3758 ) ;
#4276 = DIRECTION ( 'NONE',  ( -1.000000000000000000, -1.982541115402066096E-15, 0.000000000000000000 ) ) ;
#4277 = LINE ( 'NONE', #6488, #5525 ) ;
#4278 = DIRECTION ( 'NONE',  ( -1.000000000000000000, 0.000000000000000000, 0.000000000000000000 ) ) ;
#4279 = ORIENTED_EDGE ( 'NONE', *, *, #2867, .F. ) ;
#4280 = LINE ( 'NONE', #1515, #4563 ) ;
#4281 = DIRECTION ( 'NONE',  ( 0.000000000000000000, 0.000000000000000000, -1.000000000000000000 ) ) ;
#4282 = CARTESIAN_POINT ( 'NONE',  ( -43.45873412499999944, -18.00119707814143410, 3.124999998634407028 ) ) ;
#4283 = CARTESIAN_POINT ( 'NONE',  ( 28.49999999999998579, -21.74342645422165532, 26.00000000000000355 ) ) ;
#4284 = ADVANCED_FACE ( 'NONE', ( #2750 ), #3832, .F. ) ;
#4285 = CARTESIAN_POINT ( 'NONE',  ( -31.00000000000000355, -14.99999999999999112, 23.00000000000000000 ) ) ;
#4286 = CARTESIAN_POINT ( 'NONE',  ( -20.05036976753141431, -40.29042762710436421, 11.75436868498846543 ) ) ;
#4287 = CARTESIAN_POINT ( 'NONE',  ( 20.49999999999999645, -21.74342645422165177, 27.00000000000000355 ) ) ;
#4288 = ORIENTED_EDGE ( 'NONE', *, *, #1851, .T. ) ;
#4289 = CARTESIAN_POINT ( 'NONE',  ( -11.63576318510677865, -15.75077825154362543, 27.00000000000000000 ) ) ;
#4290 = CARTESIAN_POINT ( 'NONE',  ( 31.11269837220809364, 31.11269837220809364, 4.125000000000000000 ) ) ;
#4291 = EDGE_CURVE ( 'NONE', #148, #1202, #2318, .T. ) ;
#4292 = CARTESIAN_POINT ( 'NONE',  ( 28.34465468539448807, 9.999999999999998224, 18.00000000000000000 ) ) ;
#4293 = ORIENTED_EDGE ( 'NONE', *, *, #516, .F. ) ;
#4294 = DIRECTION ( 'NONE',  ( -0.000000000000000000, -0.000000000000000000, 1.000000000000000000 ) ) ;
#4295 = DIRECTION ( 'NONE',  ( 1.000000000000000000, 0.000000000000000000, 0.000000000000000000 ) ) ;
#4296 = CARTESIAN_POINT ( 'NONE',  ( 43.45873412499999233, 18.00119707814144121, 4.374999998634407028 ) ) ;
#4297 = CARTESIAN_POINT ( 'NONE',  ( -8.890702911483245430, -12.07576657829975098, 26.00000000000001066 ) ) ;
#4298 = CARTESIAN_POINT ( 'NONE',  ( -7.983239946176564682E-15, -43.45873412499999233, 1.062499998634406584 ) ) ;
#4299 = FACE_OUTER_BOUND ( 'NONE', #4254, .T. ) ;
#4300 = EDGE_CURVE ( 'NONE', #2532, #4467, #2355, .T. ) ;
#4301 = EDGE_CURVE ( 'NONE', #2762, #2128, #6133, .T. ) ;
#4302 = B_SPLINE_CURVE_WITH_KNOTS ( 'NONE', 3,
 ( #6959, #923, #1428, #3648, #4272, #2557, #1028, #6991, #5433, #6446, #448, #2012, #1468, #5909, #3144, #2672, #5357, #2591, #4813, #2052, #6482, #5942, #955, #3252, #4890, #5395, #407, #2086, #4306, #1541, #4340, #3756, #2304, #1755, #6051, #518, #79, #1064 ),
 .UNSPECIFIED., .F., .F.,
 ( 4, 2, 2, 2, 2, 2, 2, 2, 2, 2, 2, 2, 2, 2, 2, 2, 2, 2, 4 ),
 ( 0.01136522917416734127, 0.01222834326641549646, 0.01309145735866364992, 0.01395457145091180511, 0.01481768554315996030, 0.01568079963540811375, 0.01654391372765626894, 0.01740702781990442413, 0.01827014191215257932, 0.01870169895827664824, 0.01913325600440072410, 0.01999637009664886195, 0.02042792714277292393, 0.02085948418889699285, 0.02172259828114512376, 0.02258571237339325466, 0.02344882646564138556, 0.02431194055788951300, 0.02517505465013764390 ),
 .UNSPECIFIED. ) ;
#4303 = EDGE_LOOP ( 'NONE', ( #457, #5646, #3366 ) ) ;
#4304 = CARTESIAN_POINT ( 'NONE',  ( -43.45873412499999944, -18.00119707814143410, 1.124999998634406584 ) ) ;
#4305 = CARTESIAN_POINT ( 'NONE',  ( -3.040175702185448081, -12.00189246670113086, 26.99999999999999645 ) ) ;
#4306 = CARTESIAN_POINT ( 'NONE',  ( -26.86090545771106264, -36.10418327644320868, 11.38120040381114428 ) ) ;
#4307 = ORIENTED_EDGE ( 'NONE', *, *, #5843, .T. ) ;
#4308 = DIRECTION ( 'NONE',  ( -0.000000000000000000, 0.000000000000000000, 1.000000000000000000 ) ) ;
#4309 = CARTESIAN_POINT ( 'NONE',  ( 30.72996560157071144, -30.72996560157072565, 3.187499998634406584 ) ) ;
#4310 = VERTEX_POINT ( 'NONE', #7152 ) ;
#4311 = VERTEX_POINT ( 'NONE', #5035 ) ;
#4312 = LINE ( 'NONE', #5987, #3432 ) ;
#4313 = CARTESIAN_POINT ( 'NONE',  ( 7.990384747035713886, -9.759909745017585792, 26.58578643762690064 ) ) ;
#4314 = VERTEX_POINT ( 'NONE', #11 ) ;
#4315 = CARTESIAN_POINT ( 'NONE',  ( -21.78037108343789541, -38.23164414029641733, 7.081842956696414504 ) ) ;
#4316 = CARTESIAN_POINT ( 'NONE',  ( 26.84465468539448807, -3.287522043468436264E-15, 18.00000000000000000 ) ) ;
#4317 = CARTESIAN_POINT ( 'NONE',  ( 2.661079982058854631E-15, 43.45873412499999233, 2.812499998634407028 ) ) ;
#4318 = DIRECTION ( 'NONE',  ( 1.156482317317874092E-15, -1.000000000000000000, 0.000000000000000000 ) ) ;
#4319 = CARTESIAN_POINT ( 'NONE',  ( -43.99999999999999289, -2.879793265790654644, 20.00000000000000000 ) ) ;
#4320 = CARTESIAN_POINT ( 'NONE',  ( -20.33936243501177543, -39.38399600263268496, 12.08372473927181545 ) ) ;
#4321 = FACE_OUTER_BOUND ( 'NONE', #5906, .T. ) ;
#4322 = EDGE_LOOP ( 'NONE', ( #6190, #2542, #811, #6169 ) ) ;
#4323 = CARTESIAN_POINT ( 'NONE',  ( -8.949538567781235798, 9.070761775289389206, 25.00000000000000000 ) ) ;
#4324 = CARTESIAN_POINT ( 'NONE',  ( -18.22539674441618374, 44.00000000000000000, 4.312500000000000888 ) ) ;
#4325 = CARTESIAN_POINT ( 'NONE',  ( 22.50000000000000000, -37.81203512110926113, 13.00000000000000178 ) ) ;
#4326 = ORIENTED_EDGE ( 'NONE', *, *, #727, .F. ) ;
#4327 = CARTESIAN_POINT ( 'NONE',  ( 8.949538567781228693, 9.070761775289389206, 27.00000000000000355 ) ) ;
#4328 = EDGE_CURVE ( 'NONE', #6429, #3838, #3799, .T. ) ;
#4329 = CARTESIAN_POINT ( 'NONE',  ( 43.99999999999999289, -18.22539674441621216, 3.937500000000000000 ) ) ;
#4330 = LINE ( 'NONE', #1972, #5379 ) ;
#4331 = LINE ( 'NONE', #2006, #304 ) ;
#4332 = CARTESIAN_POINT ( 'NONE',  ( 8.844654685394491622, 26.50000000000000355, 18.00000000000000000 ) ) ;
#4333 = DIRECTION ( 'NONE',  ( 1.000000000000000000, 0.000000000000000000, 0.000000000000000000 ) ) ;
#4334 = AXIS2_PLACEMENT_3D ( 'NONE', #3794, #6517, #6017 ) ;
#4335 = EDGE_LOOP ( 'NONE', ( #6504, #3032, #5367, #6122 ) ) ;
#4336 = CARTESIAN_POINT ( 'NONE',  ( 43.45873412499999233, 0.000000000000000000, 0.5624999986344066949 ) ) ;
#4337 = EDGE_CURVE ( 'NONE', #5662, #952, #2967, .T. ) ;
#4338 = EDGE_CURVE ( 'NONE', #2449, #4979, #3951, .T. ) ;
#4339 = CARTESIAN_POINT ( 'NONE',  ( -3.416767937061917504, -12.33943348595484935, 27.00000000000000355 ) ) ;
#4340 = CARTESIAN_POINT ( 'NONE',  ( -26.49224677060735544, -36.37579709744522205, 12.11796431862298284 ) ) ;
#4341 = EDGE_LOOP ( 'NONE', ( #1098, #2779, #1265, #6583 ) ) ;
#4342 = VECTOR ( 'NONE', #1508, 1000.000000000000000 ) ;
#4343 = CARTESIAN_POINT ( 'NONE',  ( -11.49999999999999822, -9.743426454221660649, 25.00000000000000000 ) ) ;
#4344 = CARTESIAN_POINT ( 'NONE',  ( -7.983239946176564682E-15, -43.45873412499999233, 3.062499998634406140 ) ) ;
#4345 = AXIS2_PLACEMENT_3D ( 'NONE', #1481, #3700, #4756 ) ;
#4346 = CARTESIAN_POINT ( 'NONE',  ( 18.22539674441619439, -43.99999999999999289, 1.812500000000000000 ) ) ;
#4347 = ORIENTED_EDGE ( 'NONE', *, *, #2733, .T. ) ;
#4348 = CARTESIAN_POINT ( 'NONE',  ( -31.00000000000000711, -3.743426454221665978, 26.58578643762690774 ) ) ;
#4349 = CARTESIAN_POINT ( 'NONE',  ( 19.49999999999999645, -20.74342645422165532, 27.00000000000000355 ) ) ;
#4350 = ORIENTED_EDGE ( 'NONE', *, *, #2452, .T. ) ;
#4351 = DIRECTION ( 'NONE',  ( 1.000000000000000000, 0.000000000000000000, 0.000000000000000000 ) ) ;
#4352 = FACE_OUTER_BOUND ( 'NONE', #2751, .T. ) ;
#4353 = CARTESIAN_POINT ( 'NONE',  ( -18.00119707814146608, -43.45873412499998523, 5.249999998634405252 ) ) ;
#4354 = VECTOR ( 'NONE', #267, 1000.000000000000000 ) ;
#4355 = PLANE ( 'NONE',  #184 ) ;
#4356 = CARTESIAN_POINT ( 'NONE',  ( -34.98473552558840538, -26.83955084308092864, 20.00000000000000000 ) ) ;
#4357 = CARTESIAN_POINT ( 'NONE',  ( -19.52906191898705046, -40.54654011457453322, 10.47808185370430323 ) ) ;
#4358 = CARTESIAN_POINT ( 'NONE',  ( 19.50065245090562271, -39.44267428175373169, 10.21946632578644554 ) ) ;
#4359 = ORIENTED_EDGE ( 'NONE', *, *, #203, .T. ) ;
#4360 = CARTESIAN_POINT ( 'NONE',  ( -5.681339668166924817, -13.67433859852874711, 27.00000000000000355 ) ) ;
#4361 = LINE ( 'NONE', #5488, #6889 ) ;
#4362 = VECTOR ( 'NONE', #4119, 1000.000000000000000 ) ;
#4363 = DIRECTION ( 'NONE',  ( 0.000000000000000000, 0.000000000000000000, 1.000000000000000000 ) ) ;
#4364 = ORIENTED_EDGE ( 'NONE', *, *, #820, .F. ) ;
#4365 = CARTESIAN_POINT ( 'NONE',  ( -22.50000000001665157, -37.81203512109934195, 7.000000000000000888 ) ) ;
#4366 = AXIS2_PLACEMENT_3D ( 'NONE', #898, #3591, #6313 ) ;
#4367 = CARTESIAN_POINT ( 'NONE',  ( -8.082668874372530822E-15, -44.00000000000000000, 3.750000000000000000 ) ) ;
#4368 = CARTESIAN_POINT ( 'NONE',  ( -44.00000000000000000, 5.388445916248353619E-15, 1.374999997268813390 ) ) ;
#4369 = CARTESIAN_POINT ( 'NONE',  ( -24.00000000000001066, -14.92136378065899649, 27.00000000000000000 ) ) ;
#4370 = CARTESIAN_POINT ( 'NONE',  ( 43.45873412499999233, 0.000000000000000000, 3.312499998634406584 ) ) ;
#4371 = VECTOR ( 'NONE', #6951, 1000.000000000000000 ) ;
#4372 = ADVANCED_FACE ( 'NONE', ( #1616 ), #4530, .F. ) ;
#4373 = ORIENTED_EDGE ( 'NONE', *, *, #997, .T. ) ;
#4374 = CARTESIAN_POINT ( 'NONE',  ( -30.72996560157072565, -30.72996560157071499, 1.187499998634406806 ) ) ;
#4375 = ADVANCED_FACE ( 'NONE', ( #3870 ), #1648, .F. ) ;
#4376 = CARTESIAN_POINT ( 'NONE',  ( 25.37183907438917174, -35.25326537221466339, 10.89154075208699979 ) ) ;
#4377 = CARTESIAN_POINT ( 'NONE',  ( -44.00000000000000000, 5.388445916248353619E-15, 1.374999997268813390 ) ) ;
#4378 = ORIENTED_EDGE ( 'NONE', *, *, #4692, .T. ) ;
#4379 = CARTESIAN_POINT ( 'NONE',  ( 0.000000000000000000, 0.000000000000000000, 18.00000000000000000 ) ) ;
#4380 = CARTESIAN_POINT ( 'NONE',  ( 43.45873412499999233, 0.000000000000000000, 5.312499998634407028 ) ) ;
#4381 = EDGE_CURVE ( 'NONE', #1439, #2804, #6056, .T. ) ;
#4382 = CARTESIAN_POINT ( 'NONE',  ( -9.225642650282882329, 8.281374995939980721, 26.97842704082830068 ) ) ;
#4383 = VERTEX_POINT ( 'NONE', #4451 ) ;
#4384 = CARTESIAN_POINT ( 'NONE',  ( 2.694222958124176809E-15, 44.00000000000000000, 1.250000000000000000 ) ) ;
#4385 = CARTESIAN_POINT ( 'NONE',  ( 0.000000000000000000, 0.000000000000000000, 26.99999999999999645 ) ) ;
#4386 = ORIENTED_EDGE ( 'NONE', *, *, #2034, .T. ) ;
#4387 = CARTESIAN_POINT ( 'NONE',  ( -22.92531687845329458, -37.55895089184917168, 12.99999999999682032 ) ) ;
#4388 = ORIENTED_EDGE ( 'NONE', *, *, #5316, .F. ) ;
#4389 = DIRECTION ( 'NONE',  ( 0.8643795212371211401, -0.5028399777920260494, 0.000000000000000000 ) ) ;
#4390 = CARTESIAN_POINT ( 'NONE',  ( -1.499999999999996669, 27.50000000000000000, 18.00000000000000000 ) ) ;
#4391 = EDGE_CURVE ( 'NONE', #5632, #4843, #2126, .T. ) ;
#4392 = ADVANCED_FACE ( 'NONE', ( #1691 ), #595, .T. ) ;
#4393 = DIRECTION ( 'NONE',  ( -0.5038710255240859137, 0.8637789008984334549, -0.000000000000000000 ) ) ;
#4394 = CARTESIAN_POINT ( 'NONE',  ( -17.00000000000001421, -21.74342645422166242, 26.00000000000000355 ) ) ;
#4395 = CARTESIAN_POINT ( 'NONE',  ( -18.95343813153015233, -40.81386750920739104, 10.57973118713523064 ) ) ;
#4396 = DIRECTION ( 'NONE',  ( -0.000000000000000000, -0.000000000000000000, -1.000000000000000000 ) ) ;
#4397 = ORIENTED_EDGE ( 'NONE', *, *, #1096, .T. ) ;
#4398 = CARTESIAN_POINT ( 'NONE',  ( -2.203664218633213157, -12.54551996149135462, 27.00000000000000000 ) ) ;
#4399 = FACE_OUTER_BOUND ( 'NONE', #7156, .T. ) ;
#4400 =( BOUNDED_CURVE ( )  B_SPLINE_CURVE ( 3, ( #343, #7160, #7044, #6597 ),
 .UNSPECIFIED., .F., .F. ) 
 B_SPLINE_CURVE_WITH_KNOTS ( ( 4, 4 ),
 ( 4.712388980384688786, 6.283185307179586232 ),
 .UNSPECIFIED. ) 
 CURVE ( )  GEOMETRIC_REPRESENTATION_ITEM ( )  RATIONAL_B_SPLINE_CURVE ( ( 1.000000000000000000, 0.8047378541243648264, 0.8047378541243648264, 1.000000000000000000 ) ) 
 REPRESENTATION_ITEM ( '' )  );
#4401 = CARTESIAN_POINT ( 'NONE',  ( -29.50000000000000355, 15.00000000000000355, 18.00000000000000000 ) ) ;
#4402 = ORIENTED_EDGE ( 'NONE', *, *, #3901, .T. ) ;
#4403 = LINE ( 'NONE', #3856, #742 ) ;
#4404 = DIRECTION ( 'NONE',  ( 1.000000000000000000, -0.000000000000000000, 0.000000000000000000 ) ) ;
#4405 = CARTESIAN_POINT ( 'NONE',  ( 31.11269837220809364, 31.11269837220809364, 0.9999999972688131678 ) ) ;
#4406 = CARTESIAN_POINT ( 'NONE',  ( -34.98473552558841249, 26.83955084308091088, 20.00000000000000000 ) ) ;
#4407 = CARTESIAN_POINT ( 'NONE',  ( -7.983239946176564682E-15, -43.45873412499999233, 4.062499998634407028 ) ) ;
#4408 = VECTOR ( 'NONE', #3658, 1000.000000000000114 ) ;
#4409 = EDGE_LOOP ( 'NONE', ( #1384, #6245, #3025, #3355 ) ) ;
#4410 = CARTESIAN_POINT ( 'NONE',  ( 30.72996560157071855, 30.72996560157071855, 2.687499998634407028 ) ) ;
#4411 = CARTESIAN_POINT ( 'NONE',  ( 25.48513234003811689, -37.12892590973791584, 9.448808058843834345 ) ) ;
#4412 = CYLINDRICAL_SURFACE ( 'NONE', #963, 44.00000000000000000 ) ;
#4413 = ORIENTED_EDGE ( 'NONE', *, *, #370, .T. ) ;
#4414 = DIRECTION ( 'NONE',  ( -1.000000000000000000, 0.000000000000000000, 0.000000000000000000 ) ) ;
#4415 = CARTESIAN_POINT ( 'NONE',  ( -9.550509016876969071, -6.332195547137960290, 27.00000000000000355 ) ) ;
#4416 = FACE_OUTER_BOUND ( 'NONE', #6121, .T. ) ;
#4417 = CARTESIAN_POINT ( 'NONE',  ( -9.005980305871339908, 8.929831382702097642, 26.52770472560091264 ) ) ;
#4418 = ORIENTED_EDGE ( 'NONE', *, *, #4876, .T. ) ;
#4419 = CARTESIAN_POINT ( 'NONE',  ( 24.23170429104973778, -36.72802691170916489, 12.53219754780415762 ) ) ;
#4420 = DIRECTION ( 'NONE',  ( 7.434529182757739478E-16, -1.000000000000000000, 0.000000000000000000 ) ) ;
#4421 = EDGE_LOOP ( 'NONE', ( #3316, #4784, #1822, #2321 ) ) ;
#4422 = CARTESIAN_POINT ( 'NONE',  ( -24.05202005986340552, -38.03470240598979757, 7.351543832479302765 ) ) ;
#4423 = EDGE_CURVE ( 'NONE', #3992, #6007, #5216, .T. ) ;
#4424 = DIRECTION ( 'NONE',  ( 0.5038710255240860247, 0.8637789008984335659, 0.000000000000000000 ) ) ;
#4425 = FACE_OUTER_BOUND ( 'NONE', #5111, .T. ) ;
#4426 = CARTESIAN_POINT ( 'NONE',  ( -21.42890720707011809, -39.57434571922556898, 7.145749315923730194 ) ) ;
#4427 = LINE ( 'NONE', #6104, #6998 ) ;
#4428 = ORIENTED_EDGE ( 'NONE', *, *, #4829, .F. ) ;
#4429 = CARTESIAN_POINT ( 'NONE',  ( 23.14292693780163290, -38.59355795964653879, 7.015589489428991854 ) ) ;
#4430 = EDGE_CURVE ( 'NONE', #1161, #2449, #2960, .T. ) ;
#4431 = ADVANCED_FACE ( 'NONE', ( #2339 ), #5723, .T. ) ;
#4432 = CYLINDRICAL_SURFACE ( 'NONE', #1902, 2.499999999999998668 ) ;
#4433 = CARTESIAN_POINT ( 'NONE',  ( -31.00000000000000355, 15.00000000000000000, 18.00000000000000000 ) ) ;
#4434 = ORIENTED_EDGE ( 'NONE', *, *, #1891, .T. ) ;
#4435 = DIRECTION ( 'NONE',  ( 1.239088197126290077E-16, 1.000000000000000000, -0.000000000000000000 ) ) ;
#4436 = CARTESIAN_POINT ( 'NONE',  ( -20.26208801847278096, -4.157640016594756460, 27.00000000000000355 ) ) ;
#4437 = CARTESIAN_POINT ( 'NONE',  ( 44.00000000000000000, 0.000000000000000000, 1.874999997268813390 ) ) ;
#4438 = CARTESIAN_POINT ( 'NONE',  ( 11.40843301440141566, 42.59273254217918492, 20.00000000000000355 ) ) ;
#4439 = CARTESIAN_POINT ( 'NONE',  ( -30.72996560157071499, 30.72996560157071855, 4.687499998634407028 ) ) ;
#4440 =( BOUNDED_SURFACE ( )  B_SPLINE_SURFACE ( 3, 2, ( 
 ( #2560, #4238, #5945 ),
 ( #958, #668, #2336 ),
 ( #4491, #6702, #6129 ),
 ( #2196, #5545, #4415 ),
 ( #2270, #2889, #1105 ),
 ( #3946, #5104, #6090 ),
 ( #4555, #3357, #6736 ),
 ( #112, #1613, #5071 ),
 ( #1726, #3830, #6621 ),
 ( #6160, #1143, #591 ),
 ( #1646, #2817, #6054 ),
 ( #82, #1067, #628 ),
 ( #3910, #5578, #8 ),
 ( #3325, #2307, #2855 ),
 ( #5032, #1215, #45 ),
 ( #3430, #1178, #558 ),
 ( #3285, #3867, #3979 ),
 ( #3391, #4966, #2781 ),
 ( #5508, #4997, #522 ),
 ( #2229, #7187, #4449 ),
 ( #5614, #6192, #6660 ),
 ( #4526, #2748, #1688 ),
 ( #5652, #1758, #5248 ),
 ( #4591, #4702, #256 ),
 ( #221, #6294, #6877 ),
 ( #2954, #2920, #2478 ),
 ( #5756, #5794, #1314 ),
 ( #731, #2442, #770 ),
 ( #6806, #6261, #3496 ),
 ( #3534, #5172, #6334 ),
 ( #6368, #2370, #1389 ),
 ( #1793, #4052, #3606 ),
 ( #1829, #5830, #5213 ),
 ( #5718, #1282, #2995 ),
 ( #840, #183, #2405 ),
 ( #3064, #4624, #5286 ),
 ( #4659, #6918, #1900 ),
 ( #294, #3030, #4124 ) ),
 .UNSPECIFIED., .F., .F., .F. ) 
 B_SPLINE_SURFACE_WITH_KNOTS ( ( 4, 2, 2, 2, 2, 2, 2, 2, 2, 2, 2, 2, 2, 2, 2, 2, 2, 2, 4 ),
 ( 3, 3 ),
 ( 0.005557502862660781105, 0.008198144922623450820, 0.009518465952604785243, 0.01083878698258611967, 0.01215910801256745409, 0.01281926852755812044, 0.01347942904254878851, 0.01413958955753945659, 0.01479975007253012294, 0.01545991058752078928, 0.01612007110251145736, 0.01678023161750212544, 0.01744039213249279352, 0.01810055264748346160, 0.01876071316247412621, 0.02008103419245545890, 0.02140135522243679506, 0.02404199728239946737, 0.02668263934236213622 ),
 ( 0.000000000000000000, 1.000000000000000000 ),
 .UNSPECIFIED. ) 
 GEOMETRIC_REPRESENTATION_ITEM ( )  RATIONAL_B_SPLINE_SURFACE ( (
 ( 1.000000000000000000, 0.7071067811865463515, 1.000000000000000000),
 ( 1.000000000000000000, 0.7071067811865463515, 1.000000000000000000),
 ( 1.000000000000000000, 0.7071067811865463515, 1.000000000000000000),
 ( 1.000000000000000000, 0.7071067811865463515, 1.000000000000000000),
 ( 1.000000000000000000, 0.7071067811865465735, 1.000000000000000000),
 ( 1.000000000000000000, 0.7071067811865465735, 1.000000000000000000),
 ( 1.000000000000000000, 0.7071067811865460184, 1.000000000000000000),
 ( 1.000000000000000000, 0.7071067811865460184, 1.000000000000000000),
 ( 1.000000000000000000, 0.7071067811865463515, 1.000000000000000000),
 ( 1.000000000000000000, 0.7071067811865463515, 1.000000000000000000),
 ( 1.000000000000000000, 0.7071067811865463515, 1.000000000000000000),
 ( 1.000000000000000000, 0.7071067811865463515, 1.000000000000000000),
 ( 1.000000000000000000, 0.7071067811865463515, 1.000000000000000000),
 ( 1.000000000000000000, 0.7071067811865463515, 1.000000000000000000),
 ( 1.000000000000000000, 0.7071067811865463515, 1.000000000000000000),
 ( 1.000000000000000000, 0.7071067811865463515, 1.000000000000000000),
 ( 1.000000000000000000, 0.7071067811865463515, 1.000000000000000000),
 ( 1.000000000000000000, 0.7071067811865463515, 1.000000000000000000),
 ( 1.000000000000000000, 0.7071067811865463515, 1.000000000000000000),
 ( 1.000000000000000000, 0.7071067811865463515, 1.000000000000000000),
 ( 1.000000000000000000, 0.7071067811865464625, 1.000000000000000000),
 ( 1.000000000000000000, 0.7071067811865464625, 1.000000000000000000),
 ( 1.000000000000000000, 0.7071067811865463515, 1.000000000000000000),
 ( 1.000000000000000000, 0.7071067811865463515, 1.000000000000000000),
 ( 1.000000000000000000, 0.7071067811865463515, 1.000000000000000000),
 ( 1.000000000000000000, 0.7071067811865463515, 1.000000000000000000),
 ( 1.000000000000000000, 0.7071067811865463515, 1.000000000000000000),
 ( 1.000000000000000000, 0.7071067811865463515, 1.000000000000000000),
 ( 1.000000000000000000, 0.7071067811865463515, 1.000000000000000000),
 ( 1.000000000000000000, 0.7071067811865463515, 1.000000000000000000),
 ( 1.000000000000000000, 0.7071067811865463515, 1.000000000000000000),
 ( 1.000000000000000000, 0.7071067811865463515, 1.000000000000000000),
 ( 1.000000000000000000, 0.7071067811865463515, 1.000000000000000000),
 ( 1.000000000000000000, 0.7071067811865463515, 1.000000000000000000),
 ( 1.000000000000000000, 0.7071067811865463515, 1.000000000000000000),
 ( 1.000000000000000000, 0.7071067811865463515, 1.000000000000000000),
 ( 1.000000000000000000, 0.7071067811865463515, 1.000000000000000000),
 ( 1.000000000000000000, 0.7071067811865463515, 1.000000000000000000) ) ) 
 REPRESENTATION_ITEM ( '' )  SURFACE ( )  );
#4441 = AXIS2_PLACEMENT_3D ( 'NONE', #2349, #6750, #1741 ) ;
#4442 = ORIENTED_EDGE ( 'NONE', *, *, #1192, .T. ) ;
#4443 = ORIENTED_EDGE ( 'NONE', *, *, #4300, .F. ) ;
#4444 = CARTESIAN_POINT ( 'NONE',  ( 23.99999999999998934, -9.759909745017589344, 26.00000000000000355 ) ) ;
#4445 = CARTESIAN_POINT ( 'NONE',  ( 25.26612483292383970, -35.35820892110088209, 8.821243140306645358 ) ) ;
#4446 = CARTESIAN_POINT ( 'NONE',  ( -17.00000000000001421, -21.74342645422166242, 26.00000000000000355 ) ) ;
#4447 = ORIENTED_EDGE ( 'NONE', *, *, #2837, .F. ) ;
#4448 = CARTESIAN_POINT ( 'NONE',  ( 19.60607377480443247, -39.85608375364257938, 10.81692872301120367 ) ) ;
#4449 = CARTESIAN_POINT ( 'NONE',  ( -3.537308529624463294, -9.310948538741348202, 27.00000000000000355 ) ) ;
#4450 = DIRECTION ( 'NONE',  ( 1.000000000000000000, 0.000000000000000000, 0.000000000000000000 ) ) ;
#4451 = CARTESIAN_POINT ( 'NONE',  ( 20.49999999999999645, -21.74342645422165177, 25.00000000000000000 ) ) ;
#4452 = ORIENTED_EDGE ( 'NONE', *, *, #242, .T. ) ;
#4453 = AXIS2_PLACEMENT_3D ( 'NONE', #3162, #2509, #320 ) ;
#4454 = CARTESIAN_POINT ( 'NONE',  ( 23.36868086671078260, -37.28197399131479273, 7.112026948823141126 ) ) ;
#4455 = CARTESIAN_POINT ( 'NONE',  ( 1.000000000000000222, -21.74342645422165887, 25.00000000000000000 ) ) ;
#4456 = VERTEX_POINT ( 'NONE', #3538 ) ;
#4457 = ORIENTED_EDGE ( 'NONE', *, *, #5312, .T. ) ;
#4458 = CARTESIAN_POINT ( 'NONE',  ( -22.88712174065720717, -38.74572786425947868, 6.976987873752903191 ) ) ;
#4459 = CARTESIAN_POINT ( 'NONE',  ( -18.00119707814144121, 43.45873412499999233, 1.874999998634406806 ) ) ;
#4460 = AXIS2_PLACEMENT_3D ( 'NONE', #3047, #4146, #313 ) ;
#4461 = AXIS2_PLACEMENT_3D ( 'NONE', #3132, #5347, #1385 ) ;
#4462 = LINE ( 'NONE', #2649, #4260 ) ;
#4463 = ADVANCED_FACE ( 'NONE', ( #1254 ), #1865, .T. ) ;
#4464 = PLANE ( 'NONE',  #4009 ) ;
#4465 = DIRECTION ( 'NONE',  ( -1.000000000000000000, 0.000000000000000000, 0.000000000000000000 ) ) ;
#4466 = CARTESIAN_POINT ( 'NONE',  ( 17.00000000000000000, -3.743426454221659760, 27.00000000000000355 ) ) ;
#4467 = VERTEX_POINT ( 'NONE', #6881 ) ;
#4468 = CARTESIAN_POINT ( 'NONE',  ( 19.57380625383544981, -39.87608012733218033, 9.305203849450691678 ) ) ;
#4469 = VECTOR ( 'NONE', #2900, 1000.000000000000000 ) ;
#4470 = CYLINDRICAL_SURFACE ( 'NONE', #6199, 3.000000000000000888 ) ;
#4471 = B_SPLINE_CURVE_WITH_KNOTS ( 'NONE', 3,
 ( #686, #4003, #716, #1199, #3414, #2353, #6790, #5233, #239, #1268 ),
 .UNSPECIFIED., .F., .F.,
 ( 4, 2, 2, 2, 4 ),
 ( 0.000000000000000000, 0.0004805780556179410851, 0.0009611561112358821702, 0.001441734166853823364, 0.001922312222471764340 ),
 .UNSPECIFIED. ) ;
#4472 = VECTOR ( 'NONE', #4475, 1000.000000000000000 ) ;
#4473 = EDGE_CURVE ( 'NONE', #3351, #4776, #909, .T. ) ;
#4474 = EDGE_CURVE ( 'NONE', #608, #952, #1905, .T. ) ;
#4475 = DIRECTION ( 'NONE',  ( -0.000000000000000000, -0.000000000000000000, -1.000000000000000000 ) ) ;
#4476 = ORIENTED_EDGE ( 'NONE', *, *, #502, .T. ) ;
#4477 = CARTESIAN_POINT ( 'NONE',  ( -21.37132713863861611, -39.60230198132902046, 6.326889096922480249 ) ) ;
#4478 = LINE ( 'NONE', #3787, #6427 ) ;
#4479 = VECTOR ( 'NONE', #1584, 1000.000000000000000 ) ;
#4480 = CARTESIAN_POINT ( 'NONE',  ( -8.874519237461878873, -7.413172463038945281, 26.00000000000001066 ) ) ;
#4481 = CARTESIAN_POINT ( 'NONE',  ( -43.45873412499999233, 5.322159964117709262E-15, 2.812499998634406584 ) ) ;
#4482 = EDGE_CURVE ( 'NONE', #2409, #1904, #1285, .T. ) ;
#4483 = AXIS2_PLACEMENT_3D ( 'NONE', #6999, #5440, #3728 ) ;
#4484 = ORIENTED_EDGE ( 'NONE', *, *, #2245, .F. ) ;
#4485 = ORIENTED_EDGE ( 'NONE', *, *, #3405, .F. ) ;
#4486 = CARTESIAN_POINT ( 'NONE',  ( 30.72996560157071144, -30.72996560157072565, 5.437499998634406140 ) ) ;
#4487 = CARTESIAN_POINT ( 'NONE',  ( 26.92750782650893626, -36.05447594857897542, 11.18872100202610653 ) ) ;
#4488 = DIRECTION ( 'NONE',  ( -0.000000000000000000, -0.000000000000000000, -1.000000000000000000 ) ) ;
#4489 = EDGE_LOOP ( 'NONE', ( #5572, #5478, #5030, #526 ) ) ;
#4490 = CARTESIAN_POINT ( 'NONE',  ( 21.01358984249824147, -38.92384145565031872, 12.61199115254998659 ) ) ;
#4491 = CARTESIAN_POINT ( 'NONE',  ( -10.90195332228689651, -7.233948347964438419, 26.00000000000000355 ) ) ;
#4493 = CYLINDRICAL_SURFACE ( 'NONE', #3415, 1.000000000000000888 ) ;
#4492 = AXIS2_PLACEMENT_3D ( 'NONE', #4159, #3638, #1494 ) ;
#4494 = ORIENTED_EDGE ( 'NONE', *, *, #3172, .F. ) ;
#4495 = DIRECTION ( 'NONE',  ( -0.000000000000000000, -0.000000000000000000, -1.000000000000000000 ) ) ;
#4496 = CARTESIAN_POINT ( 'NONE',  ( -12.80229455944036765, 7.468005159673533733, 27.00000000000000355 ) ) ;
#4497 = CIRCLE ( 'NONE', #73, 44.00000000000000000 ) ;
#4498 = LINE ( 'NONE', #6708, #2740 ) ;
#4499 = CARTESIAN_POINT ( 'NONE',  ( 23.99999999999999289, -15.74342645422166598, 27.00000000000000355 ) ) ;
#4500 = ORIENTED_EDGE ( 'NONE', *, *, #2561, .F. ) ;
#4501 = ORIENTED_EDGE ( 'NONE', *, *, #3723, .F. ) ;
#4502 = CARTESIAN_POINT ( 'NONE',  ( -24.54591421413097052, -37.72032337084338138, 7.698532156472682964 ) ) ;
#4503 = CARTESIAN_POINT ( 'NONE',  ( -43.45873412499999233, 18.00119707814145187, 2.999999998634406584 ) ) ;
#4504 =( NAMED_UNIT ( * ) SI_UNIT ( $, .STERADIAN. ) SOLID_ANGLE_UNIT ( ) );
#4505 = CARTESIAN_POINT ( 'NONE',  ( 11.50000000000000355, -3.743426454221663757, 27.00000000000000355 ) ) ;
#4506 = CARTESIAN_POINT ( 'NONE',  ( -19.95465734297211924, -39.63564956695025643, 8.399015381473494912 ) ) ;
#4507 = CARTESIAN_POINT ( 'NONE',  ( 0.000000000000000000, 0.000000000000000000, 27.00000000000000355 ) ) ;
#4508 = ORIENTED_EDGE ( 'NONE', *, *, #4081, .F. ) ;
#4509 = CARTESIAN_POINT ( 'NONE',  ( 21.70035067188157640, -38.42745651936650830, 7.102600838261228233 ) ) ;
#4510 = CARTESIAN_POINT ( 'NONE',  ( 18.22539674441619439, -43.99999999999999289, 2.812500000000000000 ) ) ;
#4511 = EDGE_CURVE ( 'NONE', #5098, #351, #5982, .T. ) ;
#4512 = LINE ( 'NONE', #1710, #4472 ) ;
#4513 = ORIENTED_EDGE ( 'NONE', *, *, #5008, .F. ) ;
#4514 = CARTESIAN_POINT ( 'NONE',  ( -21.13390046191940996, -39.72937281357237538, 6.436842849224837515 ) ) ;
#4515 = CARTESIAN_POINT ( 'NONE',  ( 43.45873412499998523, -18.00119707814146963, 1.499999998634406806 ) ) ;
#4516 = CARTESIAN_POINT ( 'NONE',  ( -7.983239946176564682E-15, -43.45873412499999233, 3.062499998634406140 ) ) ;
#4517 = EDGE_CURVE ( 'NONE', #216, #4310, #5399, .T. ) ;
#4518 = VERTEX_POINT ( 'NONE', #2373 ) ;
#4519 = VERTEX_POINT ( 'NONE', #5345 ) ;
#4520 = CARTESIAN_POINT ( 'NONE',  ( 18.00119707814144832, 43.45873412499999233, 4.749999998634407028 ) ) ;
#4521 = CARTESIAN_POINT ( 'NONE',  ( 25.50132213065634090, -35.12344886848193681, 10.05789950800001442 ) ) ;
#4522 = CARTESIAN_POINT ( 'NONE',  ( 43.99999999999999289, -18.22539674441621216, 1.812499997268813390 ) ) ;
#4523 = ORIENTED_EDGE ( 'NONE', *, *, #4250, .F. ) ;
#4524 = ADVANCED_FACE ( 'NONE', ( #2924 ), #735, .F. ) ;
#4525 = CARTESIAN_POINT ( 'NONE',  ( -44.00000000000000000, 0.000000000000000000, 15.00000000000000000 ) ) ;
#4526 = CARTESIAN_POINT ( 'NONE',  ( -4.500894543682049331, -9.856396915016603089, 26.00000000000000355 ) ) ;
#4527 = EDGE_CURVE ( 'NONE', #2884, #3685, #2999, .T. ) ;
#4528 = CARTESIAN_POINT ( 'NONE',  ( -14.99999999999999822, -3.743426454221665534, 26.00000000000000355 ) ) ;
#4529 = ORIENTED_EDGE ( 'NONE', *, *, #332, .T. ) ;
#4530 = CYLINDRICAL_SURFACE ( 'NONE', #3775, 44.00000000000000000 ) ;
#4531 = VERTEX_POINT ( 'NONE', #5137 ) ;
#4532 = CARTESIAN_POINT ( 'NONE',  ( 26.84465468539448807, -1.500000000000003331, 18.00000000000000000 ) ) ;
#4533 = CARTESIAN_POINT ( 'NONE',  ( -17.00000000000001421, -3.743426454221665534, 25.00000000000000000 ) ) ;
#4534 = ORIENTED_EDGE ( 'NONE', *, *, #4923, .T. ) ;
#4535 = ORIENTED_EDGE ( 'NONE', *, *, #6251, .T. ) ;
#4536 = CARTESIAN_POINT ( 'NONE',  ( -25.25120097650181350, -37.26490496889300630, 8.616085432639682296 ) ) ;
#4537 = DIRECTION ( 'NONE',  ( -1.000000000000000000, 1.224646799147354193E-16, 0.000000000000000000 ) ) ;
#4538 = CARTESIAN_POINT ( 'NONE',  ( 20.49999999999999289, -3.743426454221659316, 25.00000000000000000 ) ) ;
#4539 = FACE_OUTER_BOUND ( 'NONE', #6565, .T. ) ;
#4540 = FILL_AREA_STYLE ('',( #7203 ) ) ;
#4541 = VERTEX_POINT ( 'NONE', #1832 ) ;
#4542 = CARTESIAN_POINT ( 'NONE',  ( 18.95073087210315421, -40.81507648620060991, 9.493928841807733221 ) ) ;
#4543 = CARTESIAN_POINT ( 'NONE',  ( 26.84465468539448807, -1.500000000000003331, 23.00000000000000000 ) ) ;
#4544 = CARTESIAN_POINT ( 'NONE',  ( 43.45873412499999233, 0.000000000000000000, 5.312499998634407028 ) ) ;
#4545 = ORIENTED_EDGE ( 'NONE', *, *, #3183, .F. ) ;
#4546 = CARTESIAN_POINT ( 'NONE',  ( -11.50000000000000000, -4.743426454221657984, 27.00000000000000355 ) ) ;
#4547 = CARTESIAN_POINT ( 'NONE',  ( -8.082668874372530822E-15, -44.00000000000000000, 2.750000000000000000 ) ) ;
#4548 = EDGE_CURVE ( 'NONE', #127, #349, #3873, .T. ) ;
#4549 = VERTEX_POINT ( 'NONE', #3163 ) ;
#4550 = ORIENTED_EDGE ( 'NONE', *, *, #5398, .F. ) ;
#4551 = CARTESIAN_POINT ( 'NONE',  ( -44.00000000000000000, 5.388445916248353619E-15, 3.374999997268813612 ) ) ;
#4552 = LINE ( 'NONE', #4049, #4019 ) ;
#4553 = CARTESIAN_POINT ( 'NONE',  ( 2.661079982058854631E-15, 43.45873412499999233, 0.5624999986344066949 ) ) ;
#4554 = CARTESIAN_POINT ( 'NONE',  ( 22.50000000002245315, -37.81203512109589582, 6.999999999999991118 ) ) ;
#4555 = CARTESIAN_POINT ( 'NONE',  ( -8.001457370330395946, -7.571346214019129661, 26.00000000000000355 ) ) ;
#4556 = LINE ( 'NONE', #2337, #1095 ) ;
#4557 = EDGE_CURVE ( 'NONE', #4772, #5915, #1564, .T. ) ;
#4558 = EDGE_CURVE ( 'NONE', #1982, #2762, #3708, .T. ) ;
#4559 = DIRECTION ( 'NONE',  ( -0.000000000000000000, -0.000000000000000000, -1.000000000000000000 ) ) ;
#4560 = CARTESIAN_POINT ( 'NONE',  ( -2.602085213965214191E-15, 18.02030034307065876, 26.00000000000000355 ) ) ;
#4561 = CARTESIAN_POINT ( 'NONE',  ( 20.21807247387795670, -40.20304515382964894, 12.93432635899890570 ) ) ;
#4562 = VERTEX_POINT ( 'NONE', #6006 ) ;
#4563 = VECTOR ( 'NONE', #2716, 1000.000000000000000 ) ;
#4564 = CARTESIAN_POINT ( 'NONE',  ( -24.95569787501050030, -37.45530980305389335, 8.134066414023692460 ) ) ;
#4565 = CARTESIAN_POINT ( 'NONE',  ( 43.45873412499998523, -18.00119707814146963, 2.499999998634406584 ) ) ;
#4566 = SURFACE_STYLE_USAGE ( .BOTH. , #5592 ) ;
#4567 = CARTESIAN_POINT ( 'NONE',  ( -8.082668874372530822E-15, -44.00000000000000000, 0.7500000000000000000 ) ) ;
#4568 = DIRECTION ( 'NONE',  ( -0.000000000000000000, -0.000000000000000000, -1.000000000000000000 ) ) ;
#4569 = ORIENTED_EDGE ( 'NONE', *, *, #4338, .F. ) ;
#4570 = CARTESIAN_POINT ( 'NONE',  ( 18.93468588962823418, -40.82251521649092751, 9.637403189262780501 ) ) ;
#4571 = CARTESIAN_POINT ( 'NONE',  ( 21.84465468539448452, -2.638641928929985385E-15, 18.00000000000000000 ) ) ;
#4572 = AXIS2_PLACEMENT_3D ( 'NONE', #2845, #6079, #1091 ) ;
#4573 = LINE ( 'NONE', #1777, #3886 ) ;
#4574 = VECTOR ( 'NONE', #5658, 1000.000000000000114 ) ;
#4575 = AXIS2_PLACEMENT_3D ( 'NONE', #3358, #5105, #6662 ) ;
#4576 = LINE ( 'NONE', #6863, #3509 ) ;
#4577 = CARTESIAN_POINT ( 'NONE',  ( 7.990384747035712110, -9.759909745017587568, 25.00000000000000000 ) ) ;
#4578 = ORIENTED_EDGE ( 'NONE', *, *, #324, .T. ) ;
#4579 = CARTESIAN_POINT ( 'NONE',  ( -18.94950553651802494, -40.81569375557993595, 9.443955122602725183 ) ) ;
#4580 = CARTESIAN_POINT ( 'NONE',  ( -18.22539674441620505, -43.99999999999999289, 2.687500000000000888 ) ) ;
#4581 = AXIS2_PLACEMENT_3D ( 'NONE', #3214, #5429, #442 ) ;
#4582 =( BOUNDED_CURVE ( )  B_SPLINE_CURVE ( 3, ( #3311, #1059, #4369, #3278 ),
 .UNSPECIFIED., .F., .F. ) 
 B_SPLINE_CURVE_WITH_KNOTS ( ( 4, 4 ),
 ( 3.141592653589793116, 4.712388980384687898 ),
 .UNSPECIFIED. ) 
 CURVE ( )  GEOMETRIC_REPRESENTATION_ITEM ( )  RATIONAL_B_SPLINE_CURVE ( ( 1.000000000000000000, 0.8047378541243654926, 0.8047378541243654926, 1.000000000000000000 ) ) 
 REPRESENTATION_ITEM ( '' )  );
#4583 = VERTEX_POINT ( 'NONE', #2076 ) ;
#4584 = VERTEX_POINT ( 'NONE', #2107 ) ;
#4585 = CARTESIAN_POINT ( 'NONE',  ( -11.49999999999999645, -7.243426454221660649, 25.00000000000000000 ) ) ;
#4586 = AXIS2_PLACEMENT_3D ( 'NONE', #7092, #1017, #7019 ) ;
#4587 = DIRECTION ( 'NONE',  ( -0.000000000000000000, -0.000000000000000000, -1.000000000000000000 ) ) ;
#4588 = CARTESIAN_POINT ( 'NONE',  ( -30.72996560157072565, -30.72996560157071499, 2.937499998634406584 ) ) ;
#4589 = VECTOR ( 'NONE', #6339, 1000.000000000000000 ) ;
#4590 = CARTESIAN_POINT ( 'NONE',  ( -29.50000000000000000, -9.999999999999991118, 18.00000000000000000 ) ) ;
#4591 = CARTESIAN_POINT ( 'NONE',  ( -4.598366666589940976, -10.17498326821038468, 26.00000000000000355 ) ) ;
#4592 = FACE_OUTER_BOUND ( 'NONE', #2878, .T. ) ;
#4593 = EDGE_CURVE ( 'NONE', #5227, #2213, #4799, .T. ) ;
#4594 = VECTOR ( 'NONE', #1378, 1000.000000000000000 ) ;
#4595 = ORIENTED_EDGE ( 'NONE', *, *, #692, .F. ) ;
#4596 = CARTESIAN_POINT ( 'NONE',  ( -21.17660014115192624, -38.80833442587557158, 7.302699141608963274 ) ) ;
#4597 = EDGE_LOOP ( 'NONE', ( #6253, #6695, #6396, #6139 ) ) ;
#4598 = CARTESIAN_POINT ( 'NONE',  ( 2.500000000000003553, 10.00000000000000000, 23.00000000000000000 ) ) ;
#4599 = CARTESIAN_POINT ( 'NONE',  ( 23.41884695288855767, -38.42704585952007790, 6.012745703620468340 ) ) ;
#4600 = ORIENTED_EDGE ( 'NONE', *, *, #5095, .T. ) ;
#4601 = VECTOR ( 'NONE', #2149, 1000.000000000000114 ) ;
#4602 = CARTESIAN_POINT ( 'NONE',  ( -24.95513237652176386, -37.45567295862441171, 11.86696234713015130 ) ) ;
#4603 = CARTESIAN_POINT ( 'NONE',  ( 18.00119707814145187, 43.45873412499999233, 0.4999999986344065839 ) ) ;
#4604 = ADVANCED_FACE ( 'NONE', ( #504 ), #1526, .T. ) ;
#4605 = DIRECTION ( 'NONE',  ( -0.000000000000000000, -0.000000000000000000, -1.000000000000000000 ) ) ;
#4606 = CYLINDRICAL_SURFACE ( 'NONE', #752, 1.000000000000000000 ) ;
#4607 = CARTESIAN_POINT ( 'NONE',  ( -1.959024427027639570, -12.28858626012515209, 26.00000000000000711 ) ) ;
#4608 = CARTESIAN_POINT ( 'NONE',  ( -20.50000000000001421, -21.74342645422166953, 27.00000000000000355 ) ) ;
#4609 = ORIENTED_EDGE ( 'NONE', *, *, #1315, .F. ) ;
#4610 = CARTESIAN_POINT ( 'NONE',  ( 19.56469524009459704, -40.52923988544793588, 10.63319024330890983 ) ) ;
#4611 = CARTESIAN_POINT ( 'NONE',  ( -13.99999999999999822, -20.74342645422166242, 27.00000000000000355 ) ) ;
#4612 = CARTESIAN_POINT ( 'NONE',  ( 43.99999999999999289, -18.22539674441621216, 4.937500000000000888 ) ) ;
#4613 = CARTESIAN_POINT ( 'NONE',  ( -3.497860377849058011, -9.541537290172673380, 27.00000000000000355 ) ) ;
#4614 = CARTESIAN_POINT ( 'NONE',  ( -17.00000000000001421, -3.743426454221665534, 26.00000000000000355 ) ) ;
#4615 = DIRECTION ( 'NONE',  ( -0.000000000000000000, -0.000000000000000000, 1.000000000000000000 ) ) ;
#4616 = EDGE_LOOP ( 'NONE', ( #2171, #6433, #6926, #5459 ) ) ;
#4617 = CARTESIAN_POINT ( 'NONE',  ( -2.136210860413493506, -10.56499042605757488, 27.00000000000000355 ) ) ;
#4618 = CARTESIAN_POINT ( 'NONE',  ( -8.082668874372530822E-15, -44.00000000000000000, 1.750000000000000000 ) ) ;
#4619 = EDGE_LOOP ( 'NONE', ( #3207, #625, #6760, #3327 ) ) ;
#4620 = CARTESIAN_POINT ( 'NONE',  ( -11.49999999999999822, -20.74342645422166242, 27.00000000000000355 ) ) ;
#4621 = LINE ( 'NONE', #1860, #4948 ) ;
#4622 = CARTESIAN_POINT ( 'NONE',  ( 43.45873412499998523, -18.00119707814146963, 2.249999998634406584 ) ) ;
#4623 = DIRECTION ( 'NONE',  ( -0.000000000000000000, -0.000000000000000000, -1.000000000000000000 ) ) ;
#4624 = CARTESIAN_POINT ( 'NONE',  ( -10.89738291570224860, -12.25253238539933776, 27.00000000000000000 ) ) ;
#4625 = CARTESIAN_POINT ( 'NONE',  ( -21.64407403260338825, -38.46907250517833887, 7.119040936942665709 ) ) ;
#4626 =( BOUNDED_CURVE ( )  B_SPLINE_CURVE ( 3, ( #3806, #1517, #3697, #3732 ),
 .UNSPECIFIED., .F., .F. ) 
 B_SPLINE_CURVE_WITH_KNOTS ( ( 4, 4 ),
 ( 4.712388980384690562, 6.283185307179586232 ),
 .UNSPECIFIED. ) 
 CURVE ( )  GEOMETRIC_REPRESENTATION_ITEM ( )  RATIONAL_B_SPLINE_CURVE ( ( 1.000000000000000000, 0.8047378541243652705, 0.8047378541243652705, 1.000000000000000000 ) ) 
 REPRESENTATION_ITEM ( '' )  );
#4627 = VERTEX_POINT ( 'NONE', #3242 ) ;
#4628 = CARTESIAN_POINT ( 'NONE',  ( 0.000000000000000000, 0.000000000000000000, 23.00000000000000000 ) ) ;
#4629 = ORIENTED_EDGE ( 'NONE', *, *, #2164, .F. ) ;
#4630 = CARTESIAN_POINT ( 'NONE',  ( -10.12915091291606196, 7.264508708850342167, 27.00000000000000000 ) ) ;
#4631 = CARTESIAN_POINT ( 'NONE',  ( 17.41421356237310292, -21.32921289184856306, 27.00000000000000355 ) ) ;
#4632 = VERTEX_POINT ( 'NONE', #6608 ) ;
#4633 = CARTESIAN_POINT ( 'NONE',  ( -25.50012667292601520, -37.13130044549482989, 10.10303608299687461 ) ) ;
#4634 = CARTESIAN_POINT ( 'NONE',  ( -18.00119707814146608, -43.45873412499998523, 0.9999999986344065839 ) ) ;
#4635 = CARTESIAN_POINT ( 'NONE',  ( 4.000000000000000000, -9.999999999999998224, 23.00000000000000000 ) ) ;
#4636 = EDGE_CURVE ( 'NONE', #4706, #2643, #3742, .T. ) ;
#4637 = PLANE ( 'NONE',  #2971 ) ;
#4638 = DIRECTION ( 'NONE',  ( -1.000000000000000000, 0.000000000000000000, 0.000000000000000000 ) ) ;
#4639 = ORIENTED_EDGE ( 'NONE', *, *, #6038, .T. ) ;
#4640 = CARTESIAN_POINT ( 'NONE',  ( 21.18288143895673414, -39.70487793178379832, 12.72230372508781571 ) ) ;
#4641 = DIRECTION ( 'NONE',  ( 0.5038710255240860247, 0.8637789008984334549, 0.000000000000000000 ) ) ;
#4642 = CARTESIAN_POINT ( 'NONE',  ( -8.082668874372530822E-15, -44.00000000000000000, 5.624999997268813168 ) ) ;
#4643 = CARTESIAN_POINT ( 'NONE',  ( 44.00000000000000000, 5.388445916248353619E-15, 15.00000000000000000 ) ) ;
#4644 = ADVANCED_FACE ( 'NONE', ( #3782 ), #2146, .F. ) ;
#4645 = CARTESIAN_POINT ( 'NONE',  ( -3.800338354121342910, -10.80468856687909529, 27.00000000000000711 ) ) ;
#4646 = EDGE_CURVE ( 'NONE', #5434, #2944, #2660, .T. ) ;
#4647 = CARTESIAN_POINT ( 'NONE',  ( 25.56361556733650175, -37.03464165629672067, 13.13586380225602213 ) ) ;
#4648 = FACE_OUTER_BOUND ( 'NONE', #650, .T. ) ;
#4649 = VERTEX_POINT ( 'NONE', #4325 ) ;
#4650 = CARTESIAN_POINT ( 'NONE',  ( -2.401091189717636798, -8.347762406535750301, 27.00000000000000355 ) ) ;
#4651 = ORIENTED_EDGE ( 'NONE', *, *, #3142, .F. ) ;
#4652 = EDGE_LOOP ( 'NONE', ( #5203, #3567, #3072, #1397 ) ) ;
#4653 = CARTESIAN_POINT ( 'NONE',  ( 43.99999999999999289, -18.22539674441620861, 0.9374999999999998890 ) ) ;
#4654 = EDGE_LOOP ( 'NONE', ( #5342, #5576, #6704, #5181 ) ) ;
#4655 = LINE ( 'NONE', #1457, #1088 ) ;
#4656 = CARTESIAN_POINT ( 'NONE',  ( 6.250000000000000000, -12.74342645422166242, 25.99999999999999645 ) ) ;
#4657 = CARTESIAN_POINT ( 'NONE',  ( -43.45873412499999233, 5.322159964117709262E-15, 3.812499998634406584 ) ) ;
#4658 = DIRECTION ( 'NONE',  ( -0.000000000000000000, -0.000000000000000000, 1.000000000000000000 ) ) ;
#4659 = CARTESIAN_POINT ( 'NONE',  ( -11.74205496384101366, -12.25974779298495676, 26.00000000000000355 ) ) ;
#4660 = DIRECTION ( 'NONE',  ( 0.000000000000000000, 0.000000000000000000, 1.000000000000000000 ) ) ;
#4661 = APPLICATION_CONTEXT ( 'automotive_design' ) ;
#4662 = VERTEX_POINT ( 'NONE', #7172 ) ;
#4663 = DIRECTION ( 'NONE',  ( 7.434529182757741450E-16, -1.000000000000000000, 0.000000000000000000 ) ) ;
#4664 = CARTESIAN_POINT ( 'NONE',  ( 28.34465468539448807, 9.999999999999998224, 23.00000000000000000 ) ) ;
#4665 = DIRECTION ( 'NONE',  ( 0.000000000000000000, 1.000000000000000000, 0.000000000000000000 ) ) ;
#4666 = CARTESIAN_POINT ( 'NONE',  ( 19.53144671005319566, -40.54047411653728972, 7.892601023578256658 ) ) ;
#4667 = ORIENTED_EDGE ( 'NONE', *, *, #5591, .F. ) ;
#4668 = CARTESIAN_POINT ( 'NONE',  ( -25.47231128323941718, -35.15260522201555915, 10.42038061149999528 ) ) ;
#4669 = CARTESIAN_POINT ( 'NONE',  ( 18.00119707814145187, 43.45873412499999233, 1.499999998634406806 ) ) ;
#4670 =( BOUNDED_CURVE ( )  B_SPLINE_CURVE ( 3, ( #4237, #2674, #409, #2635 ),
 .UNSPECIFIED., .F., .F. ) 
 B_SPLINE_CURVE_WITH_KNOTS ( ( 4, 4 ),
 ( 3.141592653589793116, 4.712388980384690562 ),
 .UNSPECIFIED. ) 
 CURVE ( )  GEOMETRIC_REPRESENTATION_ITEM ( )  RATIONAL_B_SPLINE_CURVE ( ( 1.000000000000000000, 0.8047378541243648264, 0.8047378541243648264, 1.000000000000000000 ) ) 
 REPRESENTATION_ITEM ( '' )  );
#4671 = CARTESIAN_POINT ( 'NONE',  ( -24.00000000000002132, -10.56548912778432658, 27.00000000000000355 ) ) ;
#4672 = AXIS2_PLACEMENT_3D ( 'NONE', #5226, #5151, #2387 ) ;
#4673 = FACE_BOUND ( 'NONE', #6933, .T. ) ;
#4674 = LINE ( 'NONE', #5775, #2938 ) ;
#4675 = ORIENTED_EDGE ( 'NONE', *, *, #4081, .T. ) ;
#4676 = CARTESIAN_POINT ( 'NONE',  ( 22.20980824041440016, -39.13841139079472953, 13.02384531493211028 ) ) ;
#4677 = DIRECTION ( 'NONE',  ( 1.000000000000000000, 0.000000000000000000, 0.000000000000000000 ) ) ;
#4678 = CARTESIAN_POINT ( 'NONE',  ( 30.72996560157071855, 30.72996560157071855, 2.687499998634407028 ) ) ;
#4679 = DIRECTION ( 'NONE',  ( -0.000000000000000000, -0.000000000000000000, -1.000000000000000000 ) ) ;
#4680 = AXIS2_PLACEMENT_3D ( 'NONE', #674, #3398, #2894 ) ;
#4681 = ADVANCED_FACE ( 'NONE', ( #1054 ), #2183, .T. ) ;
#4682 = CARTESIAN_POINT ( 'NONE',  ( -6.913247026642491022, -12.68202528337493540, 27.00000000000000355 ) ) ;
#4683 = DIRECTION ( 'NONE',  ( 0.5038710255240866909, -0.8637789008984331218, 0.000000000000000000 ) ) ;
#4684 = CYLINDRICAL_SURFACE ( 'NONE', #4818, 4.099999999999999645 ) ;
#4685 = ORIENTED_EDGE ( 'NONE', *, *, #3889, .F. ) ;
#4686 = CARTESIAN_POINT ( 'NONE',  ( -6.526100093398108370, -5.499202533266045911, 27.00000000000000355 ) ) ;
#4687 = VECTOR ( 'NONE', #4017, 1000.000000000000000 ) ;
#4688 = ORIENTED_EDGE ( 'NONE', *, *, #4391, .F. ) ;
#4689 = ORIENTED_EDGE ( 'NONE', *, *, #561, .T. ) ;
#4690 = CARTESIAN_POINT ( 'NONE',  ( 31.11269837220809364, 31.11269837220809364, 2.125000000000000000 ) ) ;
#4691 = EDGE_CURVE ( 'NONE', #2930, #216, #5458, .T. ) ;
#4692 = EDGE_CURVE ( 'NONE', #5079, #2311, #3148, .T. ) ;
#4693 = VECTOR ( 'NONE', #5870, 1000.000000000000000 ) ;
#4694 = ORIENTED_EDGE ( 'NONE', *, *, #240, .T. ) ;
#4695 = ORIENTED_EDGE ( 'NONE', *, *, #3264, .F. ) ;
#4696 = CARTESIAN_POINT ( 'NONE',  ( 9.261732908693996791, 8.146080946764332253, 27.00000000000000711 ) ) ;
#4697 = LINE ( 'NONE', #3569, #5643 ) ;
#4698 = CARTESIAN_POINT ( 'NONE',  ( 18.00119707814144832, 43.45873412499999233, 2.499999998634406584 ) ) ;
#4699 = TOROIDAL_SURFACE ( 'NONE', #5164, 1.121320343559648824, 1.000000000000000000 ) ;
#4700 = FACE_OUTER_BOUND ( 'NONE', #3036, .T. ) ;
#4701 = ADVANCED_FACE ( 'NONE', ( #688 ), #3484, .T. ) ;
#4702 = CARTESIAN_POINT ( 'NONE',  ( -4.598366666508002965, -10.17498326824038202, 27.00000000000000000 ) ) ;
#4703 = CARTESIAN_POINT ( 'NONE',  ( 3.635020256704828423, -4.245233233459466682, 26.99999999999999645 ) ) ;
#4704 = EDGE_CURVE ( 'NONE', #445, #3892, #5639, .T. ) ;
#4705 = AXIS2_PLACEMENT_3D ( 'NONE', #4628, #3433, #6298 ) ;
#4706 = VERTEX_POINT ( 'NONE', #4577 ) ;
#4707 = DIRECTION ( 'NONE',  ( -0.000000000000000000, -0.000000000000000000, -1.000000000000000000 ) ) ;
#4708 = CARTESIAN_POINT ( 'NONE',  ( -9.994693298868400078, 7.299059379510839385, 27.00000000000000355 ) ) ;
#4709 = CARTESIAN_POINT ( 'NONE',  ( 19.24650133192954016, -40.67669680863755843, 11.58992131464161623 ) ) ;
#4710 = VERTEX_POINT ( 'NONE', #7207 ) ;
#4711 = CARTESIAN_POINT ( 'NONE',  ( -25.49999768102050268, -37.13193274923317944, 10.04956784157335115 ) ) ;
#4712 = CARTESIAN_POINT ( 'NONE',  ( -43.45873412499999944, -18.00119707814143410, 5.124999998634405252 ) ) ;
#4713 = VECTOR ( 'NONE', #190, 1000.000000000000000 ) ;
#4714 = APPLICATION_CONTEXT ( 'automotive_design' ) ;
#4715 = CARTESIAN_POINT ( 'NONE',  ( 8.844654685394491622, 26.50000000000000355, 23.00000000000000000 ) ) ;
#4716 = CARTESIAN_POINT ( 'NONE',  ( 17.00000000000000000, -3.743426454221659760, 26.00000000000000355 ) ) ;
#4717 = FACE_OUTER_BOUND ( 'NONE', #505, .T. ) ;
#4718 = EDGE_LOOP ( 'NONE', ( #4513, #1146, #2071, #5810 ) ) ;
#4719 = LINE ( 'NONE', #6934, #6850 ) ;
#4720 = FACE_OUTER_BOUND ( 'NONE', #4489, .T. ) ;
#4721 = CARTESIAN_POINT ( 'NONE',  ( 18.22539674441618374, 44.00000000000000000, 5.062499997268813168 ) ) ;
#4722 = PLANE ( 'NONE',  #2252 ) ;
#4723 = AXIS2_PLACEMENT_3D ( 'NONE', #220, #4658, #3640 ) ;
#4724 = PLANE ( 'NONE',  #3869 ) ;
#4725 = CARTESIAN_POINT ( 'NONE',  ( 26.37565285945211713, -36.46047746156470026, 7.709489177045468544 ) ) ;
#4726 = DIRECTION ( 'NONE',  ( -0.000000000000000000, 0.000000000000000000, 1.000000000000000000 ) ) ;
#4727 = VERTEX_POINT ( 'NONE', #132 ) ;
#4728 = CARTESIAN_POINT ( 'NONE',  ( -1.380354684864429693, -8.135809944490427270, 27.00000000000000000 ) ) ;
#4729 = EDGE_CURVE ( 'NONE', #4456, #2804, #4512, .T. ) ;
#4730 = ORIENTED_EDGE ( 'NONE', *, *, #2658, .T. ) ;
#4731 = CARTESIAN_POINT ( 'NONE',  ( 17.00000000000000000, -3.743426454221659760, 25.00000000000000000 ) ) ;
#4732 = VERTEX_POINT ( 'NONE', #6794 ) ;
#4733 = CARTESIAN_POINT ( 'NONE',  ( 22.21690559677782772, -38.03420743616207034, 12.98716647652153888 ) ) ;
#4734 = EDGE_CURVE ( 'NONE', #6842, #4531, #2877, .T. ) ;
#4735 = CARTESIAN_POINT ( 'NONE',  ( -31.00000000000000711, -3.743426454221668198, 25.00000000000000000 ) ) ;
#4736 = FACE_OUTER_BOUND ( 'NONE', #5542, .T. ) ;
#4737 = CARTESIAN_POINT ( 'NONE',  ( -5.169468406739082589, -8.671387433432848013, 25.99999999999999645 ) ) ;
#4738 = LINE ( 'NONE', #1422, #5381 ) ;
#4739 = DIRECTION ( 'NONE',  ( -0.000000000000000000, -0.000000000000000000, -1.000000000000000000 ) ) ;
#4740 = EDGE_LOOP ( 'NONE', ( #799, #2268, #1998, #2821 ) ) ;
#4741 = CARTESIAN_POINT ( 'NONE',  ( 9.499999999999998224, -14.99999999999999822, 23.00000000000000000 ) ) ;
#4742 = EDGE_CURVE ( 'NONE', #351, #3519, #1745, .T. ) ;
#4743 = ORIENTED_EDGE ( 'NONE', *, *, #2328, .T. ) ;
#4744 = ADVANCED_FACE ( 'NONE', ( #6252 ), #2292, .F. ) ;
#4745 = CARTESIAN_POINT ( 'NONE',  ( 23.54531800726659441, -38.35288883603239185, 13.99561811269240685 ) ) ;
#4746 = FACE_OUTER_BOUND ( 'NONE', #6359, .T. ) ;
#4747 = ORIENTED_EDGE ( 'NONE', *, *, #6955, .T. ) ;
#4748 = CARTESIAN_POINT ( 'NONE',  ( 43.45873412499998523, -18.00119707814146963, 4.499999998634407028 ) ) ;
#4749 = CARTESIAN_POINT ( 'NONE',  ( 11.00182769530220028, 6.949538567781216258, 26.30836187824676031 ) ) ;
#4750 = CARTESIAN_POINT ( 'NONE',  ( -1.033579271171461089, -10.29409992806080432, 26.00000000000000355 ) ) ;
#4751 = CARTESIAN_POINT ( 'NONE',  ( 27.49999999999998579, -21.74342645422165532, 26.00000000000000355 ) ) ;
#4752 = ORIENTED_EDGE ( 'NONE', *, *, #3852, .F. ) ;
#4753 = CARTESIAN_POINT ( 'NONE',  ( -21.07234166432904132, -38.62790286365370918, 12.66471395785551302 ) ) ;
#4754 = CARTESIAN_POINT ( 'NONE',  ( 15.00000000000000178, -3.743426454221663313, 25.99999999999999645 ) ) ;
#4755 = CARTESIAN_POINT ( 'NONE',  ( -18.00119707814146608, -43.45873412499998523, 2.249999998634407028 ) ) ;
#4756 = DIRECTION ( 'NONE',  ( 1.000000000000000000, 0.000000000000000000, 0.000000000000000000 ) ) ;
#4757 = CARTESIAN_POINT ( 'NONE',  ( 1.000000000000000444, -3.743426454221663757, 25.00000000000000000 ) ) ;
#4758 = CARTESIAN_POINT ( 'NONE',  ( 24.13751486988350692, -37.97968747911873066, 6.147020355378200129 ) ) ;
#4759 = CARTESIAN_POINT ( 'NONE',  ( -0.9999999999688455876, -13.25814507996681613, 26.00000000000001066 ) ) ;
#4760 = EDGE_LOOP ( 'NONE', ( #4743, #5310, #5250, #2300 ) ) ;
#4761 = CARTESIAN_POINT ( 'NONE',  ( -3.784009864894996245, -6.859325859850998519, 27.00000000000000355 ) ) ;
#4762 = ORIENTED_EDGE ( 'NONE', *, *, #2515, .T. ) ;
#4763 = DIRECTION ( 'NONE',  ( -1.000000000000000000, 2.616114634628809171E-16, 0.000000000000000000 ) ) ;
#4764 = ORIENTED_EDGE ( 'NONE', *, *, #104, .T. ) ;
#4765 = DIRECTION ( 'NONE',  ( -0.000000000000000000, -0.000000000000000000, -1.000000000000000000 ) ) ;
#4766 = CARTESIAN_POINT ( 'NONE',  ( 8.844654685394491622, 26.50000000000000355, 18.00000000000000000 ) ) ;
#4767 = CYLINDRICAL_SURFACE ( 'NONE', #2361, 1.000000000000000000 ) ;
#4768 = DIRECTION ( 'NONE',  ( 0.5038710255240862468, 0.8637789008984333439, 0.000000000000000000 ) ) ;
#4769 = LINE ( 'NONE', #6510, #1554 ) ;
#4770 = CYLINDRICAL_SURFACE ( 'NONE', #6317, 1.000000000000000000 ) ;
#4771 = EDGE_CURVE ( 'NONE', #5041, #6979, #5563, .T. ) ;
#4772 = VERTEX_POINT ( 'NONE', #67 ) ;
#4773 = FACE_OUTER_BOUND ( 'NONE', #6052, .T. ) ;
#4774 = CARTESIAN_POINT ( 'NONE',  ( 24.21125895620986057, -37.93611218812041841, 12.58011740078252139 ) ) ;
#4775 = CARTESIAN_POINT ( 'NONE',  ( -22.25000000000001421, -12.74342645422166598, 27.00000000000000355 ) ) ;
#4776 = VERTEX_POINT ( 'NONE', #656 ) ;
#4777 = DIRECTION ( 'NONE',  ( 1.000000000000000000, 0.000000000000000000, -0.000000000000000000 ) ) ;
#4778 = CARTESIAN_POINT ( 'NONE',  ( -18.00119707814144121, 43.45873412499999233, 2.624999998634406140 ) ) ;
#4779 = ADVANCED_FACE ( 'NONE', ( #5675 ), #2215, .T. ) ;
#4780 = ADVANCED_FACE ( 'NONE', ( #577 ), #3966, .F. ) ;
#4781 = PRODUCT_CONTEXT ( 'NONE', #4661, 'mechanical' ) ;
#4782 = LINE ( 'NONE', #4240, #5054 ) ;
#4783 = CARTESIAN_POINT ( 'NONE',  ( 10.42908471336774490, 7.170215695577869752, 26.94374771493064813 ) ) ;
#4784 = ORIENTED_EDGE ( 'NONE', *, *, #6559, .F. ) ;
#4785 = DIRECTION ( 'NONE',  ( -0.000000000000000000, -0.000000000000000000, -1.000000000000000000 ) ) ;
#4786 = DIRECTION ( 'NONE',  ( -0.8637789008984340100, -0.5038710255240853586, 0.000000000000000000 ) ) ;
#4787 = CARTESIAN_POINT ( 'NONE',  ( 30.72996560157071144, -30.72996560157072565, 4.437499998634407028 ) ) ;
#4788 = CARTESIAN_POINT ( 'NONE',  ( -44.00000000000006395, 18.22539674441612334, 3.437500000000000888 ) ) ;
#4789 = VECTOR ( 'NONE', #7155, 1000.000000000000000 ) ;
#4790 = CARTESIAN_POINT ( 'NONE',  ( 11.40843301440142987, -42.59273254217917071, 20.00000000000000000 ) ) ;
#4791 = CARTESIAN_POINT ( 'NONE',  ( -23.50313606178720605, -38.37771960997043408, 12.91427991693798916 ) ) ;
#4792 = CARTESIAN_POINT ( 'NONE',  ( 20.59817433209328996, -38.88112715247559947, 7.671391635796093844 ) ) ;
#4793 = ORIENTED_EDGE ( 'NONE', *, *, #2948, .T. ) ;
#4794 = CARTESIAN_POINT ( 'NONE',  ( -1.385095044323001234, -11.36064680626580348, 26.00000000000000355 ) ) ;
#4795 = ORIENTED_EDGE ( 'NONE', *, *, #5530, .T. ) ;
#4796 = VECTOR ( 'NONE', #4200, 1000.000000000000000 ) ;
#4797 = DIRECTION ( 'NONE',  ( 1.000000000000000000, 1.239088197126293529E-16, 0.000000000000000000 ) ) ;
#4798 = AXIS2_PLACEMENT_3D ( 'NONE', #118, #7194, #6627 ) ;
#4799 = LINE ( 'NONE', #4292, #2037 ) ;
#4800 = EDGE_LOOP ( 'NONE', ( #7153, #4035, #7109, #5423 ) ) ;
#4801 = DIRECTION ( 'NONE',  ( -0.000000000000000000, -0.000000000000000000, -1.000000000000000000 ) ) ;
#4802 = FACE_OUTER_BOUND ( 'NONE', #3956, .T. ) ;
#4803 = CARTESIAN_POINT ( 'NONE',  ( -22.25000000000001421, -12.74342645422166953, 26.00000000000000355 ) ) ;
#4804 = CARTESIAN_POINT ( 'NONE',  ( -10.18797380155243104, -12.21094846250555399, 26.00000000000001066 ) ) ;
#4805 = CARTESIAN_POINT ( 'NONE',  ( -12.38598120137483782, -13.11046355733800084, 27.00000000000000711 ) ) ;
#4806 = CARTESIAN_POINT ( 'NONE',  ( -25.75000000000002132, -12.74342645422165354, 26.58578643762690774 ) ) ;
#4807 = AXIS2_PLACEMENT_3D ( 'NONE', #359, #6401, #477 ) ;
#4808 = VECTOR ( 'NONE', #1089, 1000.000000000000000 ) ;
#4809 = VERTEX_POINT ( 'NONE', #1819 ) ;
#4810 = FACE_BOUND ( 'NONE', #385, .T. ) ;
#4811 = AXIS2_PLACEMENT_3D ( 'NONE', #2626, #6547, #5352 ) ;
#4812 = DIRECTION ( 'NONE',  ( -0.000000000000000000, -0.000000000000000000, 1.000000000000000000 ) ) ;
#4813 = CARTESIAN_POINT ( 'NONE',  ( -26.83946020096437834, -36.11989291294665350, 8.582491366759935403 ) ) ;
#4814 = ORIENTED_EDGE ( 'NONE', *, *, #7102, .T. ) ;
#4815 = LINE ( 'NONE', #7034, #1124 ) ;
#4816 = CARTESIAN_POINT ( 'NONE',  ( -30.72996560157072565, -30.72996560157071499, 3.937499998634406584 ) ) ;
#4817 = EDGE_CURVE ( 'NONE', #6555, #6518, #101, .T. ) ;
#4818 = AXIS2_PLACEMENT_3D ( 'NONE', #5271, #3089, #4217 ) ;
#4819 = EDGE_CURVE ( 'NONE', #3090, #6352, #6217, .T. ) ;
#4820 = CARTESIAN_POINT ( 'NONE',  ( 30.99999999999998934, -3.743426454221657540, 25.00000000000000000 ) ) ;
#4821 = DIRECTION ( 'NONE',  ( -0.5454125016832265249, -0.8381677654310289993, 0.000000000000000000 ) ) ;
#4822 = DIRECTION ( 'NONE',  ( 1.000000000000000000, 1.445602896647339163E-16, 0.000000000000000000 ) ) ;
#4823 = ORIENTED_EDGE ( 'NONE', *, *, #2425, .T. ) ;
#4824 = CARTESIAN_POINT ( 'NONE',  ( -22.50000000000000000, -37.81203512110926113, 13.00000000000000355 ) ) ;
#4825 = UNCERTAINTY_MEASURE_WITH_UNIT (LENGTH_MEASURE( 1.000000000000000082E-05 ), #5697, 'distance_accuracy_value', 'NONE');
#4826 = CIRCLE ( 'NONE', #643, 14.62771242792461379 ) ;
#4827 = LINE ( 'NONE', #2718, #2508 ) ;
#4828 = CARTESIAN_POINT ( 'NONE',  ( -43.45873412499999233, 5.322159964117709262E-15, 5.062499998634407916 ) ) ;
#4829 = EDGE_CURVE ( 'NONE', #551, #5041, #3454, .T. ) ;
#4830 = AXIS2_PLACEMENT_3D ( 'NONE', #7029, #4166, #331 ) ;
#4831 = CARTESIAN_POINT ( 'NONE',  ( -1.645077159862210481, -7.658693186653471763, 26.00000000000001421 ) ) ;
#4832 = CIRCLE ( 'NONE', #5185, 2.499999999999998668 ) ;
#4833 = CARTESIAN_POINT ( 'NONE',  ( -44.00000000000000000, -5.388445916248353619E-15, 20.00000000000000000 ) ) ;
#4834 = CARTESIAN_POINT ( 'NONE',  ( -22.68378004272081583, -38.86716033799004322, 13.05844983795064351 ) ) ;
#4835 = DIRECTION ( 'NONE',  ( -1.000000000000000000, 0.000000000000000000, 0.000000000000000000 ) ) ;
#4836 = EDGE_LOOP ( 'NONE', ( #3833, #5466, #4695, #3152 ) ) ;
#4837 = CARTESIAN_POINT ( 'NONE',  ( -11.62834229714821355, -14.75037738669213461, 27.00000000000000355 ) ) ;
#4838 = EDGE_CURVE ( 'NONE', #5262, #6499, #29, .T. ) ;
#4839 = EDGE_CURVE ( 'NONE', #187, #2364, #6684, .T. ) ;
#4840 = VECTOR ( 'NONE', #821, 1000.000000000000000 ) ;
#4841 = CARTESIAN_POINT ( 'NONE',  ( 2.694222958124176809E-15, 44.00000000000000000, 4.250000000000000000 ) ) ;
#4842 = CARTESIAN_POINT ( 'NONE',  ( -20.20793978441530570, -39.47177990972452477, 11.96847048257727586 ) ) ;
#4843 = VERTEX_POINT ( 'NONE', #5599 ) ;
#4844 = CARTESIAN_POINT ( 'NONE',  ( -24.64068599404302518, -36.45352196039819859, 7.785208316663599248 ) ) ;
#4845 = PLANE ( 'NONE',  #4492 ) ;
#4846 = FACE_OUTER_BOUND ( 'NONE', #5571, .T. ) ;
#4847 = DIRECTION ( 'NONE',  ( 0.8637789008984333439, -0.5038710255240862468, 0.000000000000000000 ) ) ;
#4848 = DIRECTION ( 'NONE',  ( -0.000000000000000000, -0.000000000000000000, -1.000000000000000000 ) ) ;
#4849 = CYLINDRICAL_SURFACE ( 'NONE', #6672, 44.00000000000000000 ) ;
#4850 = VERTEX_POINT ( 'NONE', #613 ) ;
#4851 = VERTEX_POINT ( 'NONE', #4544 ) ;
#4852 = CARTESIAN_POINT ( 'NONE',  ( 43.45873412499998523, -18.00119707814146963, 1.499999998634406806 ) ) ;
#4853 = CARTESIAN_POINT ( 'NONE',  ( 23.92925068972053637, -36.61428320020632299, 12.66399456663254597 ) ) ;
#4854 = CARTESIAN_POINT ( 'NONE',  ( 2.500000000000001776, -14.99999999999999822, 18.00000000000000000 ) ) ;
#4855 = VERTEX_POINT ( 'NONE', #6754 ) ;
#4856 = CARTESIAN_POINT ( 'NONE',  ( 44.00000000000000000, 0.000000000000000000, 4.999999999999999112 ) ) ;
#4857 = CARTESIAN_POINT ( 'NONE',  ( -7.983239946176564682E-15, -43.45873412499999233, 4.062499998634407028 ) ) ;
#4858 = FACE_OUTER_BOUND ( 'NONE', #6685, .T. ) ;
#4859 = ORIENTED_EDGE ( 'NONE', *, *, #4876, .F. ) ;
#4860 = CARTESIAN_POINT ( 'NONE',  ( -27.73791198152727233, -21.32921289184858082, 27.00000000000000355 ) ) ;
#4861 = CYLINDRICAL_SURFACE ( 'NONE', #5727, 1.000000000000000444 ) ;
#4862 = VERTEX_POINT ( 'NONE', #1779 ) ;
#4863 = CARTESIAN_POINT ( 'NONE',  ( 8.929238224710598359, 6.949538567781225140, 26.00000000000000355 ) ) ;
#4864 = DIRECTION ( 'NONE',  ( 1.000000000000000000, -1.297760229076901807E-16, 0.000000000000000000 ) ) ;
#4865 = DIRECTION ( 'NONE',  ( -1.156482317317870344E-15, 1.000000000000000000, 0.000000000000000000 ) ) ;
#4866 = CARTESIAN_POINT ( 'NONE',  ( -23.13622109910158287, -10.24729747974573790, 27.00000000000000355 ) ) ;
#4867 = CARTESIAN_POINT ( 'NONE',  ( 0.000000000000000000, 0.000000000000000000, 20.00000000000000000 ) ) ;
#4868 =( BOUNDED_CURVE ( )  B_SPLINE_CURVE ( 3, ( #3684, #987, #6478, #1499 ),
 .UNSPECIFIED., .F., .F. ) 
 B_SPLINE_CURVE_WITH_KNOTS ( ( 4, 4 ),
 ( 4.712388980384689674, 6.283185307179586232 ),
 .UNSPECIFIED. ) 
 CURVE ( )  GEOMETRIC_REPRESENTATION_ITEM ( )  RATIONAL_B_SPLINE_CURVE ( ( 1.000000000000000000, 0.8047378541243649375, 0.8047378541243649375, 1.000000000000000000 ) ) 
 REPRESENTATION_ITEM ( '' )  );
#4869 = EDGE_CURVE ( 'NONE', #4632, #4727, #5120, .T. ) ;
#4870 = CARTESIAN_POINT ( 'NONE',  ( -42.59273254217916360, -11.40843301440143698, 20.00000000000000000 ) ) ;
#4871 = CARTESIAN_POINT ( 'NONE',  ( -19.88006171844551773, -40.37070470950596501, 12.57762149178357447 ) ) ;
#4872 = CARTESIAN_POINT ( 'NONE',  ( 2.500000000000001776, -14.99999999999999822, 18.00000000000000000 ) ) ;
#4873 = VERTEX_POINT ( 'NONE', #5855 ) ;
#4874 = CARTESIAN_POINT ( 'NONE',  ( -3.802633314339063375, -13.84719074434191555, 27.00000000000000000 ) ) ;
#4875 = CARTESIAN_POINT ( 'NONE',  ( 2.500000000000003109, 15.00000000000000178, 23.00000000000000000 ) ) ;
#4876 = EDGE_CURVE ( 'NONE', #4855, #6628, #3550, .T. ) ;
#4877 = EDGE_CURVE ( 'NONE', #4662, #4979, #3018, .T. ) ;
#4878 = CARTESIAN_POINT ( 'NONE',  ( 8.399999999999998579, -14.99999999999999822, 9.888730162779189925 ) ) ;
#4879 = ORIENTED_EDGE ( 'NONE', *, *, #1851, .F. ) ;
#4880 = PLANE ( 'NONE',  #1672 ) ;
#4881 = LINE ( 'NONE', #3679, #5182 ) ;
#4882 = DIRECTION ( 'NONE',  ( -0.000000000000000000, -0.000000000000000000, 1.000000000000000000 ) ) ;
#4883 = CARTESIAN_POINT ( 'NONE',  ( -8.247695248009673463, -11.97393343833985035, 26.00000000000001066 ) ) ;
#4884 = CARTESIAN_POINT ( 'NONE',  ( 30.72996560157071855, 30.72996560157071855, 0.4374999986344065839 ) ) ;
#4885 = CARTESIAN_POINT ( 'NONE',  ( 0.000000000000000000, 0.000000000000000000, 20.00000000000000000 ) ) ;
#4886 = ORIENTED_EDGE ( 'NONE', *, *, #2876, .T. ) ;
#4887 = VERTEX_POINT ( 'NONE', #5160 ) ;
#4888 = CARTESIAN_POINT ( 'NONE',  ( 30.72996560157071855, 30.72996560157071855, 1.687499998634406806 ) ) ;
#4889 = CARTESIAN_POINT ( 'NONE',  ( -11.49999999999999645, -4.743426454221663313, 27.00000000000000355 ) ) ;
#4890 = CARTESIAN_POINT ( 'NONE',  ( -27.09588625466311029, -35.92789032138632166, 10.26575466435306438 ) ) ;
#4891 = EDGE_LOOP ( 'NONE', ( #4859, #1546 ) ) ;
#4892 = DIRECTION ( 'NONE',  ( -1.000000000000000000, 0.000000000000000000, -0.000000000000000000 ) ) ;
#4893 = CARTESIAN_POINT ( 'NONE',  ( -43.45873412499999233, 18.00119707814145187, 3.749999998634406584 ) ) ;
#4894 = CARTESIAN_POINT ( 'NONE',  ( -1.499999999999997335, -25.99999999999999645, 18.00000000000000000 ) ) ;
#4895 = ORIENTED_EDGE ( 'NONE', *, *, #1236, .F. ) ;
#4896 = CARTESIAN_POINT ( 'NONE',  ( 20.49999999999999289, -9.759909745017600002, 26.58578643762690774 ) ) ;
#4897 = CARTESIAN_POINT ( 'NONE',  ( -1.499999999999997113, 26.00000000000000000, 18.00000000000000000 ) ) ;
#4898 = ORIENTED_EDGE ( 'NONE', *, *, #5931, .T. ) ;
#4899 = CARTESIAN_POINT ( 'NONE',  ( -11.49999999999999822, -15.74342645422166598, 26.00000000000000355 ) ) ;
#4900 = ORIENTED_EDGE ( 'NONE', *, *, #3319, .F. ) ;
#4901 = DIRECTION ( 'NONE',  ( 0.000000000000000000, 0.000000000000000000, -1.000000000000000000 ) ) ;
#4902 = PLANE ( 'NONE',  #2593 ) ;
#4903 = DIRECTION ( 'NONE',  ( -0.8637789008984335659, -0.5038710255240862468, 0.000000000000000000 ) ) ;
#4904 = PLANE ( 'NONE',  #1913 ) ;
#4905 = CARTESIAN_POINT ( 'NONE',  ( -20.79022147401008169, -39.07942481121565947, 12.47259855849135057 ) ) ;
#4906 = CARTESIAN_POINT ( 'NONE',  ( -13.99999999999999822, -20.74342645422166242, 27.00000000000000355 ) ) ;
#4907 = ORIENTED_EDGE ( 'NONE', *, *, #3195, .F. ) ;
#4908 = CARTESIAN_POINT ( 'NONE',  ( -3.088811618421054117, -13.34141107045410202, 26.00000000000000355 ) ) ;
#4909 = CARTESIAN_POINT ( 'NONE',  ( 12.07437033245415137, -4.743426454221664201, 26.99999999999999645 ) ) ;
#4910 = EDGE_CURVE ( 'NONE', #6035, #2773, #5236, .T. ) ;
#4911 =( BOUNDED_CURVE ( )  B_SPLINE_CURVE ( 3, ( #6967, #6096, #5584, #3917 ),
 .UNSPECIFIED., .F., .F. ) 
 B_SPLINE_CURVE_WITH_KNOTS ( ( 4, 4 ),
 ( 1.570796326794896780, 3.141592653589793116 ),
 .UNSPECIFIED. ) 
 CURVE ( )  GEOMETRIC_REPRESENTATION_ITEM ( )  RATIONAL_B_SPLINE_CURVE ( ( 1.000000000000000000, 0.8047378541243650485, 0.8047378541243650485, 1.000000000000000000 ) ) 
 REPRESENTATION_ITEM ( '' )  );
#4912 = CARTESIAN_POINT ( 'NONE',  ( 44.00000000000000000, 18.22539674441618374, 4.062500000000000000 ) ) ;
#4913 = EDGE_LOOP ( 'NONE', ( #1207, #4116, #2147, #6465, #4793 ) ) ;
#4914 = CARTESIAN_POINT ( 'NONE',  ( 45.00000000000000711, 5.510910596163090344E-15, 20.00000000000000000 ) ) ;
#4915 = VECTOR ( 'NONE', #2531, 1000.000000000000000 ) ;
#4916 = CARTESIAN_POINT ( 'NONE',  ( 44.00000000000000000, 18.22539674441618374, 0.9374999972688135008 ) ) ;
#4917 = CARTESIAN_POINT ( 'NONE',  ( -5.759515323017859956, 43.71637213330512139, 20.00000000000000355 ) ) ;
#4918 = CARTESIAN_POINT ( 'NONE',  ( 43.45873412499999233, 18.00119707814144476, 3.374999998634406140 ) ) ;
#4919 = EDGE_CURVE ( 'NONE', #6745, #3283, #171, .T. ) ;
#4920 = AXIS2_PLACEMENT_3D ( 'NONE', #5765, #1288, #2376 ) ;
#4921 = VERTEX_POINT ( 'NONE', #5818 ) ;
#4922 = CARTESIAN_POINT ( 'NONE',  ( -18.00119707814144121, 43.45873412499999233, 1.874999998634406806 ) ) ;
#4923 = EDGE_CURVE ( 'NONE', #2400, #1049, #6939, .T. ) ;
#4924 = CARTESIAN_POINT ( 'NONE',  ( 27.00416528118338988, -35.99692109778033711, 10.91470398589605750 ) ) ;
#4925 = CARTESIAN_POINT ( 'NONE',  ( -1.000000000000000888, -9.743426454221660649, 25.00000000000000000 ) ) ;
#4926 = ORIENTED_EDGE ( 'NONE', *, *, #3172, .T. ) ;
#4927 = VECTOR ( 'NONE', #3481, 1000.000000000000000 ) ;
#4928 = EDGE_CURVE ( 'NONE', #2237, #7147, #5270, .T. ) ;
#4929 = CARTESIAN_POINT ( 'NONE',  ( 27.49999999999998934, -3.743426454221659316, 26.58578643762690774 ) ) ;
#4930 = CARTESIAN_POINT ( 'NONE',  ( 43.45873412499999233, 0.000000000000000000, 3.312499998634406584 ) ) ;
#4931 = AXIS2_PLACEMENT_3D ( 'NONE', #4041, #6248, #5738 ) ;
#4932 = CARTESIAN_POINT ( 'NONE',  ( 1.000000000000000444, -3.743426454221663757, 27.00000000000000355 ) ) ;
#4933 = EDGE_LOOP ( 'NONE', ( #5895, #250, #2314, #2540 ) ) ;
#4934 = CARTESIAN_POINT ( 'NONE',  ( 25.70177999445509442, -35.71301331324786332, 10.08635113552257145 ) ) ;
#4935 = CARTESIAN_POINT ( 'NONE',  ( 7.989401139215447145, -10.58365860341499776, 26.99999999999999289 ) ) ;
#4936 = ORIENTED_EDGE ( 'NONE', *, *, #4039, .F. ) ;
#4937 = LINE ( 'NONE', #6596, #4097 ) ;
#4938 = CARTESIAN_POINT ( 'NONE',  ( 18.00119707814145187, -43.45873412499998523, 3.374999998634406140 ) ) ;
#4939 = VECTOR ( 'NONE', #231, 1000.000000000000000 ) ;
#4940 = CARTESIAN_POINT ( 'NONE',  ( 44.00000000000000000, 0.000000000000000000, 4.874999997268813168 ) ) ;
#4941 = LINE ( 'NONE', #2244, #5052 ) ;
#4942 = VECTOR ( 'NONE', #5799, 1000.000000000000000 ) ;
#4943 = CARTESIAN_POINT ( 'NONE',  ( -19.61432623115928209, -39.85086028549062576, 10.84699103995210301 ) ) ;
#4944 = CARTESIAN_POINT ( 'NONE',  ( 2.741036999120816109, -20.74342645422165887, 26.99999999999999645 ) ) ;
#4945 = VERTEX_POINT ( 'NONE', #1340 ) ;
#4946 = CARTESIAN_POINT ( 'NONE',  ( -3.494938346400775053, -12.38728422700008736, 27.00000000000000355 ) ) ;
#4947 = CARTESIAN_POINT ( 'NONE',  ( 27.49999999999998579, -3.743426454221660205, 27.00000000000000355 ) ) ;
#4948 = VECTOR ( 'NONE', #4084, 1000.000000000000114 ) ;
#4949 = EDGE_CURVE ( 'NONE', #4945, #6048, #2221, .T. ) ;
#4950 = DIRECTION ( 'NONE',  ( 0.5038710255240863578, 0.8637789008984334549, 0.000000000000000000 ) ) ;
#4951 = ORIENTED_EDGE ( 'NONE', *, *, #1145, .T. ) ;
#4952 = CARTESIAN_POINT ( 'NONE',  ( -25.18043567087729784, -36.08266701931239595, 11.62016719404162224 ) ) ;
#4953 = CARTESIAN_POINT ( 'NONE',  ( 9.994693298868396525, 7.299059379510841161, 27.00000000000000355 ) ) ;
#4954 = CARTESIAN_POINT ( 'NONE',  ( 18.22539674441618374, 44.00000000000000000, 3.062499997268814056 ) ) ;
#4955 = CARTESIAN_POINT ( 'NONE',  ( -38.18459035703559579, 22.05062966264405944, 20.00000000000000000 ) ) ;
#4956 = CARTESIAN_POINT ( 'NONE',  ( -30.72996560157072565, -30.72996560157071499, 2.937499998634406584 ) ) ;
#4957 =( BOUNDED_CURVE ( )  B_SPLINE_CURVE ( 3, ( #4925, #7146, #2226, #588 ),
 .UNSPECIFIED., .F., .F. ) 
 B_SPLINE_CURVE_WITH_KNOTS ( ( 4, 4 ),
 ( 0.000000000000000000, 1.570796326794896558 ),
 .UNSPECIFIED. ) 
 CURVE ( )  GEOMETRIC_REPRESENTATION_ITEM ( )  RATIONAL_B_SPLINE_CURVE ( ( 1.000000000000000000, 0.8047378541243649375, 0.8047378541243649375, 1.000000000000000000 ) ) 
 REPRESENTATION_ITEM ( '' )  );
#4958 = CIRCLE ( 'NONE', #1706, 5.000000000000000888 ) ;
#4959 = ADVANCED_FACE ( 'NONE', ( #6975 ), #444, .T. ) ;
#4960 = ORIENTED_EDGE ( 'NONE', *, *, #3239, .T. ) ;
#4961 = CARTESIAN_POINT ( 'NONE',  ( -43.45873412499999233, 5.322159964117709262E-15, 3.062499998634406584 ) ) ;
#4962 = CARTESIAN_POINT ( 'NONE',  ( 25.22329058710401739, -35.40032803386500859, 11.27514428987897688 ) ) ;
#4963 = CARTESIAN_POINT ( 'NONE',  ( -18.22539674441620861, -43.99999999999999289, 1.562499997268813390 ) ) ;
#4964 = ORIENTED_EDGE ( 'NONE', *, *, #2470, .F. ) ;
#4965 = PLANE ( 'NONE',  #2511 ) ;
#4966 = CARTESIAN_POINT ( 'NONE',  ( -4.649875748988799629, -9.216905932157168024, 27.00000000000000000 ) ) ;
#4967 = ADVANCED_FACE ( 'NONE', ( #2901 ), #6208, .T. ) ;
#4968 = EDGE_CURVE ( 'NONE', #214, #835, #6635, .T. ) ;
#4969 = CARTESIAN_POINT ( 'NONE',  ( 44.00000000000000000, 18.22539674441618374, 2.062500000000000000 ) ) ;
#4970 = ORIENTED_EDGE ( 'NONE', *, *, #4838, .T. ) ;
#4971 = CARTESIAN_POINT ( 'NONE',  ( 25.64249763945658245, -35.75560404501112544, 9.459561367368772622 ) ) ;
#4972 = CARTESIAN_POINT ( 'NONE',  ( -22.50000000001665157, -37.81203512109934195, 7.000000000000000888 ) ) ;
#4973 = ORIENTED_EDGE ( 'NONE', *, *, #6073, .T. ) ;
#4974 = CARTESIAN_POINT ( 'NONE',  ( -27.10157376015844477, -35.92359531651423765, 9.704883870626202835 ) ) ;
#4975 = CARTESIAN_POINT ( 'NONE',  ( -18.00119707814144121, 43.45873412499999233, 2.874999998634406584 ) ) ;
#4976 = PLANE ( 'NONE',  #863 ) ;
#4977 = CARTESIAN_POINT ( 'NONE',  ( -20.77788890172553238, -39.08966999826603939, 7.510672890477898100 ) ) ;
#4978 = CARTESIAN_POINT ( 'NONE',  ( -14.99999999999999822, -3.743426454221665534, 26.00000000000000355 ) ) ;
#4979 = VERTEX_POINT ( 'NONE', #95 ) ;
#4980 = CARTESIAN_POINT ( 'NONE',  ( 23.34584163231148679, -38.47109493657722368, 7.063562733045562148 ) ) ;
#4981 = CARTESIAN_POINT ( 'NONE',  ( -31.11269837220808654, 31.11269837220809364, 4.249999997268813168 ) ) ;
#4982 = CARTESIAN_POINT ( 'NONE',  ( 15.00000000000000178, -3.743426454221663313, 25.00000000000000000 ) ) ;
#4983 = VERTEX_POINT ( 'NONE', #3337 ) ;
#4984 = CARTESIAN_POINT ( 'NONE',  ( -9.356904617833196269, -3.835875507925265993, 26.00000000000000355 ) ) ;
#4985 = AXIS2_PLACEMENT_3D ( 'NONE', #6003, #1014, #3815 ) ;
#4986 = DIRECTION ( 'NONE',  ( -0.000000000000000000, -0.000000000000000000, 1.000000000000000000 ) ) ;
#4987 = CARTESIAN_POINT ( 'NONE',  ( 31.11269837220809364, 31.11269837220809364, 2.999999997268813168 ) ) ;
#4988 = CARTESIAN_POINT ( 'NONE',  ( 29.07637702555219050, 33.14901971886398258, 20.00000000000000000 ) ) ;
#4989 = CARTESIAN_POINT ( 'NONE',  ( -43.45873412499999233, 18.00119707814145187, 1.749999998634406584 ) ) ;
#4990 = ORIENTED_EDGE ( 'NONE', *, *, #1891, .F. ) ;
#4991 = ORIENTED_EDGE ( 'NONE', *, *, #5679, .T. ) ;
#4992 = CARTESIAN_POINT ( 'NONE',  ( -30.72996560157071499, 30.72996560157071855, 0.9374999986344066949 ) ) ;
#4993 = CARTESIAN_POINT ( 'NONE',  ( 25.49753653445066703, -37.12710215619958376, 10.35865952964380732 ) ) ;
#4994 = CARTESIAN_POINT ( 'NONE',  ( 1.000000000000000222, -21.74342645422165887, 25.00000000000000000 ) ) ;
#4995 = ORIENTED_EDGE ( 'NONE', *, *, #5759, .F. ) ;
#4996 = CARTESIAN_POINT ( 'NONE',  ( 13.50000000000000178, 20.00000000000000000, 25.00000000000000000 ) ) ;
#4997 = CARTESIAN_POINT ( 'NONE',  ( -4.591475402768367964, -9.326573121799622612, 27.00000000000000000 ) ) ;
#4998 = CARTESIAN_POINT ( 'NONE',  ( 12.07437033245415137, -4.743426454221664201, 26.99999999999999645 ) ) ;
#4999 = EDGE_CURVE ( 'NONE', #6134, #6394, #21, .T. ) ;
#5000 = ORIENTED_EDGE ( 'NONE', *, *, #6379, .F. ) ;
#5001 = CARTESIAN_POINT ( 'NONE',  ( 17.00000000000000000, -3.743426454221659760, 25.00000000000000000 ) ) ;
#5002 = ORIENTED_EDGE ( 'NONE', *, *, #1500, .F. ) ;
#5003 = PLANE ( 'NONE',  #3315 ) ;
#5004 = CARTESIAN_POINT ( 'NONE',  ( 44.00000000000000000, 0.000000000000000000, 2.874999997268813168 ) ) ;
#5005 = ORIENTED_EDGE ( 'NONE', *, *, #951, .F. ) ;
#5006 = CARTESIAN_POINT ( 'NONE',  ( -24.27187499757377509, -36.30316312427780190, 7.572037907970942783 ) ) ;
#5007 = CARTESIAN_POINT ( 'NONE',  ( 29.99999999999998934, -20.74342645422165532, 27.00000000000000355 ) ) ;
#5008 = EDGE_CURVE ( 'NONE', #2108, #1796, #5558, .T. ) ;
#5009 = ADVANCED_FACE ( 'NONE', ( #572 ), #2798, .F. ) ;
#5010 = B_SPLINE_CURVE_WITH_KNOTS ( 'NONE', 3,
 ( #1035, #2861, #4454, #3436, #3985, #1184, #6135, #597, #6200, #2169, #2276, #2822, #527, #1150, #3874, #4971, #3364, #7154, #4934, #5551, #3331, #3954, #1221, #13, #2235, #565, #5621, #4419, #3397, #5659, #2312, #6593 ),
 .UNSPECIFIED., .F., .F.,
 ( 4, 2, 2, 2, 2, 2, 2, 2, 2, 2, 2, 2, 2, 2, 2, 4 ),
 ( 0.0006045889165759744943, 0.001230723268102246973, 0.001856857619628519453, 0.002482991971154791932, 0.003109126322681064411, 0.003735260674207336457, 0.004361395025733609369, 0.004674462201496747994, 0.004987529377259885752, 0.005613663728786163001, 0.006239798080312440251, 0.006865932431838716633, 0.007492066783364994750, 0.008118201134891270265, 0.009370469837943817826, 0.01062273854099636539 ),
 .UNSPECIFIED. ) ;
#5011 = CARTESIAN_POINT ( 'NONE',  ( 2.694222958124176809E-15, 44.00000000000000000, 5.124999997268813168 ) ) ;
#5012 = CARTESIAN_POINT ( 'NONE',  ( 6.250000000000000000, -12.74342645422166420, 26.58578643762690064 ) ) ;
#5013 = CARTESIAN_POINT ( 'NONE',  ( -20.19577638166856559, -39.47906242943751209, 8.068038689008545816 ) ) ;
#5014 = ORIENTED_EDGE ( 'NONE', *, *, #2518, .T. ) ;
#5015 = CARTESIAN_POINT ( 'NONE',  ( 21.48092408749012350, -39.54400224378787243, 7.149000595083497167 ) ) ;
#5016 = EDGE_CURVE ( 'NONE', #3828, #2278, #5373, .T. ) ;
#5017 = LINE ( 'NONE', #4947, #2136 ) ;
#5018 = DIRECTION ( 'NONE',  ( 1.000000000000000000, -0.000000000000000000, 0.000000000000000000 ) ) ;
#5019 = VERTEX_POINT ( 'NONE', #6141 ) ;
#5020 = CARTESIAN_POINT ( 'NONE',  ( -20.48385924662132140, -40.06822434674807454, 13.15636428473080777 ) ) ;
#5021 = CARTESIAN_POINT ( 'NONE',  ( 43.99999999999999289, -18.22539674441620861, 3.812499997268813168 ) ) ;
#5022 = CARTESIAN_POINT ( 'NONE',  ( -44.00000000000000000, -5.388445916248353619E-15, 20.00000000000000000 ) ) ;
#5023 = CARTESIAN_POINT ( 'NONE',  ( 43.45873412499998523, -18.00119707814146963, 5.249999998634406140 ) ) ;
#5024 =( GEOMETRIC_REPRESENTATION_CONTEXT ( 3 ) GLOBAL_UNCERTAINTY_ASSIGNED_CONTEXT ( ( #5917 ) ) GLOBAL_UNIT_ASSIGNED_CONTEXT ( ( #96, #6677, #3300 ) ) REPRESENTATION_CONTEXT ( 'NONE', 'WORKASPACE' ) );
#5025 = ORIENTED_EDGE ( 'NONE', *, *, #2652, .T. ) ;
#5026 = ORIENTED_EDGE ( 'NONE', *, *, #25, .T. ) ;
#5027 = CARTESIAN_POINT ( 'NONE',  ( -11.49999999999999645, -7.243426454221660649, 26.00000000000000355 ) ) ;
#5028 = CARTESIAN_POINT ( 'NONE',  ( 26.05509817757029722, -36.69022881486843346, 7.314824903561535585 ) ) ;
#5029 = CARTESIAN_POINT ( 'NONE',  ( 44.00000000000000000, 0.000000000000000000, 3.874999997268813168 ) ) ;
#5030 = ORIENTED_EDGE ( 'NONE', *, *, #1881, .F. ) ;
#5031 = DIRECTION ( 'NONE',  ( 1.000000000000000000, 0.000000000000000000, -0.000000000000000000 ) ) ;
#5032 = CARTESIAN_POINT ( 'NONE',  ( -5.148789605197380936, -8.686293671272949268, 26.00000000000000355 ) ) ;
#5033 = PLANE ( 'NONE',  #3646 ) ;
#5034 = ORIENTED_EDGE ( 'NONE', *, *, #4241, .F. ) ;
#5035 = CARTESIAN_POINT ( 'NONE',  ( -12.49999999999999645, -6.267806578733621237, 27.00000000000000355 ) ) ;
#5036 = FACE_OUTER_BOUND ( 'NONE', #2702, .T. ) ;
#5037 = EDGE_CURVE ( 'NONE', #1456, #6447, #2684, .T. ) ;
#5038 = CARTESIAN_POINT ( 'NONE',  ( -31.11269837220808654, 31.11269837220809364, 1.375000000000000000 ) ) ;
#5039 = DIRECTION ( 'NONE',  ( 0.000000000000000000, -0.000000000000000000, 1.000000000000000000 ) ) ;
#5040 = VERTEX_POINT ( 'NONE', #6715 ) ;
#5041 = VERTEX_POINT ( 'NONE', #2833 ) ;
#5042 = CARTESIAN_POINT ( 'NONE',  ( -23.29021253141316805, -38.50487382677616921, 7.048616344970415781 ) ) ;
#5043 = CARTESIAN_POINT ( 'NONE',  ( 2.661079982058854631E-15, 43.45873412499999233, 2.812499998634407028 ) ) ;
#5044 = ADVANCED_FACE ( 'NONE', ( #5048 ), #60, .T. ) ;
#5045 = AXIS2_PLACEMENT_3D ( 'NONE', #257, #2955, #6295 ) ;
#5046 = DIRECTION ( 'NONE',  ( -0.000000000000000000, -1.000000000000000000, -0.000000000000000000 ) ) ;
#5047 = EDGE_CURVE ( 'NONE', #3367, #4519, #1194, .T. ) ;
#5048 = FACE_OUTER_BOUND ( 'NONE', #4109, .T. ) ;
#5049 = CARTESIAN_POINT ( 'NONE',  ( -1.499999999999997113, 26.00000000000000000, 18.00000000000000000 ) ) ;
#5050 = ORIENTED_EDGE ( 'NONE', *, *, #3016, .F. ) ;
#5051 = CARTESIAN_POINT ( 'NONE',  ( 20.02281569983403742, -40.30394288845605644, 8.296085388290464380 ) ) ;
#5052 = VECTOR ( 'NONE', #6602, 1000.000000000000000 ) ;
#5053 = CARTESIAN_POINT ( 'NONE',  ( -8.082668874372530822E-15, -44.00000000000000000, 2.750000000000000000 ) ) ;
#5054 = VECTOR ( 'NONE', #6451, 1000.000000000000000 ) ;
#5055 = ADVANCED_FACE ( 'NONE', ( #4539 ), #3843, .T. ) ;
#5056 = EDGE_CURVE ( 'NONE', #2121, #214, #412, .T. ) ;
#5057 = CARTESIAN_POINT ( 'NONE',  ( 7.990384747035712110, -9.759909745017587568, 25.99999999999999645 ) ) ;
#5058 = ORIENTED_EDGE ( 'NONE', *, *, #2700, .T. ) ;
#5059 = CARTESIAN_POINT ( 'NONE',  ( -18.92105298257470025, -40.82883484037134281, 10.15908231120236493 ) ) ;
#5060 = DIRECTION ( 'NONE',  ( -0.000000000000000000, 1.000000000000000000, -0.000000000000000000 ) ) ;
#5061 = AXIS2_PLACEMENT_3D ( 'NONE', #1395, #1947, #6342 ) ;
#5062 = CARTESIAN_POINT ( 'NONE',  ( 18.00119707814145187, -43.45873412499998523, 5.124999998634406140 ) ) ;
#5063 = VECTOR ( 'NONE', #2707, 1000.000000000000000 ) ;
#5064 = VERTEX_POINT ( 'NONE', #748 ) ;
#5065 = ORIENTED_EDGE ( 'NONE', *, *, #3971, .T. ) ;
#5066 = PLANE ( 'NONE',  #4231 ) ;
#5067 = CARTESIAN_POINT ( 'NONE',  ( 25.50005013462877912, -37.12981861849291221, 10.18853358084467686 ) ) ;
#5068 = DIRECTION ( 'NONE',  ( 0.000000000000000000, 0.000000000000000000, -1.000000000000000000 ) ) ;
#5069 = VERTEX_POINT ( 'NONE', #5260 ) ;
#5070 = LINE ( 'NONE', #6159, #5421 ) ;
#5071 = CARTESIAN_POINT ( 'NONE',  ( -6.942184818879697517, -6.796532572426969843, 27.00000000000000355 ) ) ;
#5073 = DIRECTION ( 'NONE',  ( -1.000000000000000000, 0.000000000000000000, 0.000000000000000000 ) ) ;
#5072 = PRESENTATION_LAYER_ASSIGNMENT (  '', '', ( #1000 ) ) ;
#5074 = VERTEX_POINT ( 'NONE', #198 ) ;
#5075 = DIRECTION ( 'NONE',  ( 0.000000000000000000, 0.000000000000000000, -1.000000000000000000 ) ) ;
#5076 = FACE_OUTER_BOUND ( 'NONE', #4740, .T. ) ;
#5077 = CARTESIAN_POINT ( 'NONE',  ( 44.00000000000000000, 18.22539674441618374, 1.062500000000000222 ) ) ;
#5078 = LINE ( 'NONE', #4533, #5961 ) ;
#5079 = VERTEX_POINT ( 'NONE', #816 ) ;
#5080 = VERTEX_POINT ( 'NONE', #1330 ) ;
#5081 = CARTESIAN_POINT ( 'NONE',  ( -27.06995446438233799, -35.94750920890331258, 9.424660205271509383 ) ) ;
#5082 = CARTESIAN_POINT ( 'NONE',  ( -7.983239946176564682E-15, -43.45873412499999233, 2.312499998634407028 ) ) ;
#5083 = ORIENTED_EDGE ( 'NONE', *, *, #5229, .T. ) ;
#5084 = PRODUCT_DEFINITION_FORMATION_WITH_SPECIFIED_SOURCE ( 'ANY', '', #5518, .NOT_KNOWN. ) ;
#5085 = CARTESIAN_POINT ( 'NONE',  ( 43.99999999999999289, -18.22539674441621216, 5.812499997268813168 ) ) ;
#5086 = DIRECTION ( 'NONE',  ( 0.000000000000000000, 0.000000000000000000, -1.000000000000000000 ) ) ;
#5087 = VERTEX_POINT ( 'NONE', #1294 ) ;
#5088 = CARTESIAN_POINT ( 'NONE',  ( 19.96034401713718509, -40.33503189779424503, 8.391542319646017489 ) ) ;
#5089 = CARTESIAN_POINT ( 'NONE',  ( 27.49999999999998579, -21.74342645422165532, 25.00000000000000000 ) ) ;
#5090 = ADVANCED_FACE ( 'NONE', ( #268 ), #4637, .T. ) ;
#5091 = CARTESIAN_POINT ( 'NONE',  ( 21.84465468539448452, -1.500000000000003331, 18.00000000000000000 ) ) ;
#5092 = EDGE_LOOP ( 'NONE', ( #943, #7140 ) ) ;
#5093 = CARTESIAN_POINT ( 'NONE',  ( -20.46777861948400457, -40.07644890820614592, 6.855751389834565224 ) ) ;
#5094 = CARTESIAN_POINT ( 'NONE',  ( 43.99999999999999289, -18.22539674441620861, 2.937500000000000444 ) ) ;
#5095 = EDGE_CURVE ( 'NONE', #4456, #6977, #5150, .T. ) ;
#5096 = EDGE_CURVE ( 'NONE', #4549, #868, #6631, .T. ) ;
#5097 =( BOUNDED_CURVE ( )  B_SPLINE_CURVE ( 3, ( #710, #6241, #2453, #6930 ),
 .UNSPECIFIED., .F., .F. ) 
 B_SPLINE_CURVE_WITH_KNOTS ( ( 4, 4 ),
 ( 0.000000000000000000, 1.570796326794899223 ),
 .UNSPECIFIED. ) 
 CURVE ( )  GEOMETRIC_REPRESENTATION_ITEM ( )  RATIONAL_B_SPLINE_CURVE ( ( 1.000000000000000000, 0.8047378541243643824, 0.8047378541243643824, 1.000000000000000000 ) ) 
 REPRESENTATION_ITEM ( '' )  );
#5098 = VERTEX_POINT ( 'NONE', #3476 ) ;
#5099 = EDGE_LOOP ( 'NONE', ( #6992, #5121, #614, #6112, #4523 ) ) ;
#5100 = LINE ( 'NONE', #4444, #1107 ) ;
#5101 = DIRECTION ( 'NONE',  ( -0.000000000000000000, -0.000000000000000000, 1.000000000000000000 ) ) ;
#5102 = CARTESIAN_POINT ( 'NONE',  ( 43.45873412499999233, 18.00119707814144121, 1.374999998634407250 ) ) ;
#5103 = CARTESIAN_POINT ( 'NONE',  ( 21.49430830358072697, -38.58144790955748960, 12.84890083383897696 ) ) ;
#5104 = CARTESIAN_POINT ( 'NONE',  ( -8.408990763519353706, -7.494739469915458585, 27.00000000000000355 ) ) ;
#5105 = DIRECTION ( 'NONE',  ( 0.000000000000000000, 0.000000000000000000, -1.000000000000000000 ) ) ;
#5106 = AXIS2_PLACEMENT_3D ( 'NONE', #6527, #5885, #2603 ) ;
#5107 = DIRECTION ( 'NONE',  ( 0.000000000000000000, 0.000000000000000000, 1.000000000000000000 ) ) ;
#5108 = DIRECTION ( 'NONE',  ( -1.000000000000000000, 0.000000000000000000, 0.000000000000000000 ) ) ;
#5109 = DIRECTION ( 'NONE',  ( 0.000000000000000000, 0.000000000000000000, 1.000000000000000000 ) ) ;
#5110 = CARTESIAN_POINT ( 'NONE',  ( 20.49999999999999289, -3.743426454221659316, 27.00000000000000355 ) ) ;
#5111 = EDGE_LOOP ( 'NONE', ( #1836, #6132, #1820, #4364 ) ) ;
#5112 = CARTESIAN_POINT ( 'NONE',  ( -23.48766470278967944, -38.38478280704881485, 7.105132149392317409 ) ) ;
#5113 = CARTESIAN_POINT ( 'NONE',  ( 18.00119707814145187, -43.45873412499998523, 2.374999998634407028 ) ) ;
#5114 = CARTESIAN_POINT ( 'NONE',  ( -17.00000000000001421, -3.743426454221665534, 26.00000000000000355 ) ) ;
#5115 = CARTESIAN_POINT ( 'NONE',  ( -11.05055856827024918, 6.949538567781226917, 27.00000000000000355 ) ) ;
#5116 = ORIENTED_EDGE ( 'NONE', *, *, #1881, .T. ) ;
#5117 = CARTESIAN_POINT ( 'NONE',  ( 20.67389527009454042, -39.15924888396951076, 7.611912576182151113 ) ) ;
#5118 = DIRECTION ( 'NONE',  ( -1.982541115402068068E-15, 1.000000000000000000, 0.000000000000000000 ) ) ;
#5119 = LINE ( 'NONE', #1337, #851 ) ;
#5120 = LINE ( 'NONE', #2357, #6682 ) ;
#5121 = ORIENTED_EDGE ( 'NONE', *, *, #3239, .F. ) ;
#5122 = CARTESIAN_POINT ( 'NONE',  ( -20.18119727571087196, -40.22103988589832113, 12.89132013867115312 ) ) ;
#5123 = EDGE_CURVE ( 'NONE', #403, #5434, #3902, .T. ) ;
#5124 = CARTESIAN_POINT ( 'NONE',  ( 2.694222958124176809E-15, 44.00000000000000000, 2.250000000000000444 ) ) ;
#5125 = ORIENTED_EDGE ( 'NONE', *, *, #687, .F. ) ;
#5126 = ORIENTED_EDGE ( 'NONE', *, *, #3625, .T. ) ;
#5127 = CARTESIAN_POINT ( 'NONE',  ( 18.00119707814144832, -43.45873412499998523, 5.374999998634405252 ) ) ;
#5128 = ADVANCED_FACE ( 'NONE', ( #4673, #711, #2932, #6820, #1843, #6350, #4065, #6273 ), #5732, .T. ) ;
#5129 = CARTESIAN_POINT ( 'NONE',  ( 20.49999999999998934, -9.759909745017585792, 25.00000000000000000 ) ) ;
#5130 = CARTESIAN_POINT ( 'NONE',  ( 43.45873412499999233, 18.00119707814144121, 2.374999998634406584 ) ) ;
#5131 = DIRECTION ( 'NONE',  ( -0.000000000000000000, -0.000000000000000000, 1.000000000000000000 ) ) ;
#5132 = DIRECTION ( 'NONE',  ( -0.5038710255240866909, 0.8637789008984331218, 0.000000000000000000 ) ) ;
#5133 = DIRECTION ( 'NONE',  ( 1.000000000000000000, 0.000000000000000000, 0.000000000000000000 ) ) ;
#5134 =( BOUNDED_CURVE ( )  B_SPLINE_CURVE ( 2, ( #4940, #2137, #536, #5414, #5011, #3773, #19, #7163, #1118 ),
 .UNSPECIFIED., .F., .F. ) 
 B_SPLINE_CURVE_WITH_KNOTS ( ( 3, 2, 2, 2, 3 ),
 ( 0.8000000000000000444, 0.8249999999999999556, 0.8499999999999999778, 0.8750000000000000000, 0.9000000000000000222 ),
 .UNSPECIFIED. ) 
 CURVE ( )  GEOMETRIC_REPRESENTATION_ITEM ( )  RATIONAL_B_SPLINE_CURVE ( ( 1.000000000000000000, 0.9238795325112867385, 1.000000000000000000, 0.9238795325112867385, 1.000000000000000000, 0.9238795325112867385, 1.000000000000000000, 0.9238795325112867385, 1.000000000000000000 ) ) 
 REPRESENTATION_ITEM ( '' )  );
#5135 = ADVANCED_FACE ( 'NONE', ( #5330 ), #6453, .T. ) ;
#5136 = ORIENTED_EDGE ( 'NONE', *, *, #2372, .T. ) ;
#5137 = CARTESIAN_POINT ( 'NONE',  ( 11.50000000000000355, -3.743426454221663757, 25.00000000000000000 ) ) ;
#5138 = CARTESIAN_POINT ( 'NONE',  ( -21.47456525777639769, -38.59283252141200649, 7.180694484551060519 ) ) ;
#5139 = EDGE_CURVE ( 'NONE', #2566, #5069, #1935, .T. ) ;
#5140 = CARTESIAN_POINT ( 'NONE',  ( -11.05046143221876953, 6.929238224710591254, 26.14059680025539834 ) ) ;
#5141 = CARTESIAN_POINT ( 'NONE',  ( 18.95245526606466413, -40.81427636841009132, 9.480440617264200398 ) ) ;
#5142 = ORIENTED_EDGE ( 'NONE', *, *, #3142, .T. ) ;
#5143 = VECTOR ( 'NONE', #340, 1000.000000000000000 ) ;
#5144 = CARTESIAN_POINT ( 'NONE',  ( 14.27883886237080446, -4.157640016594757348, 27.00000000000000000 ) ) ;
#5145 = CARTESIAN_POINT ( 'NONE',  ( 18.00119707814145187, 43.45873412499999233, 4.749999998634407028 ) ) ;
#5146 = B_SPLINE_CURVE_WITH_KNOTS ( 'NONE', 3,
 ( #1104, #1757, #5103, #4490, #3829, #44, #1687, #2161, #5544, #3324, #557, #4448, #6053, #6701, #3909, #255, #1898, #1281, #2441, #5686, #6805, #3533, #2477, #2369, #4051, #2919, #1861, #3495, #6876, #4554 ),
 .UNSPECIFIED., .F., .F.,
 ( 4, 2, 2, 2, 2, 2, 2, 2, 2, 2, 2, 2, 2, 2, 4 ),
 ( 0.02154378389888287823, 0.02280538965939496107, 0.02343619253965100596, 0.02406699541990704738, 0.02469779830016309227, 0.02532860118041913716, 0.02595940406067518205, 0.02659020694093122694, 0.02722100982118727183, 0.02785181270144331672, 0.02848261558169936161, 0.02911341846195540650, 0.02974422134221145139, 0.03037502422246749628, 0.03163662998297957912 ),
 .UNSPECIFIED. ) ;
#5147 = AXIS2_PLACEMENT_3D ( 'NONE', #7041, #4278, #6489 ) ;
#5148 = FILL_AREA_STYLE ('',( #2416 ) ) ;
#5149 = LINE ( 'NONE', #4032, #277 ) ;
#5150 = LINE ( 'NONE', #4716, #3781 ) ;
#5151 = DIRECTION ( 'NONE',  ( -0.000000000000000000, 0.000000000000000000, 1.000000000000000000 ) ) ;
#5152 = ORIENTED_EDGE ( 'NONE', *, *, #3845, .T. ) ;
#5153 = CARTESIAN_POINT ( 'NONE',  ( 19.57666580609851081, -39.87429048920482444, 10.68219536436278538 ) ) ;
#5154 = CARTESIAN_POINT ( 'NONE',  ( 23.65980968291531639, -38.27810608909781109, 6.050569891710021686 ) ) ;
#5155 = AXIS2_PLACEMENT_3D ( 'NONE', #5517, #4865, #2683 ) ;
#5156 = CARTESIAN_POINT ( 'NONE',  ( -18.22539674441620861, -43.99999999999999289, 4.687500000000000888 ) ) ;
#5157 = VECTOR ( 'NONE', #4118, 1000.000000000000000 ) ;
#5158 = VECTOR ( 'NONE', #2479, 1000.000000000000114 ) ;
#5159 = DIRECTION ( 'NONE',  ( 0.000000000000000000, 1.000000000000000000, 0.000000000000000000 ) ) ;
#5160 = CARTESIAN_POINT ( 'NONE',  ( 22.10648544016904893, 24.99999999999999645, 23.00000000000000000 ) ) ;
#5161 = ORIENTED_EDGE ( 'NONE', *, *, #1367, .T. ) ;
#5162 = CARTESIAN_POINT ( 'NONE',  ( -1.135112479896834392, -10.71844564658608157, 27.00000000000000000 ) ) ;
#5163 = CARTESIAN_POINT ( 'NONE',  ( 43.99999999999999289, -18.22539674441620861, 1.937500000000000000 ) ) ;
#5164 = AXIS2_PLACEMENT_3D ( 'NONE', #1841, #1952, #197 ) ;
#5165 = ORIENTED_EDGE ( 'NONE', *, *, #951, .T. ) ;
#5166 = FACE_OUTER_BOUND ( 'NONE', #6911, .T. ) ;
#5167 = AXIS2_PLACEMENT_3D ( 'NONE', #5400, #2859, #5075 ) ;
#5168 = DIRECTION ( 'NONE',  ( 0.000000000000000000, 0.000000000000000000, 1.000000000000000000 ) ) ;
#5169 = CARTESIAN_POINT ( 'NONE',  ( 18.00119707814144832, 43.45873412499999233, 1.499999998634406806 ) ) ;
#5170 = CIRCLE ( 'NONE', #3900, 4.099999999999999645 ) ;
#5171 = LINE ( 'NONE', #182, #6927 ) ;
#5172 = CARTESIAN_POINT ( 'NONE',  ( -5.760708605314443176, -11.19060624603097231, 27.00000000000000000 ) ) ;
#5173 = CARTESIAN_POINT ( 'NONE',  ( -21.81702889388371602, -38.34016855786786948, 7.073583351201759406 ) ) ;
#5174 = AXIS2_PLACEMENT_3D ( 'NONE', #1908, #1799, #739 ) ;
#5175 = EDGE_CURVE ( 'NONE', #7078, #694, #1656, .T. ) ;
#5176 = VERTEX_POINT ( 'NONE', #1475 ) ;
#5177 = CARTESIAN_POINT ( 'NONE',  ( 44.00000000000000000, 0.000000000000000000, 0.4374999986344066394 ) ) ;
#5178 = PLANE ( 'NONE',  #874 ) ;
#5179 = CARTESIAN_POINT ( 'NONE',  ( -12.27221639305329148, -6.485602704422603892, 26.98073604346956245 ) ) ;
#5180 = CARTESIAN_POINT ( 'NONE',  ( 22.54742552107315845, -38.94372352987910091, 13.97419442068544981 ) ) ;
#5181 = ORIENTED_EDGE ( 'NONE', *, *, #5680, .F. ) ;
#5182 = VECTOR ( 'NONE', #3134, 1000.000000000000000 ) ;
#5183 = CARTESIAN_POINT ( 'NONE',  ( -24.82893311684180304, -37.53765914333552445, 12.02192618836450677 ) ) ;
#5184 = CARTESIAN_POINT ( 'NONE',  ( 43.45873412499998523, -18.00119707814146963, 5.499999998634406140 ) ) ;
#5185 = AXIS2_PLACEMENT_3D ( 'NONE', #2327, #1712, #1747 ) ;
#5186 =( BOUNDED_CURVE ( )  B_SPLINE_CURVE ( 3, ( #5790, #5314, #6912, #322 ),
 .UNSPECIFIED., .F., .F. ) 
 B_SPLINE_CURVE_WITH_KNOTS ( ( 4, 4 ),
 ( 3.141592653589793116, 4.712388980384687009 ),
 .UNSPECIFIED. ) 
 CURVE ( )  GEOMETRIC_REPRESENTATION_ITEM ( )  RATIONAL_B_SPLINE_CURVE ( ( 1.000000000000000000, 0.8047378541243654926, 0.8047378541243654926, 1.000000000000000000 ) ) 
 REPRESENTATION_ITEM ( '' )  );
#5187 = EDGE_CURVE ( 'NONE', #6977, #6944, #3936, .T. ) ;
#5188 = ADVANCED_FACE ( 'NONE', ( #3801 ), #6023, .T. ) ;
#5189 = AXIS2_PLACEMENT_3D ( 'NONE', #5717, #5247, #1828 ) ;
#5190 =( LENGTH_UNIT ( ) NAMED_UNIT ( * ) SI_UNIT ( .MILLI., .METRE. ) );
#5191 = CARTESIAN_POINT ( 'NONE',  ( -44.00000000000000000, 5.388445916248353619E-15, 4.374999997268814056 ) ) ;
#5192 = CARTESIAN_POINT ( 'NONE',  ( -1.259907640850806088, -11.09483261647941710, 26.00000000000000355 ) ) ;
#5193 = CARTESIAN_POINT ( 'NONE',  ( -11.49999999999999822, -21.74342645422166242, 27.00000000000000355 ) ) ;
#5194 = ORIENTED_EDGE ( 'NONE', *, *, #5047, .F. ) ;
#5195 = CARTESIAN_POINT ( 'NONE',  ( 19.92753309001852102, -39.65291186866470952, 11.55765156346825862 ) ) ;
#5196 = CARTESIAN_POINT ( 'NONE',  ( 4.500000000000002665, -21.74342645422166242, 25.00000000000000000 ) ) ;
#5197 = CARTESIAN_POINT ( 'NONE',  ( -18.22539674441620505, -43.99999999999999289, 5.562499997268813168 ) ) ;
#5198 =( GEOMETRIC_REPRESENTATION_CONTEXT ( 3 ) GLOBAL_UNCERTAINTY_ASSIGNED_CONTEXT ( ( #2063 ) ) GLOBAL_UNIT_ASSIGNED_CONTEXT ( ( #5190, #2017, #3585 ) ) REPRESENTATION_CONTEXT ( 'NONE', 'WORKASPACE' ) );
#5199 = LINE ( 'NONE', #1744, #1785 ) ;
#5200 = LINE ( 'NONE', #2501, #5955 ) ;
#5201 = CARTESIAN_POINT ( 'NONE',  ( -23.28319378380903970, -37.17473807020940768, 12.91914389085322412 ) ) ;
#5202 = CARTESIAN_POINT ( 'NONE',  ( -0.9999999999688455876, -13.25814507996681613, 25.00000000000000000 ) ) ;
#5203 = ORIENTED_EDGE ( 'NONE', *, *, #6871, .F. ) ;
#5204 = CARTESIAN_POINT ( 'NONE',  ( -1.537307524387969027, -7.842466480868148793, 26.00000000000000355 ) ) ;
#5205 = ORIENTED_EDGE ( 'NONE', *, *, #5674, .T. ) ;
#5206 = CARTESIAN_POINT ( 'NONE',  ( 18.22539674441618374, 44.00000000000000000, 2.187500000000000444 ) ) ;
#5207 = EDGE_LOOP ( 'NONE', ( #163, #430, #2091, #556 ) ) ;
#5208 = VERTEX_POINT ( 'NONE', #7114 ) ;
#5209 = CARTESIAN_POINT ( 'NONE',  ( 18.22539674441619439, -43.99999999999999289, 3.687499997268813168 ) ) ;
#5210 = CARTESIAN_POINT ( 'NONE',  ( 23.99999999999998934, -11.74861399321799382, 27.00000000000000355 ) ) ;
#5211 = CARTESIAN_POINT ( 'NONE',  ( 2.661079982058854631E-15, 43.45873412499999233, 3.562499998634406584 ) ) ;
#5212 = FACE_OUTER_BOUND ( 'NONE', #4933, .T. ) ;
#5213 = CARTESIAN_POINT ( 'NONE',  ( -6.969744850868069719, -12.69774741196330048, 27.00000000000000355 ) ) ;
#5214 = CARTESIAN_POINT ( 'NONE',  ( 4.500000000000002665, -21.74342645422166242, 25.00000000000000000 ) ) ;
#5215 = ORIENTED_EDGE ( 'NONE', *, *, #3435, .T. ) ;
#5216 = LINE ( 'NONE', #3499, #6215 ) ;
#5217 = CARTESIAN_POINT ( 'NONE',  ( 20.49999999999999645, -21.74342645422165177, 26.00000000000000355 ) ) ;
#5218 = LINE ( 'NONE', #5764, #5991 ) ;
#5219 = CARTESIAN_POINT ( 'NONE',  ( -44.00000000000000000, 5.388445916248353619E-15, 1.374999997268813390 ) ) ;
#5220 = ORIENTED_EDGE ( 'NONE', *, *, #2609, .F. ) ;
#5221 = CARTESIAN_POINT ( 'NONE',  ( -27.04174411919924026, -35.96867369332503017, 10.69977615111278801 ) ) ;
#5222 = CARTESIAN_POINT ( 'NONE',  ( 30.72996560157071855, 30.72996560157071855, 1.437499998634406806 ) ) ;
#5223 = EDGE_CURVE ( 'NONE', #6555, #3876, #4172, .T. ) ;
#5224 = CARTESIAN_POINT ( 'NONE',  ( -17.86377890089844911, -3.239555428697579398, 27.00000000000000355 ) ) ;
#5225 = CARTESIAN_POINT ( 'NONE',  ( -11.50000000000000000, -3.743426454221657984, 25.00000000000000000 ) ) ;
#5226 = CARTESIAN_POINT ( 'NONE',  ( 0.000000000000000000, 0.000000000000000000, 18.00000000000000000 ) ) ;
#5227 = VERTEX_POINT ( 'NONE', #4242 ) ;
#5228 = CARTESIAN_POINT ( 'NONE',  ( 20.62613525953957705, -39.99778444831896707, 12.36626135246595304 ) ) ;
#5229 = EDGE_CURVE ( 'NONE', #4983, #2619, #5365, .T. ) ;
#5230 = PLANE ( 'NONE',  #4366 ) ;
#5231 = CARTESIAN_POINT ( 'NONE',  ( -44.00000000000001421, -18.22539674441618018, 5.437499997268813168 ) ) ;
#5232 = EDGE_CURVE ( 'NONE', #1692, #6134, #3192, .T. ) ;
#5233 = CARTESIAN_POINT ( 'NONE',  ( -12.27920093138234847, -14.94731096458783703, 26.98210153675696787 ) ) ;
#5234 = CARTESIAN_POINT ( 'NONE',  ( -4.545522077323769672, -11.60027432554980109, 27.00000000000000711 ) ) ;
#5235 = EDGE_CURVE ( 'NONE', #5992, #4129, #388, .T. ) ;
#5236 = LINE ( 'NONE', #243, #4594 ) ;
#5237 = CARTESIAN_POINT ( 'NONE',  ( -29.50000000000000000, -14.99999999999999112, 18.00000000000000000 ) ) ;
#5238 = ORIENTED_EDGE ( 'NONE', *, *, #4817, .F. ) ;
#5239 = CARTESIAN_POINT ( 'NONE',  ( -3.382073315095320165, -7.170808065590951408, 27.00000000000000355 ) ) ;
#5240 = EDGE_CURVE ( 'NONE', #5766, #6711, #2272, .T. ) ;
#5241 = ORIENTED_EDGE ( 'NONE', *, *, #5671, .T. ) ;
#5242 = CARTESIAN_POINT ( 'NONE',  ( -31.11269837220808654, 31.11269837220809364, 1.375000000000000000 ) ) ;
#5243 = ORIENTED_EDGE ( 'NONE', *, *, #783, .F. ) ;
#5244 = CARTESIAN_POINT ( 'NONE',  ( 10.59999999999999787, -14.99999999999999822, 13.00000000000000000 ) ) ;
#5245 = CARTESIAN_POINT ( 'NONE',  ( 4.000000000000000000, -9.999999999999998224, 18.00000000000000000 ) ) ;
#5246 = CARTESIAN_POINT ( 'NONE',  ( -18.00119707814144121, 43.45873412499999233, 1.624999998634407028 ) ) ;
#5247 = DIRECTION ( 'NONE',  ( -0.000000000000000000, -0.000000000000000000, -1.000000000000000000 ) ) ;
#5248 = CARTESIAN_POINT ( 'NONE',  ( -3.542828210289662660, -10.20020962849207891, 27.00000000000000355 ) ) ;
#5249 = LINE ( 'NONE', #1901, #4693 ) ;
#5250 = ORIENTED_EDGE ( 'NONE', *, *, #4391, .T. ) ;
#5251 = FACE_BOUND ( 'NONE', #1831, .T. ) ;
#5252 = CARTESIAN_POINT ( 'NONE',  ( -11.02073862702369667, 6.941831779719170648, 26.27879237678674684 ) ) ;
#5253 = CARTESIAN_POINT ( 'NONE',  ( 44.00000000000000000, 0.000000000000000000, 0.8749999972688132788 ) ) ;
#5254 = ORIENTED_EDGE ( 'NONE', *, *, #1312, .F. ) ;
#5255 = CARTESIAN_POINT ( 'NONE',  ( -24.82502987916191017, -35.78650191339803399, 11.90612283836736118 ) ) ;
#5256 = CARTESIAN_POINT ( 'NONE',  ( 18.00119707814145187, -43.45873412499998523, 2.124999998634406584 ) ) ;
#5257 = EDGE_CURVE ( 'NONE', #6657, #6555, #964, .T. ) ;
#5258 = CARTESIAN_POINT ( 'NONE',  ( -31.11269837220809364, -31.11269837220808654, 0.6250000000000000000 ) ) ;
#5259 = CIRCLE ( 'NONE', #3057, 1.000000000000000888 ) ;
#5260 = CARTESIAN_POINT ( 'NONE',  ( 20.49999999999998934, -9.759909745017585792, 26.00000000000000355 ) ) ;
#5261 = LINE ( 'NONE', #3618, #1545 ) ;
#5262 = VERTEX_POINT ( 'NONE', #7076 ) ;
#5263 = CARTESIAN_POINT ( 'NONE',  ( 18.93331274339458048, -40.82315195997212953, 10.34710549384339373 ) ) ;
#5264 = DIRECTION ( 'NONE',  ( -0.000000000000000000, -0.000000000000000000, 1.000000000000000000 ) ) ;
#5265 = CARTESIAN_POINT ( 'NONE',  ( 2.661079982058854631E-15, 43.45873412499999233, 1.812499998634406584 ) ) ;
#5266 = VECTOR ( 'NONE', #1175, 1000.000000000000000 ) ;
#5267 = EDGE_CURVE ( 'NONE', #5862, #5470, #4312, .T. ) ;
#5268 = CARTESIAN_POINT ( 'NONE',  ( -10.75607499339804107, -6.237583624867193421, 27.00000000000000711 ) ) ;
#5269 =( BOUNDED_CURVE ( )  B_SPLINE_CURVE ( 3, ( #417, #4313, #4935, #4243 ),
 .UNSPECIFIED., .F., .F. ) 
 B_SPLINE_CURVE_WITH_KNOTS ( ( 4, 4 ),
 ( 0.000000000000000000, 1.570796326794896558 ),
 .UNSPECIFIED. ) 
 CURVE ( )  GEOMETRIC_REPRESENTATION_ITEM ( )  RATIONAL_B_SPLINE_CURVE ( ( 1.000000000000000000, 0.8047378541243649375, 0.8047378541243649375, 1.000000000000000000 ) ) 
 REPRESENTATION_ITEM ( '' )  );
#5270 = LINE ( 'NONE', #4614, #6109 ) ;
#5271 = CARTESIAN_POINT ( 'NONE',  ( 9.499999999999998224, -14.99999999999999822, 13.00000000000000000 ) ) ;
#5272 = ORIENTED_EDGE ( 'NONE', *, *, #3225, .T. ) ;
#5273 = CARTESIAN_POINT ( 'NONE',  ( -1.122946301665894708, -8.771061468181310161, 27.00000000000000000 ) ) ;
#5274 = CIRCLE ( 'NONE', #2016, 4.099999999999999645 ) ;
#5275 = VERTEX_POINT ( 'NONE', #1001 ) ;
#5276 = ORIENTED_EDGE ( 'NONE', *, *, #5591, .T. ) ;
#5277 = FACE_OUTER_BOUND ( 'NONE', #4597, .T. ) ;
#5278 = TOROIDAL_SURFACE ( 'NONE', #4345, 1.121320343559641941, 1.000000000000000000 ) ;
#5279 = EDGE_CURVE ( 'NONE', #3818, #2914, #4277, .T. ) ;
#5280 = EDGE_CURVE ( 'NONE', #4583, #6429, #4911, .T. ) ;
#5281 = ORIENTED_EDGE ( 'NONE', *, *, #6110, .F. ) ;
#5282 = CARTESIAN_POINT ( 'NONE',  ( 22.44371487149987132, -37.85669163984980656, 13.00000000000000000 ) ) ;
#5283 = DIRECTION ( 'NONE',  ( -0.000000000000000000, -0.000000000000000000, -1.000000000000000000 ) ) ;
#5284 = DIRECTION ( 'NONE',  ( 0.000000000000000000, -1.000000000000000000, 0.000000000000000000 ) ) ;
#5285 = CARTESIAN_POINT ( 'NONE',  ( -5.037947127880086917, -8.774529615539748306, 26.00000000000000711 ) ) ;
#5286 = CARTESIAN_POINT ( 'NONE',  ( -10.86769932183191933, -13.25310236609748671, 27.00000000000000355 ) ) ;
#5287 = CARTESIAN_POINT ( 'NONE',  ( -44.00000000000000000, 5.388445916248353619E-15, 1.500000000000000000 ) ) ;
#5288 = VECTOR ( 'NONE', #4005, 1000.000000000000000 ) ;
#5289 = ORIENTED_EDGE ( 'NONE', *, *, #4923, .F. ) ;
#5290 = DIRECTION ( 'NONE',  ( 2.895182638072235125E-16, -1.000000000000000000, -0.000000000000000000 ) ) ;
#5291 = AXIS2_PLACEMENT_3D ( 'NONE', #5619, #2374, #5108 ) ;
#5292 = CARTESIAN_POINT ( 'NONE',  ( -2.102793582107832737, -10.49218273293719328, 26.99999999999999289 ) ) ;
#5293 = ORIENTED_EDGE ( 'NONE', *, *, #5499, .F. ) ;
#5294 = CARTESIAN_POINT ( 'NONE',  ( -15.99999999999999645, 20.00000000000000000, 25.00000000000000000 ) ) ;
#5295 = CARTESIAN_POINT ( 'NONE',  ( -43.45873412499999944, -18.00119707814143410, 0.8749999986344069169 ) ) ;
#5296 = DIRECTION ( 'NONE',  ( -1.000000000000000000, 0.000000000000000000, 0.000000000000000000 ) ) ;
#5297 = VECTOR ( 'NONE', #5283, 1000.000000000000000 ) ;
#5298 = CARTESIAN_POINT ( 'NONE',  ( -2.741399026205156186, -13.05938212239384377, 26.00000000000000355 ) ) ;
#5299 = PLANE ( 'NONE',  #2468 ) ;
#5300 = ORIENTED_EDGE ( 'NONE', *, *, #1795, .F. ) ;
#5301 = CARTESIAN_POINT ( 'NONE',  ( 20.99018816804324672, -39.80730325548063320, 12.61847646401084155 ) ) ;
#5302 = DIRECTION ( 'NONE',  ( 1.734723475976807587E-16, 1.000000000000000000, 0.000000000000000000 ) ) ;
#5303 = CARTESIAN_POINT ( 'NONE',  ( -43.45873412499999233, 18.00119707814145187, 1.999999998634406806 ) ) ;
#5304 = CARTESIAN_POINT ( 'NONE',  ( -18.22539674441618374, 44.00000000000000000, 3.312500000000000000 ) ) ;
#5305 = VECTOR ( 'NONE', #1214, 1000.000000000000000 ) ;
#5306 = CARTESIAN_POINT ( 'NONE',  ( 23.90089207390273174, -38.12909235588471546, 6.088412863113833673 ) ) ;
#5307 = LINE ( 'NONE', #315, #1563 ) ;
#5308 = EDGE_LOOP ( 'NONE', ( #1949, #3608 ) ) ;
#5309 = CARTESIAN_POINT ( 'NONE',  ( -1.053796437221296678, -10.37436432942022790, 27.00000000000000000 ) ) ;
#5310 = ORIENTED_EDGE ( 'NONE', *, *, #915, .F. ) ;
#5311 = CARTESIAN_POINT ( 'NONE',  ( -31.11269837220809364, -31.11269837220808654, 4.625000000000000000 ) ) ;
#5312 = EDGE_CURVE ( 'NONE', #5600, #4649, #5010, .T. ) ;
#5313 = ORIENTED_EDGE ( 'NONE', *, *, #1408, .T. ) ;
#5314 = CARTESIAN_POINT ( 'NONE',  ( 23.99999999999999289, -9.759909745017592897, 26.58578643762690064 ) ) ;
#5315 = DIRECTION ( 'NONE',  ( 1.000000000000000000, 0.000000000000000000, -0.000000000000000000 ) ) ;
#5316 = EDGE_CURVE ( 'NONE', #5176, #3478, #7139, .T. ) ;
#5317 = PLANE ( 'NONE',  #7169 ) ;
#5318 = LINE ( 'NONE', #6012, #5731 ) ;
#5319 = EDGE_CURVE ( 'NONE', #6289, #5470, #4498, .T. ) ;
#5320 = DIRECTION ( 'NONE',  ( -1.000000000000000000, 0.000000000000000000, 0.000000000000000000 ) ) ;
#5321 = VERTEX_POINT ( 'NONE', #6058 ) ;
#5322 = CARTESIAN_POINT ( 'NONE',  ( 0.000000000000000000, 0.000000000000000000, 23.00000000000000000 ) ) ;
#5323 = CARTESIAN_POINT ( 'NONE',  ( -8.487173056622566492, -14.48401451828164177, 27.00000000000000711 ) ) ;
#5324 = DIRECTION ( 'NONE',  ( 0.5038710255240860247, -0.8637789008984334549, 0.000000000000000000 ) ) ;
#5325 = VERTEX_POINT ( 'NONE', #6167 ) ;
#5326 = CARTESIAN_POINT ( 'NONE',  ( -17.00000000000001776, -20.74342645422166242, 26.00000000000000355 ) ) ;
#5327 = DIRECTION ( 'NONE',  ( -0.000000000000000000, -0.000000000000000000, -1.000000000000000000 ) ) ;
#5328 = CARTESIAN_POINT ( 'NONE',  ( 43.99999999999999289, -18.22539674441621216, 1.937500000000000000 ) ) ;
#5329 =( BOUNDED_CURVE ( )  B_SPLINE_CURVE ( 3, ( #1179, #629, #1252, #4998 ),
 .UNSPECIFIED., .F., .F. ) 
 B_SPLINE_CURVE_WITH_KNOTS ( ( 4, 4 ),
 ( 0.000000000000000000, 1.570796326794896558 ),
 .UNSPECIFIED. ) 
 CURVE ( )  GEOMETRIC_REPRESENTATION_ITEM ( )  RATIONAL_B_SPLINE_CURVE ( ( 1.000000000000000000, 0.8047378541243649375, 0.8047378541243649375, 1.000000000000000000 ) ) 
 REPRESENTATION_ITEM ( '' )  );
#5330 = FACE_OUTER_BOUND ( 'NONE', #4619, .T. ) ;
#5331 = LINE ( 'NONE', #6525, #6768 ) ;
#5332 = ORIENTED_EDGE ( 'NONE', *, *, #5984, .T. ) ;
#5333 = CARTESIAN_POINT ( 'NONE',  ( -11.49999999999999822, -7.243426454221660649, 25.00000000000000000 ) ) ;
#5334 = CARTESIAN_POINT ( 'NONE',  ( -22.04897803973921100, -39.22940155441028054, 6.998180002174152037 ) ) ;
#5335 = CARTESIAN_POINT ( 'NONE',  ( 31.11269837220808299, -31.11269837220809364, 4.749999997268813168 ) ) ;
#5336 = CARTESIAN_POINT ( 'NONE',  ( 18.22539674441618374, 44.00000000000000000, 3.187500000000000444 ) ) ;
#5337 = CARTESIAN_POINT ( 'NONE',  ( -29.50000000000000000, -14.99999999999999112, 18.00000000000000000 ) ) ;
#5338 = CARTESIAN_POINT ( 'NONE',  ( -19.07169210988246633, -40.75874228992737613, 8.885418967725813744 ) ) ;
#5339 = CARTESIAN_POINT ( 'NONE',  ( 20.31665723546431934, -39.02896608464878625, 12.06687471019140645 ) ) ;
#5340 = EDGE_LOOP ( 'NONE', ( #6283, #3695 ) ) ;
#5341 = CARTESIAN_POINT ( 'NONE',  ( -2.229541959016868358, -10.80442923406554279, 27.00000000000000355 ) ) ;
#5342 = ORIENTED_EDGE ( 'NONE', *, *, #5123, .T. ) ;
#5343 = CARTESIAN_POINT ( 'NONE',  ( 31.11269837220808299, -31.11269837220809364, 4.749999997268813168 ) ) ;
#5344 = ADVANCED_FACE ( 'NONE', ( #1070 ), #3290, .F. ) ;
#5345 = CARTESIAN_POINT ( 'NONE',  ( -23.40770366578749773, -12.74342645422166598, 27.00000000000000355 ) ) ;
#5346 = ORIENTED_EDGE ( 'NONE', *, *, #2658, .F. ) ;
#5347 = DIRECTION ( 'NONE',  ( 0.000000000000000000, 1.000000000000000000, 0.000000000000000000 ) ) ;
#5348 = CARTESIAN_POINT ( 'NONE',  ( -25.50000000000000355, -27.50000000000000000, 23.00000000000000000 ) ) ;
#5349 = CARTESIAN_POINT ( 'NONE',  ( -8.929238224710607241, 6.949538567781226917, 27.00000000000000355 ) ) ;
#5350 = DIRECTION ( 'NONE',  ( 0.000000000000000000, -1.000000000000000000, 0.000000000000000000 ) ) ;
#5351 = DIRECTION ( 'NONE',  ( -0.5257735485092256411, 0.8506245797577313139, 0.000000000000000000 ) ) ;
#5352 = DIRECTION ( 'NONE',  ( -1.982541115402068857E-15, 1.000000000000000000, 0.000000000000000000 ) ) ;
#5353 = EDGE_CURVE ( 'NONE', #5832, #2231, #87, .T. ) ;
#5354 = ORIENTED_EDGE ( 'NONE', *, *, #2471, .T. ) ;
#5355 = LINE ( 'NONE', #5217, #1806 ) ;
#5356 = CARTESIAN_POINT ( 'NONE',  ( -6.073951600882085522, -5.657543851559940329, 27.00000000000000355 ) ) ;
#5357 = CARTESIAN_POINT ( 'NONE',  ( -26.61219916441422484, -36.28790242778183028, 8.082073682625765088 ) ) ;
#5358 = ORIENTED_EDGE ( 'NONE', *, *, #3674, .T. ) ;
#5359 = DIRECTION ( 'NONE',  ( 1.000000000000000000, 1.982541115402066096E-15, 0.000000000000000000 ) ) ;
#5360 = CARTESIAN_POINT ( 'NONE',  ( 30.72996560157071144, -30.72996560157072565, 5.187499998634407028 ) ) ;
#5361 = ADVANCED_FACE ( 'NONE', ( #6626 ), #6743, .T. ) ;
#5362 = ADVANCED_FACE ( 'NONE', ( #1111 ), #5003, .T. ) ;
#5363 = APPLICATION_PROTOCOL_DEFINITION ( 'draft international standard', 'automotive_design', 1998, #4714 ) ;
#5364 = DIRECTION ( 'NONE',  ( -1.000000000000000000, 0.000000000000000000, 0.000000000000000000 ) ) ;
#5365 = LINE ( 'NONE', #6524, #3205 ) ;
#5366 = DIRECTION ( 'NONE',  ( 1.000000000000000000, 0.000000000000000000, 0.000000000000000000 ) ) ;
#5367 = ORIENTED_EDGE ( 'NONE', *, *, #3713, .T. ) ;
#5368 = CARTESIAN_POINT ( 'NONE',  ( -19.83818644155354249, -39.27410325384516199, 11.39934793353224762 ) ) ;
#5369 = LINE ( 'NONE', #5479, #5645 ) ;
#5370 = CARTESIAN_POINT ( 'NONE',  ( -7.983239946176564682E-15, -43.45873412499999233, 3.312499998634406584 ) ) ;
#5371 = LINE ( 'NONE', #824, #513 ) ;
#5372 = VECTOR ( 'NONE', #170, 1000.000000000000000 ) ;
#5373 =( BOUNDED_CURVE ( )  B_SPLINE_CURVE ( 3, ( #2870, #2348, #1703, #3924 ),
 .UNSPECIFIED., .F., .F. ) 
 B_SPLINE_CURVE_WITH_KNOTS ( ( 4, 4 ),
 ( 4.712388980384689674, 6.283185307179586232 ),
 .UNSPECIFIED. ) 
 CURVE ( )  GEOMETRIC_REPRESENTATION_ITEM ( )  RATIONAL_B_SPLINE_CURVE ( ( 1.000000000000000000, 0.8047378541243649375, 0.8047378541243649375, 1.000000000000000000 ) ) 
 REPRESENTATION_ITEM ( '' )  );
#5374 = CARTESIAN_POINT ( 'NONE',  ( -38.18459035703558158, -22.05062966264406299, 19.99999999999999645 ) ) ;
#5375 = CARTESIAN_POINT ( 'NONE',  ( -18.92104870339568023, -40.82883682375297241, 10.29220450377380480 ) ) ;
#5376 = LINE ( 'NONE', #3201, #2238 ) ;
#5377 = ORIENTED_EDGE ( 'NONE', *, *, #5037, .F. ) ;
#5378 = CARTESIAN_POINT ( 'NONE',  ( -10.02801935305344117, -15.69221935852490724, 27.00000000000000711 ) ) ;
#5379 = VECTOR ( 'NONE', #1531, 1000.000000000000000 ) ;
#5380 = DIRECTION ( 'NONE',  ( 0.000000000000000000, 1.000000000000000000, 0.000000000000000000 ) ) ;
#5381 = VECTOR ( 'NONE', #3641, 1000.000000000000000 ) ;
#5382 = CARTESIAN_POINT ( 'NONE',  ( 4.000000000000000000, 10.00000000000000178, 18.00000000000000000 ) ) ;
#5383 = VERTEX_POINT ( 'NONE', #4598 ) ;
#5384 = CARTESIAN_POINT ( 'NONE',  ( 21.84465468539448452, -1.500000000000003331, 23.00000000000000000 ) ) ;
#5385 = CARTESIAN_POINT ( 'NONE',  ( -15.99999999999999645, 20.00000000000000000, 23.00000000000000000 ) ) ;
#5386 = CARTESIAN_POINT ( 'NONE',  ( -1.499999999999997113, 26.00000000000000000, 18.00000000000000000 ) ) ;
#5387 = DIRECTION ( 'NONE',  ( 0.000000000000000000, -1.000000000000000000, 0.000000000000000000 ) ) ;
#5388 = LINE ( 'NONE', #6477, #619 ) ;
#5389 = DIRECTION ( 'NONE',  ( -1.000000000000000000, -3.854941057726240562E-16, 0.000000000000000000 ) ) ;
#5390 = ORIENTED_EDGE ( 'NONE', *, *, #3716, .F. ) ;
#5391 = ORIENTED_EDGE ( 'NONE', *, *, #432, .T. ) ;
#5392 = CARTESIAN_POINT ( 'NONE',  ( 18.00119707814144832, -43.45873412499998523, 1.374999998634407250 ) ) ;
#5393 = VECTOR ( 'NONE', #2417, 1000.000000000000114 ) ;
#5394 = CARTESIAN_POINT ( 'NONE',  ( -2.025903089744464314, -10.11928718935939564, 26.99999999999999645 ) ) ;
#5395 = CARTESIAN_POINT ( 'NONE',  ( -27.06579629576676993, -35.95056363601639760, 10.55205328433865830 ) ) ;
#5396 = ORIENTED_EDGE ( 'NONE', *, *, #2165, .T. ) ;
#5397 = CARTESIAN_POINT ( 'NONE',  ( 43.45873412499998523, -18.00119707814146963, 3.249999998634406140 ) ) ;
#5398 = EDGE_CURVE ( 'NONE', #148, #3506, #2385, .T. ) ;
#5399 = CIRCLE ( 'NONE', #5871, 45.00000000000000711 ) ;
#5400 = CARTESIAN_POINT ( 'NONE',  ( -29.50000000000000000, -14.99999999999999112, 18.00000000000000000 ) ) ;
#5401 = ORIENTED_EDGE ( 'NONE', *, *, #3981, .F. ) ;
#5402 = CARTESIAN_POINT ( 'NONE',  ( 10.21300902617326933, 7.242960252305231883, 27.00000000000000355 ) ) ;
#5403 = LINE ( 'NONE', #3117, #4789 ) ;
#5404 = VERTEX_POINT ( 'NONE', #261 ) ;
#5405 = CARTESIAN_POINT ( 'NONE',  ( 0.000000000000000000, 0.000000000000000000, 25.00000000000000000 ) ) ;
#5406 = VECTOR ( 'NONE', #6103, 1000.000000000000000 ) ;
#5407 = ORIENTED_EDGE ( 'NONE', *, *, #2792, .F. ) ;
#5408 = FACE_OUTER_BOUND ( 'NONE', #787, .T. ) ;
#5409 = CARTESIAN_POINT ( 'NONE',  ( 43.45873412499999233, 0.000000000000000000, 4.562499998634407028 ) ) ;
#5410 = EDGE_CURVE ( 'NONE', #2566, #2409, #5692, .T. ) ;
#5411 = CARTESIAN_POINT ( 'NONE',  ( -2.734631699826626683, -6.409373778347564610, 26.00000000000000000 ) ) ;
#5412 = EDGE_CURVE ( 'NONE', #5074, #2121, #3196, .T. ) ;
#5413 = VECTOR ( 'NONE', #1661, 1000.000000000000000 ) ;
#5414 = CARTESIAN_POINT ( 'NONE',  ( 18.22539674441618374, 44.00000000000000000, 5.062499997268813168 ) ) ;
#5415 = DIRECTION ( 'NONE',  ( 1.000000000000000000, -9.912705577010330480E-16, 0.000000000000000000 ) ) ;
#5416 = CARTESIAN_POINT ( 'NONE',  ( -21.63271953285546445, -39.46095771565610733, 12.90267263362473571 ) ) ;
#5417 = CARTESIAN_POINT ( 'NONE',  ( 22.13582925521993872, -38.02694231812005654, 7.016547382735217830 ) ) ;
#5418 = ORIENTED_EDGE ( 'NONE', *, *, #1447, .F. ) ;
#5419 = CARTESIAN_POINT ( 'NONE',  ( -11.63576318510584429, -15.75077825160647471, 26.00000000000000355 ) ) ;
#5420 = CARTESIAN_POINT ( 'NONE',  ( 43.99999999999999289, -18.22539674441620861, 4.937500000000001776 ) ) ;
#5421 = VECTOR ( 'NONE', #2306, 1000.000000000000000 ) ;
#5422 = CARTESIAN_POINT ( 'NONE',  ( -22.19608247804934109, -38.05316273112329384, 13.00000000000000711 ) ) ;
#5423 = ORIENTED_EDGE ( 'NONE', *, *, #1275, .F. ) ;
#5424 = CARTESIAN_POINT ( 'NONE',  ( -25.47953570029034864, -35.87204099759609477, 8.920907454066485442 ) ) ;
#5425 = DIRECTION ( 'NONE',  ( 1.000000000000000000, 0.000000000000000000, 0.000000000000000000 ) ) ;
#5426 = CARTESIAN_POINT ( 'NONE',  ( 43.45873412499999233, 0.000000000000000000, 5.312499998634407028 ) ) ;
#5427 = CARTESIAN_POINT ( 'NONE',  ( -4.498577233170117928, -9.676685628681669371, 26.00000000000000711 ) ) ;
#5428 = CARTESIAN_POINT ( 'NONE',  ( -11.53948584496444774, -12.28297662373015697, 26.31368560003034318 ) ) ;
#5429 = DIRECTION ( 'NONE',  ( 0.000000000000000000, 0.000000000000000000, 1.000000000000000000 ) ) ;
#5430 = ORIENTED_EDGE ( 'NONE', *, *, #1500, .T. ) ;
#5431 = CARTESIAN_POINT ( 'NONE',  ( -18.00119707814146608, -43.45873412499998523, 1.249999998634407028 ) ) ;
#5432 = CARTESIAN_POINT ( 'NONE',  ( -9.485649777393845739, -4.830100096059780412, 27.00000000000000711 ) ) ;
#5433 = CARTESIAN_POINT ( 'NONE',  ( -24.29709344156673367, -37.87776735080308299, 6.195110376503437877 ) ) ;
#5434 = VERTEX_POINT ( 'NONE', #1256 ) ;
#5435 = DIRECTION ( 'NONE',  ( 0.000000000000000000, 0.000000000000000000, -1.000000000000000000 ) ) ;
#5436 = DIRECTION ( 'NONE',  ( -0.5038710255240855806, 0.8637789008984336769, -0.000000000000000000 ) ) ;
#5437 = CARTESIAN_POINT ( 'NONE',  ( -31.00000000000000355, -14.99999999999999112, 18.00000000000000000 ) ) ;
#5438 = VERTEX_POINT ( 'NONE', #6266 ) ;
#5439 = ADVANCED_FACE ( 'NONE', ( #152 ), #4092, .F. ) ;
#5440 = DIRECTION ( 'NONE',  ( -1.000000000000000000, 9.912705577010320619E-16, 0.000000000000000000 ) ) ;
#5441 = DIRECTION ( 'NONE',  ( 0.000000000000000000, -0.000000000000000000, 1.000000000000000000 ) ) ;
#5442 = ORIENTED_EDGE ( 'NONE', *, *, #4919, .F. ) ;
#5443 = DIRECTION ( 'NONE',  ( 0.000000000000000000, 0.000000000000000000, 1.000000000000000000 ) ) ;
#5444 = ORIENTED_EDGE ( 'NONE', *, *, #1814, .T. ) ;
#5445 = CARTESIAN_POINT ( 'NONE',  ( 1.000000000000000888, -3.743426454221664645, 25.99999999999999645 ) ) ;
#5446 = CARTESIAN_POINT ( 'NONE',  ( -43.45873412499999944, -18.00119707814143410, 5.124999998634405252 ) ) ;
#5447 = LINE ( 'NONE', #6601, #2985 ) ;
#5448 = CARTESIAN_POINT ( 'NONE',  ( -2.879793265790635548, -44.00000000000000000, 19.99999999999999645 ) ) ;
#5449 = EDGE_CURVE ( 'NONE', #4627, #4311, #6304, .T. ) ;
#5450 = EDGE_CURVE ( 'NONE', #6832, #578, #5218, .T. ) ;
#5451 = CARTESIAN_POINT ( 'NONE',  ( -19.54726312179307968, -40.53316758968804834, 12.14495171771523552 ) ) ;
#5452 = CARTESIAN_POINT ( 'NONE',  ( 21.77525834771984492, -38.23455770336489223, 7.083090781620386522 ) ) ;
#5453 = EDGE_LOOP ( 'NONE', ( #5243, #5136, #2512, #7105 ) ) ;
#5454 = CARTESIAN_POINT ( 'NONE',  ( -2.464874773353142423, -11.25710119815728305, 27.00000000000000355 ) ) ;
#5455 = CARTESIAN_POINT ( 'NONE',  ( 4.112469581981344014E-14, -20.74342645422169440, 27.00000000000000355 ) ) ;
#5456 = EDGE_CURVE ( 'NONE', #3892, #6185, #117, .T. ) ;
#5457 = EDGE_CURVE ( 'NONE', #4727, #5787, #5801, .T. ) ;
#5458 = LINE ( 'NONE', #5928, #6791 ) ;
#5459 = ORIENTED_EDGE ( 'NONE', *, *, #6870, .T. ) ;
#5460 = CARTESIAN_POINT ( 'NONE',  ( -24.08553833316135240, -36.82280028463117105, 7.402441433740830412 ) ) ;
#5461 = DIRECTION ( 'NONE',  ( 0.000000000000000000, 0.000000000000000000, -1.000000000000000000 ) ) ;
#5462 = CARTESIAN_POINT ( 'NONE',  ( -18.22539674441618374, 44.00000000000000000, 3.187499997268814056 ) ) ;
#5463 = CARTESIAN_POINT ( 'NONE',  ( 17.00000000000000000, -3.743426454221659760, 26.00000000000000355 ) ) ;
#5464 = CARTESIAN_POINT ( 'NONE',  ( -18.00119707814146608, -43.45873412499998523, 0.9999999986344065839 ) ) ;
#5465 =( BOUNDED_CURVE ( )  B_SPLINE_CURVE ( 2, ( #4336, #2630, #2703, #6014, #6551, #7182, #4992, #446, #5538, #4304, #4374, #5431, #1026, #5392, #6480, #4852, #3175, #553, #4888, #6616, #953, #4922, #2775, #7141, #5938, #2191, #6584, #6515, #3250, #2158, #3, #479, #1641, #405, #4410, #1576, #1608, #2670, #2742, #1537, #4961, #7068, #2224, #2118, #3792, #6049, #3825, #3754, #1062, #5975, #5501, #515, #7106, #990, #1503, #3218, #5467, #6084, #3862, #1099, #3318, #3719, #6696, #5648, #3905, #2950, #1753, #4520, #6123, #6654, #3974, #586, #2264, #3352, #1137, #1173, #3492, #5127, #4486, #2812, #3939 ),
 .UNSPECIFIED., .F., .F. ) 
 B_SPLINE_CURVE_WITH_KNOTS ( ( 3, 2, 2, 2, 2, 2, 2, 2, 2, 2, 2, 2, 2, 2, 2, 2, 2, 2, 2, 2, 2, 2, 2, 2, 2, 2, 2, 2, 2, 2, 2, 2, 2, 2, 2, 2, 2, 2, 2, 2, 3 ),
 ( 0.000000000000000000, 0.02500000000000000139, 0.05000000000000000278, 0.07499999999999999722, 0.1000000000000000056, 0.1250000000000000000, 0.1499999999999999944, 0.1749999999999999889, 0.2000000000000000111, 0.2250000000000000056, 0.2500000000000000000, 0.2750000000000000222, 0.2999999999999999889, 0.3250000000000000111, 0.3499999999999999778, 0.3750000000000000000, 0.4000000000000000222, 0.4249999999999999889, 0.4500000000000000111, 0.4749999999999999778, 0.5000000000000000000, 0.5250000000000000222, 0.5500000000000000444, 0.5749999999999999556, 0.5999999999999999778, 0.6250000000000000000, 0.6500000000000000222, 0.6750000000000000444, 0.6999999999999999556, 0.7249999999999999778, 0.7500000000000000000, 0.7750000000000000222, 0.8000000000000000444, 0.8249999999999999556, 0.8499999999999999778, 0.8750000000000000000, 0.9000000000000000222, 0.9250000000000000444, 0.9499999999999999556, 0.9749999999999999778, 1.000000000000000000 ),
 .UNSPECIFIED. ) 
 CURVE ( )  GEOMETRIC_REPRESENTATION_ITEM ( )  RATIONAL_B_SPLINE_CURVE ( ( 1.000000000000000000, 0.9238795325112867385, 1.000000000000000000, 0.9238795325112867385, 1.000000000000000000, 0.9238795325112867385, 1.000000000000000000, 0.9238795325112867385, 1.000000000000000000, 0.9238795325112867385, 1.000000000000000000, 0.9238795325112867385, 1.000000000000000000, 0.9238795325112867385, 1.000000000000000000, 0.9238795325112867385, 1.000000000000000000, 0.9238795325112867385, 1.000000000000000000, 0.9238795325112867385, 1.000000000000000000, 0.9238795325112867385, 1.000000000000000000, 0.9238795325112867385, 1.000000000000000000, 0.9238795325112867385, 1.000000000000000000, 0.9238795325112867385, 1.000000000000000000, 0.9238795325112867385, 1.000000000000000000, 0.9238795325112867385, 1.000000000000000000, 0.9238795325112867385, 1.000000000000000000, 0.9238795325112867385, 1.000000000000000000, 0.9238795325112867385, 1.000000000000000000, 0.9238795325112867385, 1.000000000000000000, 0.9238795325112867385, 1.000000000000000000, 0.9238795325112867385, 1.000000000000000000, 0.9238795325112867385, 1.000000000000000000, 0.9238795325112867385, 1.000000000000000000, 0.9238795325112867385, 1.000000000000000000, 0.9238795325112867385, 1.000000000000000000, 0.9238795325112867385, 1.000000000000000000, 0.9238795325112867385, 1.000000000000000000, 0.9238795325112867385, 1.000000000000000000, 0.9238795325112867385, 1.000000000000000000, 0.9238795325112867385, 1.000000000000000000, 0.9238795325112867385, 1.000000000000000000, 0.9238795325112867385, 1.000000000000000000, 0.9238795325112867385, 1.000000000000000000, 0.9238795325112867385, 1.000000000000000000, 0.9238795325112867385, 1.000000000000000000, 0.9238795325112867385, 1.000000000000000000, 0.9238795325112867385, 1.000000000000000000, 0.9238795325112867385, 1.000000000000000000, 0.9238795325112867385, 1.000000000000000000 ) ) 
 REPRESENTATION_ITEM ( '' )  );
#5466 = ORIENTED_EDGE ( 'NONE', *, *, #6824, .F. ) ;
#5467 = CARTESIAN_POINT ( 'NONE',  ( -43.45873412499999233, 5.322159964117709262E-15, 4.062499998634407028 ) ) ;
#5468 = CARTESIAN_POINT ( 'NONE',  ( 27.10429922530051172, -35.92154026658148069, 9.932950655782143201 ) ) ;
#5469 = CARTESIAN_POINT ( 'NONE',  ( -17.72116113762921330, -21.32921289184856661, 27.00000000000000355 ) ) ;
#5470 = VERTEX_POINT ( 'NONE', #2893 ) ;
#5471 = LINE ( 'NONE', #7148, #1932 ) ;
#5472 = CARTESIAN_POINT ( 'NONE',  ( -43.45873412499999944, -18.00119707814143410, 3.874999998634406140 ) ) ;
#5473 = DIRECTION ( 'NONE',  ( -0.000000000000000000, -0.000000000000000000, -1.000000000000000000 ) ) ;
#5474 = EDGE_LOOP ( 'NONE', ( #759, #486, #5950, #1916 ) ) ;
#5475 = FACE_OUTER_BOUND ( 'NONE', #2819, .T. ) ;
#5476 = ORIENTED_EDGE ( 'NONE', *, *, #2433, .T. ) ;
#5477 = DIRECTION ( 'NONE',  ( -0.5038710255240861358, -0.8637789008984333439, -0.000000000000000000 ) ) ;
#5478 = ORIENTED_EDGE ( 'NONE', *, *, #5229, .F. ) ;
#5479 = CARTESIAN_POINT ( 'NONE',  ( -31.00000000000000355, 10.00000000000000178, 23.00000000000000000 ) ) ;
#5480 = FACE_OUTER_BOUND ( 'NONE', #1620, .T. ) ;
#5481 = EDGE_CURVE ( 'NONE', #5522, #906, #395, .T. ) ;
#5482 = FACE_OUTER_BOUND ( 'NONE', #7059, .T. ) ;
#5483 = CARTESIAN_POINT ( 'NONE',  ( -39.54865025904197751, -19.49865308019175103, 20.00000000000000000 ) ) ;
#5484 = CARTESIAN_POINT ( 'NONE',  ( -20.13975829360075664, -39.51542598925045269, 11.85461085115876401 ) ) ;
#5485 = CARTESIAN_POINT ( 'NONE',  ( -44.00000000000003553, 18.22539674441615531, 2.312499997268813612 ) ) ;
#5486 = ORIENTED_EDGE ( 'NONE', *, *, #5450, .F. ) ;
#5487 = CARTESIAN_POINT ( 'NONE',  ( -1.188628397454494667, -10.88747307552981880, 26.00000000000000355 ) ) ;
#5488 = CARTESIAN_POINT ( 'NONE',  ( -17.00000000000001421, -21.74342645422166242, 26.00000000000000355 ) ) ;
#5489 = EDGE_CURVE ( 'NONE', #5227, #3818, #2447, .T. ) ;
#5490 = DIRECTION ( 'NONE',  ( 6.938893903907227392E-16, -1.000000000000000000, 0.000000000000000000 ) ) ;
#5491 = ORIENTED_EDGE ( 'NONE', *, *, #4029, .T. ) ;
#5492 = CARTESIAN_POINT ( 'NONE',  ( -24.88958760519540903, -36.28403365693462490, 8.022529143127311357 ) ) ;
#5493 = VECTOR ( 'NONE', #4207, 1000.000000000000000 ) ;
#5494 = CARTESIAN_POINT ( 'NONE',  ( 26.84465468539448807, -3.287522043468436264E-15, 18.00000000000000000 ) ) ;
#5495 = CARTESIAN_POINT ( 'NONE',  ( -44.00000000000000000, 5.388445916248353619E-15, 2.374999997268813612 ) ) ;
#5496 = CARTESIAN_POINT ( 'NONE',  ( -42.59273254217915650, 11.40843301440141211, 20.00000000000000000 ) ) ;
#5497 = CARTESIAN_POINT ( 'NONE',  ( 30.72996560157071855, 30.72996560157071855, 1.437499998634406806 ) ) ;
#5498 = ADVANCED_FACE ( 'NONE', ( #6883 ), #6774, .T. ) ;
#5499 = EDGE_CURVE ( 'NONE', #1929, #6628, #6235, .T. ) ;
#5500 = EDGE_LOOP ( 'NONE', ( #2858, #1018, #2669 ) ) ;
#5501 = CARTESIAN_POINT ( 'NONE',  ( 30.72996560157071855, 30.72996560157071855, 3.687499998634407028 ) ) ;
#5502 =( BOUNDED_CURVE ( )  B_SPLINE_CURVE ( 3, ( #6274, #5845, #6821, #5700 ),
 .UNSPECIFIED., .F., .F. ) 
 B_SPLINE_CURVE_WITH_KNOTS ( ( 4, 4 ),
 ( 0.000000000000000000, 1.570796326794895448 ),
 .UNSPECIFIED. ) 
 CURVE ( )  GEOMETRIC_REPRESENTATION_ITEM ( )  RATIONAL_B_SPLINE_CURVE ( ( 1.000000000000000000, 0.8047378541243652705, 0.8047378541243652705, 1.000000000000000000 ) ) 
 REPRESENTATION_ITEM ( '' )  );
#5503 = CARTESIAN_POINT ( 'NONE',  ( 25.87285671474099402, -36.81918399363834027, 7.130222850646336319 ) ) ;
#5504 = CARTESIAN_POINT ( 'NONE',  ( -31.11269837220809364, -31.11269837220808654, 2.499999997268813612 ) ) ;
#5505 = VERTEX_POINT ( 'NONE', #6958 ) ;
#5506 = VECTOR ( 'NONE', #2007, 1000.000000000000000 ) ;
#5507 = CARTESIAN_POINT ( 'NONE',  ( 43.45873412499999233, 0.000000000000000000, 5.437499998634406140 ) ) ;
#5508 = CARTESIAN_POINT ( 'NONE',  ( -4.591475401343031670, -9.326573121300054225, 26.00000000000000355 ) ) ;
#5509 = AXIS2_PLACEMENT_3D ( 'NONE', #6262, #4660, #732 ) ;
#5510 = CARTESIAN_POINT ( 'NONE',  ( -8.949538567781235798, 9.070761775289389206, 26.14016610581699496 ) ) ;
#5511 = VERTEX_POINT ( 'NONE', #1540 ) ;
#5512 = DIRECTION ( 'NONE',  ( 0.000000000000000000, 0.000000000000000000, 1.000000000000000000 ) ) ;
#5513 = CARTESIAN_POINT ( 'NONE',  ( 30.99999999999998934, -3.743426454221657540, 25.00000000000000000 ) ) ;
#5514 = EDGE_LOOP ( 'NONE', ( #2864, #393, #1617, #6302 ) ) ;
#5515 = ORIENTED_EDGE ( 'NONE', *, *, #2969, .T. ) ;
#5516 = CARTESIAN_POINT ( 'NONE',  ( -24.08282834561879326, -38.01447482382967280, 6.131941311893776003 ) ) ;
#5517 = CARTESIAN_POINT ( 'NONE',  ( 28.34465468539448807, 15.00000000000000000, 18.00000000000000000 ) ) ;
#5518 = PRODUCT ( 'Хрум_перед (1)', 'Хрум_перед (1)', '', ( #4781 ) ) ;
#5519 = CARTESIAN_POINT ( 'NONE',  ( -24.00000000000001421, -15.74342645422166775, 26.00000000000000355 ) ) ;
#5520 = DIRECTION ( 'NONE',  ( 1.000000000000000000, -1.734723475976800586E-15, 0.000000000000000000 ) ) ;
#5521 = CARTESIAN_POINT ( 'NONE',  ( -21.61304353333144590, -39.46994235144408947, 6.240925979401408696 ) ) ;
#5522 = VERTEX_POINT ( 'NONE', #3755 ) ;
#5523 = CARTESIAN_POINT ( 'NONE',  ( 19.93713144826410399, -39.64658966207723267, 8.437256307804041455 ) ) ;
#5524 = CARTESIAN_POINT ( 'NONE',  ( 31.11269837220808299, -31.11269837220809364, 2.875000000000000000 ) ) ;
#5525 = VECTOR ( 'NONE', #2130, 1000.000000000000000 ) ;
#5526 = CARTESIAN_POINT ( 'NONE',  ( -18.22539674441618374, 44.00000000000000000, 4.312500000000000888 ) ) ;
#5527 = ORIENTED_EDGE ( 'NONE', *, *, #5016, .T. ) ;
#5528 = CARTESIAN_POINT ( 'NONE',  ( -7.988893295223528312, -5.102191791503551066, 27.00000000000000355 ) ) ;
#5529 = AXIS2_PLACEMENT_3D ( 'NONE', #1479, #969, #4786 ) ;
#5530 = EDGE_CURVE ( 'NONE', #6394, #3635, #323, .T. ) ;
#5531 = CARTESIAN_POINT ( 'NONE',  ( -25.75000000000002132, -12.74342645422166420, 25.00000000000000000 ) ) ;
#5532 = CARTESIAN_POINT ( 'NONE',  ( 44.00000000000000000, 18.22539674441618374, 2.937499997268813612 ) ) ;
#5533 = CARTESIAN_POINT ( 'NONE',  ( 5.759515323017794231, 43.71637213330511429, 19.99999999999999289 ) ) ;
#5534 = CARTESIAN_POINT ( 'NONE',  ( -43.45873412499999233, 5.322159964117709262E-15, 4.812499998634407028 ) ) ;
#5535 = VECTOR ( 'NONE', #3390, 1000.000000000000114 ) ;
#5536 = ORIENTED_EDGE ( 'NONE', *, *, #186, .F. ) ;
#5537 = ORIENTED_EDGE ( 'NONE', *, *, #5481, .T. ) ;
#5538 = CARTESIAN_POINT ( 'NONE',  ( -43.45873412499999233, 5.322159964117709262E-15, 1.062499998634406584 ) ) ;
#5539 = EDGE_CURVE ( 'NONE', #5979, #6289, #1504, .T. ) ;
#5540 = ADVANCED_FACE ( 'NONE', ( #447 ), #5655, .T. ) ;
#5541 = CARTESIAN_POINT ( 'NONE',  ( 25.13150737181438998, -35.49056705716137827, 11.45429108447028810 ) ) ;
#5542 = EDGE_LOOP ( 'NONE', ( #6523, #6164, #2309, #3562 ) ) ;
#5543 = AXIS2_PLACEMENT_3D ( 'NONE', #3443, #6782, #3474 ) ;
#5544 = CARTESIAN_POINT ( 'NONE',  ( 20.04214216031280671, -39.57910670689174992, 11.73183862775283970 ) ) ;
#5545 = CARTESIAN_POINT ( 'NONE',  ( -9.647624148332710092, -7.327725786683392251, 27.00000000000000000 ) ) ;
#5546 = DIRECTION ( 'NONE',  ( -0.000000000000000000, -0.000000000000000000, -1.000000000000000000 ) ) ;
#5547 = EDGE_CURVE ( 'NONE', #12, #2436, #3975, .T. ) ;
#5548 = EDGE_LOOP ( 'NONE', ( #1224, #5749 ) ) ;
#5549 = DIRECTION ( 'NONE',  ( -1.000000000000000000, 1.156482317317873697E-15, 0.000000000000000000 ) ) ;
#5550 = VERTEX_POINT ( 'NONE', #5129 ) ;
#5551 = CARTESIAN_POINT ( 'NONE',  ( 25.65542135465264550, -35.74633085941583488, 10.50692245188665375 ) ) ;
#5552 = DIRECTION ( 'NONE',  ( 1.000000000000000000, 0.000000000000000000, 0.000000000000000000 ) ) ;
#5553 = VERTEX_POINT ( 'NONE', #1248 ) ;
#5554 = CARTESIAN_POINT ( 'NONE',  ( -24.77889522629834573, -37.56436017103286673, 6.384527024906441639 ) ) ;
#5555 = CARTESIAN_POINT ( 'NONE',  ( 30.72996560157071855, 30.72996560157071855, 1.687499998634406806 ) ) ;
#5556 = DIRECTION ( 'NONE',  ( -0.000000000000000000, -0.000000000000000000, -1.000000000000000000 ) ) ;
#5557 = CARTESIAN_POINT ( 'NONE',  ( 0.000000000000000000, 0.000000000000000000, 20.00000000000000000 ) ) ;
#5558 = LINE ( 'NONE', #648, #1922 ) ;
#5559 = PLANE ( 'NONE',  #1200 ) ;
#5560 = EDGE_LOOP ( 'NONE', ( #5346, #594, #200, #212 ) ) ;
#5561 = CARTESIAN_POINT ( 'NONE',  ( 23.41752817012320520, -38.42786100301668739, 6.012538692242406668 ) ) ;
#5562 = CARTESIAN_POINT ( 'NONE',  ( 26.84465468539448807, -3.287522043468436264E-15, 18.00000000000000000 ) ) ;
#5563 = LINE ( 'NONE', #4433, #6326 ) ;
#5564 = VERTEX_POINT ( 'NONE', #5791 ) ;
#5565 = CARTESIAN_POINT ( 'NONE',  ( -19.87685234470302476, -40.37257146905805882, 7.415164859136531561 ) ) ;
#5566 = CARTESIAN_POINT ( 'NONE',  ( -27.73791198152726523, -4.157640016594763566, 27.00000000000000355 ) ) ;
#5567 = CARTESIAN_POINT ( 'NONE',  ( 18.22539674441619084, -43.99999999999999289, 3.687499997268813168 ) ) ;
#5568 = CARTESIAN_POINT ( 'NONE',  ( 22.05062966264404167, 38.18459035703560289, 20.00000000000000000 ) ) ;
#5569 = CARTESIAN_POINT ( 'NONE',  ( 30.72996560157071144, -30.72996560157072565, 4.187499998634407028 ) ) ;
#5570 = EDGE_CURVE ( 'NONE', #4710, #2506, #4697, .T. ) ;
#5571 = EDGE_LOOP ( 'NONE', ( #6960, #869, #5694, #5761 ) ) ;
#5572 = ORIENTED_EDGE ( 'NONE', *, *, #1149, .T. ) ;
#5573 = CARTESIAN_POINT ( 'NONE',  ( -11.49999999999999645, -12.24342645422166242, 26.00000000000000355 ) ) ;
#5574 = CARTESIAN_POINT ( 'NONE',  ( 26.78335204376983469, -36.16180457807467263, 8.428324187516984978 ) ) ;
#5575 = DIRECTION ( 'NONE',  ( 1.000000000000000000, 0.000000000000000000, 0.000000000000000000 ) ) ;
#5576 = ORIENTED_EDGE ( 'NONE', *, *, #4646, .T. ) ;
#5577 = DIRECTION ( 'NONE',  ( -2.478176394252584099E-16, 1.000000000000000000, 0.000000000000000000 ) ) ;
#5578 = CARTESIAN_POINT ( 'NONE',  ( -5.588232867727293218, -8.400374929983087213, 27.00000000000000000 ) ) ;
#5579 = CARTESIAN_POINT ( 'NONE',  ( -31.00000000000001421, -3.743426454221668198, 27.00000000000000355 ) ) ;
#5580 = EDGE_CURVE ( 'NONE', #2629, #835, #6567, .T. ) ;
#5581 = ORIENTED_EDGE ( 'NONE', *, *, #7102, .F. ) ;
#5582 = CARTESIAN_POINT ( 'NONE',  ( 27.49999999999998579, -21.74342645422165532, 26.00000000000000355 ) ) ;
#5583 = DIRECTION ( 'NONE',  ( -0.000000000000000000, -0.000000000000000000, -1.000000000000000000 ) ) ;
#5584 = CARTESIAN_POINT ( 'NONE',  ( 1.000000000000001332, -3.743426454221663757, 26.58578643762689353 ) ) ;
#5585 = DIRECTION ( 'NONE',  ( -1.000000000000000000, 0.000000000000000000, -0.000000000000000000 ) ) ;
#5586 = VERTEX_POINT ( 'NONE', #3027 ) ;
#5587 = ORIENTED_EDGE ( 'NONE', *, *, #1007, .F. ) ;
#5588 = CARTESIAN_POINT ( 'NONE',  ( -25.16647802659605659, -37.31913370428693355, 8.451478844006190982 ) ) ;
#5589 = CARTESIAN_POINT ( 'NONE',  ( 43.45873412499999233, 18.00119707814144476, 2.624999998634406584 ) ) ;
#5590 = EDGE_CURVE ( 'NONE', #5511, #1253, #6188, .T. ) ;
#5591 = EDGE_CURVE ( 'NONE', #6429, #2278, #6837, .T. ) ;
#5592 = SURFACE_SIDE_STYLE ('',( #1157 ) ) ;
#5593 = CARTESIAN_POINT ( 'NONE',  ( -12.49999999999999645, -7.243426454221660649, 27.00000000000000355 ) ) ;
#5594 = DIRECTION ( 'NONE',  ( -0.000000000000000000, -0.000000000000000000, -1.000000000000000000 ) ) ;
#5595 = DIRECTION ( 'NONE',  ( 0.000000000000000000, -1.000000000000000000, 0.000000000000000000 ) ) ;
#5596 = VERTEX_POINT ( 'NONE', #5245 ) ;
#5597 = CARTESIAN_POINT ( 'NONE',  ( 19.02109943564570926, -40.78235467582074847, 9.073605132366253656 ) ) ;
#5598 = DIRECTION ( 'NONE',  ( 1.000000000000000000, 0.000000000000000000, 0.000000000000000000 ) ) ;
#5599 = CARTESIAN_POINT ( 'NONE',  ( 27.49999999999998579, -21.74342645422165532, 26.00000000000000355 ) ) ;
#5600 = VERTEX_POINT ( 'NONE', #5752 ) ;
#5601 = DIRECTION ( 'NONE',  ( -1.000000000000000000, 1.239088197126290077E-16, 0.000000000000000000 ) ) ;
#5602 = CARTESIAN_POINT ( 'NONE',  ( -31.11269837220809364, -31.11269837220808654, 1.499999997268813168 ) ) ;
#5603 = CARTESIAN_POINT ( 'NONE',  ( 44.00000000000000000, 5.388445916248352830E-15, 20.00000000000000000 ) ) ;
#5604 = CARTESIAN_POINT ( 'NONE',  ( 43.45873412499998523, -18.00119707814146963, 3.249999998634406140 ) ) ;
#5605 = VECTOR ( 'NONE', #199, 1000.000000000000000 ) ;
#5606 =( BOUNDED_CURVE ( )  B_SPLINE_CURVE ( 3, ( #1534, #2082, #4806, #1572 ),
 .UNSPECIFIED., .F., .F. ) 
 B_SPLINE_CURVE_WITH_KNOTS ( ( 4, 4 ),
 ( 4.712388980384689674, 6.283185307179586232 ),
 .UNSPECIFIED. ) 
 CURVE ( )  GEOMETRIC_REPRESENTATION_ITEM ( )  RATIONAL_B_SPLINE_CURVE ( ( 1.000000000000000000, 0.8047378541243649375, 0.8047378541243649375, 1.000000000000000000 ) ) 
 REPRESENTATION_ITEM ( '' )  );
#5607 = ORIENTED_EDGE ( 'NONE', *, *, #3762, .F. ) ;
#5608 = EDGE_LOOP ( 'NONE', ( #5676, #3601, #1704, #3188 ) ) ;
#5609 = CARTESIAN_POINT ( 'NONE',  ( 2.499999999999996891, -12.24342645422166065, 26.00000000000000000 ) ) ;
#5610 = CARTESIAN_POINT ( 'NONE',  ( 25.25768252268749592, -37.25955657172999480, 11.40566175562161710 ) ) ;
#5611 = DIRECTION ( 'NONE',  ( -1.000000000000000000, -7.434529182757746381E-16, 0.000000000000000000 ) ) ;
#5612 = ORIENTED_EDGE ( 'NONE', *, *, #4482, .T. ) ;
#5613 = CYLINDRICAL_SURFACE ( 'NONE', #6004, 1.000000000000000000 ) ;
#5614 = CARTESIAN_POINT ( 'NONE',  ( -4.499165242959280775, -9.645068428648448489, 26.00000000000000355 ) ) ;
#5615 = DIRECTION ( 'NONE',  ( -0.8637789008984340100, 0.5038710255240853586, 0.000000000000000000 ) ) ;
#5616 = AXIS2_PLACEMENT_3D ( 'NONE', #3332, #4420, #598 ) ;
#5617 = ORIENTED_EDGE ( 'NONE', *, *, #3133, .F. ) ;
#5618 = DIRECTION ( 'NONE',  ( 1.000000000000000000, 0.000000000000000000, 0.000000000000000000 ) ) ;
#5619 = CARTESIAN_POINT ( 'NONE',  ( -2.602085213965214191E-15, 18.02030034307065876, 27.00000000000000355 ) ) ;
#5620 = VECTOR ( 'NONE', #6395, 1000.000000000000000 ) ;
#5621 = CARTESIAN_POINT ( 'NONE',  ( 24.66929327321758336, -36.43428101141847009, 12.19090490029317131 ) ) ;
#5622 = DIRECTION ( 'NONE',  ( -0.000000000000000000, -0.000000000000000000, -1.000000000000000000 ) ) ;
#5623 = ORIENTED_EDGE ( 'NONE', *, *, #2298, .T. ) ;
#5624 = ORIENTED_EDGE ( 'NONE', *, *, #1945, .F. ) ;
#5625 = CARTESIAN_POINT ( 'NONE',  ( -25.00043053537149618, -37.41717458306124655, 6.495873199752530525 ) ) ;
#5626 = CARTESIAN_POINT ( 'NONE',  ( -18.00119707814146608, -43.45873412499998523, 1.249999998634407028 ) ) ;
#5627 = EDGE_CURVE ( 'NONE', #1910, #5505, #1351, .T. ) ;
#5628 = VECTOR ( 'NONE', #6402, 1000.000000000000000 ) ;
#5629 = CARTESIAN_POINT ( 'NONE',  ( -8.082668874372530822E-15, -44.00000000000000000, 5.624999997268813168 ) ) ;
#5630 = DIRECTION ( 'NONE',  ( 0.000000000000000000, -1.000000000000000000, 0.000000000000000000 ) ) ;
#5631 = CARTESIAN_POINT ( 'NONE',  ( -9.290638566546970623, 8.011022955702816972, 27.00000000000000355 ) ) ;
#5632 = VERTEX_POINT ( 'NONE', #5684 ) ;
#5633 = CARTESIAN_POINT ( 'NONE',  ( 22.24595949939051209, -38.01261761764742886, 7.005105158184678160 ) ) ;
#5634 = VECTOR ( 'NONE', #2464, 1000.000000000000227 ) ;
#5635 = EDGE_CURVE ( 'NONE', #4129, #1629, #6055, .T. ) ;
#5636 = EDGE_CURVE ( 'NONE', #5087, #2811, #2916, .T. ) ;
#5637 = CARTESIAN_POINT ( 'NONE',  ( 26.84465468539448807, 14.99999999999999822, 18.00000000000000000 ) ) ;
#5638 = AXIS2_PLACEMENT_3D ( 'NONE', #2820, #2891, #4663 ) ;
#5639 = LINE ( 'NONE', #5057, #1338 ) ;
#5640 = ORIENTED_EDGE ( 'NONE', *, *, #1139, .F. ) ;
#5641 = CARTESIAN_POINT ( 'NONE',  ( -22.11007337376604553, -39.19472194130296572, 13.90943113342612314 ) ) ;
#5642 = CARTESIAN_POINT ( 'NONE',  ( 43.45873412499998523, -18.00119707814146963, 2.499999998634406584 ) ) ;
#5643 = VECTOR ( 'NONE', #5649, 1000.000000000000000 ) ;
#5644 = CARTESIAN_POINT ( 'NONE',  ( 43.45873412499999233, 18.00119707814144476, 4.374999998634407028 ) ) ;
#5645 = VECTOR ( 'NONE', #7119, 1000.000000000000000 ) ;
#5646 = ORIENTED_EDGE ( 'NONE', *, *, #550, .T. ) ;
#5647 = ORIENTED_EDGE ( 'NONE', *, *, #5096, .F. ) ;
#5648 = CARTESIAN_POINT ( 'NONE',  ( 43.45873412499998523, -18.00119707814146963, 4.499999998634407028 ) ) ;
#5649 = DIRECTION ( 'NONE',  ( -1.000000000000000000, 2.616114634628809171E-16, 0.000000000000000000 ) ) ;
#5650 = CARTESIAN_POINT ( 'NONE',  ( 2.661079982058854631E-15, 43.45873412499999233, 1.562499998634406584 ) ) ;
#5651 = DIRECTION ( 'NONE',  ( 1.000000000000000000, -0.000000000000000000, 0.000000000000000000 ) ) ;
#5652 = CARTESIAN_POINT ( 'NONE',  ( -4.519520879131846414, -9.959368143774442572, 26.00000000000000355 ) ) ;
#5654 = CARTESIAN_POINT ( 'NONE',  ( -31.00000000000001421, -21.74342645422166598, 27.00000000000000355 ) ) ;
#5653 = VECTOR ( 'NONE', #3284, 1000.000000000000000 ) ;
#5655 =( BOUNDED_SURFACE ( )  B_SPLINE_SURFACE ( 3, 2, ( 
 ( #2671, #5908, #1427 ),
 ( #3110, #4234, #6405 ),
 ( #954, #2523, #4745 ),
 ( #887, #4774, #2631 ),
 ( #4853, #6990, #1467 ),
 ( #3687, #554, #7183 ),
 ( #3251, #5610, #1609 ),
 ( #5541, #1721, #1027 ),
 ( #4962, #1174, #3320 ),
 ( #4376, #6156, #4487 ),
 ( #6617, #4993, #4924 ),
 ( #1140, #5067, #3281 ),
 ( #6732, #2777, #3942 ),
 ( #4521, #78, #2266 ),
 ( #1684, #2303, #5468 ),
 ( #3906, #3826, #4 ),
 ( #6050, #2225, #480 ),
 ( #1642, #4411, #1754 ),
 ( #4445, #6655, #5574 ),
 ( #6585, #6124, #2704 ),
 ( #3353, #2192, #587 ),
 ( #7145, #2813, #5028 ),
 ( #3387, #1063, #5503 ),
 ( #517, #623, #2745 ),
 ( #40, #1101, #2159 ),
 ( #3863, #6697, #6085 ),
 ( #2851, #6016, #140 ),
 ( #3530, #6258, #2475 ),
 ( #2366, #6874, #1789 ),
 ( #2951, #180, #6331 ) ),
 .UNSPECIFIED., .F., .F., .F. ) 
 B_SPLINE_SURFACE_WITH_KNOTS ( ( 4, 2, 2, 2, 2, 2, 2, 2, 2, 2, 2, 2, 2, 2, 4 ),
 ( 3, 3 ),
 ( 0.000000000000000000, 0.001695057513886679117, 0.003390115027773358235, 0.005085172541660036918, 0.005932701298603376694, 0.006780230055546716469, 0.007203994434018385490, 0.007627758812490055378, 0.008475287569433394286, 0.009322816326376734061, 0.01017034508332007384, 0.01101787384026341361, 0.01186540259720675339, 0.01271293135415009316, 0.01356046011109343294 ),
 ( 0.000000000000000000, 1.000000000000000000 ),
 .UNSPECIFIED. ) 
 GEOMETRIC_REPRESENTATION_ITEM ( )  RATIONAL_B_SPLINE_SURFACE ( (
 ( 1.000000000000000000, 0.7269192070700696284, 1.000000000000000000),
 ( 1.000000000000000000, 0.7061532600298144891, 1.000000000000000000),
 ( 1.000000000000000000, 0.6834533499377880572, 1.000000000000000000),
 ( 1.000000000000000000, 0.6335794817254937206, 1.000000000000000000),
 ( 1.000000000000000000, 0.6075108834949976000, 1.000000000000000000),
 ( 1.000000000000000000, 0.5535469819102820654, 1.000000000000000000),
 ( 1.000000000000000000, 0.5264973579300886719, 1.000000000000000000),
 ( 1.000000000000000000, 0.4908663058767245846, 1.000000000000000000),
 ( 1.000000000000000000, 0.4801594597798632402, 1.000000000000000000),
 ( 1.000000000000000000, 0.4622715735076942667, 1.000000000000000000),
 ( 1.000000000000000000, 0.4551630100960163960, 1.000000000000000000),
 ( 1.000000000000000000, 0.4487433116888491780, 1.000000000000000000),
 ( 1.000000000000000000, 0.4472727097203993973, 1.000000000000000000),
 ( 1.000000000000000000, 0.4457708107354387272, 1.000000000000000000),
 ( 1.000000000000000000, 0.4457495033792330252, 1.000000000000000000),
 ( 1.000000000000000000, 0.4479239004710431904, 1.000000000000000000),
 ( 1.000000000000000000, 0.4522873622710582020, 1.000000000000000000),
 ( 1.000000000000000000, 0.4659625087727284343, 1.000000000000000000),
 ( 1.000000000000000000, 0.4751437246502673295, 1.000000000000000000),
 ( 1.000000000000000000, 0.4963186974206255098, 1.000000000000000000),
 ( 1.000000000000000000, 0.5084494348181863854, 1.000000000000000000),
 ( 1.000000000000000000, 0.5337014767215949584, 1.000000000000000000),
 ( 1.000000000000000000, 0.5469946205667807204, 1.000000000000000000),
 ( 1.000000000000000000, 0.5739298449037325556, 1.000000000000000000),
 ( 1.000000000000000000, 0.5873790031732272210, 1.000000000000000000),
 ( 1.000000000000000000, 0.6140066528558908443, 1.000000000000000000),
 ( 1.000000000000000000, 0.6272929057542862008, 1.000000000000000000),
 ( 1.000000000000000000, 0.6528419707549997231, 1.000000000000000000),
 ( 1.000000000000000000, 0.6651405680016272415, 1.000000000000000000),
 ( 1.000000000000000000, 0.6770007913335779337, 1.000000000000000000) ) ) 
 REPRESENTATION_ITEM ( '' )  SURFACE ( )  );
#5656 = EDGE_LOOP ( 'NONE', ( #6637, #1536, #5726, #5034 ) ) ;
#5657 = CARTESIAN_POINT ( 'NONE',  ( -1.301042606982608476E-15, 17.97969965692938743, 27.00000000000000355 ) ) ;
#5658 = DIRECTION ( 'NONE',  ( 0.8574929257125440962, 1.050125966765366284E-16, -0.5144957554275264577 ) ) ;
#5659 = CARTESIAN_POINT ( 'NONE',  ( 23.22400966735400019, -37.37388949899219170, 12.93900817626475686 ) ) ;
#5660 = PLANE ( 'NONE',  #3634 ) ;
#5661 = ORIENTED_EDGE ( 'NONE', *, *, #5232, .F. ) ;
#5662 = VERTEX_POINT ( 'NONE', #1210 ) ;
#5663 = CARTESIAN_POINT ( 'NONE',  ( -25.31535477767374331, -35.30921431619525919, 8.958540841769787377 ) ) ;
#5664 = CARTESIAN_POINT ( 'NONE',  ( 30.72996560157071144, -30.72996560157072565, 3.437499998634406584 ) ) ;
#5665 = ADVANCED_FACE ( 'NONE', ( #2439 ), #3427, .T. ) ;
#5666 = FILL_AREA_STYLE_COLOUR ( '', #5867 ) ;
#5667 = CARTESIAN_POINT ( 'NONE',  ( -23.40770366578749773, -12.74342645422166598, 27.00000000000000355 ) ) ;
#5668 = LINE ( 'NONE', #5049, #3745 ) ;
#5669 = ORIENTED_EDGE ( 'NONE', *, *, #6692, .F. ) ;
#5670 = CARTESIAN_POINT ( 'NONE',  ( 21.89364116522937209, -39.31647368104936646, 7.027781098997817999 ) ) ;
#5671 = EDGE_CURVE ( 'NONE', #4776, #795, #108, .T. ) ;
#5672 = B_SPLINE_CURVE_WITH_KNOTS ( 'NONE', 3,
 ( #1056, #394, #5930, #7060, #1635, #3244, #4952, #7132, #473, #3819, #2620, #5966, #6076, #3208, #6579, #7174, #5424, #437, #2109, #3784, #5492, #4844, #6610, #6008, #5460, #2078, #507, #2580, #1528, #4365 ),
 .UNSPECIFIED., .F., .F.,
 ( 4, 2, 2, 2, 2, 2, 2, 2, 2, 2, 2, 2, 2, 2, 4 ),
 ( 0.001463620523891447697, 0.002608510276026753186, 0.003180955152094409183, 0.003753400028162065180, 0.004325844904229721177, 0.004898289780297377174, 0.005470734656365033172, 0.006043179532432690904, 0.006615624408500346901, 0.007188069284568002898, 0.007760514160635658895, 0.008332959036703314892, 0.008905403912770969155, 0.009477848788838625152, 0.01062273854097391459 ),
 .UNSPECIFIED. ) ;
#5673 = CARTESIAN_POINT ( 'NONE',  ( -11.49999999999999645, -3.743426454221664645, 25.00000000000000000 ) ) ;
#5674 = EDGE_CURVE ( 'NONE', #5040, #366, #4552, .T. ) ;
#5675 = FACE_OUTER_BOUND ( 'NONE', #4177, .T. ) ;
#5676 = ORIENTED_EDGE ( 'NONE', *, *, #6769, .F. ) ;
#5677 = CARTESIAN_POINT ( 'NONE',  ( -10.42047913133305315, -3.743426454838098660, 27.00000000000000000 ) ) ;
#5678 = CARTESIAN_POINT ( 'NONE',  ( 44.00000000000000000, 18.22539674441618374, 0.06250000000000000000 ) ) ;
#5679 = EDGE_CURVE ( 'NONE', #7078, #2974, #4621, .T. ) ;
#5680 = EDGE_CURVE ( 'NONE', #403, #5404, #6291, .T. ) ;
#5681 = ORIENTED_EDGE ( 'NONE', *, *, #4919, .T. ) ;
#5682 = VERTEX_POINT ( 'NONE', #5210 ) ;
#5683 = DIRECTION ( 'NONE',  ( 0.8631745758396138779, -0.5049055868418399484, 0.000000000000000000 ) ) ;
#5684 = CARTESIAN_POINT ( 'NONE',  ( 28.49999999999998579, -20.74342645422165532, 27.00000000000000355 ) ) ;
#5685 = CARTESIAN_POINT ( 'NONE',  ( -30.72996560157071499, 30.72996560157071855, 2.687499998634406584 ) ) ;
#5686 = CARTESIAN_POINT ( 'NONE',  ( 19.94727120637622164, -39.64024035212500507, 8.411182237635792092 ) ) ;
#5687 = CARTESIAN_POINT ( 'NONE',  ( 4.500000000000002665, -3.743426454221664201, 27.00000000000000355 ) ) ;
#5688 = LINE ( 'NONE', #1728, #6658 ) ;
#5689 = VERTEX_POINT ( 'NONE', #2991 ) ;
#5690 = DIRECTION ( 'NONE',  ( 9.912705577010320619E-16, 1.000000000000000000, -0.000000000000000000 ) ) ;
#5691 = PLANE ( 'NONE',  #3548 ) ;
#5692 = LINE ( 'NONE', #2485, #6450 ) ;
#5693 = CARTESIAN_POINT ( 'NONE',  ( 22.05018623473039696, -39.22839000069624404, 13.89597896521920894 ) ) ;
#5694 = ORIENTED_EDGE ( 'NONE', *, *, #4430, .T. ) ;
#5695 = CARTESIAN_POINT ( 'NONE',  ( -24.99939756134295621, -37.41785824590173348, 13.50461781471564748 ) ) ;
#5696 = CARTESIAN_POINT ( 'NONE',  ( 43.45873412499999233, 18.00119707814144476, 0.3749999986344066394 ) ) ;
#5697 =( LENGTH_UNIT ( ) NAMED_UNIT ( * ) SI_UNIT ( .MILLI., .METRE. ) );
#5698 = FILL_AREA_STYLE ('',( #5666 ) ) ;
#5699 = CARTESIAN_POINT ( 'NONE',  ( -5.349242404917498916, -3.743426454221657540, 25.00000000000000000 ) ) ;
#5700 = CARTESIAN_POINT ( 'NONE',  ( 3.925629667545856183, -20.74342645422166242, 26.99999999999999645 ) ) ;
#5701 = ORIENTED_EDGE ( 'NONE', *, *, #240, .F. ) ;
#5702 = CARTESIAN_POINT ( 'NONE',  ( 21.31294582111732439, -39.63367165904987388, 13.64814829186996192 ) ) ;
#5703 = PLANE ( 'NONE',  #6687 ) ;
#5704 = CARTESIAN_POINT ( 'NONE',  ( 31.11269837220808299, -31.11269837220809364, 4.875000000000000000 ) ) ;
#5705 = LINE ( 'NONE', #6828, #5372 ) ;
#5706 = DIRECTION ( 'NONE',  ( -0.8574929257125440962, 0.000000000000000000, -0.5144957554275264577 ) ) ;
#5707 = VERTEX_POINT ( 'NONE', #4656 ) ;
#5708 = CARTESIAN_POINT ( 'NONE',  ( -1.053796434088389633, -10.37436433016062409, 26.00000000000000355 ) ) ;
#5709 = EDGE_LOOP ( 'NONE', ( #1492, #4535, #4000, #6361, #5491, #3292, #1640, #6166, #1404, #4991, #5026, #3056 ) ) ;
#5710 = CARTESIAN_POINT ( 'NONE',  ( -44.00000000000000000, 5.388445916248353619E-15, 0.5000000000000000000 ) ) ;
#5711 = EDGE_CURVE ( 'NONE', #2506, #5087, #1896, .T. ) ;
#5712 = ORIENTED_EDGE ( 'NONE', *, *, #2515, .F. ) ;
#5713 = FACE_OUTER_BOUND ( 'NONE', #3350, .T. ) ;
#5714 = CARTESIAN_POINT ( 'NONE',  ( 11.05046143221876775, 6.929238224710594807, 26.00000000000000355 ) ) ;
#5715 = CARTESIAN_POINT ( 'NONE',  ( 43.45873412499999233, 0.000000000000000000, 3.312499998634406584 ) ) ;
#5716 = EDGE_CURVE ( 'NONE', #6490, #2731, #4192, .T. ) ;
#5717 = CARTESIAN_POINT ( 'NONE',  ( 8.929238224710598359, 6.949538567781225140, 27.00000000000000355 ) ) ;
#5718 = CARTESIAN_POINT ( 'NONE',  ( -8.416103920197524957, -12.01308810460334264, 26.00000000000000355 ) ) ;
#5719 = ADVANCED_FACE ( 'NONE', ( #984 ), #4845, .F. ) ;
#5720 = DIRECTION ( 'NONE',  ( -1.000000000000000000, 0.000000000000000000, 0.000000000000000000 ) ) ;
#5721 = MECHANICAL_DESIGN_GEOMETRIC_PRESENTATION_REPRESENTATION (  '', ( #1889 ), #5024 ) ;
#5722 = VERTEX_POINT ( 'NONE', #2547 ) ;
#5723 = CYLINDRICAL_SURFACE ( 'NONE', #872, 15.62771242792461379 ) ;
#5724 = DIRECTION ( 'NONE',  ( -0.000000000000000000, 0.000000000000000000, -1.000000000000000000 ) ) ;
#5725 = CARTESIAN_POINT ( 'NONE',  ( -18.22539674441618374, 44.00000000000000000, 1.187499997268813390 ) ) ;
#5726 = ORIENTED_EDGE ( 'NONE', *, *, #4063, .F. ) ;
#5727 = AXIS2_PLACEMENT_3D ( 'NONE', #5988, #1002, #3227 ) ;
#5728 = CARTESIAN_POINT ( 'NONE',  ( -25.16879747509552345, -37.31763752250186172, 11.54484090401604313 ) ) ;
#5729 = CARTESIAN_POINT ( 'NONE',  ( 18.00119707814145187, -43.45873412499998523, 1.124999998634406584 ) ) ;
#5730 = ORIENTED_EDGE ( 'NONE', *, *, #6916, .T. ) ;
#5731 = VECTOR ( 'NONE', #328, 1000.000000000000000 ) ;
#5732 = PLANE ( 'NONE',  #6913 ) ;
#5733 = DIRECTION ( 'NONE',  ( -4.336808689942013792E-16, -1.000000000000000000, 0.000000000000000000 ) ) ;
#5734 = EDGE_LOOP ( 'NONE', ( #283, #1762 ) ) ;
#5735 = CARTESIAN_POINT ( 'NONE',  ( 20.74995626276315619, -39.10704223213931385, 12.44476333082615227 ) ) ;
#5736 = CARTESIAN_POINT ( 'NONE',  ( 22.50000000002245315, -37.81203512109589582, 6.999999999999991118 ) ) ;
#5737 = CIRCLE ( 'NONE', #3179, 0.9999999999999975575 ) ;
#5738 = DIRECTION ( 'NONE',  ( 1.000000000000000000, 0.000000000000000000, 0.000000000000000000 ) ) ;
#5739 = AXIS2_PLACEMENT_3D ( 'NONE', #1393, #2010, #2050 ) ;
#5740 = CARTESIAN_POINT ( 'NONE',  ( -3.693535362774566178, -10.61388817479792479, 27.00000000000000711 ) ) ;
#5741 = CARTESIAN_POINT ( 'NONE',  ( -24.54356257574524136, -37.71754944439628332, 13.70884703858058806 ) ) ;
#5742 = CARTESIAN_POINT ( 'NONE',  ( -44.00000000000000000, 5.388445916248353619E-15, 0.5000000000000000000 ) ) ;
#5743 = VERTEX_POINT ( 'NONE', #4735 ) ;
#5744 = CARTESIAN_POINT ( 'NONE',  ( -1.893142124731429288, -7.305176573603571200, 26.00000000000000355 ) ) ;
#5745 = ORIENTED_EDGE ( 'NONE', *, *, #4301, .T. ) ;
#5746 = CARTESIAN_POINT ( 'NONE',  ( 18.22539674441619084, -43.99999999999999289, 1.812500000000000222 ) ) ;
#5747 = VECTOR ( 'NONE', #7048, 1000.000000000000000 ) ;
#5748 = ADVANCED_FACE ( 'NONE', ( #3210 ), #7022, .T. ) ;
#5749 = ORIENTED_EDGE ( 'NONE', *, *, #195, .F. ) ;
#5750 = CARTESIAN_POINT ( 'NONE',  ( -1.499999999999996669, 27.50000000000000000, 18.00000000000000000 ) ) ;
#5751 = AXIS2_PLACEMENT_3D ( 'NONE', #3854, #435, #6074 ) ;
#5752 = CARTESIAN_POINT ( 'NONE',  ( 23.01883523585748037, -37.49844295946760298, 7.041374224345578803 ) ) ;
#5753 = CARTESIAN_POINT ( 'NONE',  ( 30.72996560157071855, 30.72996560157071855, 3.437499998634406584 ) ) ;
#5754 = AXIS2_PLACEMENT_3D ( 'NONE', #5322, #260, #2555 ) ;
#5755 = LINE ( 'NONE', #3571, #7047 ) ;
#5756 = CARTESIAN_POINT ( 'NONE',  ( -4.924237170113216600, -10.60777118280017994, 26.00000000000000355 ) ) ;
#5757 = CARTESIAN_POINT ( 'NONE',  ( 9.499999999999998224, -14.99999999999999822, 13.00000000000000000 ) ) ;
#5758 = VECTOR ( 'NONE', #7193, 1000.000000000000000 ) ;
#5759 = EDGE_CURVE ( 'NONE', #5041, #4772, #356, .T. ) ;
#5760 = ADVANCED_FACE ( 'NONE', ( #4802 ), #837, .F. ) ;
#5761 = ORIENTED_EDGE ( 'NONE', *, *, #4338, .T. ) ;
#5762 = CARTESIAN_POINT ( 'NONE',  ( 27.49999999999998579, -21.74342645422165532, 25.00000000000000000 ) ) ;
#5763 = CARTESIAN_POINT ( 'NONE',  ( -25.50000000000000355, 27.50000000000000000, 23.00000000000000000 ) ) ;
#5764 = CARTESIAN_POINT ( 'NONE',  ( -8.228533226707770096E-15, -4.743426454221695288, 27.00000000000000355 ) ) ;
#5765 = CARTESIAN_POINT ( 'NONE',  ( 17.00000000000000000, -3.743426454221659760, 27.00000000000000355 ) ) ;
#5766 = VERTEX_POINT ( 'NONE', #1937 ) ;
#5767 = VECTOR ( 'NONE', #237, 1000.000000000000000 ) ;
#5768 = CARTESIAN_POINT ( 'NONE',  ( -25.50024382747626106, -35.12453230491539813, 10.10007848611703984 ) ) ;
#5769 = CARTESIAN_POINT ( 'NONE',  ( 43.45873412499999233, 18.00119707814144476, 1.374999998634407250 ) ) ;
#5770 = EDGE_CURVE ( 'NONE', #1786, #2588, #6388, .T. ) ;
#5771 = AXIS2_PLACEMENT_3D ( 'NONE', #925, #5435, #3650 ) ;
#5772 = EDGE_CURVE ( 'NONE', #5979, #5862, #3711, .T. ) ;
#5773 = CARTESIAN_POINT ( 'NONE',  ( -24.00000000000002132, -9.743426454221653543, 26.58578643762690064 ) ) ;
#5774 = CARTESIAN_POINT ( 'NONE',  ( -5.349242404917498916, -3.743426454221657540, 26.00000000000000355 ) ) ;
#5775 = CARTESIAN_POINT ( 'NONE',  ( 4.499999999999999112, -21.74342645422166953, 25.99999999999999645 ) ) ;
#5776 = ORIENTED_EDGE ( 'NONE', *, *, #5973, .F. ) ;
#5777 = CARTESIAN_POINT ( 'NONE',  ( 22.54742552107315845, -38.94372352987910801, 13.97419442068544981 ) ) ;
#5778 = CARTESIAN_POINT ( 'NONE',  ( -13.99999999999999822, -9.743426454221660649, 26.00000000000000355 ) ) ;
#5779 = CARTESIAN_POINT ( 'NONE',  ( 18.00119707814145187, -43.45873412499998523, 2.374999998634407028 ) ) ;
#5780 = MECHANICAL_DESIGN_GEOMETRIC_PRESENTATION_REPRESENTATION (  '', ( #3683 ), #5198 ) ;
#5781 = DIRECTION ( 'NONE',  ( 1.000000000000000000, -1.297760229076901807E-16, 0.000000000000000000 ) ) ;
#5782 = LINE ( 'NONE', #6389, #1304 ) ;
#5783 = CARTESIAN_POINT ( 'NONE',  ( 25.86160652390384485, -36.82708620071696259, 7.119613197053757503 ) ) ;
#5784 = CARTESIAN_POINT ( 'NONE',  ( 44.00000000000000000, 18.22539674441618374, 0.06250000000000000000 ) ) ;
#5785 = ORIENTED_EDGE ( 'NONE', *, *, #4691, .T. ) ;
#5786 = CARTESIAN_POINT ( 'NONE',  ( -0.9966453708075682094, -9.839442526606553940, 26.00000000000000355 ) ) ;
#5787 = VERTEX_POINT ( 'NONE', #3746 ) ;
#5788 = CARTESIAN_POINT ( 'NONE',  ( 43.99999999999999289, -18.22539674441620861, 3.937500000000000000 ) ) ;
#5789 = EDGE_LOOP ( 'NONE', ( #529, #6075, #1318, #1113 ) ) ;
#5790 = CARTESIAN_POINT ( 'NONE',  ( 23.99999999999998934, -9.759909745017587568, 26.00000000000000355 ) ) ;
#5791 = CARTESIAN_POINT ( 'NONE',  ( -44.00000000000000000, 5.388445916248353619E-15, 3.500000000000000000 ) ) ;
#5792 = CARTESIAN_POINT ( 'NONE',  ( 43.45873412499999233, 0.000000000000000000, 0.3124999986344065839 ) ) ;
#5793 = DIRECTION ( 'NONE',  ( -0.8649797432951745746, -0.5018067792377998160, 0.000000000000000000 ) ) ;
#5794 = CARTESIAN_POINT ( 'NONE',  ( -4.924237170472005154, -10.60777118237891692, 27.00000000000000000 ) ) ;
#5795 = CARTESIAN_POINT ( 'NONE',  ( 22.15977871545366540, -38.07830745143733964, 12.98064581551408914 ) ) ;
#5796 = EDGE_CURVE ( 'NONE', #122, #5383, #6474, .T. ) ;
#5797 = ADVANCED_FACE ( 'NONE', ( #1419 ), #2663, .T. ) ;
#5798 = ORIENTED_EDGE ( 'NONE', *, *, #2744, .F. ) ;
#5799 = DIRECTION ( 'NONE',  ( -0.000000000000000000, -0.000000000000000000, -1.000000000000000000 ) ) ;
#5800 = FACE_BOUND ( 'NONE', #299, .T. ) ;
#5801 = LINE ( 'NONE', #3501, #3664 ) ;
#5802 = CARTESIAN_POINT ( 'NONE',  ( 44.00000000000000000, 18.22539674441618374, 0.9374999972688135008 ) ) ;
#5803 = ORIENTED_EDGE ( 'NONE', *, *, #6410, .F. ) ;
#5804 = CARTESIAN_POINT ( 'NONE',  ( -26.86103103595605646, -36.10408499188358888, 11.38047375977783027 ) ) ;
#5805 = CARTESIAN_POINT ( 'NONE',  ( -43.45873412499999233, 5.322159964117709262E-15, 1.812499998634406584 ) ) ;
#5806 = EDGE_CURVE ( 'NONE', #1181, #4921, #5932, .T. ) ;
#5807 = SURFACE_STYLE_FILL_AREA ( #5698 ) ;
#5808 = CARTESIAN_POINT ( 'NONE',  ( -1.000000000000000888, -6.228707828460229301, 25.00000000000000000 ) ) ;
#5809 = CARTESIAN_POINT ( 'NONE',  ( -31.00000000000000355, -9.999999999999991118, 23.00000000000000000 ) ) ;
#5810 = ORIENTED_EDGE ( 'NONE', *, *, #6634, .T. ) ;
#5811 = CARTESIAN_POINT ( 'NONE',  ( -25.75000000000002132, -12.74342645422166420, 27.00000000000000355 ) ) ;
#5812 = DIRECTION ( 'NONE',  ( 0.000000000000000000, 0.000000000000000000, 1.000000000000000000 ) ) ;
#5813 = CARTESIAN_POINT ( 'NONE',  ( -8.082668874372530822E-15, -44.00000000000000000, 4.624999997268813168 ) ) ;
#5814 = EDGE_CURVE ( 'NONE', #4632, #6726, #1418, .T. ) ;
#5815 = CARTESIAN_POINT ( 'NONE',  ( -24.00000000000001421, -15.74342645422166775, 27.00000000000000355 ) ) ;
#5816 = EDGE_CURVE ( 'NONE', #5787, #2884, #4881, .T. ) ;
#5817 = CARTESIAN_POINT ( 'NONE',  ( -9.450269355996153919, -6.342363244189093585, 27.00000000000000000 ) ) ;
#5818 = CARTESIAN_POINT ( 'NONE',  ( -25.50000000000000355, -26.00000000000000000, 23.00000000000000000 ) ) ;
#5819 = CARTESIAN_POINT ( 'NONE',  ( -44.00000000000000000, 18.22539674441618374, 0.4375000000000000000 ) ) ;
#5820 = ORIENTED_EDGE ( 'NONE', *, *, #2415, .F. ) ;
#5821 = CARTESIAN_POINT ( 'NONE',  ( -2.467744239138954132, -8.238629169823980192, 27.00000000000000355 ) ) ;
#5822 = ORIENTED_EDGE ( 'NONE', *, *, #2743, .T. ) ;
#5823 = ORIENTED_EDGE ( 'NONE', *, *, #2652, .F. ) ;
#5824 = CARTESIAN_POINT ( 'NONE',  ( -8.082668874372530822E-15, -44.00000000000000000, 4.624999997268813168 ) ) ;
#5825 = ORIENTED_EDGE ( 'NONE', *, *, #2659, .T. ) ;
#5826 = DIRECTION ( 'NONE',  ( -0.000000000000000000, -0.000000000000000000, 1.000000000000000000 ) ) ;
#5827 = CARTESIAN_POINT ( 'NONE',  ( -15.99999999999999645, 20.00000000000000000, 23.00000000000000000 ) ) ;
#5828 = CARTESIAN_POINT ( 'NONE',  ( -7.983239946176564682E-15, -43.45873412499999233, 5.062499998634407028 ) ) ;
#5829 = CARTESIAN_POINT ( 'NONE',  ( 6.250000000000000000, -12.74342645422166242, 25.99999999999999645 ) ) ;
#5830 = CARTESIAN_POINT ( 'NONE',  ( -7.232625667969844407, -11.73235606736633940, 27.00000000000000000 ) ) ;
#5831 = CARTESIAN_POINT ( 'NONE',  ( 44.00000000000000000, 0.000000000000000000, 0.000000000000000000 ) ) ;
#5832 = VERTEX_POINT ( 'NONE', #5900 ) ;
#5833 = LINE ( 'NONE', #6957, #524 ) ;
#5834 = CARTESIAN_POINT ( 'NONE',  ( -12.49999999999999645, -6.267806578733621237, 27.00000000000000355 ) ) ;
#5835 = CARTESIAN_POINT ( 'NONE',  ( 22.42795842279049268, -39.01366538849475063, 6.033323266154143383 ) ) ;
#5836 = VERTEX_POINT ( 'NONE', #5348 ) ;
#5837 = CARTESIAN_POINT ( 'NONE',  ( -25.15653286784278109, -35.46591347123762006, 11.40876814196463229 ) ) ;
#5838 = CARTESIAN_POINT ( 'NONE',  ( 43.45873412499998523, -18.00119707814146963, 2.249999998634406584 ) ) ;
#5839 = DIRECTION ( 'NONE',  ( 1.000000000000000000, 0.000000000000000000, 0.000000000000000000 ) ) ;
#5840 = LINE ( 'NONE', #413, #3890 ) ;
#5841 = AXIS2_PLACEMENT_3D ( 'NONE', #1558, #3777, #466 ) ;
#5842 =( BOUNDED_CURVE ( )  B_SPLINE_CURVE ( 3, ( #916, #3136, #358, #399 ),
 .UNSPECIFIED., .F., .F. ) 
 B_SPLINE_CURVE_WITH_KNOTS ( ( 4, 4 ),
 ( 4.712388980384689674, 6.283185307179586232 ),
 .UNSPECIFIED. ) 
 CURVE ( )  GEOMETRIC_REPRESENTATION_ITEM ( )  RATIONAL_B_SPLINE_CURVE ( ( 1.000000000000000000, 0.8047378541243649375, 0.8047378541243649375, 1.000000000000000000 ) ) 
 REPRESENTATION_ITEM ( '' )  );
#5843 = EDGE_CURVE ( 'NONE', #4541, #4020, #1238, .T. ) ;
#5844 = CARTESIAN_POINT ( 'NONE',  ( -11.50000000000000000, -3.743426454221657984, 26.00000000000001066 ) ) ;
#5845 = CARTESIAN_POINT ( 'NONE',  ( 4.500000000000003553, -21.74342645422166242, 26.58578643762690064 ) ) ;
#5846 = ORIENTED_EDGE ( 'NONE', *, *, #5449, .F. ) ;
#5847 = CARTESIAN_POINT ( 'NONE',  ( 18.94841662260335369, -40.81615051515974102, 10.48806554675032388 ) ) ;
#5848 = CARTESIAN_POINT ( 'NONE',  ( -14.58578643762690419, -21.32921289184856661, 27.00000000000000355 ) ) ;
#5849 = CARTESIAN_POINT ( 'NONE',  ( -30.72996560157071499, 30.72996560157071855, 1.937499998634406584 ) ) ;
#5850 = CARTESIAN_POINT ( 'NONE',  ( -11.49999999999999645, -3.743426454221664645, 26.00000000000000355 ) ) ;
#5851 = B_SPLINE_CURVE_WITH_KNOTS ( 'NONE', 3,
 ( #947, #2584, #4804, #4297, #4883, #2624, #2516, #5934, #7025, #3748, #2045, #1421, #4266, #1496, #1532, #3168, #5969, #5427, #440, #7099, #2113, #3788, #6011, #5285, #4737, #6045, #510, #1605, #1093, #2737, #1676, #476, #4480, #3822, #6689, #6080 ),
 .UNSPECIFIED., .F., .F.,
 ( 4, 2, 2, 2, 2, 2, 2, 2, 2, 2, 2, 2, 2, 2, 2, 2, 2, 4 ),
 ( 0.000000000000000000, 0.001967817707702085479, 0.003935635415404170959, 0.004919544269255215867, 0.005903453123106261642, 0.006395407550031782795, 0.006887361976957303948, 0.007379316403882825968, 0.007871270830808347121, 0.008117248044271109866, 0.008363225257733872611, 0.008855179684659394632, 0.009347134111584918387, 0.009839088538510440407, 0.01082299739236148618, 0.01180690624621253022, 0.01377472395391461657, 0.01574254166161670465 ),
 .UNSPECIFIED. ) ;
#5852 = VECTOR ( 'NONE', #5068, 1000.000000000000000 ) ;
#5853 = ADVANCED_FACE ( 'NONE', ( #3309 ), #580, .F. ) ;
#5854 = EDGE_CURVE ( 'NONE', #3689, #2203, #6580, .T. ) ;
#5855 = CARTESIAN_POINT ( 'NONE',  ( 22.10648544016904893, 26.50000000000000000, 23.00000000000000000 ) ) ;
#5856 = FACE_OUTER_BOUND ( 'NONE', #3126, .T. ) ;
#5857 = ORIENTED_EDGE ( 'NONE', *, *, #1130, .T. ) ;
#5858 = CARTESIAN_POINT ( 'NONE',  ( -2.683357652561809026, -7.921484567560537648, 27.00000000000000355 ) ) ;
#5859 = VECTOR ( 'NONE', #3965, 1000.000000000000000 ) ;
#5860 = ORIENTED_EDGE ( 'NONE', *, *, #5590, .F. ) ;
#5861 = CIRCLE ( 'NONE', #4460, 1.100000000000000311 ) ;
#5862 = VERTEX_POINT ( 'NONE', #2352 ) ;
#5863 = ORIENTED_EDGE ( 'NONE', *, *, #3953, .T. ) ;
#5864 = LINE ( 'NONE', #5750, #6091 ) ;
#5865 = DIRECTION ( 'NONE',  ( -0.000000000000000000, -0.000000000000000000, 1.000000000000000000 ) ) ;
#5866 = CARTESIAN_POINT ( 'NONE',  ( -43.45873412499999233, 18.00119707814144832, 4.749999998634407028 ) ) ;
#5867 = COLOUR_RGB ( '',0.7960784313725489669, 0.8235294117647058432, 0.9372549019607843146 ) ;
#5868 = CARTESIAN_POINT ( 'NONE',  ( 40.00000000000000711, 0.000000000000000000, 20.00000000000000000 ) ) ;
#5869 = CARTESIAN_POINT ( 'NONE',  ( 23.13403613440594242, -37.42748150934017559, 6.050569891709854708 ) ) ;
#5870 = DIRECTION ( 'NONE',  ( -0.000000000000000000, -0.000000000000000000, 1.000000000000000000 ) ) ;
#5871 = AXIS2_PLACEMENT_3D ( 'NONE', #149, #671, #115 ) ;
#5872 = ORIENTED_EDGE ( 'NONE', *, *, #2034, .F. ) ;
#5873 = FACE_BOUND ( 'NONE', #443, .T. ) ;
#5874 = VECTOR ( 'NONE', #3577, 1000.000000000000000 ) ;
#5875 = CARTESIAN_POINT ( 'NONE',  ( -2.720213208986269837, -7.875033536188585259, 27.00000000000000711 ) ) ;
#5876 = CARTESIAN_POINT ( 'NONE',  ( -22.25000000000001421, -12.74342645422166598, 25.00000000000000000 ) ) ;
#5877 = ORIENTED_EDGE ( 'NONE', *, *, #4204, .F. ) ;
#5878 = FACE_OUTER_BOUND ( 'NONE', #3677, .T. ) ;
#5879 = CARTESIAN_POINT ( 'NONE',  ( 18.00119707814145187, 43.45873412499999233, 2.499999998634406584 ) ) ;
#5880 = VECTOR ( 'NONE', #767, 1000.000000000000000 ) ;
#5881 = DIRECTION ( 'NONE',  ( -1.000000000000000000, -1.239088197126293529E-16, 0.000000000000000000 ) ) ;
#5882 = VECTOR ( 'NONE', #1530, 1000.000000000000000 ) ;
#5883 = FACE_OUTER_BOUND ( 'NONE', #6, .T. ) ;
#5884 = ORIENTED_EDGE ( 'NONE', *, *, #5223, .F. ) ;
#5885 = DIRECTION ( 'NONE',  ( 0.8637789008984334549, 0.5038710255240862468, -0.000000000000000000 ) ) ;
#5886 = CARTESIAN_POINT ( 'NONE',  ( 18.22539674441619084, -43.99999999999999289, 5.687499997268812280 ) ) ;
#5887 = CARTESIAN_POINT ( 'NONE',  ( -1.971027197082421356, -7.211788156114929293, 26.00000000000001421 ) ) ;
#5888 = AXIS2_PLACEMENT_3D ( 'NONE', #3063, #4086, #2994 ) ;
#5889 = ADVANCED_FACE ( 'NONE', ( #3894 ), #715, .F. ) ;
#5890 = CARTESIAN_POINT ( 'NONE',  ( 26.83955084308091799, -34.98473552558840538, 20.00000000000000000 ) ) ;
#5891 = CARTESIAN_POINT ( 'NONE',  ( -19.49949291013535557, -40.56079228014833404, 9.772516842922883029 ) ) ;
#5892 = CARTESIAN_POINT ( 'NONE',  ( 31.11269837220809364, 31.11269837220809364, 0.1250000000000000000 ) ) ;
#5893 = ORIENTED_EDGE ( 'NONE', *, *, #6110, .T. ) ;
#5894 = CARTESIAN_POINT ( 'NONE',  ( -2.283638799662076391, -10.92014741832404212, 27.00000000000000355 ) ) ;
#5895 = ORIENTED_EDGE ( 'NONE', *, *, #297, .F. ) ;
#5896 = CARTESIAN_POINT ( 'NONE',  ( -31.11269837220809364, -31.11269837220808654, 2.625000000000000000 ) ) ;
#5897 = EDGE_CURVE ( 'NONE', #5275, #6324, #7134, .T. ) ;
#5898 = ORIENTED_EDGE ( 'NONE', *, *, #6323, .F. ) ;
#5899 = DIRECTION ( 'NONE',  ( -1.000000000000000000, -1.982541115402068068E-15, -0.000000000000000000 ) ) ;
#5900 = CARTESIAN_POINT ( 'NONE',  ( 26.84465468539448807, -1.500000000000003331, 18.00000000000000000 ) ) ;
#5901 = CARTESIAN_POINT ( 'NONE',  ( 43.45873412499998523, -18.00119707814146963, 4.249999998634407028 ) ) ;
#5902 = DIRECTION ( 'NONE',  ( 0.8637789008984337880, -0.5038710255240854696, 0.000000000000000000 ) ) ;
#5903 = ADVANCED_FACE ( 'NONE', ( #3345 ), #5703, .F. ) ;
#5904 = CARTESIAN_POINT ( 'NONE',  ( -11.94755780502276998, -12.68620880321276090, 26.84314826883611715 ) ) ;
#5905 = FACE_OUTER_BOUND ( 'NONE', #270, .T. ) ;
#5906 = EDGE_LOOP ( 'NONE', ( #567, #889, #1413, #6605 ) ) ;
#5907 = PLANE ( 'NONE',  #5754 ) ;
#5908 = CARTESIAN_POINT ( 'NONE',  ( 22.62779439077251453, -38.89719199823528584, 13.03406675315653906 ) ) ;
#5909 = CARTESIAN_POINT ( 'NONE',  ( -25.97956885127560867, -36.74390449063740505, 7.236011778148912832 ) ) ;
#5910 = ORIENTED_EDGE ( 'NONE', *, *, #3445, .T. ) ;
#5911 = PLANE ( 'NONE',  #5771 ) ;
#5912 = CARTESIAN_POINT ( 'NONE',  ( -43.45873412499999233, 18.00119707814145187, 4.749999998634407028 ) ) ;
#5913 = CARTESIAN_POINT ( 'NONE',  ( 20.49999999999998934, -9.759909745017585792, 26.00000000000000355 ) ) ;
#5914 = CARTESIAN_POINT ( 'NONE',  ( 30.99999999999998934, -21.74342645422165532, 27.00000000000000355 ) ) ;
#5915 = VERTEX_POINT ( 'NONE', #6009 ) ;
#5916 = CARTESIAN_POINT ( 'NONE',  ( 1.863778900898432234, -22.24729747974574678, 26.99999999999999645 ) ) ;
#5917 = UNCERTAINTY_MEASURE_WITH_UNIT (LENGTH_MEASURE( 1.000000000000000082E-05 ), #96, 'distance_accuracy_value', 'NONE');
#5918 = LINE ( 'NONE', #5445, #4026 ) ;
#5919 = CARTESIAN_POINT ( 'NONE',  ( 43.45873412499999233, 18.00119707814144476, 3.624999998634406584 ) ) ;
#5920 = CARTESIAN_POINT ( 'NONE',  ( -1.499999999999996669, 27.50000000000000000, 18.00000000000000000 ) ) ;
#5921 = DIRECTION ( 'NONE',  ( 1.000000000000000000, 0.000000000000000000, 0.000000000000000000 ) ) ;
#5922 = CARTESIAN_POINT ( 'NONE',  ( -20.41137417189414194, -39.33604500132638293, 12.15582902615938821 ) ) ;
#5923 = CARTESIAN_POINT ( 'NONE',  ( 21.77752588951349466, -38.23481017157216399, 12.93584396705441719 ) ) ;
#5924 = ORIENTED_EDGE ( 'NONE', *, *, #2793, .F. ) ;
#5925 = CARTESIAN_POINT ( 'NONE',  ( -10.61290388530793294, -14.72818881942841429, 27.00000000000000355 ) ) ;
#5926 = CARTESIAN_POINT ( 'NONE',  ( 4.500000000000002665, -3.743426454221664201, 25.00000000000000000 ) ) ;
#5927 =( BOUNDED_CURVE ( )  B_SPLINE_CURVE ( 3, ( #2411, #4631, #1505, #6554 ),
 .UNSPECIFIED., .F., .F. ) 
 B_SPLINE_CURVE_WITH_KNOTS ( ( 4, 4 ),
 ( 4.712388980384687898, 6.283185307179586232 ),
 .UNSPECIFIED. ) 
 CURVE ( )  GEOMETRIC_REPRESENTATION_ITEM ( )  RATIONAL_B_SPLINE_CURVE ( ( 1.000000000000000000, 0.8047378541243646044, 0.8047378541243646044, 1.000000000000000000 ) ) 
 REPRESENTATION_ITEM ( '' )  );
#5928 = CARTESIAN_POINT ( 'NONE',  ( -45.00000000000000711, 0.000000000000000000, 25.00000000000000000 ) ) ;
#5929 = VERTEX_POINT ( 'NONE', #3245 ) ;
#5930 = CARTESIAN_POINT ( 'NONE',  ( -24.32406776195559672, -36.66660035589603694, 12.46956088328088263 ) ) ;
#5931 = EDGE_CURVE ( 'NONE', #5564, #5079, #871, .T. ) ;
#5932 = LINE ( 'NONE', #945, #1700 ) ;
#5933 = DIRECTION ( 'NONE',  ( -1.000000000000000000, 0.000000000000000000, 0.000000000000000000 ) ) ;
#5934 = CARTESIAN_POINT ( 'NONE',  ( -6.355699839150977581, -11.44584521842380376, 26.00000000000000355 ) ) ;
#5935 = CARTESIAN_POINT ( 'NONE',  ( 18.00119707814145187, -43.45873412499998523, 1.124999998634406584 ) ) ;
#5936 = CYLINDRICAL_SURFACE ( 'NONE', #4811, 1.000000000000000888 ) ;
#5937 = EDGE_LOOP ( 'NONE', ( #5407, #5014, #235, #1926 ) ) ;
#5938 = CARTESIAN_POINT ( 'NONE',  ( -43.45873412499999233, 5.322159964117709262E-15, 2.062499998634406584 ) ) ;
#5939 = ADVANCED_FACE ( 'NONE', ( #1267 ), #1131, .T. ) ;
#5940 = EDGE_CURVE ( 'NONE', #5064, #1013, #681, .T. ) ;
#5941 = CARTESIAN_POINT ( 'NONE',  ( -2.009559313699119887, -9.993613002316743987, 27.00000000000000711 ) ) ;
#5942 = CARTESIAN_POINT ( 'NONE',  ( -27.06678546842270805, -35.94990222731124163, 9.402162750104846367 ) ) ;
#5943 = ORIENTED_EDGE ( 'NONE', *, *, #831, .T. ) ;
#5944 = CARTESIAN_POINT ( 'NONE',  ( 23.99999999999999289, -9.759909745017587568, 25.00000000000000000 ) ) ;
#5945 = CARTESIAN_POINT ( 'NONE',  ( -12.62441833359509324, -6.274287230117733927, 27.00000000000000355 ) ) ;
#5946 = LINE ( 'NONE', #2058, #56 ) ;
#5947 = CARTESIAN_POINT ( 'NONE',  ( -4.215454181751291607, -11.31582330069305797, 27.00000000000000711 ) ) ;
#5948 = CARTESIAN_POINT ( 'NONE',  ( 18.00000000000000355, -4.743426454221659760, 27.00000000000000355 ) ) ;
#5949 = DIRECTION ( 'NONE',  ( -0.000000000000000000, -0.000000000000000000, -1.000000000000000000 ) ) ;
#5950 = ORIENTED_EDGE ( 'NONE', *, *, #2328, .F. ) ;
#5951 = CARTESIAN_POINT ( 'NONE',  ( 44.00000000000000000, 5.388445916248353619E-15, 15.00000000000000000 ) ) ;
#5952 = FACE_OUTER_BOUND ( 'NONE', #4616, .T. ) ;
#5953 = FACE_OUTER_BOUND ( 'NONE', #2407, .T. ) ;
#5954 = CARTESIAN_POINT ( 'NONE',  ( -7.173082345486670341, -4.266100332597224210, 26.00000000000000000 ) ) ;
#5955 = VECTOR ( 'NONE', #209, 1000.000000000000000 ) ;
#5956 = CARTESIAN_POINT ( 'NONE',  ( -11.40843301440141744, -42.59273254217915650, 19.99999999999999645 ) ) ;
#5957 = CARTESIAN_POINT ( 'NONE',  ( -19.91701477943577814, -40.35664653207036423, 8.449891284897807608 ) ) ;
#5958 = CARTESIAN_POINT ( 'NONE',  ( 21.07695240418167515, -38.62377633767171403, 7.352081364141269226 ) ) ;
#5959 = ORIENTED_EDGE ( 'NONE', *, *, #470, .F. ) ;
#5960 = CARTESIAN_POINT ( 'NONE',  ( -2.858248743315767726, -13.15961168826666672, 26.00000000000000355 ) ) ;
#5961 = VECTOR ( 'NONE', #2754, 1000.000000000000000 ) ;
#5962 = DIRECTION ( 'NONE',  ( -0.5049055868418412807, 0.8631745758396129897, 0.000000000000000000 ) ) ;
#5963 = VECTOR ( 'NONE', #3887, 1000.000000000000000 ) ;
#5964 = DIRECTION ( 'NONE',  ( -0.5018067792377998160, 0.8649797432951744636, 0.000000000000000000 ) ) ;
#5965 = ORIENTED_EDGE ( 'NONE', *, *, #1138, .F. ) ;
#5966 = CARTESIAN_POINT ( 'NONE',  ( -25.69192280583510168, -35.72011277849149025, 10.23028313568306125 ) ) ;
#5967 = DIRECTION ( 'NONE',  ( 0.000000000000000000, -1.000000000000000000, 0.000000000000000000 ) ) ;
#5968 = LINE ( 'NONE', #547, #7014 ) ;
#5969 = CARTESIAN_POINT ( 'NONE',  ( -4.503325073357078878, -9.927592751228756285, 26.00000000000000355 ) ) ;
#5970 = CARTESIAN_POINT ( 'NONE',  ( 43.45873412499998523, -18.00119707814146963, 1.249999998634407028 ) ) ;
#5971 = PLANE ( 'NONE',  #4581 ) ;
#5972 = VECTOR ( 'NONE', #3535, 1000.000000000000000 ) ;
#5973 = EDGE_CURVE ( 'NONE', #7147, #6832, #1615, .T. ) ;
#5974 = EDGE_LOOP ( 'NONE', ( #574, #2358, #3108, #1382 ) ) ;
#5975 = CARTESIAN_POINT ( 'NONE',  ( 43.45873412499999233, 18.00119707814144121, 3.624999998634406584 ) ) ;
#5976 = VECTOR ( 'NONE', #5046, 1000.000000000000000 ) ;
#5977 = CARTESIAN_POINT ( 'NONE',  ( -5.584781092697709504, -13.63352200772453493, 27.00000000000000355 ) ) ;
#5978 = CYLINDRICAL_SURFACE ( 'NONE', #4334, 0.9999999999999998890 ) ;
#5979 = VERTEX_POINT ( 'NONE', #3857 ) ;
#5980 = LINE ( 'NONE', #7072, #5063 ) ;
#5981 = CARTESIAN_POINT ( 'NONE',  ( 18.00119707814145187, -43.45873412499998523, 3.124999998634406584 ) ) ;
#5982 = CIRCLE ( 'NONE', #4705, 39.00000000000000000 ) ;
#5983 = EDGE_CURVE ( 'NONE', #578, #2237, #3888, .T. ) ;
#5984 = EDGE_CURVE ( 'NONE', #2746, #5832, #3276, .T. ) ;
#5985 = LINE ( 'NONE', #4894, #1454 ) ;
#5986 = EDGE_LOOP ( 'NONE', ( #1025, #2668, #2628, #228 ) ) ;
#5987 = CARTESIAN_POINT ( 'NONE',  ( -31.00000000000000355, -9.999999999999991118, 18.00000000000000000 ) ) ;
#5988 = CARTESIAN_POINT ( 'NONE',  ( 11.88353659479237656, 6.951159343767575827, 26.00000000000000355 ) ) ;
#5989 = EDGE_LOOP ( 'NONE', ( #4675, #1110, #1671, #4926 ) ) ;
#5990 = CARTESIAN_POINT ( 'NONE',  ( -19.49910851011317803, -39.44343758301165792, 10.19661608680640619 ) ) ;
#5991 = VECTOR ( 'NONE', #2926, 1000.000000000000000 ) ;
#5992 = VERTEX_POINT ( 'NONE', #4953 ) ;
#5993 = CARTESIAN_POINT ( 'NONE',  ( 21.84465468539448452, -2.638641928929985385E-15, 18.00000000000000000 ) ) ;
#5994 = CARTESIAN_POINT ( 'NONE',  ( -18.00119707814144121, 43.45873412499999233, 4.874999998634407916 ) ) ;
#5995 = ADVANCED_FACE ( 'NONE', ( #6647 ), #6115, .F. ) ;
#5996 = EDGE_CURVE ( 'NONE', #1033, #5600, #7095, .T. ) ;
#5997 = VECTOR ( 'NONE', #1992, 1000.000000000000000 ) ;
#5998 = PLANE ( 'NONE',  #425 ) ;
#5999 = DIRECTION ( 'NONE',  ( -1.000000000000000000, -6.938893903907227392E-16, 0.000000000000000000 ) ) ;
#6000 = CARTESIAN_POINT ( 'NONE',  ( -19.52596512359784953, -40.54803775600296234, 9.540252467019644911 ) ) ;
#6001 = CARTESIAN_POINT ( 'NONE',  ( 0.000000000000000000, 0.000000000000000000, 23.00000000000000000 ) ) ;
#6002 = EDGE_LOOP ( 'NONE', ( #173, #3722, #6866, #133 ) ) ;
#6003 = CARTESIAN_POINT ( 'NONE',  ( 29.99999999999998934, -3.743426454221657540, 26.00000000000000355 ) ) ;
#6004 = AXIS2_PLACEMENT_3D ( 'NONE', #2854, #667, #5577 ) ;
#6005 = CARTESIAN_POINT ( 'NONE',  ( -44.00000000000011369, 18.22539674441606294, 4.312499997268813168 ) ) ;
#6006 = CARTESIAN_POINT ( 'NONE',  ( 40.00000000000000711, 0.000000000000000000, 25.00000000000000000 ) ) ;
#6007 = VERTEX_POINT ( 'NONE', #2976 ) ;
#6008 = CARTESIAN_POINT ( 'NONE',  ( -24.23188634929175933, -36.72660300966679614, 7.487418933028206602 ) ) ;
#6009 = CARTESIAN_POINT ( 'NONE',  ( -29.50000000000000000, 10.00000000000000178, 18.00000000000000000 ) ) ;
#6010 = CARTESIAN_POINT ( 'NONE',  ( 2.694222958124176809E-15, 44.00000000000000000, 3.124999997268813168 ) ) ;
#6011 = CARTESIAN_POINT ( 'NONE',  ( -4.803361584887080760, -9.005163863542041014, 26.00000000000001066 ) ) ;
#6012 = CARTESIAN_POINT ( 'NONE',  ( -20.50000000000002842, -3.743426454221659760, 27.00000000000000355 ) ) ;
#6013 = ORIENTED_EDGE ( 'NONE', *, *, #4251, .T. ) ;
#6014 = CARTESIAN_POINT ( 'NONE',  ( 18.00119707814144832, 43.45873412499999233, 0.7499999986344066949 ) ) ;
#6015 =( BOUNDED_SURFACE ( )  B_SPLINE_SURFACE ( 1, 2, ( 
 ( #3682, #917, #4884, #2585, #7026, #1533, #2625, #2046, #7100, #1498, #3715, #5464, #4298, #5935, #948, #5970, #2114, #3789, #5497, #1169, #6183, #1715, #1206, #4989, #7212, #1094, #3383, #2189, #6151, #3935, #6725, #6118, #2296, #6650, #6582, #3823, #2809, #6690, #6046, #2771, #4481, #6081, #4956, #3898, #4516, #1134, #1749, #5604, #4370, #4918, #2220, #1060, #511, #1606, #3279, #6614, #3970, #618, #2738, #7178, #4407, #3420, #5569, #72, #1639, #5644, #2699, #3860, #3312, #7137, #4439, #2153, #5534, #549, #1677, #583, #2846, #5062, #3348, #5023, #35 ),
 ( #2260, #5678, #4046, #1890, #3524, #6286, #798, #6220, #5710, #4008, #4078, #135, #6907, #2910, #1244, #4653, #1931, #2329, #2469, #6255, #103, #2398, #5242, #6325, #1274, #1857, #4155, #1383, #4618, #5746, #763, #5163, #2987, #3566, #4690, #5206, #5124, #248, #3487, #3457, #691, #2360, #6362, #4580, #4547, #2435, #6798, #5094, #6757, #1346, #1823, #661, #6869, #215, #723, #3023, #2945, #176, #3600, #4113, #6834, #2880, #1305, #5788, #1783, #1416, #4290, #2104, #4841, #4324, #907, #3129, #4222, #6501, #5311, #2073, #7055, #2657, #2036, #5420, #2577 ) ),
 .UNSPECIFIED., .F., .F., .F. ) 
 B_SPLINE_SURFACE_WITH_KNOTS ( ( 2, 2 ),
 ( 3, 2, 2, 2, 2, 2, 2, 2, 2, 2, 2, 2, 2, 2, 2, 2, 2, 2, 2, 2, 2, 2, 2, 2, 2, 2, 2, 2, 2, 2, 2, 2, 2, 2, 2, 2, 2, 2, 2, 2, 3 ),
 ( 0.000000000000000000, 1.000000000000000000 ),
 ( 0.000000000000000000, 0.02500000000000000139, 0.05000000000000000278, 0.07499999999999999722, 0.1000000000000000056, 0.1250000000000000000, 0.1499999999999999944, 0.1749999999999999889, 0.2000000000000000111, 0.2250000000000000056, 0.2500000000000000000, 0.2750000000000000222, 0.2999999999999999889, 0.3250000000000000111, 0.3499999999999999778, 0.3750000000000000000, 0.4000000000000000222, 0.4249999999999999889, 0.4500000000000000111, 0.4749999999999999778, 0.5000000000000000000, 0.5250000000000000222, 0.5500000000000000444, 0.5749999999999999556, 0.5999999999999999778, 0.6250000000000000000, 0.6500000000000000222, 0.6750000000000000444, 0.6999999999999999556, 0.7249999999999999778, 0.7500000000000000000, 0.7750000000000000222, 0.8000000000000000444, 0.8249999999999999556, 0.8499999999999999778, 0.8750000000000000000, 0.9000000000000000222, 0.9250000000000000444, 0.9499999999999999556, 0.9749999999999999778, 1.000000000000000000 ),
 .UNSPECIFIED. ) 
 GEOMETRIC_REPRESENTATION_ITEM ( )  RATIONAL_B_SPLINE_SURFACE ( (
 ( 1.000000000000000000, 0.9238795325112867385, 1.000000000000000000, 0.9238795325112867385, 1.000000000000000000, 0.9238795325112867385, 1.000000000000000000, 0.9238795325112867385, 1.000000000000000000, 0.9238795325112867385, 1.000000000000000000, 0.9238795325112867385, 1.000000000000000000, 0.9238795325112867385, 1.000000000000000000, 0.9238795325112867385, 1.000000000000000000, 0.9238795325112867385, 1.000000000000000000, 0.9238795325112867385, 1.000000000000000000, 0.9238795325112867385, 1.000000000000000000, 0.9238795325112867385, 1.000000000000000000, 0.9238795325112867385, 1.000000000000000000, 0.9238795325112867385, 1.000000000000000000, 0.9238795325112867385, 1.000000000000000000, 0.9238795325112867385, 1.000000000000000000, 0.9238795325112867385, 1.000000000000000000, 0.9238795325112867385, 1.000000000000000000, 0.9238795325112867385, 1.000000000000000000, 0.9238795325112867385, 1.000000000000000000, 0.9238795325112867385, 1.000000000000000000, 0.9238795325112867385, 1.000000000000000000, 0.9238795325112867385, 1.000000000000000000, 0.9238795325112867385, 1.000000000000000000, 0.9238795325112867385, 1.000000000000000000, 0.9238795325112867385, 1.000000000000000000, 0.9238795325112867385, 1.000000000000000000, 0.9238795325112867385, 1.000000000000000000, 0.9238795325112867385, 1.000000000000000000, 0.9238795325112867385, 1.000000000000000000, 0.9238795325112867385, 1.000000000000000000, 0.9238795325112867385, 1.000000000000000000, 0.9238795325112867385, 1.000000000000000000, 0.9238795325112867385, 1.000000000000000000, 0.9238795325112867385, 1.000000000000000000, 0.9238795325112867385, 1.000000000000000000, 0.9238795325112867385, 1.000000000000000000, 0.9238795325112867385, 1.000000000000000000, 0.9238795325112867385, 1.000000000000000000, 0.9238795325112867385, 1.000000000000000000),
 ( 1.000000000000000000, 0.9238795325112867385, 1.000000000000000000, 0.9238795325112867385, 1.000000000000000000, 0.9238795325112867385, 1.000000000000000000, 0.9238795325112867385, 1.000000000000000000, 0.9238795325112867385, 1.000000000000000000, 0.9238795325112867385, 1.000000000000000000, 0.9238795325112867385, 1.000000000000000000, 0.9238795325112867385, 1.000000000000000000, 0.9238795325112867385, 1.000000000000000000, 0.9238795325112867385, 1.000000000000000000, 0.9238795325112867385, 1.000000000000000000, 0.9238795325112867385, 1.000000000000000000, 0.9238795325112867385, 1.000000000000000000, 0.9238795325112867385, 1.000000000000000000, 0.9238795325112867385, 1.000000000000000000, 0.9238795325112867385, 1.000000000000000000, 0.9238795325112867385, 1.000000000000000000, 0.9238795325112867385, 1.000000000000000000, 0.9238795325112867385, 1.000000000000000000, 0.9238795325112867385, 1.000000000000000000, 0.9238795325112867385, 1.000000000000000000, 0.9238795325112867385, 1.000000000000000000, 0.9238795325112867385, 1.000000000000000000, 0.9238795325112867385, 1.000000000000000000, 0.9238795325112867385, 1.000000000000000000, 0.9238795325112867385, 1.000000000000000000, 0.9238795325112867385, 1.000000000000000000, 0.9238795325112867385, 1.000000000000000000, 0.9238795325112867385, 1.000000000000000000, 0.9238795325112867385, 1.000000000000000000, 0.9238795325112867385, 1.000000000000000000, 0.9238795325112867385, 1.000000000000000000, 0.9238795325112867385, 1.000000000000000000, 0.9238795325112867385, 1.000000000000000000, 0.9238795325112867385, 1.000000000000000000, 0.9238795325112867385, 1.000000000000000000, 0.9238795325112867385, 1.000000000000000000, 0.9238795325112867385, 1.000000000000000000, 0.9238795325112867385, 1.000000000000000000, 0.9238795325112867385, 1.000000000000000000) ) ) 
 REPRESENTATION_ITEM ( '' )  SURFACE ( )  );
#6016 = CARTESIAN_POINT ( 'NONE',  ( 24.26694916563518944, -37.89889833381796080, 7.483757346426100909 ) ) ;
#6017 = DIRECTION ( 'NONE',  ( -0.8637789008984331218, 0.5038710255240868019, 0.000000000000000000 ) ) ;
#6018 = ORIENTED_EDGE ( 'NONE', *, *, #5636, .F. ) ;
#6019 = FACE_OUTER_BOUND ( 'NONE', #6943, .T. ) ;
#6020 = CARTESIAN_POINT ( 'NONE',  ( 4.500000000000002665, -21.74342645422166242, 27.00000000000000355 ) ) ;
#6021 = EDGE_CURVE ( 'NONE', #3288, #6842, #272, .T. ) ;
#6022 = EDGE_LOOP ( 'NONE', ( #834, #5354, #3053, #1869, #3253 ) ) ;
#6023 = CYLINDRICAL_SURFACE ( 'NONE', #530, 1.000000000000000888 ) ;
#6024 = FACE_OUTER_BOUND ( 'NONE', #3908, .T. ) ;
#6025 = ORIENTED_EDGE ( 'NONE', *, *, #654, .F. ) ;
#6026 = CARTESIAN_POINT ( 'NONE',  ( -11.05055856827024918, 6.949538567781226917, 25.00000000000000000 ) ) ;
#6027 = VERTEX_POINT ( 'NONE', #1335 ) ;
#6028 = CARTESIAN_POINT ( 'NONE',  ( -21.65296586340055285, -38.46258049251815692, 7.115806809895610208 ) ) ;
#6029 = CARTESIAN_POINT ( 'NONE',  ( 4.500000000000002665, -3.743426454221664201, 25.99999999999999645 ) ) ;
#6030 = EDGE_CURVE ( 'NONE', #4632, #5080, #4179, .T. ) ;
#6031 = CARTESIAN_POINT ( 'NONE',  ( -31.00000000000001421, -21.74342645422166598, 25.00000000000000000 ) ) ;
#6032 = CARTESIAN_POINT ( 'NONE',  ( -26.83955084308090022, -34.98473552558841249, 19.99999999999999645 ) ) ;
#6033 = CARTESIAN_POINT ( 'NONE',  ( -20.67984746472223989, -39.96759355663848368, 13.29679807747869091 ) ) ;
#6034 = CARTESIAN_POINT ( 'NONE',  ( 2.694222958124176809E-15, 44.00000000000000000, 2.124999997268813168 ) ) ;
#6035 = VERTEX_POINT ( 'NONE', #1847 ) ;
#6036 = CARTESIAN_POINT ( 'NONE',  ( -12.71088950390531025, -15.70339485872172425, 26.00000000000000355 ) ) ;
#6037 = ADVANCED_FACE ( 'NONE', ( #6935, #6895 ), #5230, .F. ) ;
#6038 = EDGE_CURVE ( 'NONE', #3818, #1258, #4069, .T. ) ;
#6039 = LINE ( 'NONE', #5455, #972 ) ;
#6040 = CARTESIAN_POINT ( 'NONE',  ( -22.50000000000000000, -37.81203512110926113, 13.00000000000000355 ) ) ;
#6041 = ORIENTED_EDGE ( 'NONE', *, *, #3006, .T. ) ;
#6042 = CARTESIAN_POINT ( 'NONE',  ( -23.11377890089844911, -13.24729747974575211, 27.00000000000000355 ) ) ;
#6043 = CARTESIAN_POINT ( 'NONE',  ( -17.00000000000001421, -3.743426454221666866, 26.58578643762690774 ) ) ;
#6044 = CARTESIAN_POINT ( 'NONE',  ( 31.11269837220808299, -31.11269837220809364, 1.749999997268813390 ) ) ;
#6045 = CARTESIAN_POINT ( 'NONE',  ( -5.442526564593992866, -8.486156558883118706, 26.00000000000001421 ) ) ;
#6046 = CARTESIAN_POINT ( 'NONE',  ( -30.72996560157071499, 30.72996560157071855, 2.687499998634406584 ) ) ;
#6047 = AXIS2_PLACEMENT_3D ( 'NONE', #5405, #5443, #4351 ) ;
#6048 = VERTEX_POINT ( 'NONE', #5154 ) ;
#6049 = CARTESIAN_POINT ( 'NONE',  ( 18.00119707814144832, -43.45873412499998523, 3.374999998634406584 ) ) ;
#6050 = CARTESIAN_POINT ( 'NONE',  ( 25.45109197454182492, -35.17399971706939965, 9.420943003925167147 ) ) ;
#6051 = CARTESIAN_POINT ( 'NONE',  ( -25.42024023505110009, -37.13323089261472632, 13.24232709530089203 ) ) ;
#6052 = EDGE_LOOP ( 'NONE', ( #5776, #2545, #6143, #5486 ) ) ;
#6053 = CARTESIAN_POINT ( 'NONE',  ( 19.55528700259844399, -39.88757684627591260, 10.61046761087141377 ) ) ;
#6054 = CARTESIAN_POINT ( 'NONE',  ( -5.697408061937097479, -7.233465968206283847, 27.00000000000000355 ) ) ;
#6055 = B_SPLINE_CURVE_WITH_KNOTS ( 'NONE', 3,
 ( #697, #2886, #3493, #5714 ),
 .UNSPECIFIED., .F., .F.,
 ( 4, 4 ),
 ( 0.001345803818633970307, 0.001659263010835587433 ),
 .UNSPECIFIED. ) ;
#6056 = LINE ( 'NONE', #5001, #4479 ) ;
#6057 = ORIENTED_EDGE ( 'NONE', *, *, #1750, .T. ) ;
#6058 = CARTESIAN_POINT ( 'NONE',  ( -21.61304353333141393, -39.46994235144411078, 6.240925979401425572 ) ) ;
#6059 = FACE_OUTER_BOUND ( 'NONE', #1108, .T. ) ;
#6060 = ORIENTED_EDGE ( 'NONE', *, *, #918, .T. ) ;
#6061 = PLANE ( 'NONE',  #7121 ) ;
#6062 = CARTESIAN_POINT ( 'NONE',  ( 4.000000000000000000, 10.00000000000000178, 18.00000000000000000 ) ) ;
#6063 = CARTESIAN_POINT ( 'NONE',  ( 18.00119707814145187, 43.45873412499999233, 4.749999998634407028 ) ) ;
#6064 = PLANE ( 'NONE',  #2054 ) ;
#6065 = EDGE_CURVE ( 'NONE', #351, #5098, #415, .T. ) ;
#6066 = DIRECTION ( 'NONE',  ( -0.000000000000000000, -0.000000000000000000, 1.000000000000000000 ) ) ;
#6067 = CARTESIAN_POINT ( 'NONE',  ( -20.49328347831697172, -40.06623640231153871, 7.746852556559187697 ) ) ;
#6068 = DIRECTION ( 'NONE',  ( 0.5038710255240859137, 0.8637789008984335659, 0.000000000000000000 ) ) ;
#6069 = ORIENTED_EDGE ( 'NONE', *, *, #6422, .T. ) ;
#6070 = CARTESIAN_POINT ( 'NONE',  ( 22.61427065182607166, -37.72203529553069501, 6.996523030284203415 ) ) ;
#6071 = DIRECTION ( 'NONE',  ( -0.000000000000000000, 1.000000000000000000, -0.000000000000000000 ) ) ;
#6072 = EDGE_CURVE ( 'NONE', #713, #1122, #2534, .T. ) ;
#6073 = EDGE_CURVE ( 'NONE', #4583, #119, #6859, .T. ) ;
#6074 = DIRECTION ( 'NONE',  ( 0.000000000000000000, -0.000000000000000000, 1.000000000000000000 ) ) ;
#6075 = ORIENTED_EDGE ( 'NONE', *, *, #4557, .T. ) ;
#6076 = CARTESIAN_POINT ( 'NONE',  ( -25.70145715398166431, -35.71323674979430507, 10.03912020131130411 ) ) ;
#6077 = AXIS2_PLACEMENT_3D ( 'NONE', #4042, #3049, #3594 ) ;
#6078 = CARTESIAN_POINT ( 'NONE',  ( -25.75000000000002132, -12.74342645422166420, 26.00000000000000355 ) ) ;
#6079 = DIRECTION ( 'NONE',  ( -0.000000000000000000, -0.000000000000000000, -1.000000000000000000 ) ) ;
#6080 = CARTESIAN_POINT ( 'NONE',  ( -11.49999999999999822, -7.243426454221660649, 26.00000000000000355 ) ) ;
#6081 = CARTESIAN_POINT ( 'NONE',  ( -43.45873412499999944, -18.00119707814143410, 2.874999998634406584 ) ) ;
#6082 = AXIS2_PLACEMENT_3D ( 'NONE', #7000, #6564, #5366 ) ;
#6083 = ORIENTED_EDGE ( 'NONE', *, *, #1357, .F. ) ;
#6084 = CARTESIAN_POINT ( 'NONE',  ( -43.45873412499999944, -18.00119707814143410, 4.124999998634407028 ) ) ;
#6085 = CARTESIAN_POINT ( 'NONE',  ( 24.83902440406993861, -37.52454267790756859, 6.412988986047222895 ) ) ;
#6086 = CARTESIAN_POINT ( 'NONE',  ( -18.74103699912082988, -20.74342645422166598, 27.00000000000000355 ) ) ;
#6087 = ORIENTED_EDGE ( 'NONE', *, *, #370, .F. ) ;
#6088 = CIRCLE ( 'NONE', #1665, 4.999999999999997335 ) ;
#6089 = CARTESIAN_POINT ( 'NONE',  ( -24.54356257574524136, -37.71754944439627621, 13.70884703858058806 ) ) ;
#6090 = CARTESIAN_POINT ( 'NONE',  ( -8.236826773599316809, -6.509327225435855624, 27.00000000000000355 ) ) ;
#6091 = VECTOR ( 'NONE', #2474, 1000.000000000000000 ) ;
#6092 = DIRECTION ( 'NONE',  ( 1.239088197126291310E-16, 1.000000000000000000, -0.000000000000000000 ) ) ;
#6093 = CIRCLE ( 'NONE', #2606, 1.000000000000001554 ) ;
#6094 = CARTESIAN_POINT ( 'NONE',  ( 28.34465468539448807, 9.999999999999998224, 18.00000000000000000 ) ) ;
#6095 = ORIENTED_EDGE ( 'NONE', *, *, #1400, .T. ) ;
#6096 = CARTESIAN_POINT ( 'NONE',  ( 1.721161137629197757, -4.157640016594760901, 26.99999999999999289 ) ) ;
#6097 = FACE_OUTER_BOUND ( 'NONE', #5099, .T. ) ;
#6098 = ORIENTED_EDGE ( 'NONE', *, *, #1814, .F. ) ;
#6099 = CARTESIAN_POINT ( 'NONE',  ( -25.49121602217192972, -37.12771987703705889, 9.538362426468811606 ) ) ;
#6100 = CARTESIAN_POINT ( 'NONE',  ( 43.45873412499999233, 18.00119707814144476, 1.624999998634407028 ) ) ;
#6101 = CIRCLE ( 'NONE', #7024, 45.00000000000000711 ) ;
#6102 = DIRECTION ( 'NONE',  ( -0.5038710255240860247, -0.8637789008984334549, 0.000000000000000000 ) ) ;
#6103 = DIRECTION ( 'NONE',  ( 0.000000000000000000, 1.000000000000000000, -0.000000000000000000 ) ) ;
#6104 = CARTESIAN_POINT ( 'NONE',  ( 15.00000000000000178, -3.743426454221663313, 27.00000000000000355 ) ) ;
#6105 = ORIENTED_EDGE ( 'NONE', *, *, #2918, .T. ) ;
#6106 = CARTESIAN_POINT ( 'NONE',  ( 20.37741673976328372, -40.12547629548145522, 7.857207959690310162 ) ) ;
#6107 = CARTESIAN_POINT ( 'NONE',  ( 6.250000000000000000, -12.74342645422166242, 27.00000000000000355 ) ) ;
#6108 = ADVANCED_FACE ( 'NONE', ( #3660 ), #2390, .T. ) ;
#6109 = VECTOR ( 'NONE', #6390, 1000.000000000000000 ) ;
#6110 = EDGE_CURVE ( 'NONE', #1161, #3097, #789, .T. ) ;
#6111 = DIRECTION ( 'NONE',  ( -1.000000000000000000, -2.478176394252583113E-16, 0.000000000000000000 ) ) ;
#6112 = ORIENTED_EDGE ( 'NONE', *, *, #5235, .F. ) ;
#6113 = PLANE ( 'NONE',  #1460 ) ;
#6114 = VECTOR ( 'NONE', #2682, 1000.000000000000000 ) ;
#6115 = PLANE ( 'NONE',  #884 ) ;
#6116 = CARTESIAN_POINT ( 'NONE',  ( 18.22539674441619084, -43.99999999999999289, 2.687499997268814056 ) ) ;
#6117 = CARTESIAN_POINT ( 'NONE',  ( 39.54865025904196330, 19.49865308019179366, 20.00000000000000000 ) ) ;
#6118 = CARTESIAN_POINT ( 'NONE',  ( 43.45873412499998523, -18.00119707814146963, 2.249999998634406584 ) ) ;
#6119 = EDGE_CURVE ( 'NONE', #2278, #445, #4102, .T. ) ;
#6120 = AXIS2_PLACEMENT_3D ( 'NONE', #4867, #5556, #2098 ) ;
#6121 = EDGE_LOOP ( 'NONE', ( #4501, #1968, #596, #6158 ) ) ;
#6122 = ORIENTED_EDGE ( 'NONE', *, *, #5796, .T. ) ;
#6123 = CARTESIAN_POINT ( 'NONE',  ( 2.661079982058854631E-15, 43.45873412499999233, 4.812499998634407028 ) ) ;
#6124 = CARTESIAN_POINT ( 'NONE',  ( 25.39721062475883784, -37.17470182394310285, 8.996360045806007122 ) ) ;
#6125 = FACE_OUTER_BOUND ( 'NONE', #7093, .T. ) ;
#6126 = ORIENTED_EDGE ( 'NONE', *, *, #3993, .F. ) ;
#6127 = EDGE_CURVE ( 'NONE', #1644, #4855, #2458, .T. ) ;
#6128 = CARTESIAN_POINT ( 'NONE',  ( -11.49999999999999822, -21.74342645422166242, 25.00000000000000000 ) ) ;
#6129 = CARTESIAN_POINT ( 'NONE',  ( -10.87251873937161406, -6.233358105399843474, 27.00000000000000355 ) ) ;
#6130 = EDGE_CURVE ( 'NONE', #1122, #4662, #2175, .T. ) ;
#6131 = CARTESIAN_POINT ( 'NONE',  ( -15.00000000000000000, -3.743426454221665978, 26.58578643762690774 ) ) ;
#6132 = ORIENTED_EDGE ( 'NONE', *, *, #4122, .F. ) ;
#6133 = LINE ( 'NONE', #6591, #6675 ) ;
#6134 = VERTEX_POINT ( 'NONE', #4144 ) ;
#6135 = CARTESIAN_POINT ( 'NONE',  ( 24.35280035810809807, -36.64658395353882270, 7.564652163045228583 ) ) ;
#6136 = DIRECTION ( 'NONE',  ( 0.8643795212371211401, 0.5028399777920260494, -0.000000000000000000 ) ) ;
#6137 = ORIENTED_EDGE ( 'NONE', *, *, #3809, .T. ) ;
#6138 = CARTESIAN_POINT ( 'NONE',  ( -26.93977517685832623, -36.04513301863711661, 8.875209726342557559 ) ) ;
#6139 = ORIENTED_EDGE ( 'NONE', *, *, #2074, .T. ) ;
#6140 = CARTESIAN_POINT ( 'NONE',  ( -28.07437033245416202, -20.74342645422166953, 27.00000000000000355 ) ) ;
#6141 = CARTESIAN_POINT ( 'NONE',  ( 21.84465468539448452, -2.638641928929985385E-15, 18.00000000000000000 ) ) ;
#6142 = PLANE ( 'NONE',  #6296 ) ;
#6143 = ORIENTED_EDGE ( 'NONE', *, *, #5983, .F. ) ;
#6144 = CARTESIAN_POINT ( 'NONE',  ( 20.51941379596730286, -39.26393754174187478, 7.737660190535838645 ) ) ;
#6145 = DIRECTION ( 'NONE',  ( 1.000000000000000000, 0.000000000000000000, 0.000000000000000000 ) ) ;
#6146 = DIRECTION ( 'NONE',  ( 0.000000000000000000, 0.000000000000000000, -1.000000000000000000 ) ) ;
#6147 = ORIENTED_EDGE ( 'NONE', *, *, #100, .T. ) ;
#6148 = CARTESIAN_POINT ( 'NONE',  ( -19.17480046452201137, -40.71050115866016483, 11.41683287340838504 ) ) ;
#6149 = CARTESIAN_POINT ( 'NONE',  ( 2.694222958124176809E-15, 44.00000000000000000, 4.124999997268813168 ) ) ;
#6150 = CARTESIAN_POINT ( 'NONE',  ( -39.54865025904199172, 19.49865308019172971, 20.00000000000000000 ) ) ;
#6151 = CARTESIAN_POINT ( 'NONE',  ( -7.983239946176564682E-15, -43.45873412499999233, 2.062499998634406584 ) ) ;
#6152 = EDGE_CURVE ( 'NONE', #4185, #2574, #3045, .T. ) ;
#6153 = ORIENTED_EDGE ( 'NONE', *, *, #4197, .T. ) ;
#6154 = ORIENTED_EDGE ( 'NONE', *, *, #5481, .F. ) ;
#6155 = CARTESIAN_POINT ( 'NONE',  ( 20.49999999999998934, -9.759909745017585792, 27.00000000000000355 ) ) ;
#6156 = CARTESIAN_POINT ( 'NONE',  ( 25.49259165615592693, -37.12589922747544335, 10.48590076567688811 ) ) ;
#6157 = CARTESIAN_POINT ( 'NONE',  ( 44.00000000000000000, 0.000000000000000000, 1.874999997268813390 ) ) ;
#6158 = ORIENTED_EDGE ( 'NONE', *, *, #655, .F. ) ;
#6159 = CARTESIAN_POINT ( 'NONE',  ( -25.50000000000000355, 27.50000000000000000, 18.00000000000000000 ) ) ;
#6160 = CARTESIAN_POINT ( 'NONE',  ( -6.272159372136849598, -8.078227787713899488, 26.00000000000000355 ) ) ;
#6161 = DIRECTION ( 'NONE',  ( -0.5038710255240855806, -0.8637789008984338990, -0.000000000000000000 ) ) ;
#6162 = EDGE_CURVE ( 'NONE', #5404, #2944, #2627, .T. ) ;
#6163 = ADVANCED_FACE ( 'NONE', ( #4720 ), #6277, .F. ) ;
#6164 = ORIENTED_EDGE ( 'NONE', *, *, #4968, .T. ) ;
#6165 = CARTESIAN_POINT ( 'NONE',  ( -8.961858263619220111, 9.040989137880103499, 26.27790649951586488 ) ) ;
#6166 = ORIENTED_EDGE ( 'NONE', *, *, #3195, .T. ) ;
#6167 = CARTESIAN_POINT ( 'NONE',  ( 2.500000000000001776, -14.99999999999999822, 23.00000000000000000 ) ) ;
#6168 = CARTESIAN_POINT ( 'NONE',  ( 26.84465468539448807, 9.999999999999998224, 18.00000000000000000 ) ) ;
#6169 = ORIENTED_EDGE ( 'NONE', *, *, #2518, .F. ) ;
#6170 = ORIENTED_EDGE ( 'NONE', *, *, #4214, .F. ) ;
#6171 = CARTESIAN_POINT ( 'NONE',  ( -23.79618983274798083, -36.72959661183509894, 7.288395268551720818 ) ) ;
#6172 = CARTESIAN_POINT ( 'NONE',  ( -17.00000000000001776, -20.74342645422166242, 27.00000000000000355 ) ) ;
#6173 = CARTESIAN_POINT ( 'NONE',  ( -44.00000000000001421, -18.22539674441617663, 5.437499997268813168 ) ) ;
#6174 = CARTESIAN_POINT ( 'NONE',  ( -12.49999999999999645, -9.743426454221660649, 26.00000000000000355 ) ) ;
#6175 = DIRECTION ( 'NONE',  ( -0.000000000000000000, -0.000000000000000000, -1.000000000000000000 ) ) ;
#6176 = ORIENTED_EDGE ( 'NONE', *, *, #3889, .T. ) ;
#6177 = CARTESIAN_POINT ( 'NONE',  ( 19.74644397702627785, -40.43645553475357701, 7.574468299972297203 ) ) ;
#6178 = DIRECTION ( 'NONE',  ( -0.000000000000000000, 1.000000000000000000, -0.000000000000000000 ) ) ;
#6179 = DIRECTION ( 'NONE',  ( -0.000000000000000000, -0.000000000000000000, -1.000000000000000000 ) ) ;
#6180 = EDGE_LOOP ( 'NONE', ( #158, #3491, #1155, #910 ) ) ;
#6181 = CARTESIAN_POINT ( 'NONE',  ( -23.60281691142883886, -38.31765348924025716, 13.98771843078183252 ) ) ;
#6182 = CARTESIAN_POINT ( 'NONE',  ( 18.00119707814145187, 43.45873412499999233, 1.749999998634406584 ) ) ;
#6183 = CARTESIAN_POINT ( 'NONE',  ( 2.661079982058854631E-15, 43.45873412499999233, 1.562499998634406584 ) ) ;
#6184 = VECTOR ( 'NONE', #1662, 1000.000000000000000 ) ;
#6185 = VERTEX_POINT ( 'NONE', #4754 ) ;
#6186 = ORIENTED_EDGE ( 'NONE', *, *, #2783, .F. ) ;
#6187 = CARTESIAN_POINT ( 'NONE',  ( 16.00000000000000000, 20.00000000000000000, 23.00000000000000000 ) ) ;
#6188 = LINE ( 'NONE', #6225, #289 ) ;
#6189 = CARTESIAN_POINT ( 'NONE',  ( -8.082668874372530822E-15, -44.00000000000000000, 2.624999997268813168 ) ) ;
#6190 = ORIENTED_EDGE ( 'NONE', *, *, #6461, .T. ) ;
#6191 = FACE_OUTER_BOUND ( 'NONE', #1516, .T. ) ;
#6192 = CARTESIAN_POINT ( 'NONE',  ( -4.499165245393524692, -9.645068428628528423, 27.00000000000000355 ) ) ;
#6193 = CARTESIAN_POINT ( 'NONE',  ( 2.741036999120816109, -20.74342645422165887, 26.99999999999999645 ) ) ;
#6194 = AXIS2_PLACEMENT_3D ( 'NONE', #3321, #3354, #5575 ) ;
#6195 = EDGE_CURVE ( 'NONE', #2434, #6979, #5369, .T. ) ;
#6196 = VERTEX_POINT ( 'NONE', #492 ) ;
#6197 = CARTESIAN_POINT ( 'NONE',  ( -19.53058027014870035, -39.90292435998050280, 10.46729195403565882 ) ) ;
#6198 = DIRECTION ( 'NONE',  ( 1.000000000000000000, 0.000000000000000000, 0.000000000000000000 ) ) ;
#6199 = AXIS2_PLACEMENT_3D ( 'NONE', #6607, #6071, #6681 ) ;
#6200 = CARTESIAN_POINT ( 'NONE',  ( 24.78534282276311274, -36.35535019404358792, 7.915229104420833828 ) ) ;
#6201 = FACE_OUTER_BOUND ( 'NONE', #1652, .T. ) ;
#6202 = ORIENTED_EDGE ( 'NONE', *, *, #6781, .F. ) ;
#6203 = CARTESIAN_POINT ( 'NONE',  ( -26.17633681965066472, -36.60377794204762125, 7.452107817166661263 ) ) ;
#6204 = CARTESIAN_POINT ( 'NONE',  ( -44.00000000000000000, 5.388445916248353619E-15, 4.500000000000000888 ) ) ;
#6205 = ADVANCED_FACE ( 'NONE', ( #5952 ), #2173, .F. ) ;
#6206 = VECTOR ( 'NONE', #6767, 1000.000000000000000 ) ;
#6207 = DIRECTION ( 'NONE',  ( 0.5028399777920260494, -0.8643795212371211401, 0.000000000000000000 ) ) ;
#6208 = PLANE ( 'NONE',  #2500 ) ;
#6209 = DIRECTION ( 'NONE',  ( -1.000000000000000000, -8.673617379884034239E-17, 0.000000000000000000 ) ) ;
#6210 = ORIENTED_EDGE ( 'NONE', *, *, #4839, .F. ) ;
#6211 = CARTESIAN_POINT ( 'NONE',  ( 21.16587396390273312, -38.81629926345627268, 7.306158221695386423 ) ) ;
#6212 = EDGE_CURVE ( 'NONE', #5707, #6429, #5918, .T. ) ;
#6213 = ADVANCED_FACE ( 'NONE', ( #5408 ), #3190, .T. ) ;
#6214 = DIRECTION ( 'NONE',  ( -1.000000000000000000, 0.000000000000000000, -0.000000000000000000 ) ) ;
#6215 = VECTOR ( 'NONE', #4559, 1000.000000000000000 ) ;
#6216 = AXIS2_PLACEMENT_3D ( 'NONE', #3500, #2340, #6299 ) ;
#6217 = LINE ( 'NONE', #3891, #1106 ) ;
#6218 = VERTEX_POINT ( 'NONE', #2646 ) ;
#6219 = CARTESIAN_POINT ( 'NONE',  ( -11.50000000000000000, -3.743426454221657984, 26.00000000000000355 ) ) ;
#6220 = CARTESIAN_POINT ( 'NONE',  ( -44.00000000000000000, 18.22539674441618374, 0.4375000000000000555 ) ) ;
#6221 = VECTOR ( 'NONE', #5264, 1000.000000000000000 ) ;
#6222 = ORIENTED_EDGE ( 'NONE', *, *, #6964, .T. ) ;
#6223 = VERTEX_POINT ( 'NONE', #2604 ) ;
#6224 = CARTESIAN_POINT ( 'NONE',  ( -43.99999999999994316, -18.22539674441623703, 3.437499997268814056 ) ) ;
#6225 = CARTESIAN_POINT ( 'NONE',  ( 4.000000000000000000, -14.99999999999999822, 18.00000000000000000 ) ) ;
#6226 = CARTESIAN_POINT ( 'NONE',  ( 43.45873412499998523, -18.00119707814146963, 1.249999998634407028 ) ) ;
#6227 = DIRECTION ( 'NONE',  ( -0.5038710255240863578, -0.8637789008984333439, 0.000000000000000000 ) ) ;
#6228 = FACE_OUTER_BOUND ( 'NONE', #2412, .T. ) ;
#6230 = LINE ( 'NONE', #4866, #1443 ) ;
#6229 = VECTOR ( 'NONE', #1388, 1000.000000000000000 ) ;
#6231 = EDGE_LOOP ( 'NONE', ( #2507, #3139, #48, #2395 ) ) ;
#6232 = DIRECTION ( 'NONE',  ( -0.000000000000000000, -0.000000000000000000, -1.000000000000000000 ) ) ;
#6233 = CARTESIAN_POINT ( 'NONE',  ( -20.50000000000001421, -21.74342645422166953, 25.00000000000000000 ) ) ;
#6234 = EDGE_CURVE ( 'NONE', #2804, #4383, #1040, .T. ) ;
#6235 = LINE ( 'NONE', #2962, #4713 ) ;
#6236 = CARTESIAN_POINT ( 'NONE',  ( 21.93761017404645131, -39.29148337631738741, 6.132487483901821079 ) ) ;
#6237 = ORIENTED_EDGE ( 'NONE', *, *, #57, .F. ) ;
#6238 = CARTESIAN_POINT ( 'NONE',  ( -24.38816076828930690, -37.82164132852161487, 12.42981481978420533 ) ) ;
#6239 = CARTESIAN_POINT ( 'NONE',  ( -30.72996560157071499, 30.72996560157071855, 1.937499998634406584 ) ) ;
#6240 = DIRECTION ( 'NONE',  ( 1.000000000000000000, 1.156482317317874092E-15, 0.000000000000000000 ) ) ;
#6241 = CARTESIAN_POINT ( 'NONE',  ( -20.50000000000001776, -21.74342645422166953, 26.58578643762690774 ) ) ;
#6242 = ADVANCED_FACE ( 'NONE', ( #3154 ), #421, .T. ) ;
#6243 = DIRECTION ( 'NONE',  ( 0.000000000000000000, 0.000000000000000000, -1.000000000000000000 ) ) ;
#6244 = FACE_OUTER_BOUND ( 'NONE', #5709, .T. ) ;
#6245 = ORIENTED_EDGE ( 'NONE', *, *, #4474, .T. ) ;
#6246 = CARTESIAN_POINT ( 'NONE',  ( 19.49839602119028470, -40.56132283268697591, 9.935913321205115167 ) ) ;
#6247 = CARTESIAN_POINT ( 'NONE',  ( -31.11269837220809364, -31.11269837220808654, 3.625000000000000000 ) ) ;
#6248 = DIRECTION ( 'NONE',  ( 0.000000000000000000, 0.000000000000000000, 1.000000000000000000 ) ) ;
#6249 = EDGE_CURVE ( 'NONE', #5019, #2746, #2568, .T. ) ;
#6250 = DIRECTION ( 'NONE',  ( 1.000000000000000000, 0.000000000000000000, 0.000000000000000000 ) ) ;
#6251 = EDGE_CURVE ( 'NONE', #3512, #6721, #4827, .T. ) ;
#6252 = FACE_OUTER_BOUND ( 'NONE', #6550, .T. ) ;
#6253 = ORIENTED_EDGE ( 'NONE', *, *, #4250, .T. ) ;
#6254 = CARTESIAN_POINT ( 'NONE',  ( -9.473416291698589120, -4.831134453515195659, 27.00000000000000355 ) ) ;
#6255 = CARTESIAN_POINT ( 'NONE',  ( 18.22539674441618374, 44.00000000000000000, 1.187500000000000444 ) ) ;
#6256 = EDGE_LOOP ( 'NONE', ( #2959, #1197, #1212, #3458 ) ) ;
#6257 = LINE ( 'NONE', #6155, #155 ) ;
#6258 = CARTESIAN_POINT ( 'NONE',  ( 23.91596718016213430, -38.12003763416503688, 7.279390715964029646 ) ) ;
#6259 = CARTESIAN_POINT ( 'NONE',  ( 43.45873412499999233, 0.000000000000000000, 1.312499998634406584 ) ) ;
#6260 = PLANE ( 'NONE',  #4153 ) ;
#6261 = CARTESIAN_POINT ( 'NONE',  ( -5.306842713780996590, -10.91355610852493641, 27.00000000000000000 ) ) ;
#6262 = CARTESIAN_POINT ( 'NONE',  ( 16.00000000000000000, 20.00000000000000000, 23.00000000000000000 ) ) ;
#6263 = ORIENTED_EDGE ( 'NONE', *, *, #5175, .F. ) ;
#6264 = DIRECTION ( 'NONE',  ( 0.5018067792377998160, -0.8649797432951746856, 0.000000000000000000 ) ) ;
#6265 = CARTESIAN_POINT ( 'NONE',  ( 9.499999999999998224, -14.99999999999999822, 9.888730162779189925 ) ) ;
#6266 = CARTESIAN_POINT ( 'NONE',  ( -44.00000000000000000, 5.388445916248353619E-15, 5.374999997268814056 ) ) ;
#6267 = CARTESIAN_POINT ( 'NONE',  ( 19.02524737312030823, -40.78042210115217614, 9.055737925283823486 ) ) ;
#6268 = ORIENTED_EDGE ( 'NONE', *, *, #6600, .T. ) ;
#6269 = CARTESIAN_POINT ( 'NONE',  ( -25.45561235431009806, -35.16936983357120994, 10.52483211337208679 ) ) ;
#6270 = CARTESIAN_POINT ( 'NONE',  ( -18.00119707814146608, -43.45873412499998523, 4.249999998634406140 ) ) ;
#6271 = ORIENTED_EDGE ( 'NONE', *, *, #603, .F. ) ;
#6272 = CARTESIAN_POINT ( 'NONE',  ( -24.00000000000001776, -9.743426454221653543, 26.00000000000000355 ) ) ;
#6273 = FACE_BOUND ( 'NONE', #4913, .T. ) ;
#6274 = CARTESIAN_POINT ( 'NONE',  ( 4.500000000000002665, -21.74342645422166242, 25.99999999999999645 ) ) ;
#6275 = VERTEX_POINT ( 'NONE', #932 ) ;
#6276 = CARTESIAN_POINT ( 'NONE',  ( 19.78293043502196369, -40.42287089528915800, 11.29795279738531555 ) ) ;
#6277 = PLANE ( 'NONE',  #1582 ) ;
#6278 = CARTESIAN_POINT ( 'NONE',  ( -45.00000000000000711, 0.000000000000000000, 20.00000000000000000 ) ) ;
#6279 = EDGE_CURVE ( 'NONE', #5722, #3689, #4400, .T. ) ;
#6280 = CARTESIAN_POINT ( 'NONE',  ( -4.509444242935641611, -7.895981421663500477, 27.00000000000000711 ) ) ;
#6281 = CARTESIAN_POINT ( 'NONE',  ( -24.21289198640671003, -37.93272339978151564, 12.54360199964326306 ) ) ;
#6282 = CARTESIAN_POINT ( 'NONE',  ( -31.00000000000001421, -21.74342645422166598, 26.00000000000000355 ) ) ;
#6283 = ORIENTED_EDGE ( 'NONE', *, *, #4517, .F. ) ;
#6284 = CARTESIAN_POINT ( 'NONE',  ( -4.664853218877937024, -5.174081713503277946, 27.00000000000000000 ) ) ;
#6285 = ORIENTED_EDGE ( 'NONE', *, *, #1708, .T. ) ;
#6286 = CARTESIAN_POINT ( 'NONE',  ( -18.22539674441618374, 44.00000000000000000, 0.3125000000000000555 ) ) ;
#6287 = ADVANCED_FACE ( 'NONE', ( #6493 ), #7080, .F. ) ;
#6288 = EDGE_CURVE ( 'NONE', #1904, #6027, #4626, .T. ) ;
#6289 = VERTEX_POINT ( 'NONE', #6529 ) ;
#6290 = CARTESIAN_POINT ( 'NONE',  ( 7.990384747035712110, -9.759909745017587568, 25.99999999999999645 ) ) ;
#6291 = LINE ( 'NONE', #1310, #5880 ) ;
#6292 = CARTESIAN_POINT ( 'NONE',  ( -18.00119707814146608, -43.45873412499998523, 2.999999998634406584 ) ) ;
#6293 = DIRECTION ( 'NONE',  ( 0.000000000000000000, 1.000000000000000000, 0.000000000000000000 ) ) ;
#6294 = CARTESIAN_POINT ( 'NONE',  ( -4.657257045540464269, -10.28239626738407608, 27.00000000000000000 ) ) ;
#6295 = DIRECTION ( 'NONE',  ( -0.8631745758396142110, 0.5049055868418393933, 0.000000000000000000 ) ) ;
#6296 = AXIS2_PLACEMENT_3D ( 'NONE', #4507, #22, #2212 ) ;
#6297 = ORIENTED_EDGE ( 'NONE', *, *, #207, .T. ) ;
#6298 = DIRECTION ( 'NONE',  ( 1.000000000000000000, 0.000000000000000000, 0.000000000000000000 ) ) ;
#6299 = DIRECTION ( 'NONE',  ( 1.000000000000000000, 0.000000000000000000, 0.000000000000000000 ) ) ;
#6300 = CARTESIAN_POINT ( 'NONE',  ( -10.90973710631514493, 6.987475106527927693, 26.52931440628287518 ) ) ;
#6301 = CARTESIAN_POINT ( 'NONE',  ( 20.33335376659707805, -40.14477389330127011, 6.964186205180250333 ) ) ;
#6302 = ORIENTED_EDGE ( 'NONE', *, *, #610, .T. ) ;
#6303 = AXIS2_PLACEMENT_3D ( 'NONE', #2862, #566, #5585 ) ;
#6304 = B_SPLINE_CURVE_WITH_KNOTS ( 'NONE', 3,
 ( #6373, #3469, #1834, #4167, #704, #3609, #1322, #5179, #4023, #5834 ),
 .UNSPECIFIED., .F., .F.,
 ( 4, 2, 2, 2, 4 ),
 ( 0.000000000000000000, 0.0004716258548347895276, 0.0009432517096695790552, 0.001414877564504368529, 0.001886503419339158110 ),
 .UNSPECIFIED. ) ;
#6305 = CARTESIAN_POINT ( 'NONE',  ( -23.62361255554651152, -36.87938167896525243, 12.78163527893544149 ) ) ;
#6306 = CARTESIAN_POINT ( 'NONE',  ( 18.00119707814145187, -43.45873412499998523, 5.374999998634406140 ) ) ;
#6307 = VECTOR ( 'NONE', #17, 1000.000000000000000 ) ;
#6308 = CARTESIAN_POINT ( 'NONE',  ( 0.000000000000000000, 0.000000000000000000, 0.000000000000000000 ) ) ;
#6309 = CARTESIAN_POINT ( 'NONE',  ( -4.092391085837141063, -14.01448819004707325, 26.00000000000000355 ) ) ;
#6310 = DIRECTION ( 'NONE',  ( 0.000000000000000000, 0.000000000000000000, 1.000000000000000000 ) ) ;
#6311 = EDGE_LOOP ( 'NONE', ( #1514, #3884, #4434, #4077 ) ) ;
#6312 = CARTESIAN_POINT ( 'NONE',  ( 22.42025134357353977, -39.01804026814778581, 13.03942232462437723 ) ) ;
#6313 = DIRECTION ( 'NONE',  ( 1.000000000000000000, 0.000000000000000000, -0.000000000000000000 ) ) ;
#6314 = CARTESIAN_POINT ( 'NONE',  ( 30.72996560157071144, -30.72996560157072565, 2.437499998634406584 ) ) ;
#6315 = VECTOR ( 'NONE', #3868, 1000.000000000000000 ) ;
#6316 = CARTESIAN_POINT ( 'NONE',  ( -44.00000000000000000, 5.388445916248353619E-15, 4.500000000000000888 ) ) ;
#6317 = AXIS2_PLACEMENT_3D ( 'NONE', #3105, #3750, #4229 ) ;
#6318 = CARTESIAN_POINT ( 'NONE',  ( -9.016755867261339930, -6.391806592065258030, 27.00000000000000711 ) ) ;
#6319 = CARTESIAN_POINT ( 'NONE',  ( 26.88320373799293250, -36.08742668927568786, 8.677856513649739867 ) ) ;
#6320 = CARTESIAN_POINT ( 'NONE',  ( 27.49999999999998224, -9.759909745017587568, 25.00000000000000000 ) ) ;
#6321 = EDGE_LOOP ( 'NONE', ( #6153, #4262, #1602, #5142 ) ) ;
#6322 = CARTESIAN_POINT ( 'NONE',  ( -0.9963691065214563825, -9.655268144236663019, 26.00000000000000355 ) ) ;
#6323 = EDGE_CURVE ( 'NONE', #3950, #608, #1117, .T. ) ;
#6324 = VERTEX_POINT ( 'NONE', #7003 ) ;
#6325 = CARTESIAN_POINT ( 'NONE',  ( -44.00000000000000000, 18.22539674441618374, 1.437500000000000000 ) ) ;
#6326 = VECTOR ( 'NONE', #3929, 1000.000000000000000 ) ;
#6327 = ORIENTED_EDGE ( 'NONE', *, *, #5940, .T. ) ;
#6328 = LINE ( 'NONE', #1350, #2947 ) ;
#6329 = AXIS2_PLACEMENT_3D ( 'NONE', #6174, #5630, #5086 ) ;
#6330 = EDGE_CURVE ( 'NONE', #5522, #906, #1622, .T. ) ;
#6331 = CARTESIAN_POINT ( 'NONE',  ( 23.65980968291516717, -38.27810608909790346, 6.050569891709854708 ) ) ;
#6332 = CARTESIAN_POINT ( 'NONE',  ( -30.72996560157072565, -30.72996560157071499, 3.937499998634406584 ) ) ;
#6333 = FACE_OUTER_BOUND ( 'NONE', #3671, .T. ) ;
#6334 = CARTESIAN_POINT ( 'NONE',  ( -5.314228765692367240, -12.08965174021503586, 27.00000000000000355 ) ) ;
#6335 = CARTESIAN_POINT ( 'NONE',  ( -22.50000000001665157, -37.81203512109934195, 7.000000000000000888 ) ) ;
#6336 = AXIS2_PLACEMENT_3D ( 'NONE', #3180, #2559, #4777 ) ;
#6337 = ORIENTED_EDGE ( 'NONE', *, *, #3853, .F. ) ;
#6338 = CARTESIAN_POINT ( 'NONE',  ( -19.57170332431277870, -39.87738223275109561, 9.320524230807897936 ) ) ;
#6339 = DIRECTION ( 'NONE',  ( 0.000000000000000000, -1.000000000000000000, 0.000000000000000000 ) ) ;
#6340 = ADVANCED_FACE ( 'NONE', ( #4352 ), #641, .T. ) ;
#6341 = ADVANCED_FACE ( 'NONE', ( #2450 ), #3545, .F. ) ;
#6342 = DIRECTION ( 'NONE',  ( -1.445602896647334726E-16, -1.000000000000000000, 0.000000000000000000 ) ) ;
#6343 = CARTESIAN_POINT ( 'NONE',  ( 18.94819888947460385, -40.81625179013936844, 10.48682384486278707 ) ) ;
#6344 = VERTEX_POINT ( 'NONE', #4135 ) ;
#6345 = AXIS2_PLACEMENT_3D ( 'NONE', #5294, #305, #2526 ) ;
#6346 = LINE ( 'NONE', #3581, #7038 ) ;
#6347 = CARTESIAN_POINT ( 'NONE',  ( -18.00119707814144121, 43.45873412499999233, 3.874999998634406140 ) ) ;
#6348 = CARTESIAN_POINT ( 'NONE',  ( 43.99999999999999289, -18.22539674441621216, 0.9375000000000000000 ) ) ;
#6349 =( BOUNDED_CURVE ( )  B_SPLINE_CURVE ( 2, ( #6316, #206, #130, #5156, #791, #2460, #5704, #4612, #6827 ),
 .UNSPECIFIED., .F., .F. ) 
 B_SPLINE_CURVE_WITH_KNOTS ( ( 3, 2, 2, 2, 3 ),
 ( 0.9000000000000000222, 0.9250000000000000444, 0.9499999999999999556, 0.9749999999999999778, 1.000000000000000000 ),
 .UNSPECIFIED. ) 
 CURVE ( )  GEOMETRIC_REPRESENTATION_ITEM ( )  RATIONAL_B_SPLINE_CURVE ( ( 1.000000000000000000, 0.9238795325112867385, 1.000000000000000000, 0.9238795325112867385, 1.000000000000000000, 0.9238795325112867385, 1.000000000000000000, 0.9238795325112867385, 1.000000000000000000 ) ) 
 REPRESENTATION_ITEM ( '' )  );
#6350 = FACE_BOUND ( 'NONE', #5734, .T. ) ;
#6351 = DIRECTION ( 'NONE',  ( -0.5038710255240860247, -0.8637789008984334549, -0.000000000000000000 ) ) ;
#6352 = VERTEX_POINT ( 'NONE', #4170 ) ;
#6353 = CARTESIAN_POINT ( 'NONE',  ( 19.69161530494969981, -40.46750317351138904, 11.08504506818074908 ) ) ;
#6354 = CARTESIAN_POINT ( 'NONE',  ( -14.99999999999999822, -3.743426454221665534, 26.00000000000000355 ) ) ;
#6355 = CARTESIAN_POINT ( 'NONE',  ( -44.00000000000000000, 5.388445916248353619E-15, 4.374999997268814056 ) ) ;
#6356 = AXIS2_PLACEMENT_3D ( 'NONE', #1293, #4605, #3507 ) ;
#6357 = CARTESIAN_POINT ( 'NONE',  ( -8.154952782480741291, -6.524003496296147731, 27.00000000000000711 ) ) ;
#6358 = CARTESIAN_POINT ( 'NONE',  ( -14.99999999999999822, -21.74342645422166242, 27.00000000000000355 ) ) ;
#6359 = EDGE_LOOP ( 'NONE', ( #1183, #4347, #76, #2350 ) ) ;
#6360 = CARTESIAN_POINT ( 'NONE',  ( -2.027595864330438147, -9.296441940051048292, 27.00000000000000355 ) ) ;
#6361 = ORIENTED_EDGE ( 'NONE', *, *, #593, .T. ) ;
#6362 = CARTESIAN_POINT ( 'NONE',  ( -31.11269837220809364, -31.11269837220808654, 2.625000000000000000 ) ) ;
#6363 = ORIENTED_EDGE ( 'NONE', *, *, #692, .T. ) ;
#6364 = CARTESIAN_POINT ( 'NONE',  ( 9.109528662263285170, 8.650011471596352308, 26.81936212085808791 ) ) ;
#6365 = CARTESIAN_POINT ( 'NONE',  ( 18.22539674441618374, 44.00000000000000000, 3.062499997268813612 ) ) ;
#6366 = CARTESIAN_POINT ( 'NONE',  ( 30.72996560157071855, 30.72996560157071855, 1.437499998634406806 ) ) ;
#6367 = CARTESIAN_POINT ( 'NONE',  ( -24.00000000000001421, -15.74342645422166775, 27.00000000000000355 ) ) ;
#6368 = CARTESIAN_POINT ( 'NONE',  ( -6.106931645038113921, -11.34837647955822604, 26.00000000000000355 ) ) ;
#6369 = CARTESIAN_POINT ( 'NONE',  ( -22.25000000000001421, -12.74342645422166598, 26.00000000000000355 ) ) ;
#6370 = EDGE_CURVE ( 'NONE', #2449, #2895, #6346, .T. ) ;
#6371 = ORIENTED_EDGE ( 'NONE', *, *, #6769, .T. ) ;
#6372 = CARTESIAN_POINT ( 'NONE',  ( -44.00000000000000000, 0.000000000000000000, 15.00000000000000000 ) ) ;
#6373 = CARTESIAN_POINT ( 'NONE',  ( -11.49999999999999822, -7.243426454221660649, 26.00000000000000355 ) ) ;
#6374 = CARTESIAN_POINT ( 'NONE',  ( 19.94089947099279314, -40.34115361054553262, 7.343064688981632671 ) ) ;
#6375 = EDGE_LOOP ( 'NONE', ( #6237, #4960, #750, #1933 ) ) ;
#6376 = CARTESIAN_POINT ( 'NONE',  ( -25.49975395320052485, -37.12948243257142167, 10.21303445452250891 ) ) ;
#6377 = CARTESIAN_POINT ( 'NONE',  ( 30.72996560157071144, -30.72996560157072565, 5.437499998634406140 ) ) ;
#6378 = EDGE_CURVE ( 'NONE', #3059, #3904, #1347, .T. ) ;
#6379 = EDGE_CURVE ( 'NONE', #6185, #6035, #2637, .T. ) ;
#6380 = FACE_OUTER_BOUND ( 'NONE', #4800, .T. ) ;
#6381 = CARTESIAN_POINT ( 'NONE',  ( -2.536530705813718090, -12.87644309986336921, 25.99999999999999645 ) ) ;
#6382 = DIRECTION ( 'NONE',  ( -1.000000000000000000, 0.000000000000000000, 0.000000000000000000 ) ) ;
#6383 = ORIENTED_EDGE ( 'NONE', *, *, #2596, .F. ) ;
#6384 = CARTESIAN_POINT ( 'NONE',  ( 22.29486603147128676, -39.08994905135676845, 13.94600702388265034 ) ) ;
#6385 = CARTESIAN_POINT ( 'NONE',  ( 2.500000000000001776, -14.99999999999999822, 18.00000000000000000 ) ) ;
#6386 = CARTESIAN_POINT ( 'NONE',  ( 44.00000000000000000, 0.000000000000000000, 5.874999997268813168 ) ) ;
#6387 = CARTESIAN_POINT ( 'NONE',  ( -6.122888062603317749, -4.578797719683661782, 26.00000000000000711 ) ) ;
#6388 =( BOUNDED_CURVE ( )  B_SPLINE_CURVE ( 2, ( #3061, #6506, #2043, #6365, #7061, #1386, #4264, #3603, #3166 ),
 .UNSPECIFIED., .F., .F. ) 
 B_SPLINE_CURVE_WITH_KNOTS ( ( 3, 2, 2, 2, 3 ),
 ( 0.4000000000000000222, 0.4250000000000000444, 0.4500000000000000666, 0.4750000000000000888, 0.5000000000000001110 ),
 .UNSPECIFIED. ) 
 CURVE ( )  GEOMETRIC_REPRESENTATION_ITEM ( )  RATIONAL_B_SPLINE_CURVE ( ( 1.000000000000000000, 0.9238795325112867385, 1.000000000000000000, 0.9238795325112867385, 1.000000000000000000, 0.9238795325112867385, 1.000000000000000000, 0.9238795325112864054, 1.000000000000000444 ) ) 
 REPRESENTATION_ITEM ( '' )  );
#6389 = CARTESIAN_POINT ( 'NONE',  ( 26.84465468539448807, 9.999999999999998224, 23.00000000000000000 ) ) ;
#6390 = DIRECTION ( 'NONE',  ( 1.000000000000000000, -1.734723475976800586E-15, -0.000000000000000000 ) ) ;
#6391 = LINE ( 'NONE', #1412, #2490 ) ;
#6392 = EDGE_LOOP ( 'NONE', ( #5126, #5152, #1542 ) ) ;
#6393 = CARTESIAN_POINT ( 'NONE',  ( -2.038219398958827533, -10.19189291252398988, 27.00000000000000355 ) ) ;
#6394 = VERTEX_POINT ( 'NONE', #6961 ) ;
#6395 = DIRECTION ( 'NONE',  ( -0.000000000000000000, -0.000000000000000000, 1.000000000000000000 ) ) ;
#6396 = ORIENTED_EDGE ( 'NONE', *, *, #3305, .T. ) ;
#6397 = CARTESIAN_POINT ( 'NONE',  ( 30.99999999999998934, -20.74342645422165532, 26.00000000000000355 ) ) ;
#6398 = DIRECTION ( 'NONE',  ( -0.000000000000000000, -0.000000000000000000, 1.000000000000000000 ) ) ;
#6399 = PLANE ( 'NONE',  #1317 ) ;
#6400 = CARTESIAN_POINT ( 'NONE',  ( 18.00000000000000355, -4.743426454221659760, 27.00000000000000355 ) ) ;
#6401 = DIRECTION ( 'NONE',  ( -1.000000000000000000, 0.000000000000000000, -0.000000000000000000 ) ) ;
#6402 = DIRECTION ( 'NONE',  ( 1.000000000000000000, -9.912705577010320619E-16, 0.000000000000000000 ) ) ;
#6403 = ORIENTED_EDGE ( 'NONE', *, *, #1724, .F. ) ;
#6404 = LINE ( 'NONE', #5763, #5874 ) ;
#6405 = CARTESIAN_POINT ( 'NONE',  ( 23.05057476816959294, -38.65241291172039695, 14.03034937212670030 ) ) ;
#6406 = CARTESIAN_POINT ( 'NONE',  ( -11.49999999999999645, -3.743426454221664645, 27.00000000000000355 ) ) ;
#6407 = ORIENTED_EDGE ( 'NONE', *, *, #1391, .F. ) ;
#6408 = DIRECTION ( 'NONE',  ( -0.000000000000000000, -0.000000000000000000, -1.000000000000000000 ) ) ;
#6409 = CARTESIAN_POINT ( 'NONE',  ( -43.45873412499999233, 18.00119707814145187, 1.749999998634406584 ) ) ;
#6410 = EDGE_CURVE ( 'NONE', #4025, #4862, #7110, .T. ) ;
#6411 =( NAMED_UNIT ( * ) SI_UNIT ( $, .STERADIAN. ) SOLID_ANGLE_UNIT ( ) );
#6412 = AXIS2_PLACEMENT_3D ( 'NONE', #1476, #1036, #4822 ) ;
#6413 = CARTESIAN_POINT ( 'NONE',  ( -27.50000000000001421, -21.74342645422166953, 26.00000000000000355 ) ) ;
#6414 = CARTESIAN_POINT ( 'NONE',  ( 28.34465468539448807, 9.999999999999998224, 18.00000000000000000 ) ) ;
#6415 = ORIENTED_EDGE ( 'NONE', *, *, #1899, .F. ) ;
#6416 = CARTESIAN_POINT ( 'NONE',  ( -20.17396687134986522, -39.10279220803840872, 11.90532309061739724 ) ) ;
#6417 = DIRECTION ( 'NONE',  ( 0.000000000000000000, 0.000000000000000000, 1.000000000000000000 ) ) ;
#6418 = CARTESIAN_POINT ( 'NONE',  ( -18.22539674441618374, 44.00000000000000000, 4.187499997268813168 ) ) ;
#6419 = ADVANCED_FACE ( 'NONE', ( #1580, #6019 ), #1543, .T. ) ;
#6420 = DIRECTION ( 'NONE',  ( -4.336808689942013792E-16, -1.000000000000000000, 0.000000000000000000 ) ) ;
#6421 = CARTESIAN_POINT ( 'NONE',  ( -41.75274860195123949, -14.17748896793612801, 19.99999999999999645 ) ) ;
#6422 = EDGE_CURVE ( 'NONE', #1292, #2434, #4202, .T. ) ;
#6423 = CARTESIAN_POINT ( 'NONE',  ( -27.50000000000001421, -3.743426454221668642, 25.00000000000000000 ) ) ;
#6424 = FACE_OUTER_BOUND ( 'NONE', #4409, .T. ) ;
#6425 = ORIENTED_EDGE ( 'NONE', *, *, #2918, .F. ) ;
#6426 = CARTESIAN_POINT ( 'NONE',  ( -1.622380578045690580, -7.703438252940113529, 26.00000000000000355 ) ) ;
#6427 = VECTOR ( 'NONE', #5060, 1000.000000000000000 ) ;
#6428 = EDGE_CURVE ( 'NONE', #1456, #2566, #3724, .T. ) ;
#6429 = VERTEX_POINT ( 'NONE', #1030 ) ;
#6430 = CARTESIAN_POINT ( 'NONE',  ( 44.00000000000000000, 0.000000000000000000, 4.874999997268813168 ) ) ;
#6431 =( BOUNDED_CURVE ( )  B_SPLINE_CURVE ( 2, ( #4377, #1685, #1610, #4963, #6586, #3827, #2193, #4522, #6157 ),
 .UNSPECIFIED., .F., .F. ) 
 B_SPLINE_CURVE_WITH_KNOTS ( ( 3, 2, 2, 2, 3 ),
 ( 0.1000000000000000056, 0.1250000000000000000, 0.1499999999999999944, 0.1749999999999999889, 0.2000000000000000111 ),
 .UNSPECIFIED. ) 
 CURVE ( )  GEOMETRIC_REPRESENTATION_ITEM ( )  RATIONAL_B_SPLINE_CURVE ( ( 1.000000000000000000, 0.9238795325112867385, 1.000000000000000000, 0.9238795325112867385, 1.000000000000000000, 0.9238795325112867385, 1.000000000000000000, 0.9238795325112867385, 1.000000000000000000 ) ) 
 REPRESENTATION_ITEM ( '' )  );
#6432 = AXIS2_PLACEMENT_3D ( 'NONE', #1759, #83, #4450 ) ;
#6433 = ORIENTED_EDGE ( 'NONE', *, *, #1275, .T. ) ;
#6434 = CARTESIAN_POINT ( 'NONE',  ( 8.961858263619213005, 9.040989137880107052, 26.27790649951586488 ) ) ;
#6435 = DIRECTION ( 'NONE',  ( -1.000000000000000000, 1.239088197126291310E-16, 0.000000000000000000 ) ) ;
#6436 = CYLINDRICAL_SURFACE ( 'NONE', #3289, 2.500000000000000444 ) ;
#6437 = AXIS2_PLACEMENT_3D ( 'NONE', #4205, #853, #3149 ) ;
#6438 = FACE_OUTER_BOUND ( 'NONE', #6514, .T. ) ;
#6439 = CARTESIAN_POINT ( 'NONE',  ( 23.03811834762151278, -13.40208396157751025, 27.00000000000000355 ) ) ;
#6440 = DIRECTION ( 'NONE',  ( 0.000000000000000000, 0.000000000000000000, 1.000000000000000000 ) ) ;
#6441 = AXIS2_PLACEMENT_3D ( 'NONE', #1240, #1127, #2765 ) ;
#6442 = ORIENTED_EDGE ( 'NONE', *, *, #1986, .T. ) ;
#6443 = CARTESIAN_POINT ( 'NONE',  ( 8.929238224710598359, 6.949538567781225140, 26.00000000000000355 ) ) ;
#6444 = TOROIDAL_SURFACE ( 'NONE', #1229, 1.121320343559648824, 1.000000000000000000 ) ;
#6445 = CARTESIAN_POINT ( 'NONE',  ( -6.555476500358849101, -5.489618669179366250, 27.00000000000000355 ) ) ;
#6446 = CARTESIAN_POINT ( 'NONE',  ( -24.75327882718641348, -37.58123463237143369, 6.372780568153602943 ) ) ;
#6447 = VERTEX_POINT ( 'NONE', #6556 ) ;
#6448 = FACE_OUTER_BOUND ( 'NONE', #53, .T. ) ;
#6449 = CARTESIAN_POINT ( 'NONE',  ( 43.45873412499999233, 18.00119707814144476, 4.374999998634407028 ) ) ;
#6450 = VECTOR ( 'NONE', #6845, 1000.000000000000114 ) ;
#6451 = DIRECTION ( 'NONE',  ( 0.000000000000000000, 1.000000000000000000, 0.000000000000000000 ) ) ;
#6452 = VECTOR ( 'NONE', #4864, 1000.000000000000000 ) ;
#6453 = CYLINDRICAL_SURFACE ( 'NONE', #4483, 1.000000000000000888 ) ;
#6454 = PLANE ( 'NONE',  #2242 ) ;
#6455 = EDGE_LOOP ( 'NONE', ( #5825, #4112, #2083, #1752 ) ) ;
#6456 = CARTESIAN_POINT ( 'NONE',  ( -20.18719388450339736, -39.09596806688161763, 8.078723913747024810 ) ) ;
#6457 = CARTESIAN_POINT ( 'NONE',  ( -21.47456525777636216, -38.59283252141202070, 7.180694484551065848 ) ) ;
#6458 = CARTESIAN_POINT ( 'NONE',  ( -30.72996560157072565, -30.72996560157071499, 5.187499998634406140 ) ) ;
#6459 = FACE_OUTER_BOUND ( 'NONE', #1885, .T. ) ;
#6460 = VECTOR ( 'NONE', #6839, 1000.000000000000114 ) ;
#6461 = EDGE_CURVE ( 'NONE', #1523, #6196, #2438, .T. ) ;
#6462 = CARTESIAN_POINT ( 'NONE',  ( -29.07637702555216919, -33.14901971886401100, 20.00000000000000000 ) ) ;
#6463 = CARTESIAN_POINT ( 'NONE',  ( -20.06503968426693874, -40.27908682108028415, 12.77829965231130593 ) ) ;
#6464 = CARTESIAN_POINT ( 'NONE',  ( 19.67721238228558889, -39.35500475044342750, 11.03693390642474803 ) ) ;
#6465 = ORIENTED_EDGE ( 'NONE', *, *, #1724, .T. ) ;
#6466 = CARTESIAN_POINT ( 'NONE',  ( -8.434243972391714195, -15.51521502917163708, 26.00000000000000355 ) ) ;
#6467 = ORIENTED_EDGE ( 'NONE', *, *, #207, .F. ) ;
#6468 = CARTESIAN_POINT ( 'NONE',  ( -20.50000000000002842, -3.743426454221661093, 26.00000000000000355 ) ) ;
#6469 = EDGE_CURVE ( 'NONE', #1013, #539, #5980, .T. ) ;
#6470 = EDGE_CURVE ( 'NONE', #12, #924, #4670, .T. ) ;
#6471 = CARTESIAN_POINT ( 'NONE',  ( -44.00000000000000000, 5.388445916248353619E-15, 4.500000000000000888 ) ) ;
#6472 = ORIENTED_EDGE ( 'NONE', *, *, #6634, .F. ) ;
#6473 = CARTESIAN_POINT ( 'NONE',  ( -24.54356257574524136, -37.71754944439627621, 13.70884703858058806 ) ) ;
#6474 = LINE ( 'NONE', #438, #3439 ) ;
#6475 = CARTESIAN_POINT ( 'NONE',  ( 43.45873412499999233, 0.000000000000000000, 4.312499998634407028 ) ) ;
#6476 = LINE ( 'NONE', #3101, #541 ) ;
#6477 = CARTESIAN_POINT ( 'NONE',  ( 45.00000000000000711, 5.510910596163090344E-15, 25.00000000000000000 ) ) ;
#6478 = CARTESIAN_POINT ( 'NONE',  ( 23.99999999999998934, -15.74342645422167308, 26.58578643762690774 ) ) ;
#6479 = EDGE_LOOP ( 'NONE', ( #362, #1876, #5125, #7012, #1218 ) ) ;
#6480 = CARTESIAN_POINT ( 'NONE',  ( 30.72996560157071144, -30.72996560157072565, 1.437499998634406584 ) ) ;
#6481 = CARTESIAN_POINT ( 'NONE',  ( -2.106552992135719116, -8.986225382317343247, 27.00000000000000355 ) ) ;
#6482 = CARTESIAN_POINT ( 'NONE',  ( -26.97119933028427141, -36.02160453287427799, 8.985546392142691019 ) ) ;
#6483 = ORIENTED_EDGE ( 'NONE', *, *, #5680, .T. ) ;
#6484 = CARTESIAN_POINT ( 'NONE',  ( 19.49999999999998934, 7.517135062566165128E-15, 27.00000000000000355 ) ) ;
#6485 = CARTESIAN_POINT ( 'NONE',  ( -31.00000000000001421, -3.743426454221668198, 26.00000000000000355 ) ) ;
#6486 = PLANE ( 'NONE',  #3532 ) ;
#6487 = VECTOR ( 'NONE', #819, 1000.000000000000000 ) ;
#6488 = CARTESIAN_POINT ( 'NONE',  ( 28.34465468539448807, 15.00000000000000000, 18.00000000000000000 ) ) ;
#6489 = DIRECTION ( 'NONE',  ( 0.000000000000000000, 0.000000000000000000, 1.000000000000000000 ) ) ;
#6490 = VERTEX_POINT ( 'NONE', #4856 ) ;
#6491 = CARTESIAN_POINT ( 'NONE',  ( -19.84710629232931822, -39.26959650585805406, 8.584295445620437448 ) ) ;
#6492 = PRODUCT_DEFINITION_CONTEXT ( 'detailed design', #4714, 'design' ) ;
#6493 = FACE_OUTER_BOUND ( 'NONE', #2849, .T. ) ;
#6494 = CARTESIAN_POINT ( 'NONE',  ( 43.45873412499999233, 0.000000000000000000, 5.562499998634406140 ) ) ;
#6495 = DIRECTION ( 'NONE',  ( 2.895182638072235125E-16, -1.000000000000000000, 0.000000000000000000 ) ) ;
#6496 = CARTESIAN_POINT ( 'NONE',  ( -2.056234790990670429E-14, -20.74342645422169795, 27.00000000000000355 ) ) ;
#6497 = CARTESIAN_POINT ( 'NONE',  ( -19.63285115189787433, -40.49615218973590203, 9.082718747848826268 ) ) ;
#6498 = CARTESIAN_POINT ( 'NONE',  ( 19.84754272496804717, -39.26937908632584850, 11.41697998050260132 ) ) ;
#6499 = VERTEX_POINT ( 'NONE', #5944 ) ;
#6500 = CARTESIAN_POINT ( 'NONE',  ( -2.612311973580915936, -11.46997795302065981, 27.00000000000000355 ) ) ;
#6501 = CARTESIAN_POINT ( 'NONE',  ( -44.00000000000001421, -18.22539674441618018, 4.562500000000000888 ) ) ;
#6502 = ADVANCED_FACE ( 'NONE', ( #5878 ), #3796, .F. ) ;
#6503 = DIRECTION ( 'NONE',  ( -1.000000000000000000, 0.000000000000000000, 0.000000000000000000 ) ) ;
#6504 = ORIENTED_EDGE ( 'NONE', *, *, #634, .F. ) ;
#6505 = LINE ( 'NONE', #3744, #4808 ) ;
#6506 = CARTESIAN_POINT ( 'NONE',  ( 44.00000000000000000, 18.22539674441618374, 2.937499997268813612 ) ) ;
#6507 = DIRECTION ( 'NONE',  ( 0.000000000000000000, 0.000000000000000000, -1.000000000000000000 ) ) ;
#6508 = ADVANCED_FACE ( 'NONE', ( #6448 ), #3690, .T. ) ;
#6509 = CARTESIAN_POINT ( 'NONE',  ( -1.000000000000000888, -9.743426454221660649, 27.00000000000000355 ) ) ;
#6510 = CARTESIAN_POINT ( 'NONE',  ( 30.99999999999998934, -3.743426454221657540, 26.00000000000000355 ) ) ;
#6511 = EDGE_CURVE ( 'NONE', #2213, #2914, #3223, .T. ) ;
#6512 = FACE_OUTER_BOUND ( 'NONE', #2789, .T. ) ;
#6513 = ORIENTED_EDGE ( 'NONE', *, *, #4636, .T. ) ;
#6514 = EDGE_LOOP ( 'NONE', ( #4752, #2021, #3423, #3778 ) ) ;
#6515 = CARTESIAN_POINT ( 'NONE',  ( -18.00119707814146608, -43.45873412499998523, 2.249999998634407028 ) ) ;
#6516 = CARTESIAN_POINT ( 'NONE',  ( -2.427956994503344124, -8.291051557896958357, 27.00000000000000355 ) ) ;
#6517 = DIRECTION ( 'NONE',  ( 0.5038710255240862468, 0.8637789008984333439, 0.000000000000000000 ) ) ;
#6518 = VERTEX_POINT ( 'NONE', #994 ) ;
#6519 = EDGE_CURVE ( 'NONE', #148, #765, #5471, .T. ) ;
#6520 = CARTESIAN_POINT ( 'NONE',  ( 8.844654685394491622, 26.50000000000000355, 23.00000000000000000 ) ) ;
#6521 = CARTESIAN_POINT ( 'NONE',  ( -43.45873412499999233, 18.00119707814145187, 2.749999998634406140 ) ) ;
#6522 = CARTESIAN_POINT ( 'NONE',  ( 17.00000000000000000, -3.743426454221659760, 27.00000000000000355 ) ) ;
#6523 = ORIENTED_EDGE ( 'NONE', *, *, #5056, .T. ) ;
#6524 = CARTESIAN_POINT ( 'NONE',  ( 2.500000000000002665, -9.999999999999998224, 18.00000000000000000 ) ) ;
#6525 = CARTESIAN_POINT ( 'NONE',  ( -18.49999999999999645, 20.00000000000000000, 23.00000000000000000 ) ) ;
#6526 = ORIENTED_EDGE ( 'NONE', *, *, #3445, .F. ) ;
#6527 = CARTESIAN_POINT ( 'NONE',  ( 1.000000000000000444, -3.743426454221663757, 27.00000000000000355 ) ) ;
#6528 = EDGE_LOOP ( 'NONE', ( #89, #3384, #938, #966 ) ) ;
#6529 = CARTESIAN_POINT ( 'NONE',  ( -29.50000000000000000, -9.999999999999991118, 23.00000000000000000 ) ) ;
#6530 = CARTESIAN_POINT ( 'NONE',  ( 18.00119707814145187, 43.45873412499999233, 3.749999998634407028 ) ) ;
#6531 = VECTOR ( 'NONE', #3588, 999.9999999999998863 ) ;
#6532 = DIRECTION ( 'NONE',  ( 0.000000000000000000, 0.000000000000000000, -1.000000000000000000 ) ) ;
#6533 = CARTESIAN_POINT ( 'NONE',  ( 28.34465468539448807, 15.00000000000000000, 18.00000000000000000 ) ) ;
#6534 = CARTESIAN_POINT ( 'NONE',  ( -20.85187061295518163, -39.88013257272057643, 12.53190639957413133 ) ) ;
#6535 = CYLINDRICAL_SURFACE ( 'NONE', #5841, 44.00000000000000000 ) ;
#6536 = ORIENTED_EDGE ( 'NONE', *, *, #4527, .F. ) ;
#6537 = CARTESIAN_POINT ( 'NONE',  ( -1.619892449400907930, -11.79718195665548208, 27.00000000000000000 ) ) ;
#6538 = AXIS2_PLACEMENT_3D ( 'NONE', #4385, #5039, #2202 ) ;
#6539 = CARTESIAN_POINT ( 'NONE',  ( -31.11269837220809364, -31.11269837220808654, 4.499999997268814056 ) ) ;
#6540 = ADVANCED_FACE ( 'NONE', ( #1431 ), #5911, .T. ) ;
#6541 = CARTESIAN_POINT ( 'NONE',  ( -21.00144077504222295, -38.93223290402819714, 12.60393319292807668 ) ) ;
#6542 = ORIENTED_EDGE ( 'NONE', *, *, #2470, .T. ) ;
#6543 = LINE ( 'NONE', #2041, #1325 ) ;
#6544 = CARTESIAN_POINT ( 'NONE',  ( 44.00000000000000000, 0.000000000000000000, 2.874999997268813168 ) ) ;
#6545 = DIRECTION ( 'NONE',  ( -0.5028399777920260494, -0.8643795212371211401, 0.000000000000000000 ) ) ;
#6546 = DIRECTION ( 'NONE',  ( 0.8428025373073148030, 0.5209387211204893342, 0.1353023722840858423 ) ) ;
#6547 = DIRECTION ( 'NONE',  ( 1.000000000000000000, 1.982541115402068068E-15, 0.000000000000000000 ) ) ;
#6548 = VECTOR ( 'NONE', #6214, 1000.000000000000000 ) ;
#6549 = ADVANCED_FACE ( 'NONE', ( #3146 ), #891, .T. ) ;
#6550 = EDGE_LOOP ( 'NONE', ( #4689, #1719, #2989, #3257 ) ) ;
#6551 = CARTESIAN_POINT ( 'NONE',  ( 2.661079982058854631E-15, 43.45873412499999233, 0.8124999986344066949 ) ) ;
#6552 = VECTOR ( 'NONE', #496, 1000.000000000000000 ) ;
#6553 = CARTESIAN_POINT ( 'NONE',  ( -4.240945074541056847, -12.93947972103857680, 27.00000000000000355 ) ) ;
#6554 = CARTESIAN_POINT ( 'NONE',  ( 17.00000000000000000, -21.74342645422165887, 26.00000000000000355 ) ) ;
#6555 = VERTEX_POINT ( 'NONE', #2594 ) ;
#6556 = CARTESIAN_POINT ( 'NONE',  ( 20.49999999999999645, -21.74342645422165177, 26.00000000000000355 ) ) ;
#6557 = CARTESIAN_POINT ( 'NONE',  ( 2.661079982058854631E-15, 43.45873412499999233, 3.562499998634406584 ) ) ;
#6558 = VECTOR ( 'NONE', #4363, 1000.000000000000000 ) ;
#6559 = EDGE_CURVE ( 'NONE', #2773, #4044, #4815, .T. ) ;
#6560 = EDGE_CURVE ( 'NONE', #4851, #1910, #4274, .T. ) ;
#6561 = CARTESIAN_POINT ( 'NONE',  ( 31.11269837220808299, -31.11269837220809364, 1.875000000000000000 ) ) ;
#6562 = EDGE_LOOP ( 'NONE', ( #896, #4273, #5581, #1233 ) ) ;
#6563 = CARTESIAN_POINT ( 'NONE',  ( -27.50000000000001776, -21.74342645422167308, 26.58578643762690774 ) ) ;
#6564 = DIRECTION ( 'NONE',  ( 0.000000000000000000, 0.000000000000000000, 1.000000000000000000 ) ) ;
#6565 = EDGE_LOOP ( 'NONE', ( #6041, #1223, #7075, #2456 ) ) ;
#6566 = CARTESIAN_POINT ( 'NONE',  ( -20.76227520224787426, -38.79383776330424638, 7.547131946210806852 ) ) ;
#6567 = CIRCLE ( 'NONE', #2155, 2.121320343559641941 ) ;
#6568 = CARTESIAN_POINT ( 'NONE',  ( -27.50000000000001421, -3.743426454221668642, 27.00000000000000355 ) ) ;
#6569 = VECTOR ( 'NONE', #2582, 1000.000000000000000 ) ;
#6570 = DIRECTION ( 'NONE',  ( 1.000000000000000000, -9.912705577010328508E-16, 0.000000000000000000 ) ) ;
#6571 = CARTESIAN_POINT ( 'NONE',  ( -5.759515323017794231, -43.71637213330512850, 20.00000000000000000 ) ) ;
#6572 = CARTESIAN_POINT ( 'NONE',  ( -22.59453470012146070, -38.92079206964754690, 14.00926007458966005 ) ) ;
#6573 = CARTESIAN_POINT ( 'NONE',  ( 44.00000000000000000, 18.22539674441618374, 1.937499997268813390 ) ) ;
#6574 = ORIENTED_EDGE ( 'NONE', *, *, #2685, .F. ) ;
#6575 = CARTESIAN_POINT ( 'NONE',  ( -12.17738378522610176, -15.73878836096747058, 26.00000000000000355 ) ) ;
#6576 = DIRECTION ( 'NONE',  ( -0.000000000000000000, -0.000000000000000000, -1.000000000000000000 ) ) ;
#6577 = CARTESIAN_POINT ( 'NONE',  ( 44.00000000000000000, 0.000000000000000000, 4.000000000000000000 ) ) ;
#6578 = EDGE_LOOP ( 'NONE', ( #4010, #4220, #5000, #452 ) ) ;
#6579 = CARTESIAN_POINT ( 'NONE',  ( -25.64769775701856958, -35.75191386472820909, 9.462748201437191753 ) ) ;
#6580 = LINE ( 'NONE', #6078, #4601 ) ;
#6581 = CARTESIAN_POINT ( 'NONE',  ( -8.082668874372530822E-15, -44.00000000000000000, 1.624999997268813390 ) ) ;
#6582 = CARTESIAN_POINT ( 'NONE',  ( 30.72996560157071855, 30.72996560157071855, 2.437499998634406584 ) ) ;
#6583 = ORIENTED_EDGE ( 'NONE', *, *, #5816, .F. ) ;
#6584 = CARTESIAN_POINT ( 'NONE',  ( -30.72996560157072565, -30.72996560157071499, 2.187499998634407028 ) ) ;
#6585 = CARTESIAN_POINT ( 'NONE',  ( 25.08285446817846065, -35.53789431125172626, 8.460591957341186742 ) ) ;
#6586 = CARTESIAN_POINT ( 'NONE',  ( -8.082668874372530822E-15, -44.00000000000000000, 1.624999997268813390 ) ) ;
#6587 = EDGE_LOOP ( 'NONE', ( #3599, #2843, #1208, #3131 ) ) ;
#6588 = CARTESIAN_POINT ( 'NONE',  ( 6.250000000000000000, -12.74342645422166242, 25.00000000000000000 ) ) ;
#6589 = CARTESIAN_POINT ( 'NONE',  ( 43.45873412499999233, 18.00119707814144476, 2.374999998634406584 ) ) ;
#6590 = ADVANCED_FACE ( 'NONE', ( #6191 ), #7, .T. ) ;
#6591 = CARTESIAN_POINT ( 'NONE',  ( 4.000000000000000000, 15.00000000000000000, 18.00000000000000000 ) ) ;
#6592 = VERTEX_POINT ( 'NONE', #3945 ) ;
#6593 = CARTESIAN_POINT ( 'NONE',  ( 22.50000000000000000, -37.81203512110926113, 13.00000000000000178 ) ) ;
#6594 = DIRECTION ( 'NONE',  ( 0.000000000000000000, -1.000000000000000000, 0.000000000000000000 ) ) ;
#6595 = ORIENTED_EDGE ( 'NONE', *, *, #6963, .F. ) ;
#6596 = CARTESIAN_POINT ( 'NONE',  ( 43.45873412499999233, 0.000000000000000000, 0.4374999986344066394 ) ) ;
#6597 = CARTESIAN_POINT ( 'NONE',  ( -31.00000000000001421, -21.74342645422166598, 26.00000000000000355 ) ) ;
#6598 = DIRECTION ( 'NONE',  ( 0.000000000000000000, 1.000000000000000000, 0.000000000000000000 ) ) ;
#6599 = EDGE_CURVE ( 'NONE', #4921, #6352, #521, .T. ) ;
#6600 = EDGE_CURVE ( 'NONE', #482, #6699, #5070, .T. ) ;
#6601 = CARTESIAN_POINT ( 'NONE',  ( -25.50000000000000355, 26.00000000000000000, 18.00000000000000000 ) ) ;
#6602 = DIRECTION ( 'NONE',  ( -0.000000000000000000, -0.000000000000000000, 1.000000000000000000 ) ) ;
#6603 = CARTESIAN_POINT ( 'NONE',  ( -23.59696234765817735, -38.32133115651038935, 13.98903778300954492 ) ) ;
#6604 = CARTESIAN_POINT ( 'NONE',  ( 20.30809797608260681, -39.03342146233291743, 7.942107072149772407 ) ) ;
#6605 = ORIENTED_EDGE ( 'NONE', *, *, #997, .F. ) ;
#6606 = CARTESIAN_POINT ( 'NONE',  ( 20.71692140334619481, -39.95061263382421402, 7.562807094266585040 ) ) ;
#6607 = CARTESIAN_POINT ( 'NONE',  ( -22.50000000000000000, -45.00000000000000000, 10.00000000000000178 ) ) ;
#6608 = CARTESIAN_POINT ( 'NONE',  ( 30.99999999999998934, -3.743426454221657540, 26.00000000000000355 ) ) ;
#6609 = ORIENTED_EDGE ( 'NONE', *, *, #6470, .F. ) ;
#6610 = CARTESIAN_POINT ( 'NONE',  ( -24.50895453149995262, -36.54228827601698271, 7.678622836027141574 ) ) ;
#6611 = DIRECTION ( 'NONE',  ( -1.000000000000000000, -1.982541115402068068E-15, 0.000000000000000000 ) ) ;
#6612 = CARTESIAN_POINT ( 'NONE',  ( -8.082668874372530822E-15, -44.00000000000000000, 2.624999997268813168 ) ) ;
#6613 = CARTESIAN_POINT ( 'NONE',  ( -22.05062966264408075, 38.18459035703559579, 20.00000000000000355 ) ) ;
#6614 = CARTESIAN_POINT ( 'NONE',  ( -43.45873412499999233, 18.00119707814145187, 3.749999998634406584 ) ) ;
#6615 = ORIENTED_EDGE ( 'NONE', *, *, #3993, .T. ) ;
#6616 = CARTESIAN_POINT ( 'NONE',  ( 18.00119707814144832, 43.45873412499999233, 1.749999998634406584 ) ) ;
#6617 = CARTESIAN_POINT ( 'NONE',  ( 25.42805453910557389, -35.19698951767662720, 10.68602798936681531 ) ) ;
#6618 = DIRECTION ( 'NONE',  ( -0.000000000000000000, -0.000000000000000000, -1.000000000000000000 ) ) ;
#6619 = EDGE_LOOP ( 'NONE', ( #3848, #2467, #336, #774 ) ) ;
#6620 = CARTESIAN_POINT ( 'NONE',  ( -25.50000000000000355, -26.00000000000000000, 23.00000000000000000 ) ) ;
#6621 = CARTESIAN_POINT ( 'NONE',  ( -6.519583467167910484, -6.919674503104638497, 27.00000000000000355 ) ) ;
#6622 = DIRECTION ( 'NONE',  ( -0.000000000000000000, -0.000000000000000000, -1.000000000000000000 ) ) ;
#6623 = DIRECTION ( 'NONE',  ( -0.000000000000000000, -0.000000000000000000, -1.000000000000000000 ) ) ;
#6624 = EDGE_LOOP ( 'NONE', ( #5640, #6095, #3913, #2883 ) ) ;
#6625 = ADVANCED_FACE ( 'NONE', ( #627 ), #1142, .F. ) ;
#6626 = FACE_OUTER_BOUND ( 'NONE', #1, .T. ) ;
#6627 = DIRECTION ( 'NONE',  ( 0.8637789008984340100, -0.5038710255240853586, 0.000000000000000000 ) ) ;
#6628 = VERTEX_POINT ( 'NONE', #4996 ) ;
#6629 = CARTESIAN_POINT ( 'NONE',  ( -23.34883641028943302, -38.46965778716053563, 6.006330536413605259 ) ) ;
#6630 = CARTESIAN_POINT ( 'NONE',  ( 43.45873412499999233, 0.000000000000000000, 0.5624999986344066949 ) ) ;
#6631 = B_SPLINE_CURVE_WITH_KNOTS ( 'NONE', 3,
 ( #4140, #4098, #4750, #233, #5192, #4175, #4607, #6381, #5298, #3041, #308, #6309, #785, #6855, #1402, #3510, #3617, #854, #3077, #2454, #1809, #4033 ),
 .UNSPECIFIED., .F., .F.,
 ( 4, 2, 2, 2, 2, 2, 2, 2, 2, 2, 4 ),
 ( 0.01305789653919477503, 0.01387293957636917020, 0.01468798261354356538, 0.01631806868789235573, 0.01713311172506674918, 0.01794815476224114609, 0.01957824083658993991, 0.02120832691093873026, 0.02283841298528752062, 0.02446849905963632138, 0.02609858513398511520 ),
 .UNSPECIFIED. ) ;
#6632 = DIRECTION ( 'NONE',  ( 0.000000000000000000, 0.000000000000000000, -1.000000000000000000 ) ) ;
#6633 = CARTESIAN_POINT ( 'NONE',  ( -44.00000000000000000, 5.388445916248353619E-15, 5.374999997268814056 ) ) ;
#6634 = EDGE_CURVE ( 'NONE', #4809, #1796, #1725, .T. ) ;
#6635 = LINE ( 'NONE', #5115, #5413 ) ;
#6636 = LINE ( 'NONE', #4466, #6184 ) ;
#6637 = ORIENTED_EDGE ( 'NONE', *, *, #1976, .T. ) ;
#6638 = CARTESIAN_POINT ( 'NONE',  ( 20.99660634825059446, -38.93577108857717661, 7.396650704139062782 ) ) ;
#6639 = DIRECTION ( 'NONE',  ( -0.000000000000000000, -0.000000000000000000, 1.000000000000000000 ) ) ;
#6640 = VECTOR ( 'NONE', #3159, 1000.000000000000000 ) ;
#6641 = EDGE_CURVE ( 'NONE', #3519, #5438, #1645, .T. ) ;
#6642 = ADVANCED_FACE ( 'NONE', ( #1612 ), #4965, .T. ) ;
#6643 = CARTESIAN_POINT ( 'NONE',  ( 4.000000000000000000, -9.999999999999998224, 18.00000000000000000 ) ) ;
#6644 = ORIENTED_EDGE ( 'NONE', *, *, #6330, .T. ) ;
#6645 = CARTESIAN_POINT ( 'NONE',  ( -18.96265997885607035, -40.80953145229374712, 10.59093793726978028 ) ) ;
#6646 = VECTOR ( 'NONE', #5622, 1000.000000000000000 ) ;
#6647 = FACE_OUTER_BOUND ( 'NONE', #2706, .T. ) ;
#6648 = FACE_OUTER_BOUND ( 'NONE', #2923, .T. ) ;
#6649 = CARTESIAN_POINT ( 'NONE',  ( 38.18459035703557447, 22.05062966264407365, 19.99999999999999645 ) ) ;
#6650 = CARTESIAN_POINT ( 'NONE',  ( 43.45873412499999233, 18.00119707814144476, 2.374999998634406584 ) ) ;
#6651 = VECTOR ( 'NONE', #3094, 1000.000000000000000 ) ;
#6652 = ORIENTED_EDGE ( 'NONE', *, *, #4968, .F. ) ;
#6653 = EDGE_LOOP ( 'NONE', ( #1575, #1686, #7204, #2473 ) ) ;
#6654 = CARTESIAN_POINT ( 'NONE',  ( -18.00119707814144121, 43.45873412499999233, 4.874999998634406140 ) ) ;
#6655 = CARTESIAN_POINT ( 'NONE',  ( 25.46864764769530609, -37.13520204442098560, 9.306314549259489866 ) ) ;
#6656 = CARTESIAN_POINT ( 'NONE',  ( 31.11269837220808299, -31.11269837220809364, 2.749999997268813168 ) ) ;
#6657 = VERTEX_POINT ( 'NONE', #3356 ) ;
#6658 = VECTOR ( 'NONE', #9, 1000.000000000000000 ) ;
#6659 = FACE_OUTER_BOUND ( 'NONE', #5453, .T. ) ;
#6660 = CARTESIAN_POINT ( 'NONE',  ( -3.498230403975417513, -9.534917585011140062, 27.00000000000000355 ) ) ;
#6661 = VECTOR ( 'NONE', #3602, 1000.000000000000000 ) ;
#6662 = DIRECTION ( 'NONE',  ( -1.000000000000000000, 0.000000000000000000, 0.000000000000000000 ) ) ;
#6663 = AXIS2_PLACEMENT_3D ( 'NONE', #5757, #3573, #772 ) ;
#6664 = ORIENTED_EDGE ( 'NONE', *, *, #4704, .T. ) ;
#6665 = ORIENTED_EDGE ( 'NONE', *, *, #2544, .F. ) ;
#6666 = CARTESIAN_POINT ( 'NONE',  ( 44.00000000000000000, 0.000000000000000000, 1.000000000000000000 ) ) ;
#6667 = FACE_OUTER_BOUND ( 'NONE', #1746, .T. ) ;
#6668 = VERTEX_POINT ( 'NONE', #6128 ) ;
#6669 = ORIENTED_EDGE ( 'NONE', *, *, #4173, .F. ) ;
#6670 = CARTESIAN_POINT ( 'NONE',  ( -26.00396650998392545, -36.72663502778637223, 7.261221923405223322 ) ) ;
#6671 = CARTESIAN_POINT ( 'NONE',  ( -43.45873412499999944, -18.00119707814143410, 2.124999998634406584 ) ) ;
#6672 = AXIS2_PLACEMENT_3D ( 'NONE', #2667, #2008, #2047 ) ;
#6673 = LINE ( 'NONE', #1701, #70 ) ;
#6674 = CARTESIAN_POINT ( 'NONE',  ( -14.99999999999999822, -21.74342645422166242, 25.00000000000000000 ) ) ;
#6675 = VECTOR ( 'NONE', #5549, 1000.000000000000000 ) ;
#6676 = CARTESIAN_POINT ( 'NONE',  ( -20.66303032111910198, -39.97807158994459087, 6.680897187491103395 ) ) ;
#6677 =( NAMED_UNIT ( * ) PLANE_ANGLE_UNIT ( ) SI_UNIT ( $, .RADIAN. ) );
#6678 = ORIENTED_EDGE ( 'NONE', *, *, #5412, .F. ) ;
#6679 = CARTESIAN_POINT ( 'NONE',  ( 19.58841131100897925, -40.51774891710758908, 9.237147305862759339 ) ) ;
#6680 = AXIS2_PLACEMENT_3D ( 'NONE', #3396, #4091, #1798 ) ;
#6681 = DIRECTION ( 'NONE',  ( 0.000000000000000000, 0.000000000000000000, 1.000000000000000000 ) ) ;
#6682 = VECTOR ( 'NONE', #3595, 1000.000000000000000 ) ;
#6683 = ADVANCED_FACE ( 'NONE', ( #2228 ), #5613, .T. ) ;
#6684 = LINE ( 'NONE', #1164, #5288 ) ;
#6685 = EDGE_LOOP ( 'NONE', ( #2645, #5607, #1308, #621 ) ) ;
#6686 = CARTESIAN_POINT ( 'NONE',  ( -13.99999999999999822, -4.743426454221665090, 27.00000000000000355 ) ) ;
#6687 = AXIS2_PLACEMENT_3D ( 'NONE', #4571, #1567, #6789 ) ;
#6688 = CARTESIAN_POINT ( 'NONE',  ( 31.11269837220809364, 31.11269837220809364, 3.999999997268813168 ) ) ;
#6689 = CARTESIAN_POINT ( 'NONE',  ( -10.84141847789913626, -7.243426454221661537, 26.00000000000000711 ) ) ;
#6690 = CARTESIAN_POINT ( 'NONE',  ( -18.00119707814144121, 43.45873412499999233, 2.624999998634406140 ) ) ;
#6691 = ADVANCED_FACE ( 'NONE', ( #6659 ), #2780, .F. ) ;
#6692 = EDGE_CURVE ( 'NONE', #6592, #3351, #2816, .T. ) ;
#6693 = VECTOR ( 'NONE', #5131, 1000.000000000000000 ) ;
#6694 = ORIENTED_EDGE ( 'NONE', *, *, #6953, .T. ) ;
#6695 = ORIENTED_EDGE ( 'NONE', *, *, #1659, .T. ) ;
#6696 = CARTESIAN_POINT ( 'NONE',  ( 30.72996560157071144, -30.72996560157072565, 4.437499998634407028 ) ) ;
#6697 = CARTESIAN_POINT ( 'NONE',  ( 24.43257882658193481, -37.79305735374680353, 7.605299050981585651 ) ) ;
#6698 = PLANE ( 'NONE',  #3872 ) ;
#6699 = VERTEX_POINT ( 'NONE', #2888 ) ;
#6700 = AXIS2_PLACEMENT_3D ( 'NONE', #3996, #2831, #4062 ) ;
#6701 = CARTESIAN_POINT ( 'NONE',  ( 19.49898484333364124, -39.92244722051809447, 10.19471355999897177 ) ) ;
#6702 = CARTESIAN_POINT ( 'NONE',  ( -10.90195332224166336, -7.233948347359415720, 27.00000000000000000 ) ) ;
#6703 = CARTESIAN_POINT ( 'NONE',  ( -14.58578643762690419, -4.157640016594760013, 27.00000000000000355 ) ) ;
#6704 = ORIENTED_EDGE ( 'NONE', *, *, #6162, .F. ) ;
#6705 = CARTESIAN_POINT ( 'NONE',  ( 2.694222958124176809E-15, 44.00000000000000000, 2.250000000000000444 ) ) ;
#6706 = CARTESIAN_POINT ( 'NONE',  ( 7.407703665787483516, -12.74342645422166065, 26.99999999999999645 ) ) ;
#6707 = B_SPLINE_CURVE_WITH_KNOTS ( 'NONE', 3,
 ( #877, #3637, #6434, #836, #2003, #6364, #766, #2990, #4696, #3678 ),
 .UNSPECIFIED., .F., .F.,
 ( 4, 2, 2, 2, 4 ),
 ( 0.000000000000000000, 0.0004143485489478904919, 0.0008286970978957809838, 0.001243045646843671422, 0.001657394195791561968 ),
 .UNSPECIFIED. ) ;
#6708 = CARTESIAN_POINT ( 'NONE',  ( -29.50000000000000000, -9.999999999999991118, 23.00000000000000000 ) ) ;
#6709 = DIRECTION ( 'NONE',  ( 0.000000000000000000, 0.000000000000000000, 1.000000000000000000 ) ) ;
#6710 = ORIENTED_EDGE ( 'NONE', *, *, #5316, .T. ) ;
#6711 = VERTEX_POINT ( 'NONE', #6089 ) ;
#6712 = CARTESIAN_POINT ( 'NONE',  ( -24.83062952672964840, -37.53656118685807996, 7.979915208439589236 ) ) ;
#6713 = CARTESIAN_POINT ( 'NONE',  ( -43.45873412499999233, 5.322159964117709262E-15, 3.062499998634406584 ) ) ;
#6714 = FACE_OUTER_BOUND ( 'NONE', #3249, .T. ) ;
#6715 = CARTESIAN_POINT ( 'NONE',  ( -1.499999999999997113, 26.00000000000000000, 23.00000000000000000 ) ) ;
#6716 = PRESENTATION_STYLE_ASSIGNMENT (( #3962 ) ) ;
#6717 = ORIENTED_EDGE ( 'NONE', *, *, #1497, .F. ) ;
#6718 = CARTESIAN_POINT ( 'NONE',  ( 20.23368349037670910, -39.45431955857220174, 8.023965434689991127 ) ) ;
#6719 = CARTESIAN_POINT ( 'NONE',  ( 11.95719427088716458, -6.975029991350843339, 25.99999999999999645 ) ) ;
#6720 = DIRECTION ( 'NONE',  ( 0.000000000000000000, 1.000000000000000000, 0.000000000000000000 ) ) ;
#6721 = VERTEX_POINT ( 'NONE', #3978 ) ;
#6722 = CARTESIAN_POINT ( 'NONE',  ( -19.16447359664871897, -40.71535276895146183, 8.610640180134401689 ) ) ;
#6723 = EDGE_CURVE ( 'NONE', #3448, #1033, #5146, .T. ) ;
#6724 = CARTESIAN_POINT ( 'NONE',  ( 30.72996560157071144, -30.72996560157072565, 1.437499998634406584 ) ) ;
#6725 = CARTESIAN_POINT ( 'NONE',  ( 30.72996560157071144, -30.72996560157072565, 2.187499998634406584 ) ) ;
#6726 = VERTEX_POINT ( 'NONE', #3029 ) ;
#6727 = ORIENTED_EDGE ( 'NONE', *, *, #5671, .F. ) ;
#6728 = DIRECTION ( 'NONE',  ( 0.000000000000000000, 0.000000000000000000, 1.000000000000000000 ) ) ;
#6729 = B_SPLINE_CURVE_WITH_KNOTS ( 'NONE', 3,
 ( #7064, #4805, #1974, #400, #5904, #3213, #2550, #5428, #1023, #3749 ),
 .UNSPECIFIED., .F., .F.,
 ( 4, 2, 2, 2, 4 ),
 ( -6.328353644793033143E-06, 0.0004660210189111142136, 0.0009383703914670214535, 0.001410719764022928639, 0.001883069136578835933 ),
 .UNSPECIFIED. ) ;
#6730 = ADVANCED_FACE ( 'NONE', ( #4700 ), #6765, .F. ) ;
#6731 = ADVANCED_FACE ( 'NONE', ( #804 ), #2404, .T. ) ;
#6732 = CARTESIAN_POINT ( 'NONE',  ( 25.48970797019905277, -35.13512785142742700, 10.27006135955077681 ) ) ;
#6733 = LINE ( 'NONE', #3976, #5266 ) ;
#6734 = EDGE_LOOP ( 'NONE', ( #6835, #6809, #4142, #6910 ) ) ;
#6735 = DIRECTION ( 'NONE',  ( 0.8660254037844407060, 0.000000000000000000, -0.4999999999999963918 ) ) ;
#6736 = CARTESIAN_POINT ( 'NONE',  ( -7.801292970926203552, -6.591014393074365429, 27.00000000000000355 ) ) ;
#6737 = CARTESIAN_POINT ( 'NONE',  ( -11.49999999999999645, -3.743426454221664645, 26.00000000000000355 ) ) ;
#6738 = EDGE_CURVE ( 'NONE', #2128, #2574, #769, .T. ) ;
#6739 = ORIENTED_EDGE ( 'NONE', *, *, #826, .T. ) ;
#6740 = CARTESIAN_POINT ( 'NONE',  ( -19.62173030901386639, -39.84629825976001172, 9.133608432972428304 ) ) ;
#6741 = ORIENTED_EDGE ( 'NONE', *, *, #4197, .F. ) ;
#6742 = EDGE_CURVE ( 'NONE', #620, #6275, #6917, .T. ) ;
#6743 = PLANE ( 'NONE',  #2621 ) ;
#6744 = PLANE ( 'NONE',  #7127 ) ;
#6745 = VERTEX_POINT ( 'NONE', #730 ) ;
#6746 = CARTESIAN_POINT ( 'NONE',  ( -21.85632889343481722, -39.33672358380269429, 6.154404882738139015 ) ) ;
#6747 = CARTESIAN_POINT ( 'NONE',  ( 18.00119707814145187, 43.45873412499999233, 0.7499999986344068059 ) ) ;
#6748 = LINE ( 'NONE', #3923, #2956 ) ;
#6749 = DIRECTION ( 'NONE',  ( 0.000000000000000000, 0.000000000000000000, -1.000000000000000000 ) ) ;
#6750 = DIRECTION ( 'NONE',  ( 0.000000000000000000, 0.000000000000000000, -1.000000000000000000 ) ) ;
#6751 = ORIENTED_EDGE ( 'NONE', *, *, #3102, .F. ) ;
#6752 = CARTESIAN_POINT ( 'NONE',  ( 19.51043631864900973, -39.91534821165518565, 9.728052391924858711 ) ) ;
#6753 = DIRECTION ( 'NONE',  ( -1.000000000000000000, 0.000000000000000000, 0.000000000000000000 ) ) ;
#6754 = CARTESIAN_POINT ( 'NONE',  ( 18.50000000000000000, 20.00000000000000000, 25.00000000000000000 ) ) ;
#6755 = EDGE_LOOP ( 'NONE', ( #1535, #4256 ) ) ;
#6756 = CARTESIAN_POINT ( 'NONE',  ( -11.49999999999999822, -3.743426454221653987, 27.00000000000000000 ) ) ;
#6757 = CARTESIAN_POINT ( 'NONE',  ( 44.00000000000000000, 0.000000000000000000, 3.000000000000000000 ) ) ;
#6758 = ADVANCED_FACE ( 'NONE', ( #6333 ), #4016, .T. ) ;
#6759 = AXIS2_PLACEMENT_3D ( 'NONE', #5193, #4638, #6310 ) ;
#6760 = ORIENTED_EDGE ( 'NONE', *, *, #1315, .T. ) ;
#6761 = EDGE_LOOP ( 'NONE', ( #3424, #5215, #6483, #5050 ) ) ;
#6762 = LINE ( 'NONE', #39, #755 ) ;
#6763 = CARTESIAN_POINT ( 'NONE',  ( 20.49999999999999289, -3.743426454221659316, 27.00000000000000355 ) ) ;
#6764 = CARTESIAN_POINT ( 'NONE',  ( -18.00119707814144121, 43.45873412499999233, 0.6249999986344065839 ) ) ;
#6765 = PLANE ( 'NONE',  #2634 ) ;
#6766 = LINE ( 'NONE', #5687, #4687 ) ;
#6767 = DIRECTION ( 'NONE',  ( -1.000000000000000000, 1.239088197126291310E-16, -0.000000000000000000 ) ) ;
#6768 = VECTOR ( 'NONE', #1438, 1000.000000000000000 ) ;
#6769 = EDGE_CURVE ( 'NONE', #6657, #5929, #699, .T. ) ;
#6770 = ORIENTED_EDGE ( 'NONE', *, *, #4214, .T. ) ;
#6771 = DIRECTION ( 'NONE',  ( -1.000000000000000000, 0.000000000000000000, 0.000000000000000000 ) ) ;
#6772 = DIRECTION ( 'NONE',  ( 1.000000000000000000, 0.000000000000000000, 0.000000000000000000 ) ) ;
#6773 = AXIS2_PLACEMENT_3D ( 'NONE', #3706, #4258, #5962 ) ;
#6774 = PLANE ( 'NONE',  #5174 ) ;
#6775 = CARTESIAN_POINT ( 'NONE',  ( 23.65980968291531639, -38.27810608909781109, 6.050569891710021686 ) ) ;
#6776 = ORIENTED_EDGE ( 'NONE', *, *, #7133, .T. ) ;
#6777 = CARTESIAN_POINT ( 'NONE',  ( -25.50000487409219474, -37.13185513562422102, 9.890398341223793466 ) ) ;
#6778 = CARTESIAN_POINT ( 'NONE',  ( 30.58578643762689353, -21.32921289184856306, 27.00000000000000355 ) ) ;
#6779 = CIRCLE ( 'NONE', #3761, 2.121320343559649046 ) ;
#6780 = ADVANCED_FACE ( 'NONE', ( #1250 ), #6260, .T. ) ;
#6781 = EDGE_CURVE ( 'NONE', #1634, #6035, #5755, .T. ) ;
#6782 = DIRECTION ( 'NONE',  ( -0.000000000000000000, -0.000000000000000000, -1.000000000000000000 ) ) ;
#6783 = CARTESIAN_POINT ( 'NONE',  ( 23.03811834762151278, -13.40208396157751025, 26.00000000000000355 ) ) ;
#6784 = CARTESIAN_POINT ( 'NONE',  ( -22.25000000000001421, -12.74342645422166598, 26.58578643762690774 ) ) ;
#6785 = CARTESIAN_POINT ( 'NONE',  ( 4.000000000000000000, -14.99999999999999822, 23.00000000000000000 ) ) ;
#6786 = ORIENTED_EDGE ( 'NONE', *, *, #6212, .T. ) ;
#6787 = CARTESIAN_POINT ( 'NONE',  ( 18.91862582473221721, -40.82996050994043458, 9.922272964927762118 ) ) ;
#6788 = VECTOR ( 'NONE', #5415, 1000.000000000000000 ) ;
#6789 = DIRECTION ( 'NONE',  ( 1.000000000000000000, -1.297760229076901807E-16, 0.000000000000000000 ) ) ;
#6790 = CARTESIAN_POINT ( 'NONE',  ( -12.06163619852368640, -15.17328945841509302, 26.90615276568471259 ) ) ;
#6791 = VECTOR ( 'NONE', #1491, 1000.000000000000000 ) ;
#6792 = VECTOR ( 'NONE', #4707, 1000.000000000000000 ) ;
#6793 = FACE_OUTER_BOUND ( 'NONE', #3024, .T. ) ;
#6794 = CARTESIAN_POINT ( 'NONE',  ( 23.99999999999999289, -15.74342645422166598, 26.00000000000000355 ) ) ;
#6795 = EDGE_LOOP ( 'NONE', ( #3865, #3580, #3010, #418 ) ) ;
#6796 = CARTESIAN_POINT ( 'NONE',  ( -19.08158491903713738, -40.75411600018164648, 11.14721776581319190 ) ) ;
#6797 = VECTOR ( 'NONE', #4812, 1000.000000000000000 ) ;
#6798 = CARTESIAN_POINT ( 'NONE',  ( 31.11269837220808299, -31.11269837220809364, 2.875000000000000000 ) ) ;
#6799 = VECTOR ( 'NONE', #4641, 1000.000000000000114 ) ;
#6800 = ORIENTED_EDGE ( 'NONE', *, *, #4692, .F. ) ;
#6801 = ORIENTED_EDGE ( 'NONE', *, *, #4080, .F. ) ;
#6802 = DIRECTION ( 'NONE',  ( 0.000000000000000000, 0.000000000000000000, 1.000000000000000000 ) ) ;
#6803 = CARTESIAN_POINT ( 'NONE',  ( 43.72936706249999617, 0.000000000000000000, 0.7187499979516099868 ) ) ;
#6804 = CARTESIAN_POINT ( 'NONE',  ( 18.00119707814144832, -43.45873412499998523, 2.124999998634406584 ) ) ;
#6805 = CARTESIAN_POINT ( 'NONE',  ( 20.05692180930767066, -39.56964539637233003, 8.248243269802381761 ) ) ;
#6806 = CARTESIAN_POINT ( 'NONE',  ( -5.306842712818031771, -10.91355611010263083, 26.00000000000000355 ) ) ;
#6808 = CARTESIAN_POINT ( 'NONE',  ( -8.929238224710607241, 6.949538567781226917, 27.00000000000000355 ) ) ;
#6807 = AXIS2_PLACEMENT_3D ( 'NONE', #4161, #2953, #6227 ) ;
#6809 = ORIENTED_EDGE ( 'NONE', *, *, #5843, .F. ) ;
#6810 = CARTESIAN_POINT ( 'NONE',  ( -20.75267558948281632, -39.10500088391469120, 7.555445870690816967 ) ) ;
#6811 = ORIENTED_EDGE ( 'NONE', *, *, #2912, .F. ) ;
#6812 = CARTESIAN_POINT ( 'NONE',  ( -11.05046143221876953, 6.929238224710590366, 26.00000000000000355 ) ) ;
#6813 = DIRECTION ( 'NONE',  ( 0.000000000000000000, 1.000000000000000000, 0.000000000000000000 ) ) ;
#6814 = ORIENTED_EDGE ( 'NONE', *, *, #5123, .F. ) ;
#6815 = CARTESIAN_POINT ( 'NONE',  ( -25.62921024665591929, -36.98914799428157352, 13.08430067701591426 ) ) ;
#6816 = CARTESIAN_POINT ( 'NONE',  ( -43.45873412499999233, 18.00119707814145187, 0.7499999986344068059 ) ) ;
#6817 = EDGE_CURVE ( 'NONE', #4467, #1888, #5171, .T. ) ;
#6818 = CARTESIAN_POINT ( 'NONE',  ( -40.00000000000000711, 5.204748896376251685E-15, 25.00000000000000000 ) ) ;
#6819 = CARTESIAN_POINT ( 'NONE',  ( -18.49999999999999645, 20.00000000000000000, 23.00000000000000000 ) ) ;
#6820 = FACE_BOUND ( 'NONE', #3003, .T. ) ;
#6821 = CARTESIAN_POINT ( 'NONE',  ( 4.262088018472751649, -21.32921289184856661, 26.99999999999999645 ) ) ;
#6822 = EDGE_LOOP ( 'NONE', ( #2227, #459, #5194, #1061 ) ) ;
#6823 = CARTESIAN_POINT ( 'NONE',  ( 20.00896063441000905, -40.30731176462977317, 12.73044114869417420 ) ) ;
#6824 = EDGE_CURVE ( 'NONE', #2108, #5707, #3605, .T. ) ;
#6825 = CARTESIAN_POINT ( 'NONE',  ( -14.99999999999999822, -21.74342645422166242, 26.00000000000000355 ) ) ;
#6826 = ADVANCED_FACE ( 'NONE', ( #839 ), #1313, .T. ) ;
#6827 = CARTESIAN_POINT ( 'NONE',  ( 44.00000000000000000, 0.000000000000000000, 4.999999999999999112 ) ) ;
#6828 = CARTESIAN_POINT ( 'NONE',  ( -44.00000000000000000, 0.000000000000000000, 15.00000000000000000 ) ) ;
#6829 = ADVANCED_FACE ( 'NONE', ( #5212 ), #111, .F. ) ;
#6830 = CARTESIAN_POINT ( 'NONE',  ( 23.53539007679265893, -38.35891508135178896, 13.99636902522220261 ) ) ;
#6831 = FACE_OUTER_BOUND ( 'NONE', #847, .T. ) ;
#6832 = VERTEX_POINT ( 'NONE', #1022 ) ;
#6833 = CARTESIAN_POINT ( 'NONE',  ( -1.188628403274041956, -10.88747307326141467, 27.00000000000000355 ) ) ;
#6834 = CARTESIAN_POINT ( 'NONE',  ( -8.082668874372530822E-15, -44.00000000000000000, 3.750000000000000000 ) ) ;
#6835 = ORIENTED_EDGE ( 'NONE', *, *, #1538, .F. ) ;
#6836 = CARTESIAN_POINT ( 'NONE',  ( 22.15977871545366540, -38.07830745143733964, 12.98064581551408914 ) ) ;
#6837 = LINE ( 'NONE', #1279, #4362 ) ;
#6838 = CARTESIAN_POINT ( 'NONE',  ( 43.45873412499999233, 0.000000000000000000, 2.312499998634406584 ) ) ;
#6839 = DIRECTION ( 'NONE',  ( 0.5038710255240862468, 0.8637789008984333439, -0.000000000000000000 ) ) ;
#6840 = LINE ( 'NONE', #3464, #3643 ) ;
#6841 = CARTESIAN_POINT ( 'NONE',  ( -27.50000000000001421, -3.743426454221668642, 26.00000000000000355 ) ) ;
#6842 = VERTEX_POINT ( 'NONE', #3212 ) ;
#6843 = DIRECTION ( 'NONE',  ( 0.8649797432951745746, 0.5018067792377997050, 0.000000000000000000 ) ) ;
#6844 = ORIENTED_EDGE ( 'NONE', *, *, #4742, .F. ) ;
#6845 = DIRECTION ( 'NONE',  ( 0.5049055868418412807, -0.8631745758396129897, 0.000000000000000000 ) ) ;
#6846 = PLANE ( 'NONE',  #4920 ) ;
#6847 = ORIENTED_EDGE ( 'NONE', *, *, #3981, .T. ) ;
#6848 = CARTESIAN_POINT ( 'NONE',  ( -24.69757030672990794, -35.90767980139852256, 12.05113459069611004 ) ) ;
#6849 = CARTESIAN_POINT ( 'NONE',  ( 43.45873412499999233, 0.000000000000000000, 1.312499998634406584 ) ) ;
#6850 = VECTOR ( 'NONE', #3696, 1000.000000000000000 ) ;
#6851 = SURFACE_STYLE_FILL_AREA ( #5148 ) ;
#6852 = EDGE_CURVE ( 'NONE', #585, #4562, #4958, .T. ) ;
#6853 = CARTESIAN_POINT ( 'NONE',  ( -18.22539674441620861, -43.99999999999999289, 0.6875000000000000000 ) ) ;
#6854 =( BOUNDED_CURVE ( )  B_SPLINE_CURVE ( 3, ( #1230, #2797, #5012, #1119 ),
 .UNSPECIFIED., .F., .F. ) 
 B_SPLINE_CURVE_WITH_KNOTS ( ( 4, 4 ),
 ( 1.570796326794897446, 3.141592653589793116 ),
 .UNSPECIFIED. ) 
 CURVE ( )  GEOMETRIC_REPRESENTATION_ITEM ( )  RATIONAL_B_SPLINE_CURVE ( ( 1.000000000000000000, 0.8047378541243652705, 0.8047378541243652705, 1.000000000000000000 ) ) 
 REPRESENTATION_ITEM ( '' )  );
#6855 = CARTESIAN_POINT ( 'NONE',  ( -5.578448319349420537, -14.71143334864027707, 26.00000000000001066 ) ) ;
#6856 = CARTESIAN_POINT ( 'NONE',  ( -31.00000000000001421, -21.74342645422166598, 27.00000000000000355 ) ) ;
#6857 = ORIENTED_EDGE ( 'NONE', *, *, #411, .T. ) ;
#6858 = CARTESIAN_POINT ( 'NONE',  ( 21.25449360211948502, -38.75292339966878075, 12.73611121874690078 ) ) ;
#6859 = LINE ( 'NONE', #858, #6921 ) ;
#6860 = CARTESIAN_POINT ( 'NONE',  ( -44.00000000000000000, 18.22539674441618374, 5.312499997268814056 ) ) ;
#6861 = LINE ( 'NONE', #1880, #3303 ) ;
#6862 = ADVANCED_FACE ( 'NONE', ( #2549 ), #292, .F. ) ;
#6863 = CARTESIAN_POINT ( 'NONE',  ( -31.00000000000000355, -14.99999999999999112, 23.00000000000000000 ) ) ;
#6864 = CARTESIAN_POINT ( 'NONE',  ( 27.07113858275790719, -35.94654822484172740, 10.51251460611352151 ) ) ;
#6865 = CARTESIAN_POINT ( 'NONE',  ( -1.000000000000000888, -9.743426454191268959, 26.00000000000001066 ) ) ;
#6866 = ORIENTED_EDGE ( 'NONE', *, *, #3584, .F. ) ;
#6867 = CARTESIAN_POINT ( 'NONE',  ( -1.038873412266371643, -9.113535909924314282, 26.00000000000000355 ) ) ;
#6868 = ORIENTED_EDGE ( 'NONE', *, *, #2838, .F. ) ;
#6869 = CARTESIAN_POINT ( 'NONE',  ( 2.694222958124176809E-15, 44.00000000000000000, 3.250000000000000444 ) ) ;
#6870 = EDGE_CURVE ( 'NONE', #544, #6499, #4331, .T. ) ;
#6871 = EDGE_CURVE ( 'NONE', #2532, #5208, #2081, .T. ) ;
#6872 = EDGE_LOOP ( 'NONE', ( #2913, #4359, #3092, #779 ) ) ;
#6873 = CARTESIAN_POINT ( 'NONE',  ( -29.50000000000000355, 15.00000000000000355, 23.00000000000000000 ) ) ;
#6874 = CARTESIAN_POINT ( 'NONE',  ( 23.73100677245190226, -38.23521721303283982, 7.194362405738877975 ) ) ;
#6875 = CARTESIAN_POINT ( 'NONE',  ( -43.45873412499999944, -18.00119707814143410, 3.874999998634406140 ) ) ;
#6876 = CARTESIAN_POINT ( 'NONE',  ( 22.16851775137477176, -38.07503253521090159, 6.999999999997747580 ) ) ;
#6877 = CARTESIAN_POINT ( 'NONE',  ( -3.805767291672888408, -10.81391575293072549, 27.00000000000000355 ) ) ;
#6878 = LINE ( 'NONE', #2520, #5628 ) ;
#6879 = AXIS2_PLACEMENT_3D ( 'NONE', #2799, #6209, #3447 ) ;
#6880 = ORIENTED_EDGE ( 'NONE', *, *, #5897, .T. ) ;
#6881 = CARTESIAN_POINT ( 'NONE',  ( -44.00000000000000000, 5.388445916248353619E-15, 2.500000000000000000 ) ) ;
#6882 = CARTESIAN_POINT ( 'NONE',  ( -45.00000000000000711, 0.000000000000000000, 0.000000000000000000 ) ) ;
#6883 = FACE_OUTER_BOUND ( 'NONE', #321, .T. ) ;
#6884 = CARTESIAN_POINT ( 'NONE',  ( 19.45902233592214969, -40.57526244077707389, 8.011259279364187691 ) ) ;
#6885 = ORIENTED_EDGE ( 'NONE', *, *, #6511, .T. ) ;
#6886 = VECTOR ( 'NONE', #3986, 1000.000000000000000 ) ;
#6887 = DIRECTION ( 'NONE',  ( -0.000000000000000000, -0.000000000000000000, -1.000000000000000000 ) ) ;
#6888 = CARTESIAN_POINT ( 'NONE',  ( 2.661079982058854631E-15, 43.45873412499999233, 1.562499998634406584 ) ) ;
#6889 = VECTOR ( 'NONE', #501, 1000.000000000000114 ) ;
#6890 = DIRECTION ( 'NONE',  ( 0.8643795212371213621, -0.5028399777920258273, 0.000000000000000000 ) ) ;
#6891 = CARTESIAN_POINT ( 'NONE',  ( 0.000000000000000000, 0.000000000000000000, 25.00000000000000000 ) ) ;
#6892 = CARTESIAN_POINT ( 'NONE',  ( 0.000000000000000000, 0.000000000000000000, 0.000000000000000000 ) ) ;
#6893 = ORIENTED_EDGE ( 'NONE', *, *, #4691, .F. ) ;
#6894 = CARTESIAN_POINT ( 'NONE',  ( 19.73605389908718521, -39.77468562364304461, 11.18510182995961522 ) ) ;
#6895 = FACE_OUTER_BOUND ( 'NONE', #5340, .T. ) ;
#6896 = CARTESIAN_POINT ( 'NONE',  ( 18.00119707814145187, 43.45873412499999233, 2.749999998634406584 ) ) ;
#6897 = VECTOR ( 'NONE', #5073, 1000.000000000000000 ) ;
#6898 = CARTESIAN_POINT ( 'NONE',  ( -1.163212845194949274, -8.655882865974986018, 26.00000000000001066 ) ) ;
#6899 =( BOUNDED_CURVE ( )  B_SPLINE_CURVE ( 2, ( #3115, #7112, #1510, #2127, #893, #4346, #6561, #5328, #339 ),
 .UNSPECIFIED., .F., .F. ) 
 B_SPLINE_CURVE_WITH_KNOTS ( ( 3, 2, 2, 2, 3 ),
 ( 0.3000000000000000444, 0.3250000000000000666, 0.3499999999999999778, 0.3750000000000000000, 0.4000000000000000222 ),
 .UNSPECIFIED. ) 
 CURVE ( )  GEOMETRIC_REPRESENTATION_ITEM ( )  RATIONAL_B_SPLINE_CURVE ( ( 0.9999999999999997780, 0.9238795325112869605, 1.000000000000000000, 0.9238795325112867385, 1.000000000000000000, 0.9238795325112867385, 1.000000000000000000, 0.9238795325112867385, 1.000000000000000000 ) ) 
 REPRESENTATION_ITEM ( '' )  );
#6900 = CIRCLE ( 'NONE', #3772, 1.000000000000000888 ) ;
#6901 = CARTESIAN_POINT ( 'NONE',  ( -10.75795086348935037, -13.24903171942963453, 27.00000000000000711 ) ) ;
#6902 = CARTESIAN_POINT ( 'NONE',  ( 26.92136013710059217, -36.05907597923479813, 11.20833715803323649 ) ) ;
#6903 = LINE ( 'NONE', #5237, #47 ) ;
#6904 = EDGE_LOOP ( 'NONE', ( #6025, #6739, #6057, #2184, #7015 ) ) ;
#6905 = CARTESIAN_POINT ( 'NONE',  ( -6.210995433961326917, -4.549424975147425165, 27.00000000000000000 ) ) ;
#6906 = EDGE_LOOP ( 'NONE', ( #4208, #999 ) ) ;
#6907 = CARTESIAN_POINT ( 'NONE',  ( -8.082668874372530822E-15, -44.00000000000000000, 0.7500000000000000000 ) ) ;
#6908 = ADVANCED_FACE ( 'NONE', ( #6438 ), #1461, .F. ) ;
#6909 = VECTOR ( 'NONE', #4276, 1000.000000000000000 ) ;
#6910 = ORIENTED_EDGE ( 'NONE', *, *, #6378, .T. ) ;
#6911 = EDGE_LOOP ( 'NONE', ( #3795, #4578, #3803, #3765 ) ) ;
#6912 = CARTESIAN_POINT ( 'NONE',  ( 23.99999999999999289, -10.58365801617118862, 27.00000000000000000 ) ) ;
#6913 = AXIS2_PLACEMENT_3D ( 'NONE', #6891, #1370, #3587 ) ;
#6914 = CARTESIAN_POINT ( 'NONE',  ( 8.844654685394491622, 24.99999999999999645, 18.00000000000000000 ) ) ;
#6915 = CARTESIAN_POINT ( 'NONE',  ( 30.72996560157071144, -30.72996560157072565, 2.187499998634406584 ) ) ;
#6916 = EDGE_CURVE ( 'NONE', #5553, #2231, #6476, .T. ) ;
#6917 = LINE ( 'NONE', #142, #659 ) ;
#6918 = CARTESIAN_POINT ( 'NONE',  ( -11.74205496384408676, -12.25974779241667534, 27.00000000000000000 ) ) ;
#6919 = EDGE_CURVE ( 'NONE', #4549, #689, #4194, .T. ) ;
#6920 = CARTESIAN_POINT ( 'NONE',  ( -21.47456525777639769, -38.59283252141200649, 7.180694484551060519 ) ) ;
#6921 = VECTOR ( 'NONE', #4210, 1000.000000000000114 ) ;
#6922 = ORIENTED_EDGE ( 'NONE', *, *, #3453, .T. ) ;
#6923 = DIRECTION ( 'NONE',  ( 2.895182638072235125E-16, -1.000000000000000000, 0.000000000000000000 ) ) ;
#6924 = CARTESIAN_POINT ( 'NONE',  ( -10.26318826043197419, 7.223612419255208472, 26.97904995486749868 ) ) ;
#6925 = CARTESIAN_POINT ( 'NONE',  ( 18.99448425355608094, -40.79473273956516977, 10.77106954698399477 ) ) ;
#6926 = ORIENTED_EDGE ( 'NONE', *, *, #2792, .T. ) ;
#6927 = VECTOR ( 'NONE', #4623, 1000.000000000000000 ) ;
#6928 = CARTESIAN_POINT ( 'NONE',  ( -24.54356257574524136, -37.71754944439628332, 13.70884703858058806 ) ) ;
#6929 = CARTESIAN_POINT ( 'NONE',  ( -30.72996560157072565, -30.72996560157071499, 4.187499998634407028 ) ) ;
#6930 = CARTESIAN_POINT ( 'NONE',  ( -19.92562966754586640, -20.74342645422166953, 27.00000000000000355 ) ) ;
#6931 = CARTESIAN_POINT ( 'NONE',  ( -1.000000000000000888, -9.743426454221660649, 25.00000000000000000 ) ) ;
#6932 = DIRECTION ( 'NONE',  ( 1.000000000000000000, 0.000000000000000000, 0.000000000000000000 ) ) ;
#6933 = EDGE_LOOP ( 'NONE', ( #642, #6847, #4218, #6669, #6285, #4236, #2521, #2602, #6170, #3565, #3861, #3307 ) ) ;
#6934 = CARTESIAN_POINT ( 'NONE',  ( 1.000000000000000222, -21.74342645422165887, 25.99999999999999645 ) ) ;
#6935 = FACE_BOUND ( 'NONE', #1990, .T. ) ;
#6936 = CARTESIAN_POINT ( 'NONE',  ( -31.11269837220808654, 31.11269837220809364, 5.249999997268813168 ) ) ;
#6937 = CARTESIAN_POINT ( 'NONE',  ( -12.49999999999999645, -13.21904632970970184, 27.00000000000000355 ) ) ;
#6938 = CARTESIAN_POINT ( 'NONE',  ( -12.49999999999999645, -13.21904632970970184, 27.00000000000000355 ) ) ;
#6939 = LINE ( 'NONE', #6423, #878 ) ;
#6940 = CARTESIAN_POINT ( 'NONE',  ( -31.11269837220808654, 31.11269837220809364, 0.3750000000000000000 ) ) ;
#6941 = ORIENTED_EDGE ( 'NONE', *, *, #3040, .T. ) ;
#6942 = CARTESIAN_POINT ( 'NONE',  ( -1.537307519805530598, -7.842466478416339370, 27.00000000000000000 ) ) ;
#6943 = EDGE_LOOP ( 'NONE', ( #2233, #5391, #3020, #4795, #7113 ) ) ;
#6944 = VERTEX_POINT ( 'NONE', #6400 ) ;
#6945 = LINE ( 'NONE', #2543, #503 ) ;
#6946 = ADVANCED_FACE ( 'NONE', ( #2665 ), #5317, .F. ) ;
#6947 = ORIENTED_EDGE ( 'NONE', *, *, #4819, .T. ) ;
#6948 = CARTESIAN_POINT ( 'NONE',  ( -31.00000000000000355, 10.00000000000000178, 18.00000000000000000 ) ) ;
#6949 = CARTESIAN_POINT ( 'NONE',  ( 44.00000000000000000, 5.388445916248353619E-15, 15.00000000000000000 ) ) ;
#6950 = CARTESIAN_POINT ( 'NONE',  ( 4.500000000000002665, -21.74342645422166242, 25.99999999999999645 ) ) ;
#6951 = DIRECTION ( 'NONE',  ( -0.000000000000000000, -0.000000000000000000, -1.000000000000000000 ) ) ;
#6952 = FACE_OUTER_BOUND ( 'NONE', #2180, .T. ) ;
#6953 = EDGE_CURVE ( 'NONE', #2895, #689, #5842, .T. ) ;
#6954 = LINE ( 'NONE', #360, #2026 ) ;
#6955 = EDGE_CURVE ( 'NONE', #4151, #4627, #5851, .T. ) ;
#6956 = ORIENTED_EDGE ( 'NONE', *, *, #1985, .F. ) ;
#6957 = CARTESIAN_POINT ( 'NONE',  ( 28.49999999999998579, -21.74342645422165532, 27.00000000000000355 ) ) ;
#6958 = CARTESIAN_POINT ( 'NONE',  ( 44.00000000000000000, 0.000000000000000000, 5.874999997268813168 ) ) ;
#6959 = CARTESIAN_POINT ( 'NONE',  ( -21.61304353333141393, -39.46994235144411078, 6.240925979401425572 ) ) ;
#6960 = ORIENTED_EDGE ( 'NONE', *, *, #4877, .F. ) ;
#6961 = CARTESIAN_POINT ( 'NONE',  ( -12.49999999999999645, -14.71457325320537635, 27.00000000000000355 ) ) ;
#6962 = CARTESIAN_POINT ( 'NONE',  ( 18.00119707814145187, 43.45873412499999233, 3.749999998634407028 ) ) ;
#6963 = EDGE_CURVE ( 'NONE', #6657, #3512, #4582, .T. ) ;
#6964 = EDGE_CURVE ( 'NONE', #3519, #3871, #3850, .T. ) ;
#6965 = B_SPLINE_CURVE_WITH_KNOTS ( 'NONE', 3,
 ( #2513, #5282, #288, #4733, #6836 ),
 .UNSPECIFIED., .F., .F.,
 ( 4, 1, 4 ),
 ( 0.02111092690186390161, 0.02132735540037338992, 0.02154378389888287823 ),
 .UNSPECIFIED. ) ;
#6966 = DIRECTION ( 'NONE',  ( 1.000000000000000000, 0.000000000000000000, 0.000000000000000000 ) ) ;
#6967 = CARTESIAN_POINT ( 'NONE',  ( 2.741036999120819218, -4.743426454221664201, 26.99999999999999645 ) ) ;
#6968 = CARTESIAN_POINT ( 'NONE',  ( 1.000000000000000444, -3.743426454221663757, 25.00000000000000000 ) ) ;
#6969 = VERTEX_POINT ( 'NONE', #3247 ) ;
#6970 = DIRECTION ( 'NONE',  ( -0.000000000000000000, -0.000000000000000000, -1.000000000000000000 ) ) ;
#6971 = CARTESIAN_POINT ( 'NONE',  ( 22.84857338615764277, -37.60296008487010511, 7.014092344396796186 ) ) ;
#6972 = CARTESIAN_POINT ( 'NONE',  ( -7.983239946176564682E-15, -43.45873412499999233, 2.312499998634407028 ) ) ;
#6973 = FACE_OUTER_BOUND ( 'NONE', #5989, .T. ) ;
#6974 = CARTESIAN_POINT ( 'NONE',  ( 8.844654685394491622, 26.50000000000000355, 18.00000000000000000 ) ) ;
#6975 = FACE_OUTER_BOUND ( 'NONE', #6479, .T. ) ;
#6976 = CARTESIAN_POINT ( 'NONE',  ( 27.49999999999998224, -9.759909745017587568, 25.00000000000000000 ) ) ;
#6977 = VERTEX_POINT ( 'NONE', #5463 ) ;
#6978 = CARTESIAN_POINT ( 'NONE',  ( -3.192813580078518232, -6.050326489904843008, 26.00000000000000355 ) ) ;
#6979 = VERTEX_POINT ( 'NONE', #7136 ) ;
#6980 = CARTESIAN_POINT ( 'NONE',  ( -44.00000000000000000, 5.388445916248353619E-15, 3.374999997268813612 ) ) ;
#6981 = ORIENTED_EDGE ( 'NONE', *, *, #3798, .F. ) ;
#6982 = CARTESIAN_POINT ( 'NONE',  ( 21.84465468539448452, -1.500000000000003331, 18.00000000000000000 ) ) ;
#6983 = CARTESIAN_POINT ( 'NONE',  ( 30.99999999999998934, -3.743426454221657540, 26.00000000000000355 ) ) ;
#6984 = CARTESIAN_POINT ( 'NONE',  ( 43.45873412499998523, -18.00119707814146963, 5.249999998634407028 ) ) ;
#6985 = CARTESIAN_POINT ( 'NONE',  ( 6.250000000000000000, -12.74342645422166242, 27.00000000000000355 ) ) ;
#6986 = DIRECTION ( 'NONE',  ( 0.000000000000000000, -1.000000000000000000, 0.000000000000000000 ) ) ;
#6987 = CARTESIAN_POINT ( 'NONE',  ( -24.00000000000001776, -9.743426454221653543, 27.00000000000000355 ) ) ;
#6988 = ORIENTED_EDGE ( 'NONE', *, *, #634, .T. ) ;
#6989 = DIRECTION ( 'NONE',  ( 1.000000000000000000, 0.000000000000000000, 0.000000000000000000 ) ) ;
#6990 = CARTESIAN_POINT ( 'NONE',  ( 24.53560301730744442, -37.72728652011743833, 12.33403313832362080 ) ) ;
#6991 = CARTESIAN_POINT ( 'NONE',  ( -24.06069478190696032, -38.02846760768417766, 6.126297050491182006 ) ) ;
#6992 = ORIENTED_EDGE ( 'NONE', *, *, #5412, .T. ) ;
#6993 = DIRECTION ( 'NONE',  ( 0.000000000000000000, 0.000000000000000000, -1.000000000000000000 ) ) ;
#6994 = LINE ( 'NONE', #6485, #1669 ) ;
#6995 = VECTOR ( 'NONE', #3338, 1000.000000000000000 ) ;
#6996 = ADVANCED_FACE ( 'NONE', ( #2152 ), #4355, .T. ) ;
#6997 = CARTESIAN_POINT ( 'NONE',  ( 0.000000000000000000, 0.000000000000000000, 15.00000000000000000 ) ) ;
#6998 = VECTOR ( 'NONE', #6175, 1000.000000000000000 ) ;
#6999 = CARTESIAN_POINT ( 'NONE',  ( -2.056234790990664434E-14, -20.74342645422165887, 25.99999999999999645 ) ) ;
#7000 = CARTESIAN_POINT ( 'NONE',  ( -15.99999999999999645, 20.00000000000000000, 25.00000000000000000 ) ) ;
#7001 = ORIENTED_EDGE ( 'NONE', *, *, #6599, .T. ) ;
#7002 = LINE ( 'NONE', #5916, #2125 ) ;
#7003 = CARTESIAN_POINT ( 'NONE',  ( -31.00000000000001421, -21.74342645422166598, 25.00000000000000000 ) ) ;
#7004 = CARTESIAN_POINT ( 'NONE',  ( 43.45873412499998523, -18.00119707814146963, 3.499999998634406584 ) ) ;
#7005 = ADVANCED_FACE ( 'NONE', ( #2176 ), #1658, .T. ) ;
#7006 = CARTESIAN_POINT ( 'NONE',  ( -44.00000000000000000, 5.388445916248353619E-15, 3.500000000000000000 ) ) ;
#7007 = ADVANCED_FACE ( 'NONE', ( #7083 ), #5998, .F. ) ;
#7008 = AXIS2_PLACEMENT_3D ( 'NONE', #1071, #88, #636 ) ;
#7009 = CARTESIAN_POINT ( 'NONE',  ( -14.17748896793611380, -41.75274860195127502, 20.00000000000000000 ) ) ;
#7010 = CARTESIAN_POINT ( 'NONE',  ( -21.12039705770927611, -38.84847886336906697, 12.67091406844408397 ) ) ;
#7011 = CARTESIAN_POINT ( 'NONE',  ( 20.75107715094278404, -38.80077082373047404, 12.46922976823914553 ) ) ;
#7012 = ORIENTED_EDGE ( 'NONE', *, *, #5240, .F. ) ;
#7013 = CARTESIAN_POINT ( 'NONE',  ( -8.434243972439702475, -15.51521502873955427, 27.00000000000000711 ) ) ;
#7014 = VECTOR ( 'NONE', #1568, 1000.000000000000000 ) ;
#7015 = ORIENTED_EDGE ( 'NONE', *, *, #3412, .F. ) ;
#7016 = VECTOR ( 'NONE', #3165, 1000.000000000000000 ) ;
#7017 = CARTESIAN_POINT ( 'NONE',  ( -11.05046143221876953, 6.929238224710590366, 25.00000000000000000 ) ) ;
#7018 = AXIS2_PLACEMENT_3D ( 'NONE', #1024, #5389, #2586 ) ;
#7019 = DIRECTION ( 'NONE',  ( -1.000000000000000000, 0.000000000000000000, -0.000000000000000000 ) ) ;
#7020 = ORIENTED_EDGE ( 'NONE', *, *, #918, .F. ) ;
#7021 = CARTESIAN_POINT ( 'NONE',  ( 2.500000000000001776, -14.99999999999999822, 18.00000000000000000 ) ) ;
#7022 = CYLINDRICAL_SURFACE ( 'NONE', #3672, 1.000000000000000000 ) ;
#7023 = DIRECTION ( 'NONE',  ( -0.5038710255240859137, -0.8637789008984335659, 0.000000000000000000 ) ) ;
#7024 = AXIS2_PLACEMENT_3D ( 'NONE', #7074, #1434, #2090 ) ;
#7025 = CARTESIAN_POINT ( 'NONE',  ( -6.051381822235609498, -11.32343887925074633, 26.00000000000001421 ) ) ;
#7026 = CARTESIAN_POINT ( 'NONE',  ( 2.661079982058854631E-15, 43.45873412499999233, 0.5624999986344066949 ) ) ;
#7027 = CARTESIAN_POINT ( 'NONE',  ( -25.50000000000000355, 27.50000000000000000, 23.00000000000000000 ) ) ;
#7028 = ORIENTED_EDGE ( 'NONE', *, *, #1400, .F. ) ;
#7029 = CARTESIAN_POINT ( 'NONE',  ( -22.25000000000001421, -12.74342645422166598, 27.00000000000000355 ) ) ;
#7030 = AXIS2_PLACEMENT_3D ( 'NONE', #6397, #1859, #4083 ) ;
#7031 = CARTESIAN_POINT ( 'NONE',  ( -12.49999999999999645, -14.71457325320537635, 27.00000000000000355 ) ) ;
#7032 = CARTESIAN_POINT ( 'NONE',  ( 0.000000000000000000, 0.000000000000000000, 15.00000000000000000 ) ) ;
#7033 = EDGE_LOOP ( 'NONE', ( #6814, #3160 ) ) ;
#7034 = CARTESIAN_POINT ( 'NONE',  ( 11.07335310895346048, -6.459455980222851501, 26.99999999999999645 ) ) ;
#7035 = CARTESIAN_POINT ( 'NONE',  ( 18.00119707814145187, 43.45873412499999233, 4.499999998634407028 ) ) ;
#7036 = VECTOR ( 'NONE', #7040, 1000.000000000000114 ) ;
#7037 = DIRECTION ( 'NONE',  ( -0.000000000000000000, -0.000000000000000000, -1.000000000000000000 ) ) ;
#7038 = VECTOR ( 'NONE', #3612, 1000.000000000000000 ) ;
#7039 = EDGE_CURVE ( 'NONE', #3351, #6969, #4497, .T. ) ;
#7040 = DIRECTION ( 'NONE',  ( -0.5038710255240859137, -0.8637789008984334549, -0.000000000000000000 ) ) ;
#7041 = CARTESIAN_POINT ( 'NONE',  ( -11.49999999999999822, -9.743426454221660649, 27.00000000000000355 ) ) ;
#7042 = EDGE_LOOP ( 'NONE', ( #5205, #3079, #4895, #2934 ) ) ;
#7043 = CARTESIAN_POINT ( 'NONE',  ( -21.08630596755802245, -38.61866932743766512, 7.347130168165015185 ) ) ;
#7044 = CARTESIAN_POINT ( 'NONE',  ( -31.00000000000001776, -21.74342645422166598, 26.58578643762690774 ) ) ;
#7045 = CARTESIAN_POINT ( 'NONE',  ( 30.72996560157071144, -30.72996560157072565, 5.437499998634406140 ) ) ;
#7046 = FACE_OUTER_BOUND ( 'NONE', #2673, .T. ) ;
#7047 = VECTOR ( 'NONE', #1353, 1000.000000000000114 ) ;
#7048 = DIRECTION ( 'NONE',  ( -0.000000000000000000, -0.000000000000000000, 1.000000000000000000 ) ) ;
#7049 = EDGE_CURVE ( 'NONE', #6324, #6518, #495, .T. ) ;
#7050 = ADVANCED_FACE ( 'NONE', ( #1009 ), #2721, .T. ) ;
#7051 = CARTESIAN_POINT ( 'NONE',  ( -20.20371192697735552, -39.47357793838498452, 11.93321611879934352 ) ) ;
#7052 = CARTESIAN_POINT ( 'NONE',  ( 19.83841152938354568, -39.27398756787037115, 8.600554342678698561 ) ) ;
#7053 = ORIENTED_EDGE ( 'NONE', *, *, #1761, .F. ) ;
#7054 = CARTESIAN_POINT ( 'NONE',  ( -2.415797662318152295, -12.76160227455364726, 26.00000000000000355 ) ) ;
#7055 = CARTESIAN_POINT ( 'NONE',  ( -8.082668874372530822E-15, -44.00000000000000000, 4.750000000000000000 ) ) ;
#7056 = EDGE_CURVE ( 'NONE', #6668, #4584, #7122, .T. ) ;
#7057 = EDGE_CURVE ( 'NONE', #2731, #5438, #5134, .T. ) ;
#7058 = CARTESIAN_POINT ( 'NONE',  ( -21.88943624473227700, -38.28746234450670727, 12.95402158361995859 ) ) ;
#7059 = EDGE_LOOP ( 'NONE', ( #4964, #2420, #5785, #449 ) ) ;
#7060 = CARTESIAN_POINT ( 'NONE',  ( -24.71716124431982209, -36.40174313901867720, 12.14697679466399194 ) ) ;
#7061 = CARTESIAN_POINT ( 'NONE',  ( 2.694222958124176809E-15, 44.00000000000000000, 3.124999997268813168 ) ) ;
#7062 = DIRECTION ( 'NONE',  ( -0.8643795212371213621, -0.5028399777920258273, 0.000000000000000000 ) ) ;
#7063 = DIRECTION ( 'NONE',  ( 2.478176394252583113E-16, -1.000000000000000000, 0.000000000000000000 ) ) ;
#7064 = CARTESIAN_POINT ( 'NONE',  ( -12.49999999999999645, -13.21904632970970184, 27.00000000000000355 ) ) ;
#7065 = DIRECTION ( 'NONE',  ( 0.4802898562962537032, 0.8771098300320911978, 0.000000000000000000 ) ) ;
#7066 = EDGE_LOOP ( 'NONE', ( #7116, #3438, #1787, #3339, #977, #2087, #6472, #6526 ) ) ;
#7067 = EDGE_LOOP ( 'NONE', ( #1277, #7125, #1245, #3112, #4134 ) ) ;
#7068 = CARTESIAN_POINT ( 'NONE',  ( -43.45873412499999944, -18.00119707814143410, 3.124999998634406584 ) ) ;
#7069 = CARTESIAN_POINT ( 'NONE',  ( -3.824215663267843013, -6.830364720555898828, 27.00000000000000355 ) ) ;
#7070 = CARTESIAN_POINT ( 'NONE',  ( 28.49999999999998224, -6.069765241975582093, 27.00000000000000355 ) ) ;
#7071 = EDGE_LOOP ( 'NONE', ( #1003, #1824, #1186, #467 ) ) ;
#7072 = CARTESIAN_POINT ( 'NONE',  ( -24.00000000000001776, -9.743426454221653543, 26.00000000000000355 ) ) ;
#7073 = CARTESIAN_POINT ( 'NONE',  ( 30.72996560157071855, 30.72996560157071855, 4.437499998634407028 ) ) ;
#7074 = CARTESIAN_POINT ( 'NONE',  ( 0.000000000000000000, 0.000000000000000000, 20.00000000000000000 ) ) ;
#7075 = ORIENTED_EDGE ( 'NONE', *, *, #6953, .F. ) ;
#7076 = CARTESIAN_POINT ( 'NONE',  ( 23.99999999999998934, -9.759909745017587568, 26.00000000000000355 ) ) ;
#7077 = DIRECTION ( 'NONE',  ( -1.000000000000000000, 0.000000000000000000, 0.000000000000000000 ) ) ;
#7078 = VERTEX_POINT ( 'NONE', #1594 ) ;
#7079 = CARTESIAN_POINT ( 'NONE',  ( -17.00000000000001421, -3.743426454221665534, 25.00000000000000000 ) ) ;
#7080 = PLANE ( 'NONE',  #3326 ) ;
#7081 = CARTESIAN_POINT ( 'NONE',  ( -43.45873412499999944, -18.00119707814143410, 4.124999998634407028 ) ) ;
#7082 = EDGE_CURVE ( 'NONE', #584, #6657, #3336, .T. ) ;
#7083 = FACE_OUTER_BOUND ( 'NONE', #6624, .T. ) ;
#7084 = LINE ( 'NONE', #5337, #5747 ) ;
#7085 = EDGE_CURVE ( 'NONE', #5325, #1253, #4462, .T. ) ;
#7086 = CARTESIAN_POINT ( 'NONE',  ( -19.63694367213163616, -40.49415952016367726, 10.92934815040177554 ) ) ;
#7087 = CARTESIAN_POINT ( 'NONE',  ( 20.18378881024506555, -39.09772285696445948, 11.91706039183239874 ) ) ;
#7088 = ORIENTED_EDGE ( 'NONE', *, *, #5280, .T. ) ;
#7089 = CARTESIAN_POINT ( 'NONE',  ( -2.203664223794612465, -12.54551995722826874, 26.00000000000000355 ) ) ;
#7090 = CARTESIAN_POINT ( 'NONE',  ( -1.499999999999996669, 27.50000000000000000, 23.00000000000000000 ) ) ;
#7091 = ADVANCED_FACE ( 'NONE', ( #1044 ), #6064, .T. ) ;
#7092 = CARTESIAN_POINT ( 'NONE',  ( 0.000000000000000000, 0.000000000000000000, 18.00000000000000000 ) ) ;
#7093 = EDGE_LOOP ( 'NONE', ( #4279, #4378, #4373, #6574 ) ) ;
#7094 = DIRECTION ( 'NONE',  ( 1.000000000000000000, -0.000000000000000000, 0.000000000000000000 ) ) ;
#7095 = B_SPLINE_CURVE_WITH_KNOTS ( 'NONE', 3,
 ( #5736, #202, #6971, #753 ),
 .UNSPECIFIED., .F., .F.,
 ( 4, 4 ),
 ( 4.105104994197872427E-17, 0.0006045889165759744943 ),
 .UNSPECIFIED. ) ;
#7096 =( BOUNDED_CURVE ( )  B_SPLINE_CURVE ( 3, ( #2347, #4671, #5773, #6272 ),
 .UNSPECIFIED., .F., .F. ) 
 B_SPLINE_CURVE_WITH_KNOTS ( ( 4, 4 ),
 ( 1.570796326794894782, 3.141592653589793116 ),
 .UNSPECIFIED. ) 
 CURVE ( )  GEOMETRIC_REPRESENTATION_ITEM ( )  RATIONAL_B_SPLINE_CURVE ( ( 1.000000000000000000, 0.8047378541243646044, 0.8047378541243646044, 1.000000000000000000 ) ) 
 REPRESENTATION_ITEM ( '' )  );
#7097 = CARTESIAN_POINT ( 'NONE',  ( 18.22539674441619439, -43.99999999999999289, 3.812500000000000000 ) ) ;
#7098 = FACE_OUTER_BOUND ( 'NONE', #829, .T. ) ;
#7099 = CARTESIAN_POINT ( 'NONE',  ( -4.551019234438856920, -9.431466578599858153, 26.00000000000000711 ) ) ;
#7100 = CARTESIAN_POINT ( 'NONE',  ( -43.45873412499999233, 5.322159964117709262E-15, 0.8124999986344066949 ) ) ;
#7101 = FACE_OUTER_BOUND ( 'NONE', #2117, .T. ) ;
#7102 = EDGE_CURVE ( 'NONE', #5832, #620, #6673, .T. ) ;
#7103 = EDGE_CURVE ( 'NONE', #2930, #585, #4147, .T. ) ;
#7104 = ORIENTED_EDGE ( 'NONE', *, *, #1046, .F. ) ;
#7105 = ORIENTED_EDGE ( 'NONE', *, *, #1795, .T. ) ;
#7106 = CARTESIAN_POINT ( 'NONE',  ( 2.661079982058854631E-15, 43.45873412499999233, 3.812499998634407028 ) ) ;
#7107 = CARTESIAN_POINT ( 'NONE',  ( -8.981585845043012384, -14.56545682650571649, 27.00000000000000711 ) ) ;
#7108 = LINE ( 'NONE', #4775, #4796 ) ;
#7109 = ORIENTED_EDGE ( 'NONE', *, *, #6461, .F. ) ;
#7110 = LINE ( 'NONE', #6520, #3215 ) ;
#7111 = CARTESIAN_POINT ( 'NONE',  ( -18.00119707814144121, 43.45873412499999233, 3.624999998634406140 ) ) ;
#7112 = CARTESIAN_POINT ( 'NONE',  ( -43.99999999999997868, -18.22539674441620861, 1.562500000000000222 ) ) ;
#7113 = ORIENTED_EDGE ( 'NONE', *, *, #1357, .T. ) ;
#7114 = CARTESIAN_POINT ( 'NONE',  ( 44.00000000000000000, 0.000000000000000000, 1.874999997268813390 ) ) ;
#7115 = CARTESIAN_POINT ( 'NONE',  ( 27.49999999999998579, -3.743426454221660205, 26.00000000000000355 ) ) ;
#7116 = ORIENTED_EDGE ( 'NONE', *, *, #1436, .T. ) ;
#7117 = CARTESIAN_POINT ( 'NONE',  ( -21.60027360176551170, -38.33363330666052349, 7.132102674276508125 ) ) ;
#7118 = EDGE_LOOP ( 'NONE', ( #2301, #5860, #2487, #7196 ) ) ;
#7119 = DIRECTION ( 'NONE',  ( 0.000000000000000000, 1.000000000000000000, 0.000000000000000000 ) ) ;
#7120 = CARTESIAN_POINT ( 'NONE',  ( -43.45873412499999233, 5.322159964117709262E-15, 4.062499998634407028 ) ) ;
#7121 = AXIS2_PLACEMENT_3D ( 'NONE', #2172, #2356, #1882 ) ;
#7122 = LINE ( 'NONE', #1555, #1470 ) ;
#7123 = CARTESIAN_POINT ( 'NONE',  ( 43.72936706249999617, 0.000000000000000000, 0.1562499993172032919 ) ) ;
#7124 = CARTESIAN_POINT ( 'NONE',  ( -20.16323750775374890, -40.23004602394458828, 12.87443870079540886 ) ) ;
#7125 = ORIENTED_EDGE ( 'NONE', *, *, #826, .F. ) ;
#7126 = CARTESIAN_POINT ( 'NONE',  ( -1.385095048293619957, -11.36064680413015004, 27.00000000000000000 ) ) ;
#7127 = AXIS2_PLACEMENT_3D ( 'NONE', #1363, #1868, #4168 ) ;
#7128 = DIRECTION ( 'NONE',  ( 1.000000000000000000, -0.000000000000000000, 0.000000000000000000 ) ) ;
#7129 = AXIS2_PLACEMENT_3D ( 'NONE', #1940, #805, #4162 ) ;
#7130 = DIRECTION ( 'NONE',  ( -0.8637789008984334549, 0.5038710255240861358, 0.000000000000000000 ) ) ;
#7131 = ORIENTED_EDGE ( 'NONE', *, *, #4910, .T. ) ;
#7132 = CARTESIAN_POINT ( 'NONE',  ( -25.36852519196001765, -35.95067634115741839, 11.31190266693286794 ) ) ;
#7133 = EDGE_CURVE ( 'NONE', #6699, #366, #5447, .T. ) ;
#7134 = LINE ( 'NONE', #5531, #2163 ) ;
#7135 = CARTESIAN_POINT ( 'NONE',  ( -31.11269837220808654, 31.11269837220809364, 1.249999997268813390 ) ) ;
#7136 = CARTESIAN_POINT ( 'NONE',  ( -31.00000000000000355, 15.00000000000000000, 23.00000000000000000 ) ) ;
#7137 = CARTESIAN_POINT ( 'NONE',  ( -18.00119707814144121, 43.45873412499999233, 4.624999998634407028 ) ) ;
#7138 = AXIS2_PLACEMENT_3D ( 'NONE', #4885, #6440, #4333 ) ;
#7139 =( BOUNDED_CURVE ( )  B_SPLINE_CURVE ( 2, ( #6666, #5077, #1693, #673, #4384, #635, #5038, #51, #3835 ),
 .UNSPECIFIED., .F., .F. ) 
 B_SPLINE_CURVE_WITH_KNOTS ( ( 3, 2, 2, 2, 3 ),
 ( 0.2000000000000000111, 0.2250000000000000333, 0.2500000000000000555, 0.2750000000000000777, 0.3000000000000000444 ),
 .UNSPECIFIED. ) 
 CURVE ( )  GEOMETRIC_REPRESENTATION_ITEM ( )  RATIONAL_B_SPLINE_CURVE ( ( 1.000000000000000000, 0.9238795325112867385, 1.000000000000000000, 0.9238795325112867385, 1.000000000000000000, 0.9238795325112867385, 1.000000000000000000, 0.9238795325112865164, 1.000000000000000222 ) ) 
 REPRESENTATION_ITEM ( '' )  );
#7140 = ORIENTED_EDGE ( 'NONE', *, *, #1945, .T. ) ;
#7141 = CARTESIAN_POINT ( 'NONE',  ( -43.45873412499999233, 18.00119707814144832, 1.999999998634406584 ) ) ;
#7142 = VECTOR ( 'NONE', #20, 1000.000000000000000 ) ;
#7143 = ADVANCED_FACE ( 'NONE', ( #5482, #3842, #1077 ), #2759, .T. ) ;
#7144 = EDGE_CURVE ( 'NONE', #5383, #6344, #679, .T. ) ;
#7145 = CARTESIAN_POINT ( 'NONE',  ( 24.73207199588159000, -35.87489039646838762, 7.986118678340627497 ) ) ;
#7146 = CARTESIAN_POINT ( 'NONE',  ( -1.000000000000000888, -13.25814507998309288, 25.00000000000000000 ) ) ;
#7147 = VERTEX_POINT ( 'NONE', #5114 ) ;
#7148 = CARTESIAN_POINT ( 'NONE',  ( -8.949538567781235798, 9.070761775289389206, 27.00000000000000355 ) ) ;
#7149 = CARTESIAN_POINT ( 'NONE',  ( 30.72996560157071855, 30.72996560157071855, 3.437499998634406584 ) ) ;
#7150 = VECTOR ( 'NONE', #1474, 1000.000000000000000 ) ;
#7151 = VECTOR ( 'NONE', #5583, 1000.000000000000000 ) ;
#7152 = CARTESIAN_POINT ( 'NONE',  ( 45.00000000000000711, 5.510910596163090344E-15, 0.000000000000000000 ) ) ;
#7153 = ORIENTED_EDGE ( 'NONE', *, *, #516, .T. ) ;
#7154 = CARTESIAN_POINT ( 'NONE',  ( 25.70024038236249453, -35.71412392327030716, 9.876943125782979394 ) ) ;
#7155 = DIRECTION ( 'NONE',  ( -1.000000000000000000, -1.982541115402065702E-15, 0.000000000000000000 ) ) ;
#7156 = EDGE_LOOP ( 'NONE', ( #3738, #1469, #90 ) ) ;
#7157 = CARTESIAN_POINT ( 'NONE',  ( 19.92483595458574541, -4.743426454221659760, 27.00000000000000355 ) ) ;
#7158 = AXIS2_PLACEMENT_3D ( 'NONE', #665, #218, #5168 ) ;
#7159 = EDGE_LOOP ( 'NONE', ( #6615, #6018, #725, #2655 ) ) ;
#7160 = CARTESIAN_POINT ( 'NONE',  ( -30.27883886237081512, -21.32921289184857372, 27.00000000000000000 ) ) ;
#7161 = DIRECTION ( 'NONE',  ( 0.8637789008984331218, 0.5038710255240866909, -0.000000000000000000 ) ) ;
#7162 = AXIS2_PLACEMENT_3D ( 'NONE', #6062, #1552, #4281 ) ;
#7163 = CARTESIAN_POINT ( 'NONE',  ( -44.00000000000000000, 18.22539674441618374, 5.312499997268813168 ) ) ;
#7164 = DIRECTION ( 'NONE',  ( 0.000000000000000000, 1.000000000000000000, -0.000000000000000000 ) ) ;
#7165 = CARTESIAN_POINT ( 'NONE',  ( -19.07635395094962760, -40.75656165579923140, 11.12932138675625815 ) ) ;
#7166 = CARTESIAN_POINT ( 'NONE',  ( -17.00000000000001421, -3.743426454221665534, 27.00000000000000355 ) ) ;
#7167 = ORIENTED_EDGE ( 'NONE', *, *, #4291, .T. ) ;
#7168 = CARTESIAN_POINT ( 'NONE',  ( -5.810678088755482307, -14.79801890239767381, 26.00000000000000355 ) ) ;
#7169 = AXIS2_PLACEMENT_3D ( 'NONE', #3681, #5902, #1570 ) ;
#7170 = CARTESIAN_POINT ( 'NONE',  ( -1.499999999999996669, 27.50000000000000000, 23.00000000000000000 ) ) ;
#7171 = VECTOR ( 'NONE', #6240, 1000.000000000000000 ) ;
#7172 = CARTESIAN_POINT ( 'NONE',  ( -14.99999999999999822, -21.74342645422166242, 26.00000000000000355 ) ) ;
#7173 = ORIENTED_EDGE ( 'NONE', *, *, #5547, .T. ) ;
#7174 = CARTESIAN_POINT ( 'NONE',  ( -25.54814623076081048, -35.82312059826701756, 9.097954688406018064 ) ) ;
#7175 = DIRECTION ( 'NONE',  ( 2.312964634635740689E-15, -1.000000000000000000, 0.000000000000000000 ) ) ;
#7176 = CARTESIAN_POINT ( 'NONE',  ( -31.11269837220808654, 31.11269837220809364, 3.249999997268813612 ) ) ;
#7177 = CARTESIAN_POINT ( 'NONE',  ( -26.83955084308092509, 34.98473552558840538, 20.00000000000000000 ) ) ;
#7178 = CARTESIAN_POINT ( 'NONE',  ( -18.00119707814146608, -43.45873412499998523, 3.999999998634406140 ) ) ;
#7179 = ADVANCED_FACE ( 'NONE', ( #3371 ), #93, .F. ) ;
#7180 = ORIENTED_EDGE ( 'NONE', *, *, #4869, .T. ) ;
#7181 = ORIENTED_EDGE ( 'NONE', *, *, #941, .T. ) ;
#7182 = CARTESIAN_POINT ( 'NONE',  ( -18.00119707814144121, 43.45873412499999233, 0.8749999986344068059 ) ) ;
#7183 = CARTESIAN_POINT ( 'NONE',  ( 25.79191248420336180, -36.87859454989439456, 12.97599926858803521 ) ) ;
#7184 = CARTESIAN_POINT ( 'NONE',  ( 43.99999999999999289, -18.22539674441621216, 2.812499997268813612 ) ) ;
#7185 = ORIENTED_EDGE ( 'NONE', *, *, #2640, .F. ) ;
#7186 = DIRECTION ( 'NONE',  ( 0.8637789008984337880, 0.5038710255240856917, -0.000000000000000000 ) ) ;
#7187 = CARTESIAN_POINT ( 'NONE',  ( -4.516934041839687275, -9.539250374470805482, 27.00000000000000000 ) ) ;
#7188 = LINE ( 'NONE', #1647, #6315 ) ;
#7189 =( BOUNDED_CURVE ( )  B_SPLINE_CURVE ( 2, ( #5792, #2334, #666, #4050, #4553, #6764, #181, #1790, #4160, #4014, #1352, #2367, #4120, #254, #729, #6226, #6259, #5102, #6366, #5169, #5650, #5246, #1249, #3428, #109, #2403, #3494, #768, #3462, #6804, #6915, #4622, #6838, #5130, #2887, #4698, #141, #1938, #5685, #4085, #698, #2476, #4588, #6292, #1311, #2917, #1827, #1280, #5715, #3531, #5753, #2992, #5211, #219, #3028, #2440, #4657, #6875, #6332, #1897, #3570, #803, #4265, #5901, #6475, #4296, #3211, #3712, #3639, #985, #2548, #5866, #1387, #880, #291, #3604, #5828, #3135, #2514, #6984, #5426 ),
 .UNSPECIFIED., .F., .F. ) 
 B_SPLINE_CURVE_WITH_KNOTS ( ( 3, 2, 2, 2, 2, 2, 2, 2, 2, 2, 2, 2, 2, 2, 2, 2, 2, 2, 2, 2, 2, 2, 2, 2, 2, 2, 2, 2, 2, 2, 2, 2, 2, 2, 2, 2, 2, 2, 2, 2, 3 ),
 ( 0.000000000000000000, 0.02500000000000000139, 0.05000000000000000278, 0.07499999999999999722, 0.1000000000000000056, 0.1250000000000000000, 0.1499999999999999944, 0.1749999999999999889, 0.2000000000000000111, 0.2250000000000000056, 0.2500000000000000000, 0.2750000000000000222, 0.2999999999999999889, 0.3250000000000000111, 0.3499999999999999778, 0.3750000000000000000, 0.4000000000000000222, 0.4249999999999999889, 0.4500000000000000111, 0.4749999999999999778, 0.5000000000000000000, 0.5250000000000000222, 0.5500000000000000444, 0.5749999999999999556, 0.5999999999999999778, 0.6250000000000000000, 0.6500000000000000222, 0.6750000000000000444, 0.6999999999999999556, 0.7249999999999999778, 0.7500000000000000000, 0.7750000000000000222, 0.8000000000000000444, 0.8249999999999999556, 0.8499999999999999778, 0.8750000000000000000, 0.9000000000000000222, 0.9250000000000000444, 0.9499999999999999556, 0.9749999999999999778, 1.000000000000000000 ),
 .UNSPECIFIED. ) 
 CURVE ( )  GEOMETRIC_REPRESENTATION_ITEM ( )  RATIONAL_B_SPLINE_CURVE ( ( 1.000000000000000000, 0.9238795325112867385, 1.000000000000000000, 0.9238795325112867385, 1.000000000000000000, 0.9238795325112867385, 1.000000000000000000, 0.9238795325112867385, 1.000000000000000000, 0.9238795325112867385, 1.000000000000000000, 0.9238795325112867385, 1.000000000000000000, 0.9238795325112867385, 1.000000000000000000, 0.9238795325112867385, 1.000000000000000000, 0.9238795325112867385, 1.000000000000000000, 0.9238795325112867385, 1.000000000000000000, 0.9238795325112867385, 1.000000000000000000, 0.9238795325112867385, 1.000000000000000000, 0.9238795325112867385, 1.000000000000000000, 0.9238795325112867385, 1.000000000000000000, 0.9238795325112867385, 1.000000000000000000, 0.9238795325112867385, 1.000000000000000000, 0.9238795325112867385, 1.000000000000000000, 0.9238795325112867385, 1.000000000000000000, 0.9238795325112867385, 1.000000000000000000, 0.9238795325112867385, 1.000000000000000000, 0.9238795325112867385, 1.000000000000000000, 0.9238795325112867385, 1.000000000000000000, 0.9238795325112867385, 1.000000000000000000, 0.9238795325112867385, 1.000000000000000000, 0.9238795325112867385, 1.000000000000000000, 0.9238795325112867385, 1.000000000000000000, 0.9238795325112867385, 1.000000000000000000, 0.9238795325112867385, 1.000000000000000000, 0.9238795325112867385, 1.000000000000000000, 0.9238795325112867385, 1.000000000000000000, 0.9238795325112867385, 1.000000000000000000, 0.9238795325112867385, 1.000000000000000000, 0.9238795325112867385, 1.000000000000000000, 0.9238795325112867385, 1.000000000000000000, 0.9238795325112867385, 1.000000000000000000, 0.9238795325112867385, 1.000000000000000000, 0.9238795325112867385, 1.000000000000000000, 0.9238795325112867385, 1.000000000000000000, 0.9238795325112867385, 1.000000000000000000, 0.9238795325112867385, 1.000000000000000000 ) ) 
 REPRESENTATION_ITEM ( '' )  );
#7190 = ADVANCED_FACE ( 'NONE', ( #605 ), #709, .T. ) ;
#7191 = CARTESIAN_POINT ( 'NONE',  ( -14.99999999999999822, -3.743426454221665534, 25.00000000000000000 ) ) ;
#7192 = VERTEX_POINT ( 'NONE', #6818 ) ;
#7193 = DIRECTION ( 'NONE',  ( -0.000000000000000000, -0.000000000000000000, 1.000000000000000000 ) ) ;
#7194 = DIRECTION ( 'NONE',  ( -0.5038710255240854696, -0.8637789008984337880, 0.000000000000000000 ) ) ;
#7195 = ORIENTED_EDGE ( 'NONE', *, *, #6251, .F. ) ;
#7196 = ORIENTED_EDGE ( 'NONE', *, *, #823, .T. ) ;
#7197 = CARTESIAN_POINT ( 'NONE',  ( -26.62865528555989414, -36.27581520969538786, 8.112134764808024201 ) ) ;
#7198 = CARTESIAN_POINT ( 'NONE',  ( -7.983239946176564682E-15, -43.45873412499999233, 3.312499998634406584 ) ) ;
#7199 = EDGE_CURVE ( 'NONE', #4562, #7192, #4040, .T. ) ;
#7200 = FILL_AREA_STYLE_COLOUR ( '', #3916 ) ;
#7201 = LINE ( 'NONE', #1078, #5976 ) ;
#7202 = CARTESIAN_POINT ( 'NONE',  ( -21.83892408252913242, -39.34625415094780010, 7.048170288258790883 ) ) ;
#7203 = FILL_AREA_STYLE_COLOUR ( '', #28 ) ;
#7204 = ORIENTED_EDGE ( 'NONE', *, *, #5772, .T. ) ;
#7205 = CARTESIAN_POINT ( 'NONE',  ( 21.19210085965261570, -39.69848788279622909, 6.408210962118158882 ) ) ;
#7206 = CARTESIAN_POINT ( 'NONE',  ( 16.00000000000000000, 20.00000000000000000, 23.00000000000000000 ) ) ;
#7207 = CARTESIAN_POINT ( 'NONE',  ( 22.10648544016904893, 26.50000000000000000, 18.00000000000000000 ) ) ;
#7208 = ORIENTED_EDGE ( 'NONE', *, *, #2882, .F. ) ;
#7209 = DIRECTION ( 'NONE',  ( 0.5038710255240863578, 0.8637789008984333439, 0.000000000000000000 ) ) ;
#7210 = CARTESIAN_POINT ( 'NONE',  ( -27.50000000000001421, -3.743426454221668642, 26.00000000000000355 ) ) ;
#7211 = CARTESIAN_POINT ( 'NONE',  ( -29.07637702555221892, 33.14901971886396836, 20.00000000000000000 ) ) ;
#7212 = CARTESIAN_POINT ( 'NONE',  ( -43.45873412499999233, 5.322159964117709262E-15, 1.812499998634406584 ) ) ;
ENDSEC;
END-ISO-10303-21;
