ISO-10303-21;
HEADER;
FILE_DESCRIPTION (( 'STEP AP214' ),
    '1' );
FILE_NAME ('Хрум_зад (1).STEP',
    '2025-11-27T11:46:35',
    ( '' ),
    ( '' ),
    'SwSTEP 2.0',
    'SolidWorks 2020',
    '' );
FILE_SCHEMA (( 'AUTOMOTIVE_DESIGN' ));
ENDSEC;

DATA;
#1 = CARTESIAN_POINT ( 'NONE',  ( 7.983239946176564682E-15, -43.45873412499999233, 1.937500001365593416 ) ) ;
#2 = DIRECTION ( 'NONE',  ( -0.000000000000000000, -0.000000000000000000, -1.000000000000000000 ) ) ;
#3 = CARTESIAN_POINT ( 'NONE',  ( -30.72996560157071144, -30.72996560157072565, 2.562500001365593860 ) ) ;
#4 = VERTEX_POINT ( 'NONE', #231 ) ;
#5 = CARTESIAN_POINT ( 'NONE',  ( -2.694222958124176809E-15, 44.00000000000000000, 4.750000000000000000 ) ) ;
#6 = CARTESIAN_POINT ( 'NONE',  ( 18.22539674441620505, -43.99999999999999289, 1.437500002731187498 ) ) ;
#7 = CARTESIAN_POINT ( 'NONE',  ( 18.22539674441618374, 44.00000000000000000, 4.687500000000000888 ) ) ;
#8 = CARTESIAN_POINT ( 'NONE',  ( 43.45873412499999944, -18.00119707814143410, 3.125000001365592972 ) ) ;
#9 = CARTESIAN_POINT ( 'NONE',  ( 31.11269837220809364, -31.11269837220808654, 4.375000000000000000 ) ) ;
#10 = CARTESIAN_POINT ( 'NONE',  ( -43.99999999999999289, -18.22539674441620861, 5.187500002731186832 ) ) ;
#11 = ORIENTED_EDGE ( 'NONE', *, *, #679, .F. ) ;
#12 = AXIS2_PLACEMENT_3D ( 'NONE', #1301, #1188, #1259 ) ;
#13 = CARTESIAN_POINT ( 'NONE',  ( -43.45873412499999233, 0.000000000000000000, 4.437500001365593860 ) ) ;
#14 = CARTESIAN_POINT ( 'NONE',  ( -18.00119707814145187, 43.45873412499999233, 5.250000001365593860 ) ) ;
#15 = CARTESIAN_POINT ( 'NONE',  ( 44.00000000000001421, -18.22539674441618018, 6.437500000000000888 ) ) ;
#16 = CARTESIAN_POINT ( 'NONE',  ( -44.00000000000000000, 0.000000000000000000, 6.562500001365593860 ) ) ;
#17 = DIRECTION ( 'NONE',  ( 1.000000000000000000, 0.000000000000000000, 0.000000000000000000 ) ) ;
#18 = CARTESIAN_POINT ( 'NONE',  ( -43.45873412499999233, 0.000000000000000000, 1.437500001365593860 ) ) ;
#19 = ORIENTED_EDGE ( 'NONE', *, *, #726, .T. ) ;
#20 =( BOUNDED_CURVE ( )  B_SPLINE_CURVE ( 2, ( #936, #833, #28 ),
 .UNSPECIFIED., .F., .F. ) 
 B_SPLINE_CURVE_WITH_KNOTS ( ( 3, 3 ),
 ( 0.8000000000000000444, 0.8250000005912428991 ),
 .UNSPECIFIED. ) 
 CURVE ( )  GEOMETRIC_REPRESENTATION_ITEM ( )  RATIONAL_B_SPLINE_CURVE ( ( 1.000000000000000000, 0.9238795325112867385, 1.000000000000000000 ) ) 
 REPRESENTATION_ITEM ( '' )  );
#21 = CARTESIAN_POINT ( 'NONE',  ( 31.11269837220809364, -31.11269837220808654, 5.500000002731187720 ) ) ;
#22 = CARTESIAN_POINT ( 'NONE',  ( -43.45873412499999233, 18.00119707814144476, 5.375000001365593860 ) ) ;
#23 = CARTESIAN_POINT ( 'NONE',  ( 18.22539674441618374, 44.00000000000000000, 2.687500000000000000 ) ) ;
#24 = CARTESIAN_POINT ( 'NONE',  ( -31.11269837220808299, -31.11269837220809364, 2.250000002731187276 ) ) ;
#25 = CARTESIAN_POINT ( 'NONE',  ( 31.11269837220809364, -31.11269837220808654, 3.500000002731186832 ) ) ;
#26 = CARTESIAN_POINT ( 'NONE',  ( -31.11269837220809364, 31.11269837220809364, 6.000000002731186832 ) ) ;
#27 = CARTESIAN_POINT ( 'NONE',  ( 0.000000000000000000, 0.000000000000000000, 0.000000000000000000 ) ) ;
#28 = CARTESIAN_POINT ( 'NONE',  ( -31.11269780904614279, 31.11269893537002673, 2.000000000000000000 ) ) ;
#29 = CARTESIAN_POINT ( 'NONE',  ( 18.00119707814144121, 43.45873412499999233, 6.125000001365592972 ) ) ;
#30 = LINE ( 'NONE', #1159, #589 ) ;
#31 = CARTESIAN_POINT ( 'NONE',  ( -43.72936706249999617, 0.000000000000000000, 1.843750000682796708 ) ) ;
#32 = DIRECTION ( 'NONE',  ( -0.000000000000000000, -0.000000000000000000, -1.000000000000000000 ) ) ;
#33 = ORIENTED_EDGE ( 'NONE', *, *, #674, .F. ) ;
#34 = CARTESIAN_POINT ( 'NONE',  ( -43.45873412499999233, 0.000000000000000000, 6.437500001365593860 ) ) ;
#35 = CARTESIAN_POINT ( 'NONE',  ( -30.72996560157071855, 30.72996560157071855, 2.312500001365593860 ) ) ;
#36 = FACE_OUTER_BOUND ( 'NONE', #733, .T. ) ;
#37 = EDGE_CURVE ( 'NONE', #1275, #1176, #1150, .T. ) ;
#38 = CARTESIAN_POINT ( 'NONE',  ( 44.00000000000000000, 5.388445916248353619E-15, 5.500000000000000000 ) ) ;
#39 = DIRECTION ( 'NONE',  ( 1.000000000000000000, 0.000000000000000000, 0.000000000000000000 ) ) ;
#40 = LINE ( 'NONE', #739, #563 ) ;
#41 = ORIENTED_EDGE ( 'NONE', *, *, #146, .T. ) ;
#42 = CARTESIAN_POINT ( 'NONE',  ( -43.99999999999999289, -18.22539674441621216, 5.187500002731186832 ) ) ;
#43 = FACE_OUTER_BOUND ( 'NONE', #1404, .T. ) ;
#44 = CARTESIAN_POINT ( 'NONE',  ( -44.00000000000000000, 0.000000000000000000, 2.000000000000000000 ) ) ;
#45 = CARTESIAN_POINT ( 'NONE',  ( 18.00119707814144121, 43.45873412499999233, 4.125000001365593860 ) ) ;
#46 = DIRECTION ( 'NONE',  ( -0.000000000000000000, -0.000000000000000000, 1.000000000000000000 ) ) ;
#47 = CARTESIAN_POINT ( 'NONE',  ( 44.00000000000000000, 5.388445916248353619E-15, 4.625000002731187720 ) ) ;
#48 =( NAMED_UNIT ( * ) SI_UNIT ( $, .STERADIAN. ) SOLID_ANGLE_UNIT ( ) );
#49 = DIRECTION ( 'NONE',  ( -0.000000000000000000, -0.000000000000000000, -1.000000000000000000 ) ) ;
#50 = VERTEX_POINT ( 'NONE', #372 ) ;
#51 = CARTESIAN_POINT ( 'NONE',  ( 7.983239946176564682E-15, -43.45873412499999233, 2.687500001365593860 ) ) ;
#52 = AXIS2_PLACEMENT_3D ( 'NONE', #425, #1043, #773 ) ;
#53 = CARTESIAN_POINT ( 'NONE',  ( -2.661079982058854631E-15, 43.45873412499999233, 6.437500001365592972 ) ) ;
#54 = CARTESIAN_POINT ( 'NONE',  ( -31.11269837220808299, -31.11269837220809364, 5.250000002731186832 ) ) ;
#55 = CARTESIAN_POINT ( 'NONE',  ( 43.99999999999994316, -18.22539674441623703, 5.437500000000000000 ) ) ;
#56 = CARTESIAN_POINT ( 'NONE',  ( 44.00000000000000000, 5.388445916248353619E-15, 7.000000000000000000 ) ) ;
#57 =( NAMED_UNIT ( * ) SI_UNIT ( $, .STERADIAN. ) SOLID_ANGLE_UNIT ( ) );
#58 = CARTESIAN_POINT ( 'NONE',  ( 44.00000000000000000, 5.388445916248353619E-15, 2.625000002731186832 ) ) ;
#59 = CARTESIAN_POINT ( 'NONE',  ( -18.00119707814145187, 43.45873412499999233, 5.500000001365592972 ) ) ;
#60 = ORIENTED_EDGE ( 'NONE', *, *, #368, .F. ) ;
#61 = CARTESIAN_POINT ( 'NONE',  ( -43.45873412499998523, -18.00119707814146963, 4.750000001365592972 ) ) ;
#62 = CARTESIAN_POINT ( 'NONE',  ( -18.22539674441619084, -43.99999999999999289, 3.312500002731186832 ) ) ;
#63 = CARTESIAN_POINT ( 'NONE',  ( 43.45873412499999944, -18.00119707814143410, 3.125000001365592972 ) ) ;
#64 = CIRCLE ( 'NONE', #899, 42.00000000000000000 ) ;
#65 = FACE_OUTER_BOUND ( 'NONE', #418, .T. ) ;
#66 = CARTESIAN_POINT ( 'NONE',  ( -44.00000000000000000, 0.000000000000000000, 4.125000002731186832 ) ) ;
#67 = CARTESIAN_POINT ( 'NONE',  ( -2.661079982058854631E-15, 43.45873412499999233, 6.437500001365592972 ) ) ;
#68 = ORIENTED_EDGE ( 'NONE', *, *, #189, .T. ) ;
#69 = CARTESIAN_POINT ( 'NONE',  ( -31.11269837220809364, 31.11269837220809364, 3.000000002731186832 ) ) ;
#70 = CARTESIAN_POINT ( 'NONE',  ( 45.00000000000000711, 5.510910596163090344E-15, 2.000000000000000000 ) ) ;
#71 = CARTESIAN_POINT ( 'NONE',  ( 43.45873412499999233, 5.322159964117709262E-15, 3.187500001365593416 ) ) ;
#72 = DIRECTION ( 'NONE',  ( 0.000000000000000000, 0.000000000000000000, 1.000000000000000000 ) ) ;
#73 = CARTESIAN_POINT ( 'NONE',  ( 44.00000000000000000, 5.388445916248353619E-15, 3.500000000000000000 ) ) ;
#74 = CARTESIAN_POINT ( 'NONE',  ( -43.45873412499999233, 18.00119707814144476, 6.625000001365592972 ) ) ;
#75 = ORIENTED_EDGE ( 'NONE', *, *, #1210, .T. ) ;
#76 = CARTESIAN_POINT ( 'NONE',  ( 43.45873412499999944, -18.00119707814143410, 5.875000001365592972 ) ) ;
#77 = CARTESIAN_POINT ( 'NONE',  ( 8.082668874372530822E-15, -44.00000000000000000, 4.375000002731186832 ) ) ;
#78 = CARTESIAN_POINT ( 'NONE',  ( -18.00119707814145187, -43.45873412499998523, 5.875000001365592972 ) ) ;
#79 = CYLINDRICAL_SURFACE ( 'NONE', #1346, 44.00000000000000000 ) ;
#80 = CARTESIAN_POINT ( 'NONE',  ( -43.45873412499999233, 18.00119707814144476, 2.375000001365593860 ) ) ;
#81 = ORIENTED_EDGE ( 'NONE', *, *, #364, .T. ) ;
#82 = DIRECTION ( 'NONE',  ( 1.000000000000000000, 0.000000000000000000, 0.000000000000000000 ) ) ;
#83 = CARTESIAN_POINT ( 'NONE',  ( -2.694222958124176809E-15, 44.00000000000000000, 3.875000002731186832 ) ) ;
#84 = CARTESIAN_POINT ( 'NONE',  ( -43.45873412499999233, 18.00119707814144476, 2.625000001365592972 ) ) ;
#85 = VECTOR ( 'NONE', #261, 1000.000000000000000 ) ;
#86 = EDGE_CURVE ( 'NONE', #997, #355, #1370, .T. ) ;
#87 = CARTESIAN_POINT ( 'NONE',  ( 43.45873412499999233, 5.322159964117709262E-15, 6.187500001365593860 ) ) ;
#88 = EDGE_LOOP ( 'NONE', ( #1459, #97 ) ) ;
#89 = CARTESIAN_POINT ( 'NONE',  ( -30.72996560157071855, 30.72996560157071855, 3.562500001365592972 ) ) ;
#90 = CARTESIAN_POINT ( 'NONE',  ( 43.45873412499999233, 18.00119707814145187, 4.250000001365593860 ) ) ;
#91 = ORIENTED_EDGE ( 'NONE', *, *, #256, .T. ) ;
#92 = CARTESIAN_POINT ( 'NONE',  ( 44.00000000000000000, 5.388445916248353619E-15, 5.500000000000000000 ) ) ;
#93 = CARTESIAN_POINT ( 'NONE',  ( 7.983239946176564682E-15, -43.45873412499999233, 3.937500001365593416 ) ) ;
#94 = EDGE_CURVE ( 'NONE', #1216, #1115, #1310, .T. ) ;
#95 = AXIS2_PLACEMENT_3D ( 'NONE', #1323, #732, #166 ) ;
#96 = CARTESIAN_POINT ( 'NONE',  ( -30.72996560157071855, 30.72996560157071855, 3.562500001365592972 ) ) ;
#97 = ORIENTED_EDGE ( 'NONE', *, *, #1215, .T. ) ;
#98 = CARTESIAN_POINT ( 'NONE',  ( 30.72996560157072565, -30.72996560157071499, 4.812500001365593860 ) ) ;
#99 = CARTESIAN_POINT ( 'NONE',  ( 18.00119707814146608, -43.45873412499998523, 5.750000001365593860 ) ) ;
#100 = CARTESIAN_POINT ( 'NONE',  ( -43.45873412499998523, -18.00119707814146963, 1.750000001365593194 ) ) ;
#101 = CARTESIAN_POINT ( 'NONE',  ( 30.72996560157072565, -30.72996560157071499, 2.062500001365593416 ) ) ;
#102 = DIRECTION ( 'NONE',  ( -1.000000000000000000, 0.000000000000000000, 0.000000000000000000 ) ) ;
#103 = CARTESIAN_POINT ( 'NONE',  ( 30.72996560157072565, -30.72996560157071499, 4.062500001365593860 ) ) ;
#104 = VERTEX_POINT ( 'NONE', #865 ) ;
#105 = CARTESIAN_POINT ( 'NONE',  ( 7.983239946176564682E-15, -43.45873412499999233, 4.687500001365593860 ) ) ;
#106 = CARTESIAN_POINT ( 'NONE',  ( -43.45873412499999233, 18.00119707814144121, 6.375000001365593860 ) ) ;
#107 = CARTESIAN_POINT ( 'NONE',  ( -43.45873412499999233, 18.00119707814144476, 6.375000001365593860 ) ) ;
#108 = CARTESIAN_POINT ( 'NONE',  ( 18.22539674441618374, 44.00000000000000000, 5.687500000000000000 ) ) ;
#109 = CARTESIAN_POINT ( 'NONE',  ( -2.694222958124176809E-15, 44.00000000000000000, 4.875000002731186832 ) ) ;
#110 = DIRECTION ( 'NONE',  ( 0.000000000000000000, 0.000000000000000000, 1.000000000000000000 ) ) ;
#111 = CARTESIAN_POINT ( 'NONE',  ( 18.22539674441618374, 44.00000000000000000, 4.812500002731186832 ) ) ;
#112 = CARTESIAN_POINT ( 'NONE',  ( 30.72996560157071499, 30.72996560157071855, 4.312500001365593860 ) ) ;
#113 = VERTEX_POINT ( 'NONE', #66 ) ;
#114 = CARTESIAN_POINT ( 'NONE',  ( 18.00119707814144121, 43.45873412499999233, 6.125000001365593860 ) ) ;
#115 = CARTESIAN_POINT ( 'NONE',  ( -2.661079982058854631E-15, 43.45873412499999233, 3.187500001365593416 ) ) ;
#116 = CARTESIAN_POINT ( 'NONE',  ( -43.45873412499999233, 0.000000000000000000, 1.687500001365593194 ) ) ;
#117 = CARTESIAN_POINT ( 'NONE',  ( -30.72996560157071144, -30.72996560157072565, 1.812500001365593194 ) ) ;
#118 = CARTESIAN_POINT ( 'NONE',  ( -42.00000000000000000, 5.143516556418883322E-15, 2.000000000000000000 ) ) ;
#119 = CARTESIAN_POINT ( 'NONE',  ( 30.72996560157072565, -30.72996560157071499, 2.812500001365593860 ) ) ;
#120 = VECTOR ( 'NONE', #49, 1000.000000000000000 ) ;
#121 = ORIENTED_EDGE ( 'NONE', *, *, #414, .T. ) ;
#122 = CARTESIAN_POINT ( 'NONE',  ( -18.00119707814144832, -43.45873412499998523, 4.625000001365593860 ) ) ;
#123 = CARTESIAN_POINT ( 'NONE',  ( 43.45873412499999233, 5.322159964117709262E-15, 3.937500001365593416 ) ) ;
#124 = CARTESIAN_POINT ( 'NONE',  ( 31.11269837220808654, 31.11269837220809364, 6.625000000000000000 ) ) ;
#125 = CARTESIAN_POINT ( 'NONE',  ( 30.72996560157071499, 30.72996560157071855, 3.312500001365593416 ) ) ;
#126 = CARTESIAN_POINT ( 'NONE',  ( -43.99999999999999289, -18.22539674441621216, 2.062500000000000000 ) ) ;
#127 = CARTESIAN_POINT ( 'NONE',  ( -31.11269837220809364, 31.11269837220809364, 5.000000002731186832 ) ) ;
#128 = EDGE_CURVE ( 'NONE', #567, #717, #279, .T. ) ;
#129 = VECTOR ( 'NONE', #1235, 1000.000000000000000 ) ;
#130 = ORIENTED_EDGE ( 'NONE', *, *, #1321, .T. ) ;
#131 = CARTESIAN_POINT ( 'NONE',  ( 30.72996560157072565, -30.72996560157071499, 3.812500001365593860 ) ) ;
#132 = CARTESIAN_POINT ( 'NONE',  ( -18.00119707814145187, -43.45873412499998523, 5.625000001365594748 ) ) ;
#133 = CARTESIAN_POINT ( 'NONE',  ( 7.983239946176564682E-15, -43.45873412499999233, 5.937500001365593860 ) ) ;
#134 = CARTESIAN_POINT ( 'NONE',  ( 31.11269837220809364, -31.11269837220808654, 5.375000000000000000 ) ) ;
#135 = CARTESIAN_POINT ( 'NONE',  ( 44.00000000000000000, 18.22539674441618374, 2.562500000000000000 ) ) ;
#136 = CARTESIAN_POINT ( 'NONE',  ( -18.00119707814144832, -43.45873412499998523, 1.625000001365594304 ) ) ;
#137 = ORIENTED_EDGE ( 'NONE', *, *, #1036, .T. ) ;
#138 = CARTESIAN_POINT ( 'NONE',  ( -45.00000000000000711, 0.000000000000000000, 0.000000000000000000 ) ) ;
#139 = CARTESIAN_POINT ( 'NONE',  ( 18.00119707814144121, 43.45873412499999233, 4.125000001365593860 ) ) ;
#140 = CARTESIAN_POINT ( 'NONE',  ( 18.22539674441620505, -43.99999999999999289, 3.312500000000000000 ) ) ;
#141 = CARTESIAN_POINT ( 'NONE',  ( 0.000000000000000000, 0.000000000000000000, 7.000000000000000000 ) ) ;
#142 = CYLINDRICAL_SURFACE ( 'NONE', #751, 44.00000000000000000 ) ;
#143 = ADVANCED_FACE ( 'NONE', ( #1426 ), #1331, .T. ) ;
#144 = DIRECTION ( 'NONE',  ( -0.000000000000000000, -0.000000000000000000, -1.000000000000000000 ) ) ;
#145 = CARTESIAN_POINT ( 'NONE',  ( -2.694222958124176809E-15, 44.00000000000000000, 2.875000002731186832 ) ) ;
#146 = EDGE_CURVE ( 'NONE', #1206, #1307, #1100, .T. ) ;
#147 = CARTESIAN_POINT ( 'NONE',  ( -31.11269837220809364, 31.11269837220809364, 2.875000000000000000 ) ) ;
#148 = FACE_OUTER_BOUND ( 'NONE', #1470, .T. ) ;
#149 = DIRECTION ( 'NONE',  ( -0.000000000000000000, -0.000000000000000000, -1.000000000000000000 ) ) ;
#150 = APPLICATION_PROTOCOL_DEFINITION ( 'draft international standard', 'automotive_design', 1998, #1009 ) ;
#151 = EDGE_LOOP ( 'NONE', ( #754, #810, #91, #1006 ) ) ;
#152 = AXIS2_PLACEMENT_3D ( 'NONE', #533, #1433, #1409 ) ;
#153 = CYLINDRICAL_SURFACE ( 'NONE', #469, 44.00000000000000000 ) ;
#154 = CARTESIAN_POINT ( 'NONE',  ( 30.72996560157072565, -30.72996560157071499, 1.812500001365594082 ) ) ;
#155 = DIRECTION ( 'NONE',  ( -1.000000000000000000, 0.000000000000000000, 0.000000000000000000 ) ) ;
#156 = CARTESIAN_POINT ( 'NONE',  ( 43.45873412499999944, -18.00119707814143410, 6.125000001365592972 ) ) ;
#157 = CARTESIAN_POINT ( 'NONE',  ( 42.00000000000000000, 0.000000000000000000, 2.000000000000000000 ) ) ;
#158 = DIRECTION ( 'NONE',  ( -0.000000000000000000, -0.000000000000000000, -1.000000000000000000 ) ) ;
#159 = ORIENTED_EDGE ( 'NONE', *, *, #1163, .T. ) ;
#160 = CARTESIAN_POINT ( 'NONE',  ( 18.00119707814146608, -43.45873412499998523, 1.750000001365594526 ) ) ;
#161 = CARTESIAN_POINT ( 'NONE',  ( -44.00000000000000000, 0.000000000000000000, 3.000000000000000000 ) ) ;
#162 =( BOUNDED_CURVE ( )  B_SPLINE_CURVE ( 2, ( #1355, #106, #689, #217, #325, #114, #818, #1269, #811, #897, #704, #99, #1141, #789, #1131, #1039, #340, #241, #462, #455, #681, #209, #1029, #1464, #570, #1239, #920, #1157, #225, #122, #1021, #579, #13, #1380, #440, #671, #561, #796, #348, #1007, #586, #1014, #131, #904, #1261, #1472, #471, #1363, #232, #332, #1244, #1480, #912, #1372, #803, #1254, #925, #1026, #119, #599, #476, #510, #3, #1138, #460, #825, #1377, #702, #709, #1079, #917, #851, #390, #1147, #1423, #468, #345, #136, #1274, #934, #18 ),
 .UNSPECIFIED., .F., .F. ) 
 B_SPLINE_CURVE_WITH_KNOTS ( ( 3, 2, 2, 2, 2, 2, 2, 2, 2, 2, 2, 2, 2, 2, 2, 2, 2, 2, 2, 2, 2, 2, 2, 2, 2, 2, 2, 2, 2, 2, 2, 2, 2, 2, 2, 2, 2, 2, 2, 2, 3 ),
 ( 0.000000000000000000, 0.02500000000000000139, 0.05000000000000000278, 0.07499999999999999722, 0.1000000000000000056, 0.1250000000000000000, 0.1499999999999999944, 0.1749999999999999889, 0.2000000000000000111, 0.2250000000000000056, 0.2500000000000000000, 0.2750000000000000222, 0.2999999999999999889, 0.3250000000000000111, 0.3499999999999999778, 0.3750000000000000000, 0.4000000000000000222, 0.4249999999999999889, 0.4500000000000000111, 0.4749999999999999778, 0.5000000000000000000, 0.5250000000000000222, 0.5500000000000000444, 0.5749999999999999556, 0.5999999999999999778, 0.6250000000000000000, 0.6500000000000000222, 0.6750000000000000444, 0.6999999999999999556, 0.7249999999999999778, 0.7500000000000000000, 0.7750000000000000222, 0.8000000000000000444, 0.8249999999999999556, 0.8499999999999999778, 0.8750000000000000000, 0.9000000000000000222, 0.9250000000000000444, 0.9499999999999999556, 0.9749999999999999778, 1.000000000000000000 ),
 .UNSPECIFIED. ) 
 CURVE ( )  GEOMETRIC_REPRESENTATION_ITEM ( )  RATIONAL_B_SPLINE_CURVE ( ( 1.000000000000000000, 0.9238795325112867385, 1.000000000000000000, 0.9238795325112867385, 1.000000000000000000, 0.9238795325112867385, 1.000000000000000000, 0.9238795325112867385, 1.000000000000000000, 0.9238795325112867385, 1.000000000000000000, 0.9238795325112867385, 1.000000000000000000, 0.9238795325112867385, 1.000000000000000000, 0.9238795325112867385, 1.000000000000000000, 0.9238795325112867385, 1.000000000000000000, 0.9238795325112867385, 1.000000000000000000, 0.9238795325112867385, 1.000000000000000000, 0.9238795325112867385, 1.000000000000000000, 0.9238795325112867385, 1.000000000000000000, 0.9238795325112867385, 1.000000000000000000, 0.9238795325112867385, 1.000000000000000000, 0.9238795325112867385, 1.000000000000000000, 0.9238795325112867385, 1.000000000000000000, 0.9238795325112867385, 1.000000000000000000, 0.9238795325112867385, 1.000000000000000000, 0.9238795325112867385, 1.000000000000000000, 0.9238795325112867385, 1.000000000000000000, 0.9238795325112867385, 1.000000000000000000, 0.9238795325112867385, 1.000000000000000000, 0.9238795325112867385, 1.000000000000000000, 0.9238795325112867385, 1.000000000000000000, 0.9238795325112867385, 1.000000000000000000, 0.9238795325112867385, 1.000000000000000000, 0.9238795325112867385, 1.000000000000000000, 0.9238795325112867385, 1.000000000000000000, 0.9238795325112867385, 1.000000000000000000, 0.9238795325112867385, 1.000000000000000000, 0.9238795325112867385, 1.000000000000000000, 0.9238795325112867385, 1.000000000000000000, 0.9238795325112867385, 1.000000000000000000, 0.9238795325112867385, 1.000000000000000000, 0.9238795325112867385, 1.000000000000000000, 0.9238795325112867385, 1.000000000000000000, 0.9238795325112867385, 1.000000000000000000, 0.9238795325112867385, 1.000000000000000000, 0.9238795325112867385, 1.000000000000000000 ) ) 
 REPRESENTATION_ITEM ( '' )  );
#163 = CARTESIAN_POINT ( 'NONE',  ( -44.00000000000000000, 0.000000000000000000, 7.000000000000000000 ) ) ;
#164 = CARTESIAN_POINT ( 'NONE',  ( 44.00000000000000000, 5.388445916248353619E-15, 2.625000002731186832 ) ) ;
#165 = DIRECTION ( 'NONE',  ( -0.000000000000000000, -0.000000000000000000, 1.000000000000000000 ) ) ;
#166 = DIRECTION ( 'NONE',  ( 1.000000000000000000, 0.000000000000000000, 0.000000000000000000 ) ) ;
#167 = CARTESIAN_POINT ( 'NONE',  ( -30.72996560157071855, 30.72996560157071855, 3.312500001365593860 ) ) ;
#168 = UNCERTAINTY_MEASURE_WITH_UNIT (LENGTH_MEASURE( 1.000000000000000082E-05 ), #1202, 'distance_accuracy_value', 'NONE');
#169 = ORIENTED_EDGE ( 'NONE', *, *, #522, .T. ) ;
#170 = DIRECTION ( 'NONE',  ( -1.000000000000000000, 0.000000000000000000, 0.000000000000000000 ) ) ;
#171 = CIRCLE ( 'NONE', #95, 44.00000000000000000 ) ;
#172 = CARTESIAN_POINT ( 'NONE',  ( 30.72996560157072565, -30.72996560157071499, 5.062500001365592972 ) ) ;
#173 = CARTESIAN_POINT ( 'NONE',  ( 31.11269837220808654, 31.11269837220809364, 1.750000002731186610 ) ) ;
#174 = CARTESIAN_POINT ( 'NONE',  ( -18.00119707814145187, 43.45873412499999233, 3.500000001365592528 ) ) ;
#175 = DIRECTION ( 'NONE',  ( -0.000000000000000000, -0.000000000000000000, -1.000000000000000000 ) ) ;
#176 = CARTESIAN_POINT ( 'NONE',  ( 43.45873412499999944, -18.00119707814143410, 5.125000001365592972 ) ) ;
#177 = ORIENTED_EDGE ( 'NONE', *, *, #1036, .F. ) ;
#178 = STYLED_ITEM ( 'NONE', ( #502 ), #505 ) ;
#179 = CARTESIAN_POINT ( 'NONE',  ( -44.00000000000000000, 18.22539674441618374, 3.062500002731187276 ) ) ;
#180 = CARTESIAN_POINT ( 'NONE',  ( 43.45873412499999233, 18.00119707814145187, 4.250000001365593860 ) ) ;
#181 = FILL_AREA_STYLE_COLOUR ( '', #248 ) ;
#182 = PLANE ( 'NONE',  #822 ) ;
#183 = CARTESIAN_POINT ( 'NONE',  ( 18.00119707814146608, -43.45873412499998523, 1.750000001365594526 ) ) ;
#184 = ORIENTED_EDGE ( 'NONE', *, *, #1458, .T. ) ;
#185 = CARTESIAN_POINT ( 'NONE',  ( -2.694222958124176809E-15, 44.00000000000000000, 1.875000002731186832 ) ) ;
#186 = DIRECTION ( 'NONE',  ( 1.000000000000000000, 0.000000000000000000, 0.000000000000000000 ) ) ;
#187 = CARTESIAN_POINT ( 'NONE',  ( 30.72996560157072565, -30.72996560157071499, 3.062500001365592972 ) ) ;
#188 = DIRECTION ( 'NONE',  ( 1.000000000000000000, 0.000000000000000000, 0.000000000000000000 ) ) ;
#189 = EDGE_CURVE ( 'NONE', #1216, #1165, #621, .T. ) ;
#190 = CARTESIAN_POINT ( 'NONE',  ( -44.00000000000000000, 0.000000000000000000, 7.000000000000000000 ) ) ;
#191 = CARTESIAN_POINT ( 'NONE',  ( -43.45873412499998523, -18.00119707814146963, 2.500000001365593860 ) ) ;
#192 = VERTEX_POINT ( 'NONE', #58 ) ;
#193 = EDGE_CURVE ( 'NONE', #50, #223, #1291, .T. ) ;
#194 = CARTESIAN_POINT ( 'NONE',  ( 31.11269837220809364, -31.11269837220808654, 2.500000002731186832 ) ) ;
#195 = FACE_OUTER_BOUND ( 'NONE', #1354, .T. ) ;
#196 = CARTESIAN_POINT ( 'NONE',  ( -2.661079982058854631E-15, 43.45873412499999233, 3.437500001365592972 ) ) ;
#197 = CARTESIAN_POINT ( 'NONE',  ( 43.45873412499999944, -18.00119707814143410, 2.875000001365593416 ) ) ;
#198 = ORIENTED_EDGE ( 'NONE', *, *, #1098, .F. ) ;
#199 = CARTESIAN_POINT ( 'NONE',  ( 18.00119707814144121, 43.45873412499999233, 6.125000001365592972 ) ) ;
#200 = CARTESIAN_POINT ( 'NONE',  ( 43.45873412499999233, 5.322159964117709262E-15, 2.187500001365592528 ) ) ;
#201 = AXIS2_PLACEMENT_3D ( 'NONE', #1171, #492, #249 ) ;
#202 = CARTESIAN_POINT ( 'NONE',  ( -43.45873412499999233, 18.00119707814144476, 4.625000001365592972 ) ) ;
#203 = EDGE_LOOP ( 'NONE', ( #1267, #695 ) ) ;
#204 = CARTESIAN_POINT ( 'NONE',  ( 44.00000000000001421, -18.22539674441618018, 3.437500000000000000 ) ) ;
#205 = CARTESIAN_POINT ( 'NONE',  ( 43.45873412499999233, 18.00119707814144832, 3.250000001365593416 ) ) ;
#206 = CARTESIAN_POINT ( 'NONE',  ( 43.45873412499999233, 5.322159964117709262E-15, 3.187500001365593416 ) ) ;
#207 = ORIENTED_EDGE ( 'NONE', *, *, #1297, .T. ) ;
#208 = EDGE_CURVE ( 'NONE', #247, #717, #171, .T. ) ;
#209 = CARTESIAN_POINT ( 'NONE',  ( 18.00119707814144121, 43.45873412499999233, 5.125000001365593860 ) ) ;
#210 = CARTESIAN_POINT ( 'NONE',  ( 18.22539674441620505, -43.99999999999999289, 5.312500000000001776 ) ) ;
#211 = CARTESIAN_POINT ( 'NONE',  ( 7.983239946176564682E-15, -43.45873412499999233, 2.937500001365593416 ) ) ;
#212 = CARTESIAN_POINT ( 'NONE',  ( 44.00000000000006395, 18.22539674441612334, 5.562500000000000000 ) ) ;
#213 = CARTESIAN_POINT ( 'NONE',  ( 43.45873412499999233, 5.322159964117709262E-15, 4.187500001365593860 ) ) ;
#214 =( BOUNDED_CURVE ( )  B_SPLINE_CURVE ( 2, ( #38, #55, #134, #1160, #1390, #1050, #391, #1402, #597 ),
 .UNSPECIFIED., .F., .T. ) 
 B_SPLINE_CURVE_WITH_KNOTS ( ( 3, 2, 2, 2, 3 ),
 ( 0.3000000000000000999, 0.3250000000000001221, 0.3500000000000000333, 0.3750000000000000000, 0.4000000000000000222 ),
 .UNSPECIFIED. ) 
 CURVE ( )  GEOMETRIC_REPRESENTATION_ITEM ( )  RATIONAL_B_SPLINE_CURVE ( ( 0.9999999999999996669, 0.9238795325112870716, 1.000000000000000000, 0.9238795325112867385, 1.000000000000000000, 0.9238795325112867385, 1.000000000000000000, 0.9238795325112867385, 1.000000000000000000 ) ) 
 REPRESENTATION_ITEM ( '' )  );
#215 = ORIENTED_EDGE ( 'NONE', *, *, #1434, .F. ) ;
#216 = CARTESIAN_POINT ( 'NONE',  ( -30.72996560157071855, 30.72996560157071855, 5.312500001365593860 ) ) ;
#217 = CARTESIAN_POINT ( 'NONE',  ( -18.00119707814144832, 43.45873412499999233, 6.250000001365593860 ) ) ;
#218 = CARTESIAN_POINT ( 'NONE',  ( -18.00119707814145187, -43.45873412499998523, 4.625000001365593860 ) ) ;
#219 = CARTESIAN_POINT ( 'NONE',  ( 44.00000000000000000, 5.388445916248353619E-15, 6.500000000000000888 ) ) ;
#220 = DIRECTION ( 'NONE',  ( 0.000000000000000000, 0.000000000000000000, 1.000000000000000000 ) ) ;
#221 =( GEOMETRIC_REPRESENTATION_CONTEXT ( 3 ) GLOBAL_UNCERTAINTY_ASSIGNED_CONTEXT ( ( #168 ) ) GLOBAL_UNIT_ASSIGNED_CONTEXT ( ( #1202, #864, #48 ) ) REPRESENTATION_CONTEXT ( 'NONE', 'WORKASPACE' ) );
#222 = CARTESIAN_POINT ( 'NONE',  ( -18.00119707814145187, -43.45873412499998523, 1.875000001365593416 ) ) ;
#223 = VERTEX_POINT ( 'NONE', #856 ) ;
#224 = CARTESIAN_POINT ( 'NONE',  ( -2.661079982058854631E-15, 43.45873412499999233, 5.187500001365593860 ) ) ;
#225 = CARTESIAN_POINT ( 'NONE',  ( 7.983239946176564682E-15, -43.45873412499999233, 4.687500001365593860 ) ) ;
#226 = CARTESIAN_POINT ( 'NONE',  ( 30.72996560157072565, -30.72996560157071499, 3.812500001365593860 ) ) ;
#227 = CARTESIAN_POINT ( 'NONE',  ( -18.22539674441618374, 44.00000000000000000, 3.812500000000000000 ) ) ;
#228 = CARTESIAN_POINT ( 'NONE',  ( -18.00119707814144832, 43.45873412499999233, 3.500000001365592528 ) ) ;
#229 = FACE_OUTER_BOUND ( 'NONE', #427, .T. ) ;
#230 = CARTESIAN_POINT ( 'NONE',  ( 44.00000000000000000, 18.22539674441618374, 5.687500002731186832 ) ) ;
#231 = CARTESIAN_POINT ( 'NONE',  ( 44.00000000000000000, 5.388445916248353619E-15, 3.500000000000000000 ) ) ;
#232 = CARTESIAN_POINT ( 'NONE',  ( -43.45873412499999233, 0.000000000000000000, 3.437500001365593860 ) ) ;
#233 = CARTESIAN_POINT ( 'NONE',  ( -30.72996560157071855, 30.72996560157071855, 4.312500001365593860 ) ) ;
#234 = CARTESIAN_POINT ( 'NONE',  ( 44.00000000000000000, 18.22539674441618374, 3.562500000000000444 ) ) ;
#235 = EDGE_CURVE ( 'NONE', #4, #1103, #438, .T. ) ;
#236 = CARTESIAN_POINT ( 'NONE',  ( -43.45873412499998523, -18.00119707814146963, 2.750000001365593416 ) ) ;
#237 = CARTESIAN_POINT ( 'NONE',  ( 44.00000000000000000, 5.388445916248353619E-15, 2.499999999999999556 ) ) ;
#238 = CARTESIAN_POINT ( 'NONE',  ( 18.22539674441620505, -43.99999999999999289, 5.437500002731186832 ) ) ;
#239 = AXIS2_PLACEMENT_3D ( 'NONE', #1161, #110, #17 ) ;
#240 = VERTEX_POINT ( 'NONE', #294 ) ;
#241 = CARTESIAN_POINT ( 'NONE',  ( -43.45873412499999233, 18.00119707814144121, 5.375000001365593860 ) ) ;
#242 = CARTESIAN_POINT ( 'NONE',  ( -30.72996560157071855, 30.72996560157071855, 6.312500001365593860 ) ) ;
#243 = CARTESIAN_POINT ( 'NONE',  ( -43.45873412499999233, 18.00119707814144121, 5.625000001365592972 ) ) ;
#244 = DIRECTION ( 'NONE',  ( 0.000000000000000000, 0.000000000000000000, 1.000000000000000000 ) ) ;
#245 = CARTESIAN_POINT ( 'NONE',  ( -44.00000000000000000, 0.000000000000000000, 2.000000000000000000 ) ) ;
#246 = FACE_OUTER_BOUND ( 'NONE', #982, .T. ) ;
#247 = VERTEX_POINT ( 'NONE', #1314 ) ;
#248 = COLOUR_RGB ( '',0.7921568627450980005, 0.8196078431372548767, 0.9333333333333333481 ) ;
#249 = DIRECTION ( 'NONE',  ( 1.000000000000000000, 0.000000000000000000, 0.000000000000000000 ) ) ;
#250 = CARTESIAN_POINT ( 'NONE',  ( -43.45873412499999233, 0.000000000000000000, 3.437500001365593860 ) ) ;
#251 = CARTESIAN_POINT ( 'NONE',  ( 18.00119707814144121, 43.45873412499999233, 5.375000001365592972 ) ) ;
#252 = EDGE_CURVE ( 'NONE', #1348, #886, #1213, .T. ) ;
#253 = CARTESIAN_POINT ( 'NONE',  ( 0.000000000000000000, 0.000000000000000000, 7.000000000000000000 ) ) ;
#254 = CARTESIAN_POINT ( 'NONE',  ( 18.22539674441618374, 44.00000000000000000, 2.687500000000000000 ) ) ;
#255 = ADVANCED_FACE ( 'NONE', ( #752 ), #79, .T. ) ;
#256 = EDGE_CURVE ( 'NONE', #802, #1103, #1219, .T. ) ;
#257 = ORIENTED_EDGE ( 'NONE', *, *, #364, .F. ) ;
#258 = DIRECTION ( 'NONE',  ( 0.000000000000000000, 0.000000000000000000, 1.000000000000000000 ) ) ;
#259 = CARTESIAN_POINT ( 'NONE',  ( 43.99999999999995737, 18.22539674441623347, 6.562500000000000000 ) ) ;
#260 = LINE ( 'NONE', #1057, #1230 ) ;
#261 = DIRECTION ( 'NONE',  ( -0.000000000000000000, -0.000000000000000000, -1.000000000000000000 ) ) ;
#262 = CARTESIAN_POINT ( 'NONE',  ( -44.00000000000000000, 0.000000000000000000, 2.125000002731186832 ) ) ;
#263 = ORIENTED_EDGE ( 'NONE', *, *, #885, .F. ) ;
#264 = CARTESIAN_POINT ( 'NONE',  ( -44.00000000000000000, 0.000000000000000000, 5.000000000000000000 ) ) ;
#265 = CARTESIAN_POINT ( 'NONE',  ( 30.72996560157071499, 30.72996560157071855, 2.062500001365593416 ) ) ;
#266 = CARTESIAN_POINT ( 'NONE',  ( 8.082668874372530822E-15, -44.00000000000000000, 2.250000000000000444 ) ) ;
#267 = LINE ( 'NONE', #1181, #662 ) ;
#268 = CARTESIAN_POINT ( 'NONE',  ( 43.45873412499999233, 18.00119707814145187, 6.250000001365592972 ) ) ;
#269 = DIRECTION ( 'NONE',  ( -0.000000000000000000, -0.000000000000000000, 1.000000000000000000 ) ) ;
#270 = DIRECTION ( 'NONE',  ( -0.000000000000000000, -0.000000000000000000, -1.000000000000000000 ) ) ;
#271 = AXIS2_PLACEMENT_3D ( 'NONE', #1077, #367, #389 ) ;
#272 = DIRECTION ( 'NONE',  ( -0.000000000000000000, -0.000000000000000000, -1.000000000000000000 ) ) ;
#273 = CARTESIAN_POINT ( 'NONE',  ( -18.00119707814145187, -43.45873412499998523, 2.625000001365593860 ) ) ;
#274 = CARTESIAN_POINT ( 'NONE',  ( -30.72996560157071855, 30.72996560157071855, 6.562500001365592972 ) ) ;
#275 = CARTESIAN_POINT ( 'NONE',  ( 7.983239946176564682E-15, -43.45873412499999233, 3.687500001365593860 ) ) ;
#276 = CARTESIAN_POINT ( 'NONE',  ( 8.082668874372530822E-15, -44.00000000000000000, 5.375000002731186832 ) ) ;
#277 = CARTESIAN_POINT ( 'NONE',  ( -44.00000000000000000, 0.000000000000000000, 2.000000000000000000 ) ) ;
#278 = CARTESIAN_POINT ( 'NONE',  ( 44.00000000000001421, -18.22539674441617663, 3.562500002731186832 ) ) ;
#279 = LINE ( 'NONE', #758, #911 ) ;
#280 = CARTESIAN_POINT ( 'NONE',  ( -30.72996560157071855, 30.72996560157071855, 5.562500001365592972 ) ) ;
#281 = ORIENTED_EDGE ( 'NONE', *, *, #1054, .F. ) ;
#282 = CARTESIAN_POINT ( 'NONE',  ( -18.00119707814145187, 43.45873412499999233, 2.250000001365593416 ) ) ;
#283 = CARTESIAN_POINT ( 'NONE',  ( -30.72996560157071855, 30.72996560157071855, 4.562500001365592972 ) ) ;
#284 = CARTESIAN_POINT ( 'NONE',  ( 44.00000000000000000, 18.22539674441618374, 4.687500002731187720 ) ) ;
#285 = CARTESIAN_POINT ( 'NONE',  ( -43.72936706249999617, 0.000000000000000000, 1.843750000682796708 ) ) ;
#286 = CARTESIAN_POINT ( 'NONE',  ( -31.11269837220808299, -31.11269837220809364, 4.250000002731186832 ) ) ;
#287 = ADVANCED_FACE ( 'NONE', ( #636 ), #182, .T. ) ;
#288 = CARTESIAN_POINT ( 'NONE',  ( -43.99999999999999289, -18.22539674441621216, 3.062500000000000000 ) ) ;
#289 = CARTESIAN_POINT ( 'NONE',  ( -2.661079982058854631E-15, 43.45873412499999233, 5.437500001365592972 ) ) ;
#290 = VERTEX_POINT ( 'NONE', #980 ) ;
#291 = CARTESIAN_POINT ( 'NONE',  ( -31.11269837220808299, -31.11269837220809364, 3.250000002731187276 ) ) ;
#292 = CARTESIAN_POINT ( 'NONE',  ( 44.00000000000001421, -18.22539674441617663, 1.562500002731187498 ) ) ;
#293 = CARTESIAN_POINT ( 'NONE',  ( 18.00119707814146608, -43.45873412499998523, 3.000000001365592972 ) ) ;
#294 = CARTESIAN_POINT ( 'NONE',  ( -44.00000000000000000, 0.000000000000000000, 5.125000002731186832 ) ) ;
#295 = CARTESIAN_POINT ( 'NONE',  ( -30.72996560157071144, -30.72996560157072565, 4.812500001365592972 ) ) ;
#296 = ORIENTED_EDGE ( 'NONE', *, *, #368, .T. ) ;
#297 = AXIS2_PLACEMENT_3D ( 'NONE', #968, #1413, #170 ) ;
#298 = CARTESIAN_POINT ( 'NONE',  ( -31.11269837220809364, 31.11269837220809364, 2.000000002731186832 ) ) ;
#299 = CARTESIAN_POINT ( 'NONE',  ( -18.00119707814145187, 43.45873412499999233, 4.500000001365592972 ) ) ;
#300 = FILL_AREA_STYLE ('',( #181 ) ) ;
#301 = PRODUCT_CONTEXT ( 'NONE', #1467, 'mechanical' ) ;
#302 = DIRECTION ( 'NONE',  ( -0.000000000000000000, -0.000000000000000000, -1.000000000000000000 ) ) ;
#303 = CARTESIAN_POINT ( 'NONE',  ( -30.72996560157071144, -30.72996560157072565, 2.562500001365593860 ) ) ;
#304 = EDGE_CURVE ( 'NONE', #1216, #1238, #407, .T. ) ;
#305 = CARTESIAN_POINT ( 'NONE',  ( -44.00000000000000000, 0.000000000000000000, 3.000000000000000000 ) ) ;
#306 = CARTESIAN_POINT ( 'NONE',  ( 44.00000000000000000, 5.388445916248353619E-15, 2.625000002731186832 ) ) ;
#307 = CARTESIAN_POINT ( 'NONE',  ( 44.00000000000000000, 18.22539674441618374, 3.687500002731186832 ) ) ;
#308 = CARTESIAN_POINT ( 'NONE',  ( -43.45873412499999233, 0.000000000000000000, 5.687500001365592972 ) ) ;
#309 = CARTESIAN_POINT ( 'NONE',  ( 0.000000000000000000, 0.000000000000000000, 7.000000000000000000 ) ) ;
#310 = CARTESIAN_POINT ( 'NONE',  ( 8.082668874372530822E-15, -44.00000000000000000, 4.250000000000000000 ) ) ;
#311 = CARTESIAN_POINT ( 'NONE',  ( -43.45873412499999233, 0.000000000000000000, 3.437500001365593860 ) ) ;
#312 = VERTEX_POINT ( 'NONE', #475 ) ;
#313 = VECTOR ( 'NONE', #876, 1000.000000000000000 ) ;
#314 = CARTESIAN_POINT ( 'NONE',  ( -2.661079982058854631E-15, 43.45873412499999233, 4.437500001365592972 ) ) ;
#315 = AXIS2_PLACEMENT_3D ( 'NONE', #958, #1419, #402 ) ;
#316 =( BOUNDED_CURVE ( )  B_SPLINE_CURVE ( 2, ( #1406, #1421, #834, #388, #630, #1283, #381, #259, #1172 ),
 .UNSPECIFIED., .F., .F. ) 
 B_SPLINE_CURVE_WITH_KNOTS ( ( 3, 2, 2, 2, 3 ),
 ( 0.000000000000000000, 0.02499999999999998057, 0.04999999999999996114, 0.07499999999999992784, 0.09999999999999992228 ),
 .UNSPECIFIED. ) 
 CURVE ( )  GEOMETRIC_REPRESENTATION_ITEM ( )  RATIONAL_B_SPLINE_CURVE ( ( 1.000000000000000000, 0.9238795325112867385, 1.000000000000000000, 0.9238795325112867385, 1.000000000000000000, 0.9238795325112867385, 1.000000000000000000, 0.9238795325112869605, 0.9999999999999997780 ) ) 
 REPRESENTATION_ITEM ( '' )  );
#317 = CARTESIAN_POINT ( 'NONE',  ( -2.661079982058854631E-15, 43.45873412499999233, 4.437500001365592972 ) ) ;
#318 = VERTEX_POINT ( 'NONE', #118 ) ;
#319 = CARTESIAN_POINT ( 'NONE',  ( 43.45873412499999233, 18.00119707814145187, 3.250000001365592972 ) ) ;
#320 = CIRCLE ( 'NONE', #1156, 45.00000000000000711 ) ;
#321 = LINE ( 'NONE', #16, #129 ) ;
#322 =( GEOMETRIC_REPRESENTATION_CONTEXT ( 3 ) GLOBAL_UNCERTAINTY_ASSIGNED_CONTEXT ( ( #1205 ) ) GLOBAL_UNIT_ASSIGNED_CONTEXT ( ( #1109, #992, #424 ) ) REPRESENTATION_CONTEXT ( 'NONE', 'WORKASPACE' ) );
#323 = CARTESIAN_POINT ( 'NONE',  ( -43.45873412499999233, 0.000000000000000000, 2.687500001365592972 ) ) ;
#324 = EDGE_LOOP ( 'NONE', ( #951, #1185, #585, #644 ) ) ;
#325 = CARTESIAN_POINT ( 'NONE',  ( -2.661079982058854631E-15, 43.45873412499999233, 6.187500001365593860 ) ) ;
#326 = CARTESIAN_POINT ( 'NONE',  ( 18.22539674441620505, -43.99999999999999289, 6.312500000000000888 ) ) ;
#327 = CARTESIAN_POINT ( 'NONE',  ( 31.11269837220808654, 31.11269837220809364, 4.750000002731187720 ) ) ;
#328 = CARTESIAN_POINT ( 'NONE',  ( 7.983239946176564682E-15, -43.45873412499999233, 1.937500001365593416 ) ) ;
#329 = ORIENTED_EDGE ( 'NONE', *, *, #398, .F. ) ;
#330 =( BOUNDED_CURVE ( )  B_SPLINE_CURVE ( 2, ( #467, #575, #344, #932, #916, #1248, #1391, #212, #1025 ),
 .UNSPECIFIED., .F., .T. ) 
 B_SPLINE_CURVE_WITH_KNOTS ( ( 3, 2, 2, 2, 3 ),
 ( 0.2000000000000000111, 0.2250000000000000333, 0.2500000000000000555, 0.2750000000000001332, 0.3000000000000000999 ),
 .UNSPECIFIED. ) 
 CURVE ( )  GEOMETRIC_REPRESENTATION_ITEM ( )  RATIONAL_B_SPLINE_CURVE ( ( 1.000000000000000000, 0.9238795325112867385, 1.000000000000000000, 0.9238795325112867385, 1.000000000000000000, 0.9238795325112867385, 1.000000000000000000, 0.9238795325112864054, 1.000000000000000444 ) ) 
 REPRESENTATION_ITEM ( '' )  );
#331 = CARTESIAN_POINT ( 'NONE',  ( 18.00119707814146608, -43.45873412499998523, 4.750000001365593860 ) ) ;
#332 = CARTESIAN_POINT ( 'NONE',  ( -43.45873412499999233, 18.00119707814144121, 3.375000001365593860 ) ) ;
#333 = CARTESIAN_POINT ( 'NONE',  ( -30.72996560157071855, 30.72996560157071855, 3.312500001365593860 ) ) ;
#334 = CARTESIAN_POINT ( 'NONE',  ( -18.22539674441619084, -43.99999999999999289, 6.187500000000000888 ) ) ;
#335 = CARTESIAN_POINT ( 'NONE',  ( 18.00119707814146608, -43.45873412499998523, 2.000000001365593416 ) ) ;
#336 = PRODUCT_DEFINITION ( 'UNKNOWN', '', #1250, #743 ) ;
#337 = CARTESIAN_POINT ( 'NONE',  ( -2.661079982058854631E-15, 43.45873412499999233, 3.437500001365592972 ) ) ;
#338 = ORIENTED_EDGE ( 'NONE', *, *, #1210, .F. ) ;
#339 = CARTESIAN_POINT ( 'NONE',  ( 43.45873412499999233, 18.00119707814145187, 5.000000001365594748 ) ) ;
#340 = CARTESIAN_POINT ( 'NONE',  ( -43.45873412499999233, 0.000000000000000000, 5.437500001365593860 ) ) ;
#341 = CARTESIAN_POINT ( 'NONE',  ( 43.45873412499999233, 5.322159964117709262E-15, 4.937500001365594748 ) ) ;
#342 = CARTESIAN_POINT ( 'NONE',  ( -31.11269837220808299, -31.11269837220809364, 5.125000000000000000 ) ) ;
#343 = CARTESIAN_POINT ( 'NONE',  ( -43.45873412499999233, 18.00119707814144121, 2.625000001365592972 ) ) ;
#344 = CARTESIAN_POINT ( 'NONE',  ( -31.11269837220809364, 31.11269837220809364, 5.875000000000000000 ) ) ;
#345 = CARTESIAN_POINT ( 'NONE',  ( 7.983239946176564682E-15, -43.45873412499999233, 1.687500001365594082 ) ) ;
#346 = ORIENTED_EDGE ( 'NONE', *, *, #37, .T. ) ;
#347 = ADVANCED_FACE ( 'NONE', ( #1033 ), #450, .T. ) ;
#348 = CARTESIAN_POINT ( 'NONE',  ( 30.72996560157071499, 30.72996560157071855, 4.062500001365593860 ) ) ;
#349 = CARTESIAN_POINT ( 'NONE',  ( -43.99999999999999289, -18.22539674441620861, 1.187500002731187276 ) ) ;
#350 = CARTESIAN_POINT ( 'NONE',  ( -2.694222958124176809E-15, 44.00000000000000000, 3.750000000000000000 ) ) ;
#351 =( BOUNDED_CURVE ( )  B_SPLINE_CURVE ( 2, ( #237, #675, #701, #541, #1225, #1258, #1273, #126, #245 ),
 .UNSPECIFIED., .F., .F. ) 
 B_SPLINE_CURVE_WITH_KNOTS ( ( 3, 2, 2, 2, 3 ),
 ( 0.9000000000000000222, 0.9250000000000000444, 0.9499999999999999556, 0.9749999999999999778, 1.000000000000000000 ),
 .UNSPECIFIED. ) 
 CURVE ( )  GEOMETRIC_REPRESENTATION_ITEM ( )  RATIONAL_B_SPLINE_CURVE ( ( 1.000000000000000000, 0.9238795325112867385, 1.000000000000000000, 0.9238795325112867385, 1.000000000000000000, 0.9238795325112867385, 1.000000000000000000, 0.9238795325112867385, 1.000000000000000000 ) ) 
 REPRESENTATION_ITEM ( '' )  );
#352 = CARTESIAN_POINT ( 'NONE',  ( -44.00000000000000000, 0.000000000000000000, 7.000000000000000000 ) ) ;
#353 = CARTESIAN_POINT ( 'NONE',  ( 31.11269837220809364, -31.11269837220808654, 6.375000000000000888 ) ) ;
#354 = CARTESIAN_POINT ( 'NONE',  ( -2.694222958124176809E-15, 44.00000000000000000, 5.875000002731186832 ) ) ;
#355 = VERTEX_POINT ( 'NONE', #459 ) ;
#356 = CARTESIAN_POINT ( 'NONE',  ( 44.00000000000000000, 5.388445916248353619E-15, 4.500000000000000888 ) ) ;
#357 = CARTESIAN_POINT ( 'NONE',  ( 43.45873412499999944, -18.00119707814143410, 4.875000001365593860 ) ) ;
#358 = CARTESIAN_POINT ( 'NONE',  ( -43.45873412499998523, -18.00119707814146963, 5.750000001365592084 ) ) ;
#359 = CARTESIAN_POINT ( 'NONE',  ( 8.082668874372530822E-15, -44.00000000000000000, 2.375000002731187276 ) ) ;
#360 = CARTESIAN_POINT ( 'NONE',  ( -44.00000000000000000, 0.000000000000000000, 6.000000000000000000 ) ) ;
#361 = CARTESIAN_POINT ( 'NONE',  ( 44.00000000000001421, -18.22539674441618018, 5.562500002731185944 ) ) ;
#362 = AXIS2_PLACEMENT_3D ( 'NONE', #1340, #1127, #102 ) ;
#363 = ORIENTED_EDGE ( 'NONE', *, *, #1410, .F. ) ;
#364 = EDGE_CURVE ( 'NONE', #1307, #104, #1358, .T. ) ;
#365 = CARTESIAN_POINT ( 'NONE',  ( -2.694222958124176809E-15, 44.00000000000000000, 3.750000000000000000 ) ) ;
#366 = CARTESIAN_POINT ( 'NONE',  ( -18.00119707814145187, 43.45873412499999233, 4.250000001365593860 ) ) ;
#367 = DIRECTION ( 'NONE',  ( -0.000000000000000000, -0.000000000000000000, 1.000000000000000000 ) ) ;
#368 = EDGE_CURVE ( 'NONE', #1165, #1260, #330, .T. ) ;
#369 = CARTESIAN_POINT ( 'NONE',  ( -44.00000000000000000, 0.000000000000000000, 4.125000002731186832 ) ) ;
#370 = CARTESIAN_POINT ( 'NONE',  ( -44.00000000000000000, 0.000000000000000000, 4.125000002731186832 ) ) ;
#371 = CIRCLE ( 'NONE', #1211, 44.00000000000000000 ) ;
#372 = CARTESIAN_POINT ( 'NONE',  ( -42.00000000000000000, 5.143516556418883322E-15, 7.000000000000000000 ) ) ;
#373 = LINE ( 'NONE', #478, #1303 ) ;
#374 = CARTESIAN_POINT ( 'NONE',  ( -43.45873412499999233, 0.000000000000000000, 1.437500001365593860 ) ) ;
#375 = CARTESIAN_POINT ( 'NONE',  ( -30.72996560157071144, -30.72996560157072565, 5.812500001365592972 ) ) ;
#376 =( BOUNDED_CURVE ( )  B_SPLINE_CURVE ( 2, ( #264, #724, #848, #1295, #5, #1387, #928, #447, #356 ),
 .UNSPECIFIED., .F., .F. ) 
 B_SPLINE_CURVE_WITH_KNOTS ( ( 3, 2, 2, 2, 3 ),
 ( 0.4000000000000000222, 0.4249999999999999889, 0.4499999999999999556, 0.4749999999999999223, 0.4999999999999999445 ),
 .UNSPECIFIED. ) 
 CURVE ( )  GEOMETRIC_REPRESENTATION_ITEM ( )  RATIONAL_B_SPLINE_CURVE ( ( 1.000000000000000000, 0.9238795325112867385, 1.000000000000000000, 0.9238795325112867385, 1.000000000000000000, 0.9238795325112867385, 1.000000000000000000, 0.9238795325112869605, 0.9999999999999997780 ) ) 
 REPRESENTATION_ITEM ( '' )  );
#377 = FACE_OUTER_BOUND ( 'NONE', #527, .T. ) ;
#378 = CARTESIAN_POINT ( 'NONE',  ( -43.45873412499999233, 0.000000000000000000, 6.687500001365592972 ) ) ;
#379 = ORIENTED_EDGE ( 'NONE', *, *, #1212, .T. ) ;
#380 = DIRECTION ( 'NONE',  ( 1.000000000000000000, 0.000000000000000000, 0.000000000000000000 ) ) ;
#381 = CARTESIAN_POINT ( 'NONE',  ( 31.11269837220808654, 31.11269837220809364, 6.625000000000000000 ) ) ;
#382 = CARTESIAN_POINT ( 'NONE',  ( -43.99999999999999289, -18.22539674441620861, 3.062500000000000000 ) ) ;
#383 = CARTESIAN_POINT ( 'NONE',  ( 44.00000000000000000, 5.388445916248353619E-15, 7.000000000000000000 ) ) ;
#384 = CARTESIAN_POINT ( 'NONE',  ( -2.661079982058854631E-15, 43.45873412499999233, 6.437500001365592972 ) ) ;
#385 = CARTESIAN_POINT ( 'NONE',  ( 43.99999999999994316, -18.22539674441623703, 3.437499999999999556 ) ) ;
#386 = VECTOR ( 'NONE', #158, 1000.000000000000000 ) ;
#387 = CARTESIAN_POINT ( 'NONE',  ( 44.00000000000006395, 18.22539674441612334, 3.562500000000000444 ) ) ;
#388 = CARTESIAN_POINT ( 'NONE',  ( -18.22539674441618374, 44.00000000000000000, 6.812500000000000000 ) ) ;
#389 = DIRECTION ( 'NONE',  ( 1.000000000000000000, 0.000000000000000000, 0.000000000000000000 ) ) ;
#390 = CARTESIAN_POINT ( 'NONE',  ( 43.45873412499999233, 5.322159964117709262E-15, 1.937500001365593416 ) ) ;
#391 = CARTESIAN_POINT ( 'NONE',  ( -31.11269837220808299, -31.11269837220809364, 5.125000000000000000 ) ) ;
#392 = FACE_OUTER_BOUND ( 'NONE', #622, .T. ) ;
#393 =( LENGTH_UNIT ( ) NAMED_UNIT ( * ) SI_UNIT ( .MILLI., .METRE. ) );
#394 = CARTESIAN_POINT ( 'NONE',  ( -44.00000000000000000, 0.000000000000000000, 6.125000002731186832 ) ) ;
#395 = VECTOR ( 'NONE', #1071, 1000.000000000000000 ) ;
#396 = EDGE_LOOP ( 'NONE', ( #896, #41, #665, #263 ) ) ;
#397 = CARTESIAN_POINT ( 'NONE',  ( 30.72996560157072565, -30.72996560157071499, 2.812500001365593860 ) ) ;
#398 = EDGE_CURVE ( 'NONE', #461, #1165, #489, .T. ) ;
#399 = CARTESIAN_POINT ( 'NONE',  ( 18.00119707814146608, -43.45873412499998523, 5.000000001365593860 ) ) ;
#400 = CARTESIAN_POINT ( 'NONE',  ( -18.22539674441618374, 44.00000000000000000, 4.937500002731185944 ) ) ;
#401 = CARTESIAN_POINT ( 'NONE',  ( -18.22539674441619439, -43.99999999999999289, 3.312500002731186832 ) ) ;
#402 = DIRECTION ( 'NONE',  ( 1.000000000000000000, 0.000000000000000000, 0.000000000000000000 ) ) ;
#403 = CARTESIAN_POINT ( 'NONE',  ( 43.45873412499999944, -18.00119707814143410, 1.875000001365594526 ) ) ;
#404 = ORIENTED_EDGE ( 'NONE', *, *, #792, .T. ) ;
#405 = CARTESIAN_POINT ( 'NONE',  ( -31.11269837220808299, -31.11269837220809364, 4.250000002731186832 ) ) ;
#406 = CARTESIAN_POINT ( 'NONE',  ( 30.72996560157072565, -30.72996560157071499, 5.062500001365592972 ) ) ;
#407 = LINE ( 'NONE', #871, #699 ) ;
#408 = CARTESIAN_POINT ( 'NONE',  ( -18.00119707814145187, 43.45873412499999233, 3.250000001365593416 ) ) ;
#409 = EDGE_CURVE ( 'NONE', #290, #717, #351, .T. ) ;
#410 = ORIENTED_EDGE ( 'NONE', *, *, #86, .F. ) ;
#411 = CARTESIAN_POINT ( 'NONE',  ( -43.99999999999999289, -18.22539674441620861, 2.187500002731187276 ) ) ;
#412 = LINE ( 'NONE', #1326, #592 ) ;
#413 = CARTESIAN_POINT ( 'NONE',  ( 30.72996560157072565, -30.72996560157071499, 4.062500001365593860 ) ) ;
#414 = EDGE_CURVE ( 'NONE', #247, #717, #1149, .T. ) ;
#415 = ADVANCED_FACE ( 'NONE', ( #229 ), #1450, .T. ) ;
#416 = DIRECTION ( 'NONE',  ( -0.000000000000000000, -0.000000000000000000, -1.000000000000000000 ) ) ;
#417 = CARTESIAN_POINT ( 'NONE',  ( 43.45873412499999233, 18.00119707814145187, 3.000000001365593860 ) ) ;
#418 = EDGE_LOOP ( 'NONE', ( #554, #1251 ) ) ;
#419 = PRESENTATION_LAYER_ASSIGNMENT (  '', '', ( #178 ) ) ;
#420 = CARTESIAN_POINT ( 'NONE',  ( 18.00119707814146608, -43.45873412499998523, 5.750000001365594748 ) ) ;
#421 = CARTESIAN_POINT ( 'NONE',  ( 44.00000000000000000, 5.388445916248353619E-15, 4.625000002731187720 ) ) ;
#422 = DIRECTION ( 'NONE',  ( 0.000000000000000000, 0.000000000000000000, 1.000000000000000000 ) ) ;
#423 = CARTESIAN_POINT ( 'NONE',  ( -43.45873412499999233, 18.00119707814144476, 4.625000001365592972 ) ) ;
#424 =( NAMED_UNIT ( * ) SI_UNIT ( $, .STERADIAN. ) SOLID_ANGLE_UNIT ( ) );
#425 = CARTESIAN_POINT ( 'NONE',  ( 0.000000000000000000, 0.000000000000000000, 7.000000000000000000 ) ) ;
#426 = CARTESIAN_POINT ( 'NONE',  ( 30.72996560157072565, -30.72996560157071499, 6.062500001365593860 ) ) ;
#427 = EDGE_LOOP ( 'NONE', ( #657, #638, #470, #1243 ) ) ;
#428 = CARTESIAN_POINT ( 'NONE',  ( -2.661079982058854631E-15, 43.45873412499999233, 6.187500001365593860 ) ) ;
#429 = CARTESIAN_POINT ( 'NONE',  ( -44.00000000000000000, 0.000000000000000000, 2.125000002731186832 ) ) ;
#430 = CARTESIAN_POINT ( 'NONE',  ( 18.22539674441620861, -43.99999999999999289, 1.437500002731187498 ) ) ;
#431 = CARTESIAN_POINT ( 'NONE',  ( 18.00119707814144121, 43.45873412499999233, 2.375000001365592972 ) ) ;
#432 = CARTESIAN_POINT ( 'NONE',  ( -43.45873412499999233, 0.000000000000000000, 5.687500001365592972 ) ) ;
#433 = ORIENTED_EDGE ( 'NONE', *, *, #976, .F. ) ;
#434 = VECTOR ( 'NONE', #270, 1000.000000000000000 ) ;
#435 = CARTESIAN_POINT ( 'NONE',  ( -43.45873412499998523, -18.00119707814146963, 4.750000001365592972 ) ) ;
#436 = CARTESIAN_POINT ( 'NONE',  ( 18.00119707814146608, -43.45873412499998523, 4.000000001365593860 ) ) ;
#437 = ORIENTED_EDGE ( 'NONE', *, *, #189, .F. ) ;
#438 =( BOUNDED_CURVE ( )  B_SPLINE_CURVE ( 2, ( #73, #385, #514, #973, #1435, #1184, #766, #288, #1304 ),
 .UNSPECIFIED., .F., .T. ) 
 B_SPLINE_CURVE_WITH_KNOTS ( ( 3, 2, 2, 2, 3 ),
 ( 0.7000000000000000666, 0.7250000000000000888, 0.7500000000000000000, 0.7750000000000000222, 0.8000000000000000444 ),
 .UNSPECIFIED. ) 
 CURVE ( )  GEOMETRIC_REPRESENTATION_ITEM ( )  RATIONAL_B_SPLINE_CURVE ( ( 0.9999999999999996669, 0.9238795325112870716, 1.000000000000000000, 0.9238795325112867385, 1.000000000000000000, 0.9238795325112867385, 1.000000000000000000, 0.9238795325112867385, 1.000000000000000000 ) ) 
 REPRESENTATION_ITEM ( '' )  );
#439 = ADVANCED_FACE ( 'NONE', ( #883 ), #1017, .T. ) ;
#440 = CARTESIAN_POINT ( 'NONE',  ( -30.72996560157071855, 30.72996560157071855, 4.312500001365593860 ) ) ;
#441 = CARTESIAN_POINT ( 'NONE',  ( 31.11269837220808654, 31.11269837220809364, 5.625000000000000000 ) ) ;
#442 = CARTESIAN_POINT ( 'NONE',  ( -31.11269837220809364, 31.11269837220809364, 5.000000002731186832 ) ) ;
#443 = AXIS2_PLACEMENT_3D ( 'NONE', #1276, #258, #380 ) ;
#444 = CARTESIAN_POINT ( 'NONE',  ( 43.45873412499999944, -18.00119707814143410, 2.125000001365593416 ) ) ;
#445 = ORIENTED_EDGE ( 'NONE', *, *, #1458, .F. ) ;
#446 = CARTESIAN_POINT ( 'NONE',  ( 43.45873412499999944, -18.00119707814143410, 4.875000001365593860 ) ) ;
#447 = CARTESIAN_POINT ( 'NONE',  ( 43.99999999999997158, 18.22539674441621571, 4.562500000000001776 ) ) ;
#448 = CARTESIAN_POINT ( 'NONE',  ( -44.00000000000000000, 0.000000000000000000, 6.000000000000000000 ) ) ;
#449 = CARTESIAN_POINT ( 'NONE',  ( 30.72996560157072565, -30.72996560157071499, 3.062500001365592972 ) ) ;
#450 = CYLINDRICAL_SURFACE ( 'NONE', #504, 44.00000000000000000 ) ;
#451 = CARTESIAN_POINT ( 'NONE',  ( 30.72996560157072565, -30.72996560157071499, 3.062500001365592972 ) ) ;
#452 = ADVANCED_FACE ( 'NONE', ( #1476 ), #907, .F. ) ;
#453 = ORIENTED_EDGE ( 'NONE', *, *, #611, .F. ) ;
#454 = CARTESIAN_POINT ( 'NONE',  ( -18.00119707814145187, -43.45873412499998523, 4.625000001365593860 ) ) ;
#455 = CARTESIAN_POINT ( 'NONE',  ( -18.00119707814144832, 43.45873412499999233, 5.250000001365593860 ) ) ;
#456 = CARTESIAN_POINT ( 'NONE',  ( 43.45873412499999233, 5.322159964117709262E-15, 5.937500001365593860 ) ) ;
#457 = CARTESIAN_POINT ( 'NONE',  ( -44.00000000000000000, 0.000000000000000000, 5.000000000000000000 ) ) ;
#458 = CARTESIAN_POINT ( 'NONE',  ( 30.72996560157071499, 30.72996560157071855, 4.312500001365593860 ) ) ;
#459 = CARTESIAN_POINT ( 'NONE',  ( -45.00000000000000711, 0.000000000000000000, 2.000000000000000000 ) ) ;
#460 = CARTESIAN_POINT ( 'NONE',  ( -43.45873412499999233, 0.000000000000000000, 2.437500001365593860 ) ) ;
#461 = VERTEX_POINT ( 'NONE', #1286 ) ;
#462 = CARTESIAN_POINT ( 'NONE',  ( -30.72996560157071855, 30.72996560157071855, 5.312500001365593860 ) ) ;
#463 = CARTESIAN_POINT ( 'NONE',  ( 18.00119707814146608, -43.45873412499998523, 5.750000001365594748 ) ) ;
#464 = CARTESIAN_POINT ( 'NONE',  ( -18.22539674441619084, -43.99999999999999289, 4.187500000000000000 ) ) ;
#465 = VECTOR ( 'NONE', #149, 1000.000000000000000 ) ;
#466 = CARTESIAN_POINT ( 'NONE',  ( -18.00119707814144832, -43.45873412499998523, 2.875000001365593416 ) ) ;
#467 = CARTESIAN_POINT ( 'NONE',  ( -44.00000000000000000, 0.000000000000000000, 6.000000000000000000 ) ) ;
#468 = CARTESIAN_POINT ( 'NONE',  ( 18.00119707814146608, -43.45873412499998523, 1.750000001365594526 ) ) ;
#469 = AXIS2_PLACEMENT_3D ( 'NONE', #959, #144, #827 ) ;
#470 = ORIENTED_EDGE ( 'NONE', *, *, #1236, .F. ) ;
#471 = CARTESIAN_POINT ( 'NONE',  ( -30.72996560157071144, -30.72996560157072565, 3.562500001365593860 ) ) ;
#472 = CARTESIAN_POINT ( 'NONE',  ( 30.72996560157071499, 30.72996560157071855, 5.062500001365594748 ) ) ;
#473 = CARTESIAN_POINT ( 'NONE',  ( -18.22539674441619084, -43.99999999999999289, 5.187500000000001776 ) ) ;
#474 = CARTESIAN_POINT ( 'NONE',  ( -18.00119707814144832, -43.45873412499998523, 1.875000001365593416 ) ) ;
#475 = CARTESIAN_POINT ( 'NONE',  ( 42.00000000000000000, 0.000000000000000000, 2.000000000000000000 ) ) ;
#476 = CARTESIAN_POINT ( 'NONE',  ( 7.983239946176564682E-15, -43.45873412499999233, 2.687500001365593860 ) ) ;
#477 = ORIENTED_EDGE ( 'NONE', *, *, #1054, .T. ) ;
#478 = CARTESIAN_POINT ( 'NONE',  ( -43.45873412499999233, 0.000000000000000000, 1.562500001365593416 ) ) ;
#479 = CARTESIAN_POINT ( 'NONE',  ( -31.11269837220808299, -31.11269837220809364, 1.250000002731187054 ) ) ;
#480 = DIRECTION ( 'NONE',  ( -0.8660254037844404840, 0.000000000000000000, 0.4999999999999967804 ) ) ;
#481 = CARTESIAN_POINT ( 'NONE',  ( -43.99999999999999289, -18.22539674441621216, 2.187500002731186832 ) ) ;
#482 = CARTESIAN_POINT ( 'NONE',  ( -18.22539674441618374, 44.00000000000000000, 2.812500000000000000 ) ) ;
#483 = EDGE_CURVE ( 'NONE', #1342, #802, #1268, .T. ) ;
#484 = ORIENTED_EDGE ( 'NONE', *, *, #1060, .T. ) ;
#485 = CARTESIAN_POINT ( 'NONE',  ( -30.72996560157071144, -30.72996560157072565, 4.562500001365593860 ) ) ;
#486 = CARTESIAN_POINT ( 'NONE',  ( -43.45873412499999233, 0.000000000000000000, 6.687500001365592972 ) ) ;
#487 = CYLINDRICAL_SURFACE ( 'NONE', #730, 45.00000000000000711 ) ;
#488 = DIRECTION ( 'NONE',  ( -1.000000000000000000, 0.000000000000000000, 0.000000000000000000 ) ) ;
#489 =( BOUNDED_CURVE ( )  B_SPLINE_CURVE ( 2, ( #685, #1367, #353, #994, #1135, #815, #1376, #808, #360 ),
 .UNSPECIFIED., .F., .T. ) 
 B_SPLINE_CURVE_WITH_KNOTS ( ( 3, 2, 2, 2, 3 ),
 ( 0.09999999999999992228, 0.1249999999999999445, 0.1499999999999999667, 0.1749999999999999611, 0.2000000000000000111 ),
 .UNSPECIFIED. ) 
 CURVE ( )  GEOMETRIC_REPRESENTATION_ITEM ( )  RATIONAL_B_SPLINE_CURVE ( ( 1.000000000000000222, 0.9238795325112865164, 1.000000000000000000, 0.9238795325112867385, 1.000000000000000000, 0.9238795325112867385, 1.000000000000000000, 0.9238795325112867385, 1.000000000000000000 ) ) 
 REPRESENTATION_ITEM ( '' )  );
#490 = AXIS2_PLACEMENT_3D ( 'NONE', #1099, #72, #1442 ) ;
#491 = ORIENTED_EDGE ( 'NONE', *, *, #86, .T. ) ;
#492 = DIRECTION ( 'NONE',  ( 0.000000000000000000, 0.000000000000000000, 1.000000000000000000 ) ) ;
#493 = CARTESIAN_POINT ( 'NONE',  ( 31.11269837220809364, -31.11269837220808654, 3.375000000000000000 ) ) ;
#494 = DIRECTION ( 'NONE',  ( 0.000000000000000000, 0.000000000000000000, 1.000000000000000000 ) ) ;
#495 = CARTESIAN_POINT ( 'NONE',  ( -30.72996560157071855, 30.72996560157071855, 6.562500001365592972 ) ) ;
#496 = DIRECTION ( 'NONE',  ( 0.000000000000000000, 0.000000000000000000, 1.000000000000000000 ) ) ;
#497 = ORIENTED_EDGE ( 'NONE', *, *, #611, .T. ) ;
#498 = CYLINDRICAL_SURFACE ( 'NONE', #297, 45.00000000000000711 ) ;
#499 = CARTESIAN_POINT ( 'NONE',  ( 44.00000000000000000, 18.22539674441618374, 2.562500000000000000 ) ) ;
#500 = CARTESIAN_POINT ( 'NONE',  ( 44.00000000000000000, 5.388445916248353619E-15, 5.625000002731186832 ) ) ;
#501 = CARTESIAN_POINT ( 'NONE',  ( 0.000000000000000000, 0.000000000000000000, 7.000000000000000000 ) ) ;
#502 = PRESENTATION_STYLE_ASSIGNMENT (( #966 ) ) ;
#503 = EDGE_CURVE ( 'NONE', #192, #290, #1081, .T. ) ;
#504 = AXIS2_PLACEMENT_3D ( 'NONE', #693, #2, #1146 ) ;
#505 = ADVANCED_BREP_SHAPE_REPRESENTATION ( '-Ёєь_чрф (1)', ( #1073, #490 ), #221 ) ;
#506 = DIRECTION ( 'NONE',  ( -1.000000000000000000, 0.000000000000000000, 0.000000000000000000 ) ) ;
#507 = ORIENTED_EDGE ( 'NONE', *, *, #235, .T. ) ;
#508 = CARTESIAN_POINT ( 'NONE',  ( 43.45873412499999233, 18.00119707814145187, 2.000000001365593416 ) ) ;
#509 = CARTESIAN_POINT ( 'NONE',  ( 18.00119707814144121, 43.45873412499999233, 6.375000001365592972 ) ) ;
#510 = CARTESIAN_POINT ( 'NONE',  ( -18.00119707814144832, -43.45873412499998523, 2.625000001365593860 ) ) ;
#511 = PLANE ( 'NONE',  #944 ) ;
#512 = CARTESIAN_POINT ( 'NONE',  ( -44.00000000000000000, 18.22539674441618374, 2.937500000000000000 ) ) ;
#513 = DIRECTION ( 'NONE',  ( -0.000000000000000000, -0.000000000000000000, 1.000000000000000000 ) ) ;
#514 = CARTESIAN_POINT ( 'NONE',  ( 31.11269837220809364, -31.11269837220808654, 3.375000000000000000 ) ) ;
#515 = CARTESIAN_POINT ( 'NONE',  ( 18.00119707814144121, 43.45873412499999233, 5.375000001365592972 ) ) ;
#516 = ORIENTED_EDGE ( 'NONE', *, *, #620, .F. ) ;
#517 = CARTESIAN_POINT ( 'NONE',  ( -43.45873412499999233, 0.000000000000000000, 4.687500001365592972 ) ) ;
#518 = STYLED_ITEM ( 'NONE', ( #647 ), #1073 ) ;
#519 = CARTESIAN_POINT ( 'NONE',  ( 44.00000000000000000, 18.22539674441618374, 2.687500002731187720 ) ) ;
#520 = CARTESIAN_POINT ( 'NONE',  ( -31.11269780904614279, 31.11269893537002673, 2.000000000000000000 ) ) ;
#521 = CARTESIAN_POINT ( 'NONE',  ( 7.983239946176564682E-15, -43.45873412499999233, 2.937500001365593416 ) ) ;
#522 = EDGE_CURVE ( 'NONE', #1103, #290, #893, .T. ) ;
#523 = CARTESIAN_POINT ( 'NONE',  ( -43.72936706249999617, 0.000000000000000000, 6.843750000682796930 ) ) ;
#524 = DIRECTION ( 'NONE',  ( 1.000000000000000000, 0.000000000000000000, -0.000000000000000000 ) ) ;
#525 = CARTESIAN_POINT ( 'NONE',  ( 18.00119707814144121, 43.45873412499999233, 3.125000001365593860 ) ) ;
#526 = EDGE_CURVE ( 'NONE', #1206, #113, #543, .T. ) ;
#527 = EDGE_LOOP ( 'NONE', ( #177, #988, #1429, #159 ) ) ;
#528 = ADVANCED_FACE ( 'NONE', ( #716 ), #142, .F. ) ;
#529 = CARTESIAN_POINT ( 'NONE',  ( 31.11269837220808654, 31.11269837220809364, 3.750000002731187276 ) ) ;
#530 = CARTESIAN_POINT ( 'NONE',  ( 31.11269837220808654, 31.11269837220809364, 1.750000002731186610 ) ) ;
#531 = CARTESIAN_POINT ( 'NONE',  ( 7.983239946176564682E-15, -43.45873412499999233, 5.937500001365593860 ) ) ;
#532 = CARTESIAN_POINT ( 'NONE',  ( 0.000000000000000000, 0.000000000000000000, 2.000000000000000000 ) ) ;
#533 = CARTESIAN_POINT ( 'NONE',  ( 0.000000000000000000, 0.000000000000000000, 0.000000000000000000 ) ) ;
#534 = CARTESIAN_POINT ( 'NONE',  ( -2.694222958124176809E-15, 44.00000000000000000, 5.875000002731186832 ) ) ;
#535 = CARTESIAN_POINT ( 'NONE',  ( 18.00119707814144121, 43.45873412499999233, 6.375000001365592972 ) ) ;
#536 = ORIENTED_EDGE ( 'NONE', *, *, #674, .T. ) ;
#537 = CARTESIAN_POINT ( 'NONE',  ( 30.72996560157072565, -30.72996560157071499, 5.812500001365593860 ) ) ;
#538 = CARTESIAN_POINT ( 'NONE',  ( 44.00000000000000000, 18.22539674441618374, 3.687500002731187276 ) ) ;
#539 = CARTESIAN_POINT ( 'NONE',  ( -43.45873412499999233, 18.00119707814144476, 5.625000001365593860 ) ) ;
#540 = CYLINDRICAL_SURFACE ( 'NONE', #783, 44.00000000000000000 ) ;
#541 = CARTESIAN_POINT ( 'NONE',  ( 18.22539674441620861, -43.99999999999999289, 2.312500000000000888 ) ) ;
#542 = CARTESIAN_POINT ( 'NONE',  ( -43.45873412499998523, -18.00119707814146963, 1.500000001365594082 ) ) ;
#543 =( BOUNDED_CURVE ( )  B_SPLINE_CURVE ( 2, ( #47, #619, #940, #863, #1313, #1280, #286, #749, #370 ),
 .UNSPECIFIED., .F., .T. ) 
 B_SPLINE_CURVE_WITH_KNOTS ( ( 3, 2, 2, 2, 3 ),
 ( 0.2999999999999999334, 0.3249999999999999556, 0.3499999999999999778, 0.3750000000000000000, 0.4000000000000000222 ),
 .UNSPECIFIED. ) 
 CURVE ( )  GEOMETRIC_REPRESENTATION_ITEM ( )  RATIONAL_B_SPLINE_CURVE ( ( 1.000000000000000222, 0.9238795325112865164, 1.000000000000000000, 0.9238795325112867385, 1.000000000000000000, 0.9238795325112867385, 1.000000000000000000, 0.9238795325112867385, 1.000000000000000000 ) ) 
 REPRESENTATION_ITEM ( '' )  );
#544 = AXIS2_PLACEMENT_3D ( 'NONE', #501, #1175, #838 ) ;
#545 = VERTEX_POINT ( 'NONE', #378 ) ;
#546 = CARTESIAN_POINT ( 'NONE',  ( 44.00000000000001421, -18.22539674441618018, 2.562500002731187720 ) ) ;
#547 = CARTESIAN_POINT ( 'NONE',  ( 44.00000000000000000, 5.388445916248353619E-15, 1.625000002731186610 ) ) ;
#548 = CARTESIAN_POINT ( 'NONE',  ( -30.72996560157071855, 30.72996560157071855, 2.562500001365592972 ) ) ;
#549 = CARTESIAN_POINT ( 'NONE',  ( -18.00119707814145187, 43.45873412499999233, 6.500000001365592972 ) ) ;
#550 = ORIENTED_EDGE ( 'NONE', *, *, #679, .T. ) ;
#551 = CARTESIAN_POINT ( 'NONE',  ( 43.45873412499999944, -18.00119707814143410, 5.125000001365592972 ) ) ;
#552 = CARTESIAN_POINT ( 'NONE',  ( -43.45873412499999233, 0.000000000000000000, 3.687500001365593416 ) ) ;
#553 = ADVANCED_FACE ( 'NONE', ( #1418 ), #949, .T. ) ;
#554 = ORIENTED_EDGE ( 'NONE', *, *, #1163, .F. ) ;
#555 = AXIS2_PLACEMENT_3D ( 'NONE', #1403, #165, #39 ) ;
#556 = CARTESIAN_POINT ( 'NONE',  ( -18.22539674441618374, 44.00000000000000000, 5.812500000000000000 ) ) ;
#557 = CARTESIAN_POINT ( 'NONE',  ( -43.45873412499999233, 0.000000000000000000, 1.687500001365593194 ) ) ;
#558 = CARTESIAN_POINT ( 'NONE',  ( 7.983239946176564682E-15, -43.45873412499999233, 3.937500001365593416 ) ) ;
#559 = ORIENTED_EDGE ( 'NONE', *, *, #409, .T. ) ;
#560 = CARTESIAN_POINT ( 'NONE',  ( -2.661079982058854631E-15, 43.45873412499999233, 4.187500001365593860 ) ) ;
#561 = CARTESIAN_POINT ( 'NONE',  ( -2.661079982058854631E-15, 43.45873412499999233, 4.187500001365593860 ) ) ;
#562 = CARTESIAN_POINT ( 'NONE',  ( -30.72996560157071144, -30.72996560157072565, 1.812500001365593194 ) ) ;
#563 = VECTOR ( 'NONE', #269, 1000.000000000000000 ) ;
#564 = CARTESIAN_POINT ( 'NONE',  ( -43.45873412499999233, 0.000000000000000000, 3.687500001365593416 ) ) ;
#565 = CARTESIAN_POINT ( 'NONE',  ( -31.11269837220808299, -31.11269837220809364, 4.125000000000000000 ) ) ;
#566 = CARTESIAN_POINT ( 'NONE',  ( -18.00119707814145187, -43.45873412499998523, 3.875000001365593416 ) ) ;
#567 = VERTEX_POINT ( 'NONE', #262 ) ;
#568 = CARTESIAN_POINT ( 'NONE',  ( -43.45873412499998523, -18.00119707814146963, 5.500000001365593860 ) ) ;
#569 = EDGE_CURVE ( 'NONE', #1342, #4, #722, .T. ) ;
#570 = CARTESIAN_POINT ( 'NONE',  ( 43.45873412499999233, 5.322159964117709262E-15, 4.937500001365594748 ) ) ;
#571 = CARTESIAN_POINT ( 'NONE',  ( 43.45873412499999233, 18.00119707814145187, 6.000000001365592972 ) ) ;
#572 = CARTESIAN_POINT ( 'NONE',  ( -44.00000000000000000, 18.22539674441618374, 6.937500000000000000 ) ) ;
#573 = ADVANCED_FACE ( 'NONE', ( #392 ), #1094, .T. ) ;
#574 = CARTESIAN_POINT ( 'NONE',  ( -2.661079982058854631E-15, 43.45873412499999233, 3.437500001365592972 ) ) ;
#575 = CARTESIAN_POINT ( 'NONE',  ( -44.00000000000000000, 18.22539674441618374, 5.937500000000000000 ) ) ;
#576 = CARTESIAN_POINT ( 'NONE',  ( -43.45873412499999233, 0.000000000000000000, 1.437500001365593860 ) ) ;
#577 = CARTESIAN_POINT ( 'NONE',  ( 18.00119707814144121, 43.45873412499999233, 4.375000001365594748 ) ) ;
#578 = EDGE_LOOP ( 'NONE', ( #1003, #207, #650, #281, #1386, #723, #613, #1371, #935, #1478, #840, #1227, #1129 ) ) ;
#579 = CARTESIAN_POINT ( 'NONE',  ( -43.45873412499998523, -18.00119707814146963, 4.500000001365592972 ) ) ;
#580 = CARTESIAN_POINT ( 'NONE',  ( 18.00119707814144121, 43.45873412499999233, 3.125000001365593860 ) ) ;
#581 = CARTESIAN_POINT ( 'NONE',  ( 44.00000000000001421, -18.22539674441618018, 4.437500000000000888 ) ) ;
#582 = CARTESIAN_POINT ( 'NONE',  ( -30.72996560157071855, 30.72996560157071855, 3.562500001365592972 ) ) ;
#583 = AXIS2_PLACEMENT_3D ( 'NONE', #1037, #1281, #1170 ) ;
#584 = CARTESIAN_POINT ( 'NONE',  ( -44.00000000000005684, -18.22539674441614821, 4.062500000000000000 ) ) ;
#585 = ORIENTED_EDGE ( 'NONE', *, *, #885, .T. ) ;
#586 = CARTESIAN_POINT ( 'NONE',  ( 43.45873412499999233, 5.322159964117709262E-15, 3.937500001365593416 ) ) ;
#587 = CARTESIAN_POINT ( 'NONE',  ( -18.00119707814145187, -43.45873412499998523, 3.625000001365593860 ) ) ;
#588 = CARTESIAN_POINT ( 'NONE',  ( -2.694222958124176809E-15, 44.00000000000000000, 5.750000000000000000 ) ) ;
#589 = VECTOR ( 'NONE', #1290, 1000.000000000000000 ) ;
#590 = CARTESIAN_POINT ( 'NONE',  ( 43.45873412499999944, -18.00119707814143410, 2.125000001365593416 ) ) ;
#591 = DIRECTION ( 'NONE',  ( -0.000000000000000000, -0.000000000000000000, -1.000000000000000000 ) ) ;
#592 = VECTOR ( 'NONE', #1328, 1000.000000000000000 ) ;
#593 = ORIENTED_EDGE ( 'NONE', *, *, #1105, .F. ) ;
#594 = CARTESIAN_POINT ( 'NONE',  ( -31.11269837220808299, -31.11269837220809364, 5.250000002731186832 ) ) ;
#595 = CARTESIAN_POINT ( 'NONE',  ( 7.983239946176564682E-15, -43.45873412499999233, 4.687500001365593860 ) ) ;
#596 = CARTESIAN_POINT ( 'NONE',  ( -18.00119707814144832, -43.45873412499998523, 5.875000001365594748 ) ) ;
#597 = CARTESIAN_POINT ( 'NONE',  ( -44.00000000000000000, 0.000000000000000000, 5.000000000000000000 ) ) ;
#598 = CARTESIAN_POINT ( 'NONE',  ( 18.22539674441620861, -43.99999999999999289, 3.437500002731186832 ) ) ;
#599 = CARTESIAN_POINT ( 'NONE',  ( 18.00119707814146608, -43.45873412499998523, 2.750000001365593860 ) ) ;
#600 = EDGE_LOOP ( 'NONE', ( #1027, #1119, #130, #257 ) ) ;
#601 = FACE_OUTER_BOUND ( 'NONE', #711, .T. ) ;
#602 = CARTESIAN_POINT ( 'NONE',  ( -43.45873412499999233, 18.00119707814144476, 3.375000001365593860 ) ) ;
#603 = CARTESIAN_POINT ( 'NONE',  ( -44.00000000000000000, 18.22539674441618374, 2.937500000000000444 ) ) ;
#604 = CYLINDRICAL_SURFACE ( 'NONE', #1038, 44.00000000000000000 ) ;
#605 = ORIENTED_EDGE ( 'NONE', *, *, #128, .F. ) ;
#606 = CARTESIAN_POINT ( 'NONE',  ( -18.22539674441619439, -43.99999999999999289, 5.312500002731186832 ) ) ;
#607 = CARTESIAN_POINT ( 'NONE',  ( 31.11269837220808654, 31.11269837220809364, 2.750000002731187276 ) ) ;
#608 = CARTESIAN_POINT ( 'NONE',  ( 44.00000000000000000, 5.388445916248353619E-15, 2.499999999999999556 ) ) ;
#609 = CYLINDRICAL_SURFACE ( 'NONE', #1378, 44.00000000000000000 ) ;
#610 = CARTESIAN_POINT ( 'NONE',  ( -43.45873412499999233, 0.000000000000000000, 6.687500001365592972 ) ) ;
#611 = EDGE_CURVE ( 'NONE', #545, #678, #260, .T. ) ;
#612 = FILL_AREA_STYLE_COLOUR ( '', #996 ) ;
#613 = ORIENTED_EDGE ( 'NONE', *, *, #1405, .F. ) ;
#614 = CARTESIAN_POINT ( 'NONE',  ( -43.45873412499999233, 0.000000000000000000, 1.687500001365593194 ) ) ;
#615 = CARTESIAN_POINT ( 'NONE',  ( 43.45873412499999233, 5.322159964117709262E-15, 2.937500001365593860 ) ) ;
#616 = CARTESIAN_POINT ( 'NONE',  ( -43.45873412499999233, 18.00119707814144121, 6.625000001365592972 ) ) ;
#617 = CARTESIAN_POINT ( 'NONE',  ( 30.72996560157071499, 30.72996560157071855, 4.062500001365593860 ) ) ;
#618 = LINE ( 'NONE', #31, #854 ) ;
#619 = CARTESIAN_POINT ( 'NONE',  ( 44.00000000000004263, -18.22539674441614821, 4.562500002731187720 ) ) ;
#620 = EDGE_CURVE ( 'NONE', #355, #1176, #30, .T. ) ;
#621 = LINE ( 'NONE', #1110, #120 ) ;
#622 = EDGE_LOOP ( 'NONE', ( #497, #1046, #669, #296, #1013, #1053, #81, #1019, #507, #169, #559, #404, #33 ) ) ;
#623 = CARTESIAN_POINT ( 'NONE',  ( -43.45873412499998523, -18.00119707814146963, 1.500000001365594082 ) ) ;
#624 = CARTESIAN_POINT ( 'NONE',  ( 0.000000000000000000, 0.000000000000000000, 7.000000000000000000 ) ) ;
#625 = CARTESIAN_POINT ( 'NONE',  ( -18.22539674441619084, -43.99999999999999289, 5.312500002731186832 ) ) ;
#626 = CARTESIAN_POINT ( 'NONE',  ( 44.00000000000000000, 5.388445916248353619E-15, 4.625000002731187720 ) ) ;
#627 = CARTESIAN_POINT ( 'NONE',  ( 8.082668874372530822E-15, -44.00000000000000000, 3.375000002731187276 ) ) ;
#628 = CARTESIAN_POINT ( 'NONE',  ( 30.72996560157071499, 30.72996560157071855, 3.062500001365593860 ) ) ;
#629 = ORIENTED_EDGE ( 'NONE', *, *, #94, .T. ) ;
#630 = CARTESIAN_POINT ( 'NONE',  ( -2.694222958124176809E-15, 44.00000000000000000, 6.750000000000000000 ) ) ;
#631 = CARTESIAN_POINT ( 'NONE',  ( 43.45873412499999944, -18.00119707814143410, 5.125000001365592972 ) ) ;
#632 = CARTESIAN_POINT ( 'NONE',  ( -18.22539674441618374, 44.00000000000000000, 2.937500002731186832 ) ) ;
#633 = CARTESIAN_POINT ( 'NONE',  ( -30.72996560157071144, -30.72996560157072565, 3.812500001365593416 ) ) ;
#634 = ADVANCED_FACE ( 'NONE', ( #850 ), #727, .T. ) ;
#635 = CARTESIAN_POINT ( 'NONE',  ( 44.00000000000000000, 5.388445916248353619E-15, 2.625000002731186832 ) ) ;
#636 = FACE_OUTER_BOUND ( 'NONE', #203, .T. ) ;
#637 = CARTESIAN_POINT ( 'NONE',  ( 30.72996560157072565, -30.72996560157071499, 5.062500001365592972 ) ) ;
#638 = ORIENTED_EDGE ( 'NONE', *, *, #569, .T. ) ;
#639 = CARTESIAN_POINT ( 'NONE',  ( -31.11269837220809364, 31.11269837220809364, 4.000000002731186832 ) ) ;
#640 = CARTESIAN_POINT ( 'NONE',  ( 7.983239946176564682E-15, -43.45873412499999233, 4.937500001365593860 ) ) ;
#641 = SURFACE_STYLE_FILL_AREA ( #300 ) ;
#642 = DIRECTION ( 'NONE',  ( 0.000000000000000000, 0.000000000000000000, 1.000000000000000000 ) ) ;
#643 = CARTESIAN_POINT ( 'NONE',  ( -30.72996560157071855, 30.72996560157071855, 2.312500001365593860 ) ) ;
#644 = ORIENTED_EDGE ( 'NONE', *, *, #821, .F. ) ;
#645 = CARTESIAN_POINT ( 'NONE',  ( 44.00000000000001421, -18.22539674441618018, 4.562500002731187720 ) ) ;
#646 = CARTESIAN_POINT ( 'NONE',  ( 18.00119707814146608, -43.45873412499998523, 4.000000001365593860 ) ) ;
#647 = PRESENTATION_STYLE_ASSIGNMENT (( #1441 ) ) ;
#648 = CARTESIAN_POINT ( 'NONE',  ( -31.11269837220809364, 31.11269837220809364, 6.000000002731186832 ) ) ;
#649 = CARTESIAN_POINT ( 'NONE',  ( 43.45873412499999233, 18.00119707814145187, 6.250000001365592972 ) ) ;
#650 = ORIENTED_EDGE ( 'NONE', *, *, #252, .T. ) ;
#651 = DIRECTION ( 'NONE',  ( -0.000000000000000000, -0.000000000000000000, -1.000000000000000000 ) ) ;
#652 = CARTESIAN_POINT ( 'NONE',  ( -43.99999999999999289, -18.22539674441620861, 4.187500002731186832 ) ) ;
#653 = CARTESIAN_POINT ( 'NONE',  ( 44.00000000000000000, 18.22539674441618374, 1.687500002731186610 ) ) ;
#654 = CARTESIAN_POINT ( 'NONE',  ( -18.00119707814145187, -43.45873412499998523, 2.875000001365592972 ) ) ;
#655 = CARTESIAN_POINT ( 'NONE',  ( 43.45873412499999233, 5.322159964117709262E-15, 2.937500001365593860 ) ) ;
#656 = VECTOR ( 'NONE', #244, 1000.000000000000000 ) ;
#657 = ORIENTED_EDGE ( 'NONE', *, *, #950, .T. ) ;
#658 = CARTESIAN_POINT ( 'NONE',  ( 30.72996560157071499, 30.72996560157071855, 6.062500001365593860 ) ) ;
#659 = CARTESIAN_POINT ( 'NONE',  ( -18.00119707814145187, -43.45873412499998523, 4.875000001365592972 ) ) ;
#660 = CIRCLE ( 'NONE', #201, 44.00000000000000000 ) ;
#661 = ADVANCED_FACE ( 'NONE', ( #36 ), #1179, .F. ) ;
#662 = VECTOR ( 'NONE', #46, 1000.000000000000000 ) ;
#663 = CARTESIAN_POINT ( 'NONE',  ( -43.45873412499999233, 0.000000000000000000, 4.687500001365592972 ) ) ;
#664 = CARTESIAN_POINT ( 'NONE',  ( -30.72996560157071144, -30.72996560157072565, 3.562500001365593860 ) ) ;
#665 = ORIENTED_EDGE ( 'NONE', *, *, #1252, .F. ) ;
#666 = CARTESIAN_POINT ( 'NONE',  ( 31.11269837220809364, -31.11269837220808654, 6.375000000000000888 ) ) ;
#667 = CARTESIAN_POINT ( 'NONE',  ( -30.72996560157071855, 30.72996560157071855, 2.562500001365592972 ) ) ;
#668 = CARTESIAN_POINT ( 'NONE',  ( -2.661079982058854631E-15, 43.45873412499999233, 2.437500001365592972 ) ) ;
#669 = ORIENTED_EDGE ( 'NONE', *, *, #398, .T. ) ;
#670 = CARTESIAN_POINT ( 'NONE',  ( -30.72996560157071855, 30.72996560157071855, 4.312500001365593860 ) ) ;
#671 = CARTESIAN_POINT ( 'NONE',  ( -18.00119707814144832, 43.45873412499999233, 4.250000001365593860 ) ) ;
#672 = CARTESIAN_POINT ( 'NONE',  ( -18.00119707814145187, -43.45873412499998523, 1.875000001365593416 ) ) ;
#673 = CARTESIAN_POINT ( 'NONE',  ( 18.00119707814144121, 43.45873412499999233, 3.375000001365593416 ) ) ;
#674 = EDGE_CURVE ( 'NONE', #545, #817, #1136, .T. ) ;
#675 = CARTESIAN_POINT ( 'NONE',  ( 44.00000000000001421, -18.22539674441617663, 2.437500000000000444 ) ) ;
#676 = CARTESIAN_POINT ( 'NONE',  ( 43.45873412499999944, -18.00119707814143410, 3.125000001365592972 ) ) ;
#677 = ADVANCED_FACE ( 'NONE', ( #814, #1145 ), #1383, .T. ) ;
#678 = VERTEX_POINT ( 'NONE', #352 ) ;
#679 = EDGE_CURVE ( 'NONE', #678, #1216, #321, .T. ) ;
#680 = CARTESIAN_POINT ( 'NONE',  ( 30.72996560157071499, 30.72996560157071855, 5.062500001365594748 ) ) ;
#681 = CARTESIAN_POINT ( 'NONE',  ( -2.661079982058854631E-15, 43.45873412499999233, 5.187500001365593860 ) ) ;
#682 = CARTESIAN_POINT ( 'NONE',  ( -2.661079982058854631E-15, 43.45873412499999233, 5.187500001365593860 ) ) ;
#683 = CARTESIAN_POINT ( 'NONE',  ( 44.00000000000000000, 18.22539674441618374, 5.562500000000000000 ) ) ;
#684 = DIRECTION ( 'NONE',  ( 1.000000000000000000, 0.000000000000000000, -0.000000000000000000 ) ) ;
#685 = CARTESIAN_POINT ( 'NONE',  ( 44.00000000000000000, 5.388445916248353619E-15, 6.500000000000000888 ) ) ;
#686 = CARTESIAN_POINT ( 'NONE',  ( -18.00119707814145187, 43.45873412499999233, 2.500000001365592972 ) ) ;
#687 = ORIENTED_EDGE ( 'NONE', *, *, #503, .F. ) ;
#688 = CARTESIAN_POINT ( 'NONE',  ( -30.72996560157071144, -30.72996560157072565, 4.562500001365593860 ) ) ;
#689 = CARTESIAN_POINT ( 'NONE',  ( -30.72996560157071855, 30.72996560157071855, 6.312500001365593860 ) ) ;
#690 = CARTESIAN_POINT ( 'NONE',  ( 18.00119707814146608, -43.45873412499998523, 3.750000001365593416 ) ) ;
#691 = CARTESIAN_POINT ( 'NONE',  ( 31.11269837220808654, 31.11269837220809364, 3.625000000000000000 ) ) ;
#692 = CARTESIAN_POINT ( 'NONE',  ( -43.45873412499998523, -18.00119707814146963, 1.750000001365593194 ) ) ;
#693 = CARTESIAN_POINT ( 'NONE',  ( 0.000000000000000000, 0.000000000000000000, 7.000000000000000000 ) ) ;
#694 = CARTESIAN_POINT ( 'NONE',  ( 44.00000000000000000, 5.388445916248353619E-15, 3.625000002731186832 ) ) ;
#695 = ORIENTED_EDGE ( 'NONE', *, *, #976, .T. ) ;
#696 = CARTESIAN_POINT ( 'NONE',  ( 45.00000000000000711, 5.510910596163090344E-15, 0.000000000000000000 ) ) ;
#697 = CARTESIAN_POINT ( 'NONE',  ( 43.45873412499999233, 18.00119707814145187, 4.000000001365593860 ) ) ;
#698 = CARTESIAN_POINT ( 'NONE',  ( -44.00000000000000000, 18.22539674441618374, 3.937500000000000000 ) ) ;
#699 = VECTOR ( 'NONE', #1265, 1000.000000000000000 ) ;
#700 = CARTESIAN_POINT ( 'NONE',  ( -2.661079982058854631E-15, 43.45873412499999233, 2.437500001365592972 ) ) ;
#701 = CARTESIAN_POINT ( 'NONE',  ( 31.11269837220809364, -31.11269837220808654, 2.375000000000000444 ) ) ;
#702 = CARTESIAN_POINT ( 'NONE',  ( -18.00119707814144832, 43.45873412499999233, 2.250000001365593860 ) ) ;
#703 = EDGE_LOOP ( 'NONE', ( #629, #1148, #60, #437 ) ) ;
#704 = CARTESIAN_POINT ( 'NONE',  ( 30.72996560157072565, -30.72996560157071499, 5.812500001365593860 ) ) ;
#705 = CARTESIAN_POINT ( 'NONE',  ( -43.45873412499998523, -18.00119707814146963, 5.500000001365593860 ) ) ;
#706 = CARTESIAN_POINT ( 'NONE',  ( -18.00119707814144832, 43.45873412499999233, 5.500000001365592972 ) ) ;
#707 = CARTESIAN_POINT ( 'NONE',  ( 18.22539674441620861, -43.99999999999999289, 2.437500002731187276 ) ) ;
#708 = CARTESIAN_POINT ( 'NONE',  ( 44.00000000000000000, 5.388445916248353619E-15, 4.500000000000000888 ) ) ;
#709 = CARTESIAN_POINT ( 'NONE',  ( -2.661079982058854631E-15, 43.45873412499999233, 2.187500001365593416 ) ) ;
#710 = EDGE_CURVE ( 'NONE', #240, #1206, #1351, .T. ) ;
#711 = EDGE_LOOP ( 'NONE', ( #687, #1420, #1075, #1140 ) ) ;
#712 = CARTESIAN_POINT ( 'NONE',  ( -44.00000000000000000, 0.000000000000000000, 6.125000002731186832 ) ) ;
#713 = CARTESIAN_POINT ( 'NONE',  ( 18.00119707814146608, -43.45873412499998523, 4.750000001365593860 ) ) ;
#714 = CARTESIAN_POINT ( 'NONE',  ( 30.72996560157071499, 30.72996560157071855, 5.312500001365592972 ) ) ;
#715 = CARTESIAN_POINT ( 'NONE',  ( -31.11269837220809364, 31.11269837220809364, 4.000000002731186832 ) ) ;
#716 = FACE_OUTER_BOUND ( 'NONE', #1333, .T. ) ;
#717 = VERTEX_POINT ( 'NONE', #277 ) ;
#718 = CARTESIAN_POINT ( 'NONE',  ( 44.00000000000000000, 5.388445916248353619E-15, 3.500000000000000000 ) ) ;
#719 = CARTESIAN_POINT ( 'NONE',  ( 18.00119707814144121, 43.45873412499999233, 2.125000001365593416 ) ) ;
#720 = CARTESIAN_POINT ( 'NONE',  ( -2.694222958124176809E-15, 44.00000000000000000, 2.750000000000000000 ) ) ;
#721 = CARTESIAN_POINT ( 'NONE',  ( 0.000000000000000000, 0.000000000000000000, 2.000000000000000000 ) ) ;
#722 = LINE ( 'NONE', #1182, #465 ) ;
#723 = ORIENTED_EDGE ( 'NONE', *, *, #943, .F. ) ;
#724 = CARTESIAN_POINT ( 'NONE',  ( -44.00000000000000000, 18.22539674441618374, 4.937500000000000888 ) ) ;
#725 = CARTESIAN_POINT ( 'NONE',  ( -18.00119707814145187, -43.45873412499998523, 1.625000001365594304 ) ) ;
#726 = EDGE_CURVE ( 'NONE', #1238, #545, #843, .T. ) ;
#727 = CYLINDRICAL_SURFACE ( 'NONE', #919, 44.00000000000000000 ) ;
#728 = DIRECTION ( 'NONE',  ( -0.000000000000000000, -0.000000000000000000, -1.000000000000000000 ) ) ;
#729 = CARTESIAN_POINT ( 'NONE',  ( 43.45873412499999233, 5.322159964117709262E-15, 6.187500001365593860 ) ) ;
#730 = AXIS2_PLACEMENT_3D ( 'NONE', #955, #728, #1408 ) ;
#731 = SURFACE_SIDE_STYLE ('',( #870 ) ) ;
#732 = DIRECTION ( 'NONE',  ( -0.000000000000000000, -0.000000000000000000, -1.000000000000000000 ) ) ;
#733 = EDGE_LOOP ( 'NONE', ( #433, #184, #873, #363 ) ) ;
#734 = CARTESIAN_POINT ( 'NONE',  ( -30.72996560157071144, -30.72996560157072565, 1.562500001365593860 ) ) ;
#735 = CARTESIAN_POINT ( 'NONE',  ( -18.00119707814144832, 43.45873412499999233, 6.500000001365592972 ) ) ;
#736 = FACE_BOUND ( 'NONE', #858, .T. ) ;
#737 = DIRECTION ( 'NONE',  ( -0.000000000000000000, -0.000000000000000000, -1.000000000000000000 ) ) ;
#738 = CARTESIAN_POINT ( 'NONE',  ( -44.00000000000005684, -18.22539674441614821, 3.187500002731186832 ) ) ;
#739 = CARTESIAN_POINT ( 'NONE',  ( -42.00000000000000000, 5.143516556418883322E-15, 2.000000000000000000 ) ) ;
#740 =( BOUNDED_CURVE ( )  B_SPLINE_CURVE ( 2, ( #945, #1177, #1068, #952, #365, #1282, #1412, #387, #718 ),
 .UNSPECIFIED., .F., .F. ) 
 B_SPLINE_CURVE_WITH_KNOTS ( ( 3, 2, 2, 2, 3 ),
 ( 0.6000000000000000888, 0.6250000000000001110, 0.6500000000000001332, 0.6750000000000001554, 0.7000000000000000666 ),
 .UNSPECIFIED. ) 
 CURVE ( )  GEOMETRIC_REPRESENTATION_ITEM ( )  RATIONAL_B_SPLINE_CURVE ( ( 0.9999999999999996669, 0.9238795325112870716, 1.000000000000000000, 0.9238795325112867385, 1.000000000000000000, 0.9238795325112867385, 1.000000000000000000, 0.9238795325112864054, 1.000000000000000444 ) ) 
 REPRESENTATION_ITEM ( '' )  );
#741 = CARTESIAN_POINT ( 'NONE',  ( 18.22539674441618374, 44.00000000000000000, 5.812500002731186832 ) ) ;
#742 = CARTESIAN_POINT ( 'NONE',  ( -18.00119707814145187, -43.45873412499998523, 5.875000001365592972 ) ) ;
#743 = PRODUCT_DEFINITION_CONTEXT ( 'detailed design', #1009, 'design' ) ;
#744 = CARTESIAN_POINT ( 'NONE',  ( 43.45873412499999944, -18.00119707814143410, 1.875000001365594526 ) ) ;
#745 = CARTESIAN_POINT ( 'NONE',  ( -18.00119707814144832, 43.45873412499999233, 4.500000001365592972 ) ) ;
#746 = CARTESIAN_POINT ( 'NONE',  ( 43.45873412499999233, 5.322159964117709262E-15, 3.937500001365593416 ) ) ;
#747 = CARTESIAN_POINT ( 'NONE',  ( 8.082668874372530822E-15, -44.00000000000000000, 3.375000002731187276 ) ) ;
#748 = CARTESIAN_POINT ( 'NONE',  ( 45.00000000000000711, 5.510910596163090344E-15, 2.000000000000000000 ) ) ;
#749 = CARTESIAN_POINT ( 'NONE',  ( -43.99999999999999289, -18.22539674441621216, 4.187500002731186832 ) ) ;
#750 = FILL_AREA_STYLE ('',( #612 ) ) ;
#751 = AXIS2_PLACEMENT_3D ( 'NONE', #1059, #32, #488 ) ;
#752 = FACE_OUTER_BOUND ( 'NONE', #600, .T. ) ;
#753 = CARTESIAN_POINT ( 'NONE',  ( 43.45873412499999233, 18.00119707814145187, 5.250000001365592972 ) ) ;
#754 = ORIENTED_EDGE ( 'NONE', *, *, #569, .F. ) ;
#755 = CARTESIAN_POINT ( 'NONE',  ( -43.99999999999999289, -18.22539674441620861, 3.187500002731187276 ) ) ;
#756 = CARTESIAN_POINT ( 'NONE',  ( 8.082668874372530822E-15, -44.00000000000000000, 1.375000002731187054 ) ) ;
#757 = CARTESIAN_POINT ( 'NONE',  ( -43.45873412499999233, 0.000000000000000000, 2.687500001365592972 ) ) ;
#758 = CARTESIAN_POINT ( 'NONE',  ( -44.00000000000000000, 0.000000000000000000, 7.000000000000000000 ) ) ;
#759 = CARTESIAN_POINT ( 'NONE',  ( 18.00119707814144121, 43.45873412499999233, 2.125000001365593416 ) ) ;
#760 = AXIS2_PLACEMENT_3D ( 'NONE', #523, #957, #765 ) ;
#761 = VERTEX_POINT ( 'NONE', #1417 ) ;
#762 = CARTESIAN_POINT ( 'NONE',  ( -18.22539674441618374, 44.00000000000000000, 1.937500002731186832 ) ) ;
#763 = CARTESIAN_POINT ( 'NONE',  ( 18.00119707814144121, 43.45873412499999233, 3.375000001365593416 ) ) ;
#764 = DIRECTION ( 'NONE',  ( 0.000000000000000000, 0.000000000000000000, 1.000000000000000000 ) ) ;
#765 = DIRECTION ( 'NONE',  ( 0.000000000000000000, -0.000000000000000000, -1.000000000000000000 ) ) ;
#766 = CARTESIAN_POINT ( 'NONE',  ( -31.11269837220808299, -31.11269837220809364, 3.125000000000000000 ) ) ;
#767 = CARTESIAN_POINT ( 'NONE',  ( -2.661079982058854631E-15, 43.45873412499999233, 2.187500001365593416 ) ) ;
#768 = PRODUCT_RELATED_PRODUCT_CATEGORY ( 'part', '', ( #862 ) ) ;
#769 = ORIENTED_EDGE ( 'NONE', *, *, #1215, .F. ) ;
#770 = CARTESIAN_POINT ( 'NONE',  ( -18.00119707814145187, -43.45873412499998523, 5.625000001365594748 ) ) ;
#771 = CARTESIAN_POINT ( 'NONE',  ( 31.11269837220809364, -31.11269837220808654, 4.500000002731187720 ) ) ;
#772 = CARTESIAN_POINT ( 'NONE',  ( -43.45873412499999233, 0.000000000000000000, 3.687500001365593416 ) ) ;
#773 = DIRECTION ( 'NONE',  ( -1.000000000000000000, 0.000000000000000000, 0.000000000000000000 ) ) ;
#774 = CARTESIAN_POINT ( 'NONE',  ( -43.45873412499999233, 0.000000000000000000, 6.687500001365592972 ) ) ;
#775 = CLOSED_SHELL ( 'NONE', ( #661, #1366, #839, #634, #1102, #415, #143, #778, #439, #255, #553, #1191, #347, #836, #1316, #1469, #677, #1474, #993, #573, #1137, #1362, #528, #452, #287 ) ) ;
#776 = EDGE_LOOP ( 'NONE', ( #593, #867 ) ) ;
#777 = CARTESIAN_POINT ( 'NONE',  ( -43.45873412499999233, 18.00119707814144476, 6.375000001365593860 ) ) ;
#778 = ADVANCED_FACE ( 'NONE', ( #148 ), #609, .T. ) ;
#779 = CARTESIAN_POINT ( 'NONE',  ( 43.45873412499999233, 18.00119707814145187, 2.250000001365592528 ) ) ;
#780 = CARTESIAN_POINT ( 'NONE',  ( 30.72996560157071499, 30.72996560157071855, 3.312500001365593416 ) ) ;
#781 = ORIENTED_EDGE ( 'NONE', *, *, #256, .F. ) ;
#782 = CARTESIAN_POINT ( 'NONE',  ( 44.00000000000000000, 5.388445916248353619E-15, 3.500000000000000000 ) ) ;
#783 = AXIS2_PLACEMENT_3D ( 'NONE', #309, #651, #888 ) ;
#784 = CARTESIAN_POINT ( 'NONE',  ( 18.00119707814146608, -43.45873412499998523, 4.000000001365593860 ) ) ;
#785 = CARTESIAN_POINT ( 'NONE',  ( -43.45873412499998523, -18.00119707814146963, 2.750000001365593416 ) ) ;
#786 = ORIENTED_EDGE ( 'NONE', *, *, #726, .F. ) ;
#787 = EDGE_CURVE ( 'NONE', #355, #997, #320, .T. ) ;
#788 =( BOUNDED_SURFACE ( )  B_SPLINE_SURFACE ( 1, 2, ( 
 ( #1104, #777, #1228, #998, #428, #199, #658, #879, #1116, #76, #537, #420, #1334, #770, #1253, #568, #795, #910, #216, #1130, #224, #1479, #680, #339, #1020, #446, #98, #331, #105, #454, #688, #1471, #903, #1361, #670, #1123, #560, #45, #617, #970, #746, #1180, #1078, #1415, #275, #1299, #664, #1353, #311, #987, #167, #408, #1444, #525, #628, #417, #655, #197, #1111, #1194, #1002, #1427, #303, #191, #1226, #80, #643, #1114, #767, #759, #981, #877, #866, #403, #1220, #183, #1214, #872, #1332, #542, #1101 ),
 ( #774, #74, #1083, #549, #67, #535, #995, #649, #87, #1451, #426, #884, #1457, #742, #1315, #1341, #432, #1305, #280, #59, #289, #515, #974, #753, #1204, #176, #637, #1092, #1436, #1324, #295, #1237, #663, #202, #1118, #1128, #317, #577, #112, #90, #213, #1462, #103, #436, #558, #566, #1018, #901, #552, #1005, #96, #895, #337, #1477, #780, #1231, #206, #676, #451, #1369, #1352, #1242, #1347, #785, #323, #908, #891, #686, #668, #801, #1121, #1011, #1468, #444, #1359, #1249, #328, #222, #793, #1139, #614 ) ),
 .UNSPECIFIED., .F., .F., .T. ) 
 B_SPLINE_SURFACE_WITH_KNOTS ( ( 2, 2 ),
 ( 3, 2, 2, 2, 2, 2, 2, 2, 2, 2, 2, 2, 2, 2, 2, 2, 2, 2, 2, 2, 2, 2, 2, 2, 2, 2, 2, 2, 2, 2, 2, 2, 2, 2, 2, 2, 2, 2, 2, 2, 3 ),
 ( 0.000000000000000000, 1.000000000000000000 ),
 ( 0.000000000000000000, 0.02500000000000000139, 0.05000000000000000278, 0.07499999999999999722, 0.1000000000000000056, 0.1250000000000000000, 0.1499999999999999944, 0.1749999999999999889, 0.2000000000000000111, 0.2250000000000000056, 0.2500000000000000000, 0.2750000000000000222, 0.2999999999999999889, 0.3250000000000000111, 0.3499999999999999778, 0.3750000000000000000, 0.4000000000000000222, 0.4249999999999999889, 0.4500000000000000111, 0.4749999999999999778, 0.5000000000000000000, 0.5250000000000000222, 0.5500000000000000444, 0.5749999999999999556, 0.5999999999999999778, 0.6250000000000000000, 0.6500000000000000222, 0.6750000000000000444, 0.6999999999999999556, 0.7249999999999999778, 0.7500000000000000000, 0.7750000000000000222, 0.8000000000000000444, 0.8249999999999999556, 0.8499999999999999778, 0.8750000000000000000, 0.9000000000000000222, 0.9250000000000000444, 0.9499999999999999556, 0.9749999999999999778, 1.000000000000000000 ),
 .UNSPECIFIED. ) 
 GEOMETRIC_REPRESENTATION_ITEM ( )  RATIONAL_B_SPLINE_SURFACE ( (
 ( 1.000000000000000000, 0.9238795325112867385, 1.000000000000000000, 0.9238795325112867385, 1.000000000000000000, 0.9238795325112867385, 1.000000000000000000, 0.9238795325112867385, 1.000000000000000000, 0.9238795325112867385, 1.000000000000000000, 0.9238795325112867385, 1.000000000000000000, 0.9238795325112867385, 1.000000000000000000, 0.9238795325112867385, 1.000000000000000000, 0.9238795325112867385, 1.000000000000000000, 0.9238795325112867385, 1.000000000000000000, 0.9238795325112867385, 1.000000000000000000, 0.9238795325112867385, 1.000000000000000000, 0.9238795325112867385, 1.000000000000000000, 0.9238795325112867385, 1.000000000000000000, 0.9238795325112867385, 1.000000000000000000, 0.9238795325112867385, 1.000000000000000000, 0.9238795325112867385, 1.000000000000000000, 0.9238795325112867385, 1.000000000000000000, 0.9238795325112867385, 1.000000000000000000, 0.9238795325112867385, 1.000000000000000000, 0.9238795325112867385, 1.000000000000000000, 0.9238795325112867385, 1.000000000000000000, 0.9238795325112867385, 1.000000000000000000, 0.9238795325112867385, 1.000000000000000000, 0.9238795325112867385, 1.000000000000000000, 0.9238795325112867385, 1.000000000000000000, 0.9238795325112867385, 1.000000000000000000, 0.9238795325112867385, 1.000000000000000000, 0.9238795325112867385, 1.000000000000000000, 0.9238795325112867385, 1.000000000000000000, 0.9238795325112867385, 1.000000000000000000, 0.9238795325112867385, 1.000000000000000000, 0.9238795325112867385, 1.000000000000000000, 0.9238795325112867385, 1.000000000000000000, 0.9238795325112867385, 1.000000000000000000, 0.9238795325112867385, 1.000000000000000000, 0.9238795325112867385, 1.000000000000000000, 0.9238795325112867385, 1.000000000000000000, 0.9238795325112867385, 1.000000000000000000, 0.9238795325112867385, 1.000000000000000000),
 ( 1.000000000000000000, 0.9238795325112867385, 1.000000000000000000, 0.9238795325112867385, 1.000000000000000000, 0.9238795325112867385, 1.000000000000000000, 0.9238795325112867385, 1.000000000000000000, 0.9238795325112867385, 1.000000000000000000, 0.9238795325112867385, 1.000000000000000000, 0.9238795325112867385, 1.000000000000000000, 0.9238795325112867385, 1.000000000000000000, 0.9238795325112867385, 1.000000000000000000, 0.9238795325112867385, 1.000000000000000000, 0.9238795325112867385, 1.000000000000000000, 0.9238795325112867385, 1.000000000000000000, 0.9238795325112867385, 1.000000000000000000, 0.9238795325112867385, 1.000000000000000000, 0.9238795325112867385, 1.000000000000000000, 0.9238795325112867385, 1.000000000000000000, 0.9238795325112867385, 1.000000000000000000, 0.9238795325112867385, 1.000000000000000000, 0.9238795325112867385, 1.000000000000000000, 0.9238795325112867385, 1.000000000000000000, 0.9238795325112867385, 1.000000000000000000, 0.9238795325112867385, 1.000000000000000000, 0.9238795325112867385, 1.000000000000000000, 0.9238795325112867385, 1.000000000000000000, 0.9238795325112867385, 1.000000000000000000, 0.9238795325112867385, 1.000000000000000000, 0.9238795325112867385, 1.000000000000000000, 0.9238795325112867385, 1.000000000000000000, 0.9238795325112867385, 1.000000000000000000, 0.9238795325112867385, 1.000000000000000000, 0.9238795325112867385, 1.000000000000000000, 0.9238795325112867385, 1.000000000000000000, 0.9238795325112867385, 1.000000000000000000, 0.9238795325112867385, 1.000000000000000000, 0.9238795325112867385, 1.000000000000000000, 0.9238795325112867385, 1.000000000000000000, 0.9238795325112867385, 1.000000000000000000, 0.9238795325112867385, 1.000000000000000000, 0.9238795325112867385, 1.000000000000000000, 0.9238795325112867385, 1.000000000000000000) ) ) 
 REPRESENTATION_ITEM ( '' )  SURFACE ( )  );
#789 = CARTESIAN_POINT ( 'NONE',  ( -18.00119707814144832, -43.45873412499998523, 5.625000001365593860 ) ) ;
#790 = CARTESIAN_POINT ( 'NONE',  ( -18.22539674441618374, 44.00000000000000000, 4.812500000000000888 ) ) ;
#791 = CARTESIAN_POINT ( 'NONE',  ( -44.00000000000000000, 18.22539674441618374, 5.062500002731186832 ) ) ;
#792 = EDGE_CURVE ( 'NONE', #717, #817, #618, .T. ) ;
#793 = CARTESIAN_POINT ( 'NONE',  ( -30.72996560157071144, -30.72996560157072565, 1.812500001365593194 ) ) ;
#794 = ORIENTED_EDGE ( 'NONE', *, *, #792, .F. ) ;
#795 = CARTESIAN_POINT ( 'NONE',  ( -43.45873412499999233, 0.000000000000000000, 5.437500001365593860 ) ) ;
#796 = CARTESIAN_POINT ( 'NONE',  ( 18.00119707814144121, 43.45873412499999233, 4.125000001365593860 ) ) ;
#797 = CARTESIAN_POINT ( 'NONE',  ( 30.72996560157071499, 30.72996560157071855, 3.062500001365593860 ) ) ;
#798 = CARTESIAN_POINT ( 'NONE',  ( -44.00000000000000000, 0.000000000000000000, 7.000000000000000000 ) ) ;
#799 = CARTESIAN_POINT ( 'NONE',  ( 18.00119707814144121, 43.45873412499999233, 4.375000001365593860 ) ) ;
#800 = CARTESIAN_POINT ( 'NONE',  ( 44.00000000000004263, -18.22539674441614821, 4.437500000000001776 ) ) ;
#801 = CARTESIAN_POINT ( 'NONE',  ( 18.00119707814144121, 43.45873412499999233, 2.375000001365592972 ) ) ;
#802 = VERTEX_POINT ( 'NONE', #1064 ) ;
#803 = CARTESIAN_POINT ( 'NONE',  ( 30.72996560157071499, 30.72996560157071855, 3.062500001365593860 ) ) ;
#804 = CARTESIAN_POINT ( 'NONE',  ( -43.45873412499998523, -18.00119707814146963, 4.500000001365594748 ) ) ;
#805 = CARTESIAN_POINT ( 'NONE',  ( -44.00000000000000000, 0.000000000000000000, 4.000000000000000000 ) ) ;
#806 = VECTOR ( 'NONE', #513, 1000.000000000000000 ) ;
#807 = CARTESIAN_POINT ( 'NONE',  ( 43.45873412499999233, 5.322159964117709262E-15, 4.187500001365593860 ) ) ;
#808 = CARTESIAN_POINT ( 'NONE',  ( -43.99999999999999289, -18.22539674441621216, 6.062500000000000000 ) ) ;
#809 = CARTESIAN_POINT ( 'NONE',  ( 44.00000000000000000, 5.388445916248353619E-15, 4.500000000000000888 ) ) ;
#810 = ORIENTED_EDGE ( 'NONE', *, *, #483, .T. ) ;
#811 = CARTESIAN_POINT ( 'NONE',  ( 43.45873412499999233, 5.322159964117709262E-15, 5.937500001365593860 ) ) ;
#812 = CARTESIAN_POINT ( 'NONE',  ( 31.11269837220809364, -31.11269837220808654, 1.500000002731187276 ) ) ;
#813 = CARTESIAN_POINT ( 'NONE',  ( 8.082668874372530822E-15, -44.00000000000000000, 5.250000000000000000 ) ) ;
#814 = FACE_BOUND ( 'NONE', #776, .T. ) ;
#815 = CARTESIAN_POINT ( 'NONE',  ( -18.22539674441619439, -43.99999999999999289, 6.187500000000000000 ) ) ;
#816 = CARTESIAN_POINT ( 'NONE',  ( 44.00000000000000000, 5.388445916248353619E-15, 7.000000000000000000 ) ) ;
#817 = VERTEX_POINT ( 'NONE', #837 ) ;
#818 = CARTESIAN_POINT ( 'NONE',  ( 30.72996560157071499, 30.72996560157071855, 6.062500001365593860 ) ) ;
#819 = CARTESIAN_POINT ( 'NONE',  ( 43.45873412499999944, -18.00119707814143410, 5.875000001365592972 ) ) ;
#820 = CARTESIAN_POINT ( 'NONE',  ( -43.45873412499999233, 0.000000000000000000, 5.687500001365592972 ) ) ;
#821 = EDGE_CURVE ( 'NONE', #1260, #761, #214, .T. ) ;
#822 = AXIS2_PLACEMENT_3D ( 'NONE', #1091, #642, #524 ) ;
#823 = CARTESIAN_POINT ( 'NONE',  ( -18.22539674441619439, -43.99999999999999289, 2.312500002731188165 ) ) ;
#824 = CARTESIAN_POINT ( 'NONE',  ( -44.00000000000000000, 0.000000000000000000, 4.000000000000000000 ) ) ;
#825 = CARTESIAN_POINT ( 'NONE',  ( -43.45873412499999233, 18.00119707814144121, 2.375000001365593860 ) ) ;
#826 = ORIENTED_EDGE ( 'NONE', *, *, #252, .F. ) ;
#827 = DIRECTION ( 'NONE',  ( -1.000000000000000000, 0.000000000000000000, 0.000000000000000000 ) ) ;
#828 = CARTESIAN_POINT ( 'NONE',  ( -30.72996560157071855, 30.72996560157071855, 5.312500001365593860 ) ) ;
#829 = CARTESIAN_POINT ( 'NONE',  ( 43.45873412499999233, 18.00119707814144832, 6.250000001365592972 ) ) ;
#830 = CARTESIAN_POINT ( 'NONE',  ( 43.99999999999994316, -18.22539674441623703, 2.562500002731186832 ) ) ;
#831 = CARTESIAN_POINT ( 'NONE',  ( 44.00000000000000000, 5.388445916248353619E-15, 2.499999999999999556 ) ) ;
#832 = EDGE_LOOP ( 'NONE', ( #769, #484, #1463 ) ) ;
#833 = CARTESIAN_POINT ( 'NONE',  ( -44.00000000000000000, 18.22539674441618374, 2.062500002731186832 ) ) ;
#834 = CARTESIAN_POINT ( 'NONE',  ( -31.11269837220809364, 31.11269837220809364, 6.875000000000000000 ) ) ;
#835 = CARTESIAN_POINT ( 'NONE',  ( -18.22539674441618374, 44.00000000000000000, 2.812500000000000000 ) ) ;
#836 = ADVANCED_FACE ( 'NONE', ( #377 ), #487, .T. ) ;
#837 = CARTESIAN_POINT ( 'NONE',  ( -43.45873412499999233, 0.000000000000000000, 1.687500001365593194 ) ) ;
#838 = DIRECTION ( 'NONE',  ( -1.000000000000000000, 0.000000000000000000, 0.000000000000000000 ) ) ;
#839 = ADVANCED_FACE ( 'NONE', ( #1285 ), #604, .T. ) ;
#840 = ORIENTED_EDGE ( 'NONE', *, *, #710, .F. ) ;
#841 = CARTESIAN_POINT ( 'NONE',  ( 44.00000000000000000, 5.388445916248353619E-15, 5.625000002731186832 ) ) ;
#842 = CARTESIAN_POINT ( 'NONE',  ( -18.22539674441619084, -43.99999999999999289, 2.187500000000000444 ) ) ;
#843 = LINE ( 'NONE', #931, #656 ) ;
#844 = CARTESIAN_POINT ( 'NONE',  ( 18.00119707814144121, 43.45873412499999233, 6.375000001365592972 ) ) ;
#845 = PLANE ( 'NONE',  #760 ) ;
#846 =( BOUNDED_CURVE ( )  B_SPLINE_CURVE ( 2, ( #520, #1431, #1336, #1319, #530, #653, #547, #292, #1455, #430, #756, #1208, #1096, #984, #1439 ),
 .UNSPECIFIED., .F., .T. ) 
 B_SPLINE_CURVE_WITH_KNOTS ( ( 3, 2, 2, 2, 2, 2, 2, 3 ),
 ( 0.8250000005912428991, 0.8499999999999999778, 0.8750000000000000000, 0.9000000000000000222, 0.9250000000000000444, 0.9499999999999999556, 0.9749999999999999778, 1.000000000000000000 ),
 .UNSPECIFIED. ) 
 CURVE ( )  GEOMETRIC_REPRESENTATION_ITEM ( )  RATIONAL_B_SPLINE_CURVE ( ( 1.000000000000000000, 0.9238795325112867385, 1.000000000000000000, 0.9238795325112867385, 1.000000000000000000, 0.9238795325112867385, 1.000000000000000000, 0.9238795325112867385, 1.000000000000000000, 0.9238795325112867385, 1.000000000000000000, 0.9238795325112867385, 1.000000000000000000, 0.9238795325112867385, 1.000000000000000000 ) ) 
 REPRESENTATION_ITEM ( '' )  );
#847 = CARTESIAN_POINT ( 'NONE',  ( -43.72936706249999617, 0.000000000000000000, 1.281250002048390346 ) ) ;
#848 = CARTESIAN_POINT ( 'NONE',  ( -31.11269837220809364, 31.11269837220809364, 4.875000000000000000 ) ) ;
#849 = CARTESIAN_POINT ( 'NONE',  ( -31.11269837220809364, 31.11269837220809364, 3.000000002731186832 ) ) ;
#850 = FACE_OUTER_BOUND ( 'NONE', #703, .T. ) ;
#851 = CARTESIAN_POINT ( 'NONE',  ( 43.45873412499999233, 18.00119707814144832, 2.000000001365593416 ) ) ;
#852 = DIRECTION ( 'NONE',  ( -0.000000000000000000, -0.000000000000000000, -1.000000000000000000 ) ) ;
#853 = DIRECTION ( 'NONE',  ( -0.000000000000000000, -0.000000000000000000, -1.000000000000000000 ) ) ;
#854 = VECTOR ( 'NONE', #1174, 1000.000000000000000 ) ;
#855 = CARTESIAN_POINT ( 'NONE',  ( 0.000000000000000000, 0.000000000000000000, 7.000000000000000000 ) ) ;
#856 = CARTESIAN_POINT ( 'NONE',  ( 42.00000000000000000, 0.000000000000000000, 7.000000000000000000 ) ) ;
#857 = AXIS2_PLACEMENT_3D ( 'NONE', #532, #764, #188 ) ;
#858 = EDGE_LOOP ( 'NONE', ( #892, #1221 ) ) ;
#859 = CARTESIAN_POINT ( 'NONE',  ( 18.00119707814146608, -43.45873412499998523, 2.750000001365593860 ) ) ;
#860 = CARTESIAN_POINT ( 'NONE',  ( 7.983239946176564682E-15, -43.45873412499999233, 4.937500001365593860 ) ) ;
#861 = CARTESIAN_POINT ( 'NONE',  ( -2.694222958124176809E-15, 44.00000000000000000, 4.875000002731186832 ) ) ;
#862 = PRODUCT ( 'Хрум_зад (1)', 'Хрум_зад (1)', '', ( #301 ) ) ;
#863 = CARTESIAN_POINT ( 'NONE',  ( 18.22539674441620861, -43.99999999999999289, 4.437500002731187720 ) ) ;
#864 =( NAMED_UNIT ( * ) PLANE_ANGLE_UNIT ( ) SI_UNIT ( $, .RADIAN. ) );
#865 = CARTESIAN_POINT ( 'NONE',  ( -44.00000000000000000, 0.000000000000000000, 4.000000000000000000 ) ) ;
#866 = CARTESIAN_POINT ( 'NONE',  ( 43.45873412499999233, 5.322159964117709262E-15, 1.937500001365593416 ) ) ;
#867 = ORIENTED_EDGE ( 'NONE', *, *, #193, .F. ) ;
#868 = CARTESIAN_POINT ( 'NONE',  ( 44.00000000000000000, 5.388445916248353619E-15, 1.625000002731186610 ) ) ;
#869 = CARTESIAN_POINT ( 'NONE',  ( 18.00119707814146608, -43.45873412499998523, 5.000000001365593860 ) ) ;
#870 = SURFACE_STYLE_FILL_AREA ( #750 ) ;
#871 = CARTESIAN_POINT ( 'NONE',  ( -43.72936706249999617, 0.000000000000000000, 6.281250002048390790 ) ) ;
#872 = CARTESIAN_POINT ( 'NONE',  ( -18.00119707814145187, -43.45873412499998523, 1.625000001365594304 ) ) ;
#873 = ORIENTED_EDGE ( 'NONE', *, *, #193, .T. ) ;
#874 = CARTESIAN_POINT ( 'NONE',  ( -44.00000000000000000, 18.22539674441618374, 2.062500002731186832 ) ) ;
#875 = CARTESIAN_POINT ( 'NONE',  ( 30.72996560157071499, 30.72996560157071855, 3.312500001365593416 ) ) ;
#876 = DIRECTION ( 'NONE',  ( -0.8660254037844404840, -0.000000000000000000, -0.4999999999999967804 ) ) ;
#877 = CARTESIAN_POINT ( 'NONE',  ( 43.45873412499999233, 18.00119707814145187, 2.000000001365593416 ) ) ;
#878 = EDGE_CURVE ( 'NONE', #1115, #1260, #1058, .T. ) ;
#879 = CARTESIAN_POINT ( 'NONE',  ( 43.45873412499999233, 18.00119707814145187, 6.000000001365592972 ) ) ;
#880 = CARTESIAN_POINT ( 'NONE',  ( -18.22539674441618374, 44.00000000000000000, 3.937500002731186388 ) ) ;
#881 = CARTESIAN_POINT ( 'NONE',  ( 43.45873412499999233, 5.322159964117709262E-15, 4.187500001365593860 ) ) ;
#882 = SURFACE_SIDE_STYLE ('',( #641 ) ) ;
#883 = FACE_OUTER_BOUND ( 'NONE', #324, .T. ) ;
#884 = CARTESIAN_POINT ( 'NONE',  ( 18.00119707814146608, -43.45873412499998523, 6.000000001365592972 ) ) ;
#885 = EDGE_CURVE ( 'NONE', #240, #761, #948, .T. ) ;
#886 = VERTEX_POINT ( 'NONE', #1292 ) ;
#887 =( BOUNDED_CURVE ( )  B_SPLINE_CURVE ( 2, ( #164, #830, #963, #707, #359, #823, #24, #481, #939 ),
 .UNSPECIFIED., .F., .T. ) 
 B_SPLINE_CURVE_WITH_KNOTS ( ( 3, 2, 2, 2, 3 ),
 ( 0.7000000000000000666, 0.7250000000000000888, 0.7500000000000000000, 0.7750000000000000222, 0.8000000000000000444 ),
 .UNSPECIFIED. ) 
 CURVE ( )  GEOMETRIC_REPRESENTATION_ITEM ( )  RATIONAL_B_SPLINE_CURVE ( ( 0.9999999999999996669, 0.9238795325112870716, 1.000000000000000000, 0.9238795325112867385, 1.000000000000000000, 0.9238795325112867385, 1.000000000000000000, 0.9238795325112867385, 1.000000000000000000 ) ) 
 REPRESENTATION_ITEM ( '' )  );
#888 = DIRECTION ( 'NONE',  ( -1.000000000000000000, 0.000000000000000000, 0.000000000000000000 ) ) ;
#889 = CARTESIAN_POINT ( 'NONE',  ( 31.11269837220808654, 31.11269837220809364, 3.750000002731187276 ) ) ;
#890 = CARTESIAN_POINT ( 'NONE',  ( 30.72996560157071499, 30.72996560157071855, 2.312500001365592972 ) ) ;
#891 = CARTESIAN_POINT ( 'NONE',  ( -30.72996560157071855, 30.72996560157071855, 2.562500001365592972 ) ) ;
#892 = ORIENTED_EDGE ( 'NONE', *, *, #414, .F. ) ;
#893 =( BOUNDED_CURVE ( )  B_SPLINE_CURVE ( 2, ( #1051, #512, #972, #482, #1302, #254, #1424, #135, #831 ),
 .UNSPECIFIED., .F., .T. ) 
 B_SPLINE_CURVE_WITH_KNOTS ( ( 3, 2, 2, 2, 3 ),
 ( 0.8000000000000000444, 0.8249999999999999556, 0.8499999999999999778, 0.8750000000000000000, 0.9000000000000000222 ),
 .UNSPECIFIED. ) 
 CURVE ( )  GEOMETRIC_REPRESENTATION_ITEM ( )  RATIONAL_B_SPLINE_CURVE ( ( 1.000000000000000000, 0.9238795325112867385, 1.000000000000000000, 0.9238795325112867385, 1.000000000000000000, 0.9238795325112867385, 1.000000000000000000, 0.9238795325112867385, 1.000000000000000000 ) ) 
 REPRESENTATION_ITEM ( '' )  );
#894 = CARTESIAN_POINT ( 'NONE',  ( -18.00119707814145187, 43.45873412499999233, 5.500000001365592972 ) ) ;
#895 = CARTESIAN_POINT ( 'NONE',  ( -18.00119707814145187, 43.45873412499999233, 3.500000001365592528 ) ) ;
#896 = ORIENTED_EDGE ( 'NONE', *, *, #710, .T. ) ;
#897 = CARTESIAN_POINT ( 'NONE',  ( 43.45873412499999944, -18.00119707814143410, 5.875000001365594748 ) ) ;
#898 = CARTESIAN_POINT ( 'NONE',  ( 44.00000000000000000, 5.388445916248353619E-15, 4.500000000000000888 ) ) ;
#899 = AXIS2_PLACEMENT_3D ( 'NONE', #1343, #1222, #82 ) ;
#900 = CARTESIAN_POINT ( 'NONE',  ( -18.22539674441618374, 44.00000000000000000, 4.937500002731185944 ) ) ;
#901 = CARTESIAN_POINT ( 'NONE',  ( -43.45873412499998523, -18.00119707814146963, 3.750000001365593416 ) ) ;
#902 = EDGE_LOOP ( 'NONE', ( #445, #198, #1232, #1437 ) ) ;
#903 = CARTESIAN_POINT ( 'NONE',  ( -43.45873412499999233, 0.000000000000000000, 4.437500001365593860 ) ) ;
#904 = CARTESIAN_POINT ( 'NONE',  ( 18.00119707814146608, -43.45873412499998523, 3.750000001365593860 ) ) ;
#905 = CARTESIAN_POINT ( 'NONE',  ( -44.00000000000000000, 18.22539674441618374, 5.937500000000000000 ) ) ;
#906 = CARTESIAN_POINT ( 'NONE',  ( 18.00119707814146608, -43.45873412499998523, 3.000000001365592972 ) ) ;
#907 = CYLINDRICAL_SURFACE ( 'NONE', #555, 42.00000000000000000 ) ;
#908 = CARTESIAN_POINT ( 'NONE',  ( -43.45873412499999233, 18.00119707814144476, 2.625000001365592972 ) ) ;
#909 = ORIENTED_EDGE ( 'NONE', *, *, #1405, .T. ) ;
#910 = CARTESIAN_POINT ( 'NONE',  ( -43.45873412499999233, 18.00119707814144476, 5.375000001365593860 ) ) ;
#911 = VECTOR ( 'NONE', #302, 1000.000000000000000 ) ;
#912 = CARTESIAN_POINT ( 'NONE',  ( -2.661079982058854631E-15, 43.45873412499999233, 3.187500001365593416 ) ) ;
#913 = CARTESIAN_POINT ( 'NONE',  ( -44.00000000000000000, 0.000000000000000000, 1.125000002731186832 ) ) ;
#914 = CARTESIAN_POINT ( 'NONE',  ( 18.22539674441618374, 44.00000000000000000, 6.687500000000000888 ) ) ;
#915 = CARTESIAN_POINT ( 'NONE',  ( 43.45873412499999944, -18.00119707814143410, 4.125000001365593860 ) ) ;
#916 = CARTESIAN_POINT ( 'NONE',  ( -2.694222958124176809E-15, 44.00000000000000000, 5.750000000000000000 ) ) ;
#917 = CARTESIAN_POINT ( 'NONE',  ( 30.72996560157071499, 30.72996560157071855, 2.062500001365593416 ) ) ;
#918 = ORIENTED_EDGE ( 'NONE', *, *, #208, .F. ) ;
#919 = AXIS2_PLACEMENT_3D ( 'NONE', #624, #1397, #961 ) ;
#920 = CARTESIAN_POINT ( 'NONE',  ( 30.72996560157072565, -30.72996560157071499, 4.812500001365593860 ) ) ;
#921 = CARTESIAN_POINT ( 'NONE',  ( -43.45873412499999233, 0.000000000000000000, 5.437500001365593860 ) ) ;
#922 = CARTESIAN_POINT ( 'NONE',  ( -31.11269837220808299, -31.11269837220809364, 6.125000000000000000 ) ) ;
#923 = CARTESIAN_POINT ( 'NONE',  ( 43.45873412499999233, 18.00119707814144832, 4.250000001365593860 ) ) ;
#924 = CARTESIAN_POINT ( 'NONE',  ( 18.22539674441620861, -43.99999999999999289, 4.312500000000000888 ) ) ;
#925 = CARTESIAN_POINT ( 'NONE',  ( 43.45873412499999233, 5.322159964117709262E-15, 2.937500001365593860 ) ) ;
#926 = ORIENTED_EDGE ( 'NONE', *, *, #503, .T. ) ;
#927 = EDGE_CURVE ( 'NONE', #886, #717, #267, .T. ) ;
#928 = CARTESIAN_POINT ( 'NONE',  ( 31.11269837220808654, 31.11269837220809364, 4.625000000000000888 ) ) ;
#929 = CARTESIAN_POINT ( 'NONE',  ( -18.00119707814145187, 43.45873412499999233, 6.250000001365593860 ) ) ;
#930 = CARTESIAN_POINT ( 'NONE',  ( 8.082668874372530822E-15, -44.00000000000000000, 4.250000000000000000 ) ) ;
#931 = CARTESIAN_POINT ( 'NONE',  ( -43.45873412499999233, 0.000000000000000000, 6.562500001365593860 ) ) ;
#932 = CARTESIAN_POINT ( 'NONE',  ( -18.22539674441618374, 44.00000000000000000, 5.812500000000000000 ) ) ;
#933 =( BOUNDED_CURVE ( )  B_SPLINE_CURVE ( 2, ( #369, #1279, #715, #1168, #1107, #1344, #889, #307, #1312 ),
 .UNSPECIFIED., .F., .T. ) 
 B_SPLINE_CURVE_WITH_KNOTS ( ( 3, 2, 2, 2, 3 ),
 ( 0.4000000000000000222, 0.4249999999999999889, 0.4500000000000000111, 0.4749999999999999778, 0.5000000000000000000 ),
 .UNSPECIFIED. ) 
 CURVE ( )  GEOMETRIC_REPRESENTATION_ITEM ( )  RATIONAL_B_SPLINE_CURVE ( ( 1.000000000000000000, 0.9238795325112867385, 1.000000000000000000, 0.9238795325112867385, 1.000000000000000000, 0.9238795325112867385, 1.000000000000000000, 0.9238795325112867385, 1.000000000000000000 ) ) 
 REPRESENTATION_ITEM ( '' )  );
#934 = CARTESIAN_POINT ( 'NONE',  ( -43.45873412499998523, -18.00119707814146963, 1.500000001365594082 ) ) ;
#935 = ORIENTED_EDGE ( 'NONE', *, *, #950, .F. ) ;
#936 = CARTESIAN_POINT ( 'NONE',  ( -44.00000000000000000, 0.000000000000000000, 2.125000002731186832 ) ) ;
#937 = CARTESIAN_POINT ( 'NONE',  ( 7.983239946176564682E-15, -43.45873412499999233, 3.687500001365593860 ) ) ;
#938 = CARTESIAN_POINT ( 'NONE',  ( -2.661079982058854631E-15, 43.45873412499999233, 5.437500001365592972 ) ) ;
#939 = CARTESIAN_POINT ( 'NONE',  ( -44.00000000000000000, 0.000000000000000000, 2.125000002731186832 ) ) ;
#940 = CARTESIAN_POINT ( 'NONE',  ( 31.11269837220809364, -31.11269837220808654, 4.500000002731187720 ) ) ;
#941 =( BOUNDED_CURVE ( )  B_SPLINE_CURVE ( 2, ( #841, #1047, #21, #1395, #1055, #606, #594, #42, #1399 ),
 .UNSPECIFIED., .F., .T. ) 
 B_SPLINE_CURVE_WITH_KNOTS ( ( 3, 2, 2, 2, 3 ),
 ( 0.1000000000000000888, 0.1250000000000000555, 0.1500000000000000222, 0.1750000000000000167, 0.2000000000000000111 ),
 .UNSPECIFIED. ) 
 CURVE ( )  GEOMETRIC_REPRESENTATION_ITEM ( )  RATIONAL_B_SPLINE_CURVE ( ( 0.9999999999999997780, 0.9238795325112869605, 1.000000000000000000, 0.9238795325112867385, 1.000000000000000000, 0.9238795325112867385, 1.000000000000000000, 0.9238795325112867385, 1.000000000000000000 ) ) 
 REPRESENTATION_ITEM ( '' )  );
#942 = DIRECTION ( 'NONE',  ( 0.000000000000000000, 0.000000000000000000, 1.000000000000000000 ) ) ;
#943 = EDGE_CURVE ( 'NONE', #192, #567, #887, .T. ) ;
#944 = AXIS2_PLACEMENT_3D ( 'NONE', #285, #1200, #990 ) ;
#945 = CARTESIAN_POINT ( 'NONE',  ( -44.00000000000000000, 0.000000000000000000, 4.000000000000000000 ) ) ;
#946 = CARTESIAN_POINT ( 'NONE',  ( 30.72996560157072565, -30.72996560157071499, 5.812500001365593860 ) ) ;
#947 = CARTESIAN_POINT ( 'NONE',  ( 30.72996560157071499, 30.72996560157071855, 6.312500001365592972 ) ) ;
#948 = LINE ( 'NONE', #1189, #85 ) ;
#949 = CYLINDRICAL_SURFACE ( 'NONE', #544, 44.00000000000000000 ) ;
#950 = EDGE_CURVE ( 'NONE', #113, #1342, #933, .T. ) ;
#951 = ORIENTED_EDGE ( 'NONE', *, *, #878, .F. ) ;
#952 = CARTESIAN_POINT ( 'NONE',  ( -18.22539674441618374, 44.00000000000000000, 3.812500000000000000 ) ) ;
#953 = CARTESIAN_POINT ( 'NONE',  ( 7.983239946176564682E-15, -43.45873412499999233, 1.687500001365594082 ) ) ;
#954 = CARTESIAN_POINT ( 'NONE',  ( 31.11269837220808654, 31.11269837220809364, 2.624999999999999556 ) ) ;
#955 = CARTESIAN_POINT ( 'NONE',  ( 0.000000000000000000, 0.000000000000000000, 2.000000000000000000 ) ) ;
#956 = CARTESIAN_POINT ( 'NONE',  ( -18.00119707814145187, 43.45873412499999233, 6.500000001365592972 ) ) ;
#957 = DIRECTION ( 'NONE',  ( 0.000000000000000000, -1.000000000000000000, 0.000000000000000000 ) ) ;
#958 = CARTESIAN_POINT ( 'NONE',  ( 0.000000000000000000, 0.000000000000000000, 7.000000000000000000 ) ) ;
#959 = CARTESIAN_POINT ( 'NONE',  ( 0.000000000000000000, 0.000000000000000000, 7.000000000000000000 ) ) ;
#960 = CARTESIAN_POINT ( 'NONE',  ( -43.45873412499999233, 18.00119707814144476, 2.375000001365593860 ) ) ;
#961 = DIRECTION ( 'NONE',  ( -1.000000000000000000, 0.000000000000000000, 0.000000000000000000 ) ) ;
#962 = CARTESIAN_POINT ( 'NONE',  ( 31.11269837220809364, -31.11269837220808654, 5.500000002731187720 ) ) ;
#963 = CARTESIAN_POINT ( 'NONE',  ( 31.11269837220809364, -31.11269837220808654, 2.500000002731186832 ) ) ;
#964 = CARTESIAN_POINT ( 'NONE',  ( 44.00000000000000000, 5.388445916248353619E-15, 3.625000002731186832 ) ) ;
#965 = AXIS2_PLACEMENT_3D ( 'NONE', #1443, #416, #506 ) ;
#966 = SURFACE_STYLE_USAGE ( .BOTH. , #731 ) ;
#967 = CARTESIAN_POINT ( 'NONE',  ( 44.00000000000000000, 5.388445916248353619E-15, 5.625000002731186832 ) ) ;
#968 = CARTESIAN_POINT ( 'NONE',  ( 0.000000000000000000, 0.000000000000000000, 2.000000000000000000 ) ) ;
#969 = CARTESIAN_POINT ( 'NONE',  ( 18.00119707814146608, -43.45873412499998523, 6.000000001365593860 ) ) ;
#970 = CARTESIAN_POINT ( 'NONE',  ( 43.45873412499999233, 18.00119707814145187, 4.000000001365593860 ) ) ;
#971 = CARTESIAN_POINT ( 'NONE',  ( -44.00000000000000000, 18.22539674441618374, 6.062500002731186832 ) ) ;
#972 = CARTESIAN_POINT ( 'NONE',  ( -31.11269837220809364, 31.11269837220809364, 2.875000000000000000 ) ) ;
#973 = CARTESIAN_POINT ( 'NONE',  ( 18.22539674441620861, -43.99999999999999289, 3.312500000000000000 ) ) ;
#974 = CARTESIAN_POINT ( 'NONE',  ( 30.72996560157071499, 30.72996560157071855, 5.312500001365592972 ) ) ;
#975 = MECHANICAL_DESIGN_GEOMETRIC_PRESENTATION_REPRESENTATION (  '', ( #518 ), #322 ) ;
#976 = EDGE_CURVE ( 'NONE', #318, #312, #1234, .T. ) ;
#977 = CARTESIAN_POINT ( 'NONE',  ( 18.22539674441620505, -43.99999999999999289, 2.437500002731187276 ) ) ;
#978 = CARTESIAN_POINT ( 'NONE',  ( 30.72996560157071499, 30.72996560157071855, 5.312500001365592972 ) ) ;
#979 = DIRECTION ( 'NONE',  ( 1.000000000000000000, 0.000000000000000000, 0.000000000000000000 ) ) ;
#980 = CARTESIAN_POINT ( 'NONE',  ( 44.00000000000000000, 5.388445916248353619E-15, 2.499999999999999556 ) ) ;
#981 = CARTESIAN_POINT ( 'NONE',  ( 30.72996560157071499, 30.72996560157071855, 2.062500001365593416 ) ) ;
#982 = EDGE_LOOP ( 'NONE', ( #1122, #491 ) ) ;
#983 = CARTESIAN_POINT ( 'NONE',  ( 18.22539674441618374, 44.00000000000000000, 2.812500002731187720 ) ) ;
#984 = CARTESIAN_POINT ( 'NONE',  ( -43.99999999999999289, -18.22539674441621216, 1.187500002731187276 ) ) ;
#985 = CARTESIAN_POINT ( 'NONE',  ( 43.45873412499999233, 18.00119707814145187, 5.250000001365592972 ) ) ;
#986 = CARTESIAN_POINT ( 'NONE',  ( -44.00000000000000000, 18.22539674441618374, 6.062500002731186832 ) ) ;
#987 = CARTESIAN_POINT ( 'NONE',  ( -43.45873412499999233, 18.00119707814144476, 3.375000001365593860 ) ) ;
#988 = ORIENTED_EDGE ( 'NONE', *, *, #787, .F. ) ;
#989 = CARTESIAN_POINT ( 'NONE',  ( 18.22539674441620505, -43.99999999999999289, 3.437500002731186832 ) ) ;
#990 = DIRECTION ( 'NONE',  ( 0.000000000000000000, -0.000000000000000000, 1.000000000000000000 ) ) ;
#991 = CARTESIAN_POINT ( 'NONE',  ( -30.72996560157071855, 30.72996560157071855, 5.562500001365592972 ) ) ;
#992 =( NAMED_UNIT ( * ) PLANE_ANGLE_UNIT ( ) SI_UNIT ( $, .RADIAN. ) );
#993 = ADVANCED_FACE ( 'NONE', ( #195 ), #511, .F. ) ;
#994 = CARTESIAN_POINT ( 'NONE',  ( 18.22539674441620861, -43.99999999999999289, 6.312500000000000000 ) ) ;
#995 = CARTESIAN_POINT ( 'NONE',  ( 30.72996560157071499, 30.72996560157071855, 6.312500001365592972 ) ) ;
#996 = COLOUR_RGB ( '',0.7921568627450980005, 0.8196078431372548767, 0.9333333333333333481 ) ;
#997 = VERTEX_POINT ( 'NONE', #748 ) ;
#998 = CARTESIAN_POINT ( 'NONE',  ( -18.00119707814145187, 43.45873412499999233, 6.250000001365593860 ) ) ;
#999 = CARTESIAN_POINT ( 'NONE',  ( -31.11269837220808299, -31.11269837220809364, 2.250000002731187276 ) ) ;
#1000 = CARTESIAN_POINT ( 'NONE',  ( 0.000000000000000000, 0.000000000000000000, 2.000000000000000000 ) ) ;
#1001 = CARTESIAN_POINT ( 'NONE',  ( -30.72996560157071144, -30.72996560157072565, 4.812500001365592972 ) ) ;
#1002 = CARTESIAN_POINT ( 'NONE',  ( 7.983239946176564682E-15, -43.45873412499999233, 2.687500001365593860 ) ) ;
#1003 = ORIENTED_EDGE ( 'NONE', *, *, #304, .T. ) ;
#1004 = CARTESIAN_POINT ( 'NONE',  ( 43.45873412499999944, -18.00119707814143410, 2.125000001365593416 ) ) ;
#1005 = CARTESIAN_POINT ( 'NONE',  ( -43.45873412499999233, 18.00119707814144476, 3.625000001365592972 ) ) ;
#1006 = ORIENTED_EDGE ( 'NONE', *, *, #235, .F. ) ;
#1007 = CARTESIAN_POINT ( 'NONE',  ( 43.45873412499999233, 18.00119707814144832, 4.000000001365593860 ) ) ;
#1008 = CARTESIAN_POINT ( 'NONE',  ( -2.694222958124176809E-15, 44.00000000000000000, 4.750000000000000000 ) ) ;
#1009 = APPLICATION_CONTEXT ( 'automotive_design' ) ;
#1010 = CARTESIAN_POINT ( 'NONE',  ( 30.72996560157071499, 30.72996560157071855, 2.312500001365592972 ) ) ;
#1011 = CARTESIAN_POINT ( 'NONE',  ( 43.45873412499999233, 18.00119707814145187, 2.250000001365592528 ) ) ;
#1012 = MECHANICAL_DESIGN_GEOMETRIC_PRESENTATION_REPRESENTATION (  '', ( #178 ), #1329 ) ;
#1013 = ORIENTED_EDGE ( 'NONE', *, *, #821, .T. ) ;
#1014 = CARTESIAN_POINT ( 'NONE',  ( 43.45873412499999944, -18.00119707814143410, 3.875000001365593860 ) ) ;
#1015 = CARTESIAN_POINT ( 'NONE',  ( 18.00119707814146608, -43.45873412499998523, 2.000000001365593416 ) ) ;
#1016 = CARTESIAN_POINT ( 'NONE',  ( 43.45873412499999233, 5.322159964117709262E-15, 3.187500001365593416 ) ) ;
#1017 = CYLINDRICAL_SURFACE ( 'NONE', #362, 44.00000000000000000 ) ;
#1018 = CARTESIAN_POINT ( 'NONE',  ( -30.72996560157071144, -30.72996560157072565, 3.812500001365593416 ) ) ;
#1019 = ORIENTED_EDGE ( 'NONE', *, *, #1236, .T. ) ;
#1020 = CARTESIAN_POINT ( 'NONE',  ( 43.45873412499999233, 5.322159964117709262E-15, 4.937500001365594748 ) ) ;
#1021 = CARTESIAN_POINT ( 'NONE',  ( -30.72996560157071144, -30.72996560157072565, 4.562500001365593860 ) ) ;
#1022 = CARTESIAN_POINT ( 'NONE',  ( 30.72996560157071499, 30.72996560157071855, 6.062500001365593860 ) ) ;
#1023 = CARTESIAN_POINT ( 'NONE',  ( 44.00000000000001421, -18.22539674441618018, 5.437499999999999112 ) ) ;
#1024 = CARTESIAN_POINT ( 'NONE',  ( 43.45873412499999233, 18.00119707814144832, 2.250000001365592972 ) ) ;
#1025 = CARTESIAN_POINT ( 'NONE',  ( 44.00000000000000000, 5.388445916248353619E-15, 5.500000000000000000 ) ) ;
#1026 = CARTESIAN_POINT ( 'NONE',  ( 43.45873412499999944, -18.00119707814143410, 2.875000001365594304 ) ) ;
#1027 = ORIENTED_EDGE ( 'NONE', *, *, #146, .F. ) ;
#1028 = AXIS2_PLACEMENT_3D ( 'NONE', #27, #942, #1398 ) ;
#1029 = CARTESIAN_POINT ( 'NONE',  ( 30.72996560157071499, 30.72996560157071855, 5.062500001365594748 ) ) ;
#1030 = CARTESIAN_POINT ( 'NONE',  ( 43.45873412499999233, 18.00119707814145187, 5.000000001365594748 ) ) ;
#1031 = CARTESIAN_POINT ( 'NONE',  ( 18.22539674441620505, -43.99999999999999289, 4.312500000000000888 ) ) ;
#1032 = CARTESIAN_POINT ( 'NONE',  ( -18.00119707814144832, 43.45873412499999233, 2.500000001365592972 ) ) ;
#1033 = FACE_OUTER_BOUND ( 'NONE', #1155, .T. ) ;
#1034 =( BOUNDED_SURFACE ( )  B_SPLINE_SURFACE ( 1, 2, ( 
 ( #1392, #971, #26, #1045, #354, #1164, #1035, #230, #500, #361, #962, #238, #276, #625, #54, #10, #1385, #1154, #127, #400, #861, #111, #1311, #284, #421, #645, #771, #1454, #77, #1325, #405, #652, #1447, #1087, #639, #880, #83, #1223, #529, #538, #1318, #1095, #1106, #989, #747, #62, #291, #755, #1207, #179, #69, #632, #1112, #983, #1335, #519, #306, #546, #194, #977, #1217, #1438, #999, #411, #429, #874, #298, #762, #185, #1199, #173, #1430, #868, #1481, #812, #6, #1388, #1381, #479, #349, #913 ),
 ( #1132, #107, #242, #929, #1040, #29, #1022, #571, #456, #819, #946, #463, #1373, #132, #1056, #705, #921, #22, #828, #14, #682, #1262, #472, #1030, #341, #357, #1166, #713, #595, #218, #485, #804, #1270, #1255, #233, #366, #1151, #139, #1158, #697, #123, #1048, #226, #690, #937, #587, #1396, #1277, #250, #602, #333, #1142, #115, #580, #797, #1245, #615, #1400, #397, #859, #51, #273, #1308, #1085, #1186, #960, #35, #282, #1076, #719, #265, #508, #1196, #744, #154, #160, #953, #725, #734, #623, #374 ) ),
 .UNSPECIFIED., .F., .F., .F. ) 
 B_SPLINE_SURFACE_WITH_KNOTS ( ( 2, 2 ),
 ( 3, 2, 2, 2, 2, 2, 2, 2, 2, 2, 2, 2, 2, 2, 2, 2, 2, 2, 2, 2, 2, 2, 2, 2, 2, 2, 2, 2, 2, 2, 2, 2, 2, 2, 2, 2, 2, 2, 2, 2, 3 ),
 ( 0.000000000000000000, 1.000000000000000000 ),
 ( 0.000000000000000000, 0.02500000000000000139, 0.05000000000000000278, 0.07499999999999999722, 0.1000000000000000056, 0.1250000000000000000, 0.1499999999999999944, 0.1749999999999999889, 0.2000000000000000111, 0.2250000000000000056, 0.2500000000000000000, 0.2750000000000000222, 0.2999999999999999889, 0.3250000000000000111, 0.3499999999999999778, 0.3750000000000000000, 0.4000000000000000222, 0.4249999999999999889, 0.4500000000000000111, 0.4749999999999999778, 0.5000000000000000000, 0.5250000000000000222, 0.5500000000000000444, 0.5749999999999999556, 0.5999999999999999778, 0.6250000000000000000, 0.6500000000000000222, 0.6750000000000000444, 0.6999999999999999556, 0.7249999999999999778, 0.7500000000000000000, 0.7750000000000000222, 0.8000000000000000444, 0.8249999999999999556, 0.8499999999999999778, 0.8750000000000000000, 0.9000000000000000222, 0.9250000000000000444, 0.9499999999999999556, 0.9749999999999999778, 1.000000000000000000 ),
 .UNSPECIFIED. ) 
 GEOMETRIC_REPRESENTATION_ITEM ( )  RATIONAL_B_SPLINE_SURFACE ( (
 ( 1.000000000000000000, 0.9238795325112867385, 1.000000000000000000, 0.9238795325112867385, 1.000000000000000000, 0.9238795325112867385, 1.000000000000000000, 0.9238795325112867385, 1.000000000000000000, 0.9238795325112867385, 1.000000000000000000, 0.9238795325112867385, 1.000000000000000000, 0.9238795325112867385, 1.000000000000000000, 0.9238795325112867385, 1.000000000000000000, 0.9238795325112867385, 1.000000000000000000, 0.9238795325112867385, 1.000000000000000000, 0.9238795325112867385, 1.000000000000000000, 0.9238795325112867385, 1.000000000000000000, 0.9238795325112867385, 1.000000000000000000, 0.9238795325112867385, 1.000000000000000000, 0.9238795325112867385, 1.000000000000000000, 0.9238795325112867385, 1.000000000000000000, 0.9238795325112867385, 1.000000000000000000, 0.9238795325112867385, 1.000000000000000000, 0.9238795325112867385, 1.000000000000000000, 0.9238795325112867385, 1.000000000000000000, 0.9238795325112867385, 1.000000000000000000, 0.9238795325112867385, 1.000000000000000000, 0.9238795325112867385, 1.000000000000000000, 0.9238795325112867385, 1.000000000000000000, 0.9238795325112867385, 1.000000000000000000, 0.9238795325112867385, 1.000000000000000000, 0.9238795325112867385, 1.000000000000000000, 0.9238795325112867385, 1.000000000000000000, 0.9238795325112867385, 1.000000000000000000, 0.9238795325112867385, 1.000000000000000000, 0.9238795325112867385, 1.000000000000000000, 0.9238795325112867385, 1.000000000000000000, 0.9238795325112867385, 1.000000000000000000, 0.9238795325112867385, 1.000000000000000000, 0.9238795325112867385, 1.000000000000000000, 0.9238795325112867385, 1.000000000000000000, 0.9238795325112867385, 1.000000000000000000, 0.9238795325112867385, 1.000000000000000000, 0.9238795325112867385, 1.000000000000000000, 0.9238795325112867385, 1.000000000000000000),
 ( 1.000000000000000000, 0.9238795325112867385, 1.000000000000000000, 0.9238795325112867385, 1.000000000000000000, 0.9238795325112867385, 1.000000000000000000, 0.9238795325112867385, 1.000000000000000000, 0.9238795325112867385, 1.000000000000000000, 0.9238795325112867385, 1.000000000000000000, 0.9238795325112867385, 1.000000000000000000, 0.9238795325112867385, 1.000000000000000000, 0.9238795325112867385, 1.000000000000000000, 0.9238795325112867385, 1.000000000000000000, 0.9238795325112867385, 1.000000000000000000, 0.9238795325112867385, 1.000000000000000000, 0.9238795325112867385, 1.000000000000000000, 0.9238795325112867385, 1.000000000000000000, 0.9238795325112867385, 1.000000000000000000, 0.9238795325112867385, 1.000000000000000000, 0.9238795325112867385, 1.000000000000000000, 0.9238795325112867385, 1.000000000000000000, 0.9238795325112867385, 1.000000000000000000, 0.9238795325112867385, 1.000000000000000000, 0.9238795325112867385, 1.000000000000000000, 0.9238795325112867385, 1.000000000000000000, 0.9238795325112867385, 1.000000000000000000, 0.9238795325112867385, 1.000000000000000000, 0.9238795325112867385, 1.000000000000000000, 0.9238795325112867385, 1.000000000000000000, 0.9238795325112867385, 1.000000000000000000, 0.9238795325112867385, 1.000000000000000000, 0.9238795325112867385, 1.000000000000000000, 0.9238795325112867385, 1.000000000000000000, 0.9238795325112867385, 1.000000000000000000, 0.9238795325112867385, 1.000000000000000000, 0.9238795325112867385, 1.000000000000000000, 0.9238795325112867385, 1.000000000000000000, 0.9238795325112867385, 1.000000000000000000, 0.9238795325112867385, 1.000000000000000000, 0.9238795325112867385, 1.000000000000000000, 0.9238795325112867385, 1.000000000000000000, 0.9238795325112867385, 1.000000000000000000, 0.9238795325112867385, 1.000000000000000000) ) ) 
 REPRESENTATION_ITEM ( '' )  SURFACE ( )  );
#1035 = CARTESIAN_POINT ( 'NONE',  ( 31.11269837220808654, 31.11269837220809364, 5.750000002731186832 ) ) ;
#1036 = EDGE_CURVE ( 'NONE', #997, #1275, #1088, .T. ) ;
#1037 = CARTESIAN_POINT ( 'NONE',  ( 0.000000000000000000, 0.000000000000000000, 2.000000000000000000 ) ) ;
#1038 = AXIS2_PLACEMENT_3D ( 'NONE', #141, #852, #155 ) ;
#1039 = CARTESIAN_POINT ( 'NONE',  ( -43.45873412499998523, -18.00119707814146963, 5.500000001365593860 ) ) ;
#1040 = CARTESIAN_POINT ( 'NONE',  ( -2.661079982058854631E-15, 43.45873412499999233, 6.187500001365593860 ) ) ;
#1041 = CARTESIAN_POINT ( 'NONE',  ( 31.11269837220809364, -31.11269837220808654, 5.375000000000000000 ) ) ;
#1042 = CARTESIAN_POINT ( 'NONE',  ( 30.72996560157072565, -30.72996560157071499, 4.062500001365593860 ) ) ;
#1043 = DIRECTION ( 'NONE',  ( -0.000000000000000000, -0.000000000000000000, -1.000000000000000000 ) ) ;
#1044 = VECTOR ( 'NONE', #591, 1000.000000000000000 ) ;
#1045 = CARTESIAN_POINT ( 'NONE',  ( -18.22539674441618374, 44.00000000000000000, 5.937500002731186832 ) ) ;
#1046 = ORIENTED_EDGE ( 'NONE', *, *, #1368, .T. ) ;
#1047 = CARTESIAN_POINT ( 'NONE',  ( 43.99999999999997158, -18.22539674441622282, 5.562500002731186832 ) ) ;
#1048 = CARTESIAN_POINT ( 'NONE',  ( 43.45873412499999944, -18.00119707814143410, 3.875000001365593416 ) ) ;
#1049 = CARTESIAN_POINT ( 'NONE',  ( -30.72996560157071855, 30.72996560157071855, 5.562500001365592972 ) ) ;
#1050 = CARTESIAN_POINT ( 'NONE',  ( -18.22539674441619439, -43.99999999999999289, 5.187500000000000888 ) ) ;
#1051 = CARTESIAN_POINT ( 'NONE',  ( -44.00000000000000000, 0.000000000000000000, 3.000000000000000000 ) ) ;
#1052 = PLANE ( 'NONE',  #12 ) ;
#1053 = ORIENTED_EDGE ( 'NONE', *, *, #1252, .T. ) ;
#1054 = EDGE_CURVE ( 'NONE', #247, #886, #846, .T. ) ;
#1055 = CARTESIAN_POINT ( 'NONE',  ( 8.082668874372530822E-15, -44.00000000000000000, 5.375000002731186832 ) ) ;
#1056 = CARTESIAN_POINT ( 'NONE',  ( -30.72996560157071144, -30.72996560157072565, 5.562500001365593860 ) ) ;
#1057 = CARTESIAN_POINT ( 'NONE',  ( -43.72936706249999617, 0.000000000000000000, 6.843750000682796930 ) ) ;
#1058 = LINE ( 'NONE', #383, #395 ) ;
#1059 = CARTESIAN_POINT ( 'NONE',  ( 0.000000000000000000, 0.000000000000000000, 7.000000000000000000 ) ) ;
#1060 = EDGE_CURVE ( 'NONE', #1360, #461, #412, .T. ) ;
#1061 = CARTESIAN_POINT ( 'NONE',  ( -44.00000000000000000, 0.000000000000000000, 6.000000000000000000 ) ) ;
#1062 = CARTESIAN_POINT ( 'NONE',  ( -18.22539674441618374, 44.00000000000000000, 2.937500002731186832 ) ) ;
#1063 = CARTESIAN_POINT ( 'NONE',  ( 18.22539674441620505, -43.99999999999999289, 2.312500000000000888 ) ) ;
#1064 = CARTESIAN_POINT ( 'NONE',  ( -44.00000000000000000, 0.000000000000000000, 3.125000002731186832 ) ) ;
#1065 = CARTESIAN_POINT ( 'NONE',  ( -43.45873412499999233, 18.00119707814144476, 6.625000001365592972 ) ) ;
#1066 = SHAPE_DEFINITION_REPRESENTATION ( #1337, #505 ) ;
#1067 = ORIENTED_EDGE ( 'NONE', *, *, #927, .F. ) ;
#1068 = CARTESIAN_POINT ( 'NONE',  ( -31.11269837220809364, 31.11269837220809364, 3.875000000000000000 ) ) ;
#1069 = CARTESIAN_POINT ( 'NONE',  ( -44.00000000000000000, 0.000000000000000000, 3.125000002731186832 ) ) ;
#1070 = CARTESIAN_POINT ( 'NONE',  ( -31.11269837220808299, -31.11269837220809364, 3.125000000000000000 ) ) ;
#1071 = DIRECTION ( 'NONE',  ( -0.000000000000000000, -0.000000000000000000, -1.000000000000000000 ) ) ;
#1072 = CARTESIAN_POINT ( 'NONE',  ( 30.72996560157072565, -30.72996560157071499, 6.062500001365593860 ) ) ;
#1073 = MANIFOLD_SOLID_BREP ( 'Вырез-Вытянуть1', #775 ) ;
#1074 = CARTESIAN_POINT ( 'NONE',  ( 44.00000000000000000, 5.388445916248353619E-15, 7.000000000000000000 ) ) ;
#1075 = ORIENTED_EDGE ( 'NONE', *, *, #128, .T. ) ;
#1076 = CARTESIAN_POINT ( 'NONE',  ( -2.661079982058854631E-15, 43.45873412499999233, 2.187500001365593416 ) ) ;
#1077 = CARTESIAN_POINT ( 'NONE',  ( 0.000000000000000000, 0.000000000000000000, 2.000000000000000000 ) ) ;
#1078 = CARTESIAN_POINT ( 'NONE',  ( 30.72996560157072565, -30.72996560157071499, 3.812500001365593860 ) ) ;
#1079 = CARTESIAN_POINT ( 'NONE',  ( 18.00119707814144121, 43.45873412499999233, 2.125000001365593416 ) ) ;
#1080 = DIRECTION ( 'NONE',  ( 1.000000000000000000, 0.000000000000000000, 0.000000000000000000 ) ) ;
#1081 = LINE ( 'NONE', #56, #1461 ) ;
#1082 = CARTESIAN_POINT ( 'NONE',  ( 31.11269837220808654, 31.11269837220809364, 5.750000002731186832 ) ) ;
#1083 = CARTESIAN_POINT ( 'NONE',  ( -30.72996560157071855, 30.72996560157071855, 6.562500001365592972 ) ) ;
#1084 = ORIENTED_EDGE ( 'NONE', *, *, #927, .T. ) ;
#1085 = CARTESIAN_POINT ( 'NONE',  ( -43.45873412499998523, -18.00119707814146963, 2.500000001365593860 ) ) ;
#1086 = CARTESIAN_POINT ( 'NONE',  ( -30.72996560157071144, -30.72996560157072565, 4.812500001365592972 ) ) ;
#1087 = CARTESIAN_POINT ( 'NONE',  ( -44.00000000000000000, 18.22539674441618374, 4.062500002731186832 ) ) ;
#1088 = LINE ( 'NONE', #70, #1394 ) ;
#1089 = CARTESIAN_POINT ( 'NONE',  ( 18.00119707814146608, -43.45873412499998523, 6.000000001365592972 ) ) ;
#1090 = FACE_OUTER_BOUND ( 'NONE', #1379, .T. ) ;
#1091 = CARTESIAN_POINT ( 'NONE',  ( 0.000000000000000000, 0.000000000000000000, 2.000000000000000000 ) ) ;
#1092 = CARTESIAN_POINT ( 'NONE',  ( 18.00119707814146608, -43.45873412499998523, 5.000000001365593860 ) ) ;
#1093 = CIRCLE ( 'NONE', #443, 45.00000000000000711 ) ;
#1094 =( BOUNDED_SURFACE ( )  B_SPLINE_SURFACE ( 1, 2, ( 
 ( #610, #1065, #495, #956, #384, #844, #1293, #268, #729, #156, #1072, #1089, #531, #78, #1349, #1432, #308, #539, #991, #894, #1201, #1345, #978, #985, #1218, #551, #406, #869, #640, #659, #1001, #435, #1117, #423, #1440, #299, #314, #1108, #1449, #180, #881, #1327, #413, #646, #1224, #1097, #633, #1320, #772, #1338, #89, #174, #196, #763, #875, #319, #71, #63, #187, #293, #521, #654, #1113, #1229, #757, #84, #548, #1456, #1209, #431, #890, #779, #200, #1004, #1460, #1015, #1482, #672, #562, #100, #116 ),
 ( #798, #572, #1152, #1133, #1473, #914, #124, #1120, #219, #15, #666, #326, #1143, #334, #922, #1233, #448, #905, #1256, #556, #588, #108, #441, #683, #92, #1023, #1041, #210, #813, #473, #342, #1364, #457, #1246, #1374, #790, #1008, #7, #1465, #1240, #898, #581, #1382, #1031, #930, #464, #1125, #1356, #805, #698, #1389, #227, #350, #1263, #691, #234, #782, #204, #493, #140, #1414, #1401, #1070, #382, #161, #603, #147, #835, #720, #23, #954, #499, #608, #1407, #1284, #1063, #266, #842, #1271, #1298, #44 ) ),
 .UNSPECIFIED., .F., .F., .T. ) 
 B_SPLINE_SURFACE_WITH_KNOTS ( ( 2, 2 ),
 ( 3, 2, 2, 2, 2, 2, 2, 2, 2, 2, 2, 2, 2, 2, 2, 2, 2, 2, 2, 2, 2, 2, 2, 2, 2, 2, 2, 2, 2, 2, 2, 2, 2, 2, 2, 2, 2, 2, 2, 2, 3 ),
 ( 0.000000000000000000, 1.000000000000000000 ),
 ( 0.000000000000000000, 0.02500000000000000139, 0.05000000000000000278, 0.07499999999999999722, 0.1000000000000000056, 0.1250000000000000000, 0.1499999999999999944, 0.1749999999999999889, 0.2000000000000000111, 0.2250000000000000056, 0.2500000000000000000, 0.2750000000000000222, 0.2999999999999999889, 0.3250000000000000111, 0.3499999999999999778, 0.3750000000000000000, 0.4000000000000000222, 0.4249999999999999889, 0.4500000000000000111, 0.4749999999999999778, 0.5000000000000000000, 0.5250000000000000222, 0.5500000000000000444, 0.5749999999999999556, 0.5999999999999999778, 0.6250000000000000000, 0.6500000000000000222, 0.6750000000000000444, 0.6999999999999999556, 0.7249999999999999778, 0.7500000000000000000, 0.7750000000000000222, 0.8000000000000000444, 0.8249999999999999556, 0.8499999999999999778, 0.8750000000000000000, 0.9000000000000000222, 0.9250000000000000444, 0.9499999999999999556, 0.9749999999999999778, 1.000000000000000000 ),
 .UNSPECIFIED. ) 
 GEOMETRIC_REPRESENTATION_ITEM ( )  RATIONAL_B_SPLINE_SURFACE ( (
 ( 1.000000000000000000, 0.9238795325112867385, 1.000000000000000000, 0.9238795325112867385, 1.000000000000000000, 0.9238795325112867385, 1.000000000000000000, 0.9238795325112867385, 1.000000000000000000, 0.9238795325112867385, 1.000000000000000000, 0.9238795325112867385, 1.000000000000000000, 0.9238795325112867385, 1.000000000000000000, 0.9238795325112867385, 1.000000000000000000, 0.9238795325112867385, 1.000000000000000000, 0.9238795325112867385, 1.000000000000000000, 0.9238795325112867385, 1.000000000000000000, 0.9238795325112867385, 1.000000000000000000, 0.9238795325112867385, 1.000000000000000000, 0.9238795325112867385, 1.000000000000000000, 0.9238795325112867385, 1.000000000000000000, 0.9238795325112867385, 1.000000000000000000, 0.9238795325112867385, 1.000000000000000000, 0.9238795325112867385, 1.000000000000000000, 0.9238795325112867385, 1.000000000000000000, 0.9238795325112867385, 1.000000000000000000, 0.9238795325112867385, 1.000000000000000000, 0.9238795325112867385, 1.000000000000000000, 0.9238795325112867385, 1.000000000000000000, 0.9238795325112867385, 1.000000000000000000, 0.9238795325112867385, 1.000000000000000000, 0.9238795325112867385, 1.000000000000000000, 0.9238795325112867385, 1.000000000000000000, 0.9238795325112867385, 1.000000000000000000, 0.9238795325112867385, 1.000000000000000000, 0.9238795325112867385, 1.000000000000000000, 0.9238795325112867385, 1.000000000000000000, 0.9238795325112867385, 1.000000000000000000, 0.9238795325112867385, 1.000000000000000000, 0.9238795325112867385, 1.000000000000000000, 0.9238795325112867385, 1.000000000000000000, 0.9238795325112867385, 1.000000000000000000, 0.9238795325112867385, 1.000000000000000000, 0.9238795325112867385, 1.000000000000000000, 0.9238795325112867385, 1.000000000000000000, 0.9238795325112867385, 1.000000000000000000),
 ( 1.000000000000000000, 0.9238795325112867385, 1.000000000000000000, 0.9238795325112867385, 1.000000000000000000, 0.9238795325112867385, 1.000000000000000000, 0.9238795325112867385, 1.000000000000000000, 0.9238795325112867385, 1.000000000000000000, 0.9238795325112867385, 1.000000000000000000, 0.9238795325112867385, 1.000000000000000000, 0.9238795325112867385, 1.000000000000000000, 0.9238795325112867385, 1.000000000000000000, 0.9238795325112867385, 1.000000000000000000, 0.9238795325112867385, 1.000000000000000000, 0.9238795325112867385, 1.000000000000000000, 0.9238795325112867385, 1.000000000000000000, 0.9238795325112867385, 1.000000000000000000, 0.9238795325112867385, 1.000000000000000000, 0.9238795325112867385, 1.000000000000000000, 0.9238795325112867385, 1.000000000000000000, 0.9238795325112867385, 1.000000000000000000, 0.9238795325112867385, 1.000000000000000000, 0.9238795325112867385, 1.000000000000000000, 0.9238795325112867385, 1.000000000000000000, 0.9238795325112867385, 1.000000000000000000, 0.9238795325112867385, 1.000000000000000000, 0.9238795325112867385, 1.000000000000000000, 0.9238795325112867385, 1.000000000000000000, 0.9238795325112867385, 1.000000000000000000, 0.9238795325112867385, 1.000000000000000000, 0.9238795325112867385, 1.000000000000000000, 0.9238795325112867385, 1.000000000000000000, 0.9238795325112867385, 1.000000000000000000, 0.9238795325112867385, 1.000000000000000000, 0.9238795325112867385, 1.000000000000000000, 0.9238795325112867385, 1.000000000000000000, 0.9238795325112867385, 1.000000000000000000, 0.9238795325112867385, 1.000000000000000000, 0.9238795325112867385, 1.000000000000000000, 0.9238795325112867385, 1.000000000000000000, 0.9238795325112867385, 1.000000000000000000, 0.9238795325112867385, 1.000000000000000000, 0.9238795325112867385, 1.000000000000000000) ) ) 
 REPRESENTATION_ITEM ( '' )  SURFACE ( )  );
#1095 = CARTESIAN_POINT ( 'NONE',  ( 44.00000000000001421, -18.22539674441618018, 3.562500002731186832 ) ) ;
#1096 = CARTESIAN_POINT ( 'NONE',  ( -31.11269837220808299, -31.11269837220809364, 1.250000002731187054 ) ) ;
#1097 = CARTESIAN_POINT ( 'NONE',  ( -18.00119707814145187, -43.45873412499998523, 3.875000001365593416 ) ) ;
#1098 = EDGE_CURVE ( 'NONE', #312, #318, #1162, .T. ) ;
#1099 = CARTESIAN_POINT ( 'NONE',  ( 0.000000000000000000, 0.000000000000000000, 0.000000000000000000 ) ) ;
#1100 = LINE ( 'NONE', #1074, #386 ) ;
#1101 = CARTESIAN_POINT ( 'NONE',  ( -43.45873412499999233, 0.000000000000000000, 1.437500001365593860 ) ) ;
#1102 = ADVANCED_FACE ( 'NONE', ( #1339 ), #540, .T. ) ;
#1103 = VERTEX_POINT ( 'NONE', #305 ) ;
#1104 = CARTESIAN_POINT ( 'NONE',  ( -43.45873412499999233, 0.000000000000000000, 6.437500001365593860 ) ) ;
#1105 = EDGE_CURVE ( 'NONE', #223, #50, #64, .T. ) ;
#1106 = CARTESIAN_POINT ( 'NONE',  ( 31.11269837220809364, -31.11269837220808654, 3.500000002731186832 ) ) ;
#1107 = CARTESIAN_POINT ( 'NONE',  ( -2.694222958124176809E-15, 44.00000000000000000, 3.875000002731186832 ) ) ;
#1108 = CARTESIAN_POINT ( 'NONE',  ( 18.00119707814144121, 43.45873412499999233, 4.375000001365594748 ) ) ;
#1109 =( LENGTH_UNIT ( ) NAMED_UNIT ( * ) SI_UNIT ( .MILLI., .METRE. ) );
#1110 = CARTESIAN_POINT ( 'NONE',  ( -44.00000000000000000, 0.000000000000000000, 7.000000000000000000 ) ) ;
#1111 = CARTESIAN_POINT ( 'NONE',  ( 30.72996560157072565, -30.72996560157071499, 2.812500001365593860 ) ) ;
#1112 = CARTESIAN_POINT ( 'NONE',  ( -2.694222958124176809E-15, 44.00000000000000000, 2.875000002731186832 ) ) ;
#1113 = CARTESIAN_POINT ( 'NONE',  ( -30.72996560157071144, -30.72996560157072565, 2.812500001365593416 ) ) ;
#1114 = CARTESIAN_POINT ( 'NONE',  ( -18.00119707814145187, 43.45873412499999233, 2.250000001365593416 ) ) ;
#1115 = VERTEX_POINT ( 'NONE', #1453 ) ;
#1116 = CARTESIAN_POINT ( 'NONE',  ( 43.45873412499999233, 5.322159964117709262E-15, 5.937500001365593860 ) ) ;
#1117 = CARTESIAN_POINT ( 'NONE',  ( -43.45873412499999233, 0.000000000000000000, 4.687500001365592972 ) ) ;
#1118 = CARTESIAN_POINT ( 'NONE',  ( -30.72996560157071855, 30.72996560157071855, 4.562500001365592972 ) ) ;
#1119 = ORIENTED_EDGE ( 'NONE', *, *, #526, .T. ) ;
#1120 = CARTESIAN_POINT ( 'NONE',  ( 44.00000000000000000, 18.22539674441618374, 6.562500000000000000 ) ) ;
#1121 = CARTESIAN_POINT ( 'NONE',  ( 30.72996560157071499, 30.72996560157071855, 2.312500001365592972 ) ) ;
#1122 = ORIENTED_EDGE ( 'NONE', *, *, #787, .T. ) ;
#1123 = CARTESIAN_POINT ( 'NONE',  ( -18.00119707814145187, 43.45873412499999233, 4.250000001365593860 ) ) ;
#1124 = CARTESIAN_POINT ( 'NONE',  ( 44.00000000000000000, 5.388445916248353619E-15, 5.500000000000000000 ) ) ;
#1125 = CARTESIAN_POINT ( 'NONE',  ( -31.11269837220808299, -31.11269837220809364, 4.125000000000000000 ) ) ;
#1126 = CARTESIAN_POINT ( 'NONE',  ( -18.00119707814144832, -43.45873412499998523, 3.875000001365593860 ) ) ;
#1127 = DIRECTION ( 'NONE',  ( -0.000000000000000000, -0.000000000000000000, -1.000000000000000000 ) ) ;
#1128 = CARTESIAN_POINT ( 'NONE',  ( -18.00119707814145187, 43.45873412499999233, 4.500000001365592972 ) ) ;
#1129 = ORIENTED_EDGE ( 'NONE', *, *, #94, .F. ) ;
#1130 = CARTESIAN_POINT ( 'NONE',  ( -18.00119707814145187, 43.45873412499999233, 5.250000001365593860 ) ) ;
#1131 = CARTESIAN_POINT ( 'NONE',  ( -30.72996560157071144, -30.72996560157072565, 5.562500001365593860 ) ) ;
#1132 = CARTESIAN_POINT ( 'NONE',  ( -43.45873412499999233, 0.000000000000000000, 6.437500001365593860 ) ) ;
#1133 = CARTESIAN_POINT ( 'NONE',  ( -18.22539674441618374, 44.00000000000000000, 6.812500000000000000 ) ) ;
#1134 = CARTESIAN_POINT ( 'NONE',  ( -2.661079982058854631E-15, 43.45873412499999233, 4.437500001365592972 ) ) ;
#1135 = CARTESIAN_POINT ( 'NONE',  ( 8.082668874372530822E-15, -44.00000000000000000, 6.250000000000000000 ) ) ;
#1136 =( BOUNDED_CURVE ( )  B_SPLINE_CURVE ( 2, ( #486, #616, #274, #735, #53, #509, #947, #829, #1173, #1278, #1187, #969, #133, #596, #375, #358, #820, #243, #1049, #706, #938, #251, #714, #1167, #1198, #631, #172, #399, #860, #1422, #1086, #61, #517, #1309, #283, #745, #1134, #799, #458, #923, #807, #915, #1042, #784, #93, #1126, #1350, #1153, #564, #1264, #582, #228, #574, #673, #125, #205, #1016, #8, #449, #906, #211, #466, #1375, #236, #1241, #343, #667, #1032, #700, #1257, #1010, #1024, #1365, #590, #101, #335, #1, #474, #117, #692, #557 ),
 .UNSPECIFIED., .F., .T. ) 
 B_SPLINE_CURVE_WITH_KNOTS ( ( 3, 2, 2, 2, 2, 2, 2, 2, 2, 2, 2, 2, 2, 2, 2, 2, 2, 2, 2, 2, 2, 2, 2, 2, 2, 2, 2, 2, 2, 2, 2, 2, 2, 2, 2, 2, 2, 2, 2, 2, 3 ),
 ( 0.000000000000000000, 0.02500000000000000139, 0.05000000000000000278, 0.07499999999999999722, 0.1000000000000000056, 0.1250000000000000000, 0.1499999999999999944, 0.1749999999999999889, 0.2000000000000000111, 0.2250000000000000056, 0.2500000000000000000, 0.2750000000000000222, 0.2999999999999999889, 0.3250000000000000111, 0.3499999999999999778, 0.3750000000000000000, 0.4000000000000000222, 0.4249999999999999889, 0.4500000000000000111, 0.4749999999999999778, 0.5000000000000000000, 0.5250000000000000222, 0.5500000000000000444, 0.5749999999999999556, 0.5999999999999999778, 0.6250000000000000000, 0.6500000000000000222, 0.6750000000000000444, 0.6999999999999999556, 0.7249999999999999778, 0.7500000000000000000, 0.7750000000000000222, 0.8000000000000000444, 0.8249999999999999556, 0.8499999999999999778, 0.8750000000000000000, 0.9000000000000000222, 0.9250000000000000444, 0.9499999999999999556, 0.9749999999999999778, 1.000000000000000000 ),
 .UNSPECIFIED. ) 
 CURVE ( )  GEOMETRIC_REPRESENTATION_ITEM ( )  RATIONAL_B_SPLINE_CURVE ( ( 1.000000000000000000, 0.9238795325112867385, 1.000000000000000000, 0.9238795325112867385, 1.000000000000000000, 0.9238795325112867385, 1.000000000000000000, 0.9238795325112867385, 1.000000000000000000, 0.9238795325112867385, 1.000000000000000000, 0.9238795325112867385, 1.000000000000000000, 0.9238795325112867385, 1.000000000000000000, 0.9238795325112867385, 1.000000000000000000, 0.9238795325112867385, 1.000000000000000000, 0.9238795325112867385, 1.000000000000000000, 0.9238795325112867385, 1.000000000000000000, 0.9238795325112867385, 1.000000000000000000, 0.9238795325112867385, 1.000000000000000000, 0.9238795325112867385, 1.000000000000000000, 0.9238795325112867385, 1.000000000000000000, 0.9238795325112867385, 1.000000000000000000, 0.9238795325112867385, 1.000000000000000000, 0.9238795325112867385, 1.000000000000000000, 0.9238795325112867385, 1.000000000000000000, 0.9238795325112867385, 1.000000000000000000, 0.9238795325112867385, 1.000000000000000000, 0.9238795325112867385, 1.000000000000000000, 0.9238795325112867385, 1.000000000000000000, 0.9238795325112867385, 1.000000000000000000, 0.9238795325112867385, 1.000000000000000000, 0.9238795325112867385, 1.000000000000000000, 0.9238795325112867385, 1.000000000000000000, 0.9238795325112867385, 1.000000000000000000, 0.9238795325112867385, 1.000000000000000000, 0.9238795325112867385, 1.000000000000000000, 0.9238795325112867385, 1.000000000000000000, 0.9238795325112867385, 1.000000000000000000, 0.9238795325112867385, 1.000000000000000000, 0.9238795325112867385, 1.000000000000000000, 0.9238795325112867385, 1.000000000000000000, 0.9238795325112867385, 1.000000000000000000, 0.9238795325112867385, 1.000000000000000000, 0.9238795325112867385, 1.000000000000000000, 0.9238795325112867385, 1.000000000000000000, 0.9238795325112867385, 1.000000000000000000 ) ) 
 REPRESENTATION_ITEM ( '' )  );
#1137 = ADVANCED_FACE ( 'NONE', ( #1446 ), #788, .T. ) ;
#1138 = CARTESIAN_POINT ( 'NONE',  ( -43.45873412499998523, -18.00119707814146963, 2.500000001365593860 ) ) ;
#1139 = CARTESIAN_POINT ( 'NONE',  ( -43.45873412499998523, -18.00119707814146963, 1.750000001365593194 ) ) ;
#1140 = ORIENTED_EDGE ( 'NONE', *, *, #409, .F. ) ;
#1141 = CARTESIAN_POINT ( 'NONE',  ( 7.983239946176564682E-15, -43.45873412499999233, 5.687500001365593860 ) ) ;
#1142 = CARTESIAN_POINT ( 'NONE',  ( -18.00119707814145187, 43.45873412499999233, 3.250000001365593416 ) ) ;
#1143 = CARTESIAN_POINT ( 'NONE',  ( 8.082668874372530822E-15, -44.00000000000000000, 6.250000000000000000 ) ) ;
#1144 = EDGE_CURVE ( 'NONE', #1115, #240, #941, .T. ) ;
#1145 = FACE_OUTER_BOUND ( 'NONE', #88, .T. ) ;
#1146 = DIRECTION ( 'NONE',  ( -1.000000000000000000, 0.000000000000000000, 0.000000000000000000 ) ) ;
#1147 = CARTESIAN_POINT ( 'NONE',  ( 43.45873412499999944, -18.00119707814143410, 1.875000001365594526 ) ) ;
#1148 = ORIENTED_EDGE ( 'NONE', *, *, #878, .T. ) ;
#1149 = CIRCLE ( 'NONE', #239, 44.00000000000000000 ) ;
#1150 = CIRCLE ( 'NONE', #1028, 45.00000000000000711 ) ;
#1151 = CARTESIAN_POINT ( 'NONE',  ( -2.661079982058854631E-15, 43.45873412499999233, 4.187500001365593860 ) ) ;
#1152 = CARTESIAN_POINT ( 'NONE',  ( -31.11269837220809364, 31.11269837220809364, 6.875000000000000000 ) ) ;
#1153 = CARTESIAN_POINT ( 'NONE',  ( -43.45873412499998523, -18.00119707814146963, 3.750000001365593860 ) ) ;
#1154 = CARTESIAN_POINT ( 'NONE',  ( -44.00000000000000000, 18.22539674441618374, 5.062500002731186832 ) ) ;
#1155 = EDGE_LOOP ( 'NONE', ( #605, #379, #121 ) ) ;
#1156 = AXIS2_PLACEMENT_3D ( 'NONE', #721, #494, #1080 ) ;
#1157 = CARTESIAN_POINT ( 'NONE',  ( 18.00119707814146608, -43.45873412499998523, 4.750000001365593860 ) ) ;
#1158 = CARTESIAN_POINT ( 'NONE',  ( 30.72996560157071499, 30.72996560157071855, 4.062500001365593860 ) ) ;
#1159 = CARTESIAN_POINT ( 'NONE',  ( -45.00000000000000711, 0.000000000000000000, 2.000000000000000000 ) ) ;
#1160 = CARTESIAN_POINT ( 'NONE',  ( 18.22539674441620861, -43.99999999999999289, 5.312500000000000888 ) ) ;
#1161 = CARTESIAN_POINT ( 'NONE',  ( 0.000000000000000000, 0.000000000000000000, 2.000000000000000000 ) ) ;
#1162 = CIRCLE ( 'NONE', #857, 42.00000000000000000 ) ;
#1163 = EDGE_CURVE ( 'NONE', #1176, #1275, #1093, .T. ) ;
#1164 = CARTESIAN_POINT ( 'NONE',  ( 18.22539674441618374, 44.00000000000000000, 5.812500002731186832 ) ) ;
#1165 = VERTEX_POINT ( 'NONE', #1061 ) ;
#1166 = CARTESIAN_POINT ( 'NONE',  ( 30.72996560157072565, -30.72996560157071499, 4.812500001365593860 ) ) ;
#1167 = CARTESIAN_POINT ( 'NONE',  ( 43.45873412499999233, 18.00119707814144832, 5.250000001365592972 ) ) ;
#1168 = CARTESIAN_POINT ( 'NONE',  ( -18.22539674441618374, 44.00000000000000000, 3.937500002731186388 ) ) ;
#1169 = CARTESIAN_POINT ( 'NONE',  ( -31.11269837220808299, -31.11269837220809364, 3.250000002731187276 ) ) ;
#1170 = DIRECTION ( 'NONE',  ( 1.000000000000000000, 0.000000000000000000, 0.000000000000000000 ) ) ;
#1171 = CARTESIAN_POINT ( 'NONE',  ( 0.000000000000000000, 0.000000000000000000, 7.000000000000000000 ) ) ;
#1172 = CARTESIAN_POINT ( 'NONE',  ( 44.00000000000000000, 5.388445916248353619E-15, 6.500000000000000888 ) ) ;
#1173 = CARTESIAN_POINT ( 'NONE',  ( 43.45873412499999233, 5.322159964117709262E-15, 6.187500001365593860 ) ) ;
#1174 = DIRECTION ( 'NONE',  ( 0.8660254037844404840, -0.000000000000000000, -0.4999999999999967804 ) ) ;
#1175 = DIRECTION ( 'NONE',  ( -0.000000000000000000, -0.000000000000000000, -1.000000000000000000 ) ) ;
#1176 = VERTEX_POINT ( 'NONE', #138 ) ;
#1177 = CARTESIAN_POINT ( 'NONE',  ( -43.99999999999994316, 18.22539674441624413, 3.937500000000000000 ) ) ;
#1178 = CARTESIAN_POINT ( 'NONE',  ( -43.99999999999994316, 18.22539674441624413, 3.062500002731186388 ) ) ;
#1179 = CYLINDRICAL_SURFACE ( 'NONE', #271, 42.00000000000000000 ) ;
#1180 = CARTESIAN_POINT ( 'NONE',  ( 43.45873412499999944, -18.00119707814143410, 3.875000001365593416 ) ) ;
#1181 = CARTESIAN_POINT ( 'NONE',  ( -44.00000000000000000, 0.000000000000000000, 1.562500001365593416 ) ) ;
#1182 = CARTESIAN_POINT ( 'NONE',  ( 44.00000000000000000, 5.388445916248353619E-15, 7.000000000000000000 ) ) ;
#1183 = PLANE ( 'NONE',  #152 ) ;
#1184 = CARTESIAN_POINT ( 'NONE',  ( -18.22539674441619439, -43.99999999999999289, 3.187500000000000444 ) ) ;
#1185 = ORIENTED_EDGE ( 'NONE', *, *, #1144, .T. ) ;
#1186 = CARTESIAN_POINT ( 'NONE',  ( -43.45873412499999233, 0.000000000000000000, 2.437500001365593860 ) ) ;
#1187 = CARTESIAN_POINT ( 'NONE',  ( 30.72996560157072565, -30.72996560157071499, 6.062500001365593860 ) ) ;
#1188 = DIRECTION ( 'NONE',  ( 0.000000000000000000, 0.000000000000000000, 1.000000000000000000 ) ) ;
#1189 = CARTESIAN_POINT ( 'NONE',  ( -44.00000000000000000, 0.000000000000000000, 7.000000000000000000 ) ) ;
#1190 = CARTESIAN_POINT ( 'NONE',  ( -44.00000000000000000, 0.000000000000000000, 3.125000002731186832 ) ) ;
#1191 = ADVANCED_FACE ( 'NONE', ( #601 ), #153, .T. ) ;
#1192 = LINE ( 'NONE', #157, #806 ) ;
#1193 = CARTESIAN_POINT ( 'NONE',  ( 44.00000000000004263, 18.22539674441613755, 5.687500002731185944 ) ) ;
#1194 = CARTESIAN_POINT ( 'NONE',  ( 18.00119707814146608, -43.45873412499998523, 2.750000001365593860 ) ) ;
#1195 = ORIENTED_EDGE ( 'NONE', *, *, #1060, .F. ) ;
#1196 = CARTESIAN_POINT ( 'NONE',  ( 43.45873412499999233, 5.322159964117709262E-15, 1.937500001365593416 ) ) ;
#1197 =( BOUNDED_CURVE ( )  B_SPLINE_CURVE ( 2, ( #1069, #1178, #849, #1062, #145, #1296, #607, #1289, #635 ),
 .UNSPECIFIED., .F., .F. ) 
 B_SPLINE_CURVE_WITH_KNOTS ( ( 3, 2, 2, 2, 3 ),
 ( 0.6000000000000000888, 0.6250000000000001110, 0.6500000000000001332, 0.6750000000000001554, 0.7000000000000000666 ),
 .UNSPECIFIED. ) 
 CURVE ( )  GEOMETRIC_REPRESENTATION_ITEM ( )  RATIONAL_B_SPLINE_CURVE ( ( 0.9999999999999996669, 0.9238795325112870716, 1.000000000000000000, 0.9238795325112867385, 1.000000000000000000, 0.9238795325112867385, 1.000000000000000000, 0.9238795325112864054, 1.000000000000000444 ) ) 
 REPRESENTATION_ITEM ( '' )  );
#1198 = CARTESIAN_POINT ( 'NONE',  ( 43.45873412499999233, 5.322159964117709262E-15, 5.187500001365592972 ) ) ;
#1199 = CARTESIAN_POINT ( 'NONE',  ( 18.22539674441618374, 44.00000000000000000, 1.812500002731186610 ) ) ;
#1200 = DIRECTION ( 'NONE',  ( 0.000000000000000000, 1.000000000000000000, 0.000000000000000000 ) ) ;
#1201 = CARTESIAN_POINT ( 'NONE',  ( -2.661079982058854631E-15, 43.45873412499999233, 5.437500001365592972 ) ) ;
#1202 =( LENGTH_UNIT ( ) NAMED_UNIT ( * ) SI_UNIT ( .MILLI., .METRE. ) );
#1203 = CARTESIAN_POINT ( 'NONE',  ( 0.000000000000000000, 0.000000000000000000, 7.000000000000000000 ) ) ;
#1204 = CARTESIAN_POINT ( 'NONE',  ( 43.45873412499999233, 5.322159964117709262E-15, 5.187500001365592972 ) ) ;
#1205 = UNCERTAINTY_MEASURE_WITH_UNIT (LENGTH_MEASURE( 1.000000000000000082E-05 ), #1109, 'distance_accuracy_value', 'NONE');
#1206 = VERTEX_POINT ( 'NONE', #1288 ) ;
#1207 = CARTESIAN_POINT ( 'NONE',  ( -44.00000000000000000, 0.000000000000000000, 3.125000002731186832 ) ) ;
#1208 = CARTESIAN_POINT ( 'NONE',  ( -18.22539674441619439, -43.99999999999999289, 1.312500002731187276 ) ) ;
#1209 = CARTESIAN_POINT ( 'NONE',  ( -2.661079982058854631E-15, 43.45873412499999233, 2.437500001365592972 ) ) ;
#1210 = EDGE_CURVE ( 'NONE', #817, #1348, #373, .T. ) ;
#1211 = AXIS2_PLACEMENT_3D ( 'NONE', #855, #496, #979 ) ;
#1212 = EDGE_CURVE ( 'NONE', #567, #247, #20, .T. ) ;
#1213 = LINE ( 'NONE', #847, #313 ) ;
#1214 = CARTESIAN_POINT ( 'NONE',  ( 7.983239946176564682E-15, -43.45873412499999233, 1.687500001365594082 ) ) ;
#1215 = EDGE_CURVE ( 'NONE', #1360, #678, #660, .T. ) ;
#1216 = VERTEX_POINT ( 'NONE', #712 ) ;
#1217 = CARTESIAN_POINT ( 'NONE',  ( 8.082668874372530822E-15, -44.00000000000000000, 2.375000002731187276 ) ) ;
#1218 = CARTESIAN_POINT ( 'NONE',  ( 43.45873412499999233, 5.322159964117709262E-15, 5.187500001365592972 ) ) ;
#1219 = LINE ( 'NONE', #190, #434 ) ;
#1220 = CARTESIAN_POINT ( 'NONE',  ( 30.72996560157072565, -30.72996560157071499, 1.812500001365594082 ) ) ;
#1221 = ORIENTED_EDGE ( 'NONE', *, *, #208, .T. ) ;
#1222 = DIRECTION ( 'NONE',  ( 0.000000000000000000, 0.000000000000000000, 1.000000000000000000 ) ) ;
#1223 = CARTESIAN_POINT ( 'NONE',  ( 18.22539674441618374, 44.00000000000000000, 3.812500002731187276 ) ) ;
#1224 = CARTESIAN_POINT ( 'NONE',  ( 7.983239946176564682E-15, -43.45873412499999233, 3.937500001365593416 ) ) ;
#1225 = CARTESIAN_POINT ( 'NONE',  ( 8.082668874372530822E-15, -44.00000000000000000, 2.250000000000000444 ) ) ;
#1226 = CARTESIAN_POINT ( 'NONE',  ( -43.45873412499999233, 0.000000000000000000, 2.437500001365593860 ) ) ;
#1227 = ORIENTED_EDGE ( 'NONE', *, *, #1144, .F. ) ;
#1228 = CARTESIAN_POINT ( 'NONE',  ( -30.72996560157071855, 30.72996560157071855, 6.312500001365593860 ) ) ;
#1229 = CARTESIAN_POINT ( 'NONE',  ( -43.45873412499998523, -18.00119707814146963, 2.750000001365593416 ) ) ;
#1230 = VECTOR ( 'NONE', #480, 1000.000000000000000 ) ;
#1231 = CARTESIAN_POINT ( 'NONE',  ( 43.45873412499999233, 18.00119707814145187, 3.250000001365592972 ) ) ;
#1232 = ORIENTED_EDGE ( 'NONE', *, *, #1410, .T. ) ;
#1233 = CARTESIAN_POINT ( 'NONE',  ( -43.99999999999999289, -18.22539674441620861, 6.062500000000000000 ) ) ;
#1234 = CIRCLE ( 'NONE', #1428, 42.00000000000000000 ) ;
#1235 = DIRECTION ( 'NONE',  ( 0.000000000000000000, 0.000000000000000000, -1.000000000000000000 ) ) ;
#1236 = EDGE_CURVE ( 'NONE', #104, #4, #740, .T. ) ;
#1237 = CARTESIAN_POINT ( 'NONE',  ( -43.45873412499998523, -18.00119707814146963, 4.750000001365592972 ) ) ;
#1238 = VERTEX_POINT ( 'NONE', #34 ) ;
#1239 = CARTESIAN_POINT ( 'NONE',  ( 43.45873412499999944, -18.00119707814143410, 4.875000001365593860 ) ) ;
#1240 = CARTESIAN_POINT ( 'NONE',  ( 44.00000000000000000, 18.22539674441618374, 4.562500000000000888 ) ) ;
#1241 = CARTESIAN_POINT ( 'NONE',  ( -43.45873412499999233, 0.000000000000000000, 2.687500001365592972 ) ) ;
#1242 = CARTESIAN_POINT ( 'NONE',  ( -18.00119707814145187, -43.45873412499998523, 2.875000001365592972 ) ) ;
#1243 = ORIENTED_EDGE ( 'NONE', *, *, #1321, .F. ) ;
#1244 = CARTESIAN_POINT ( 'NONE',  ( -30.72996560157071855, 30.72996560157071855, 3.312500001365593860 ) ) ;
#1245 = CARTESIAN_POINT ( 'NONE',  ( 43.45873412499999233, 18.00119707814145187, 3.000000001365593860 ) ) ;
#1246 = CARTESIAN_POINT ( 'NONE',  ( -44.00000000000000000, 18.22539674441618374, 4.937500000000001776 ) ) ;
#1247 = CARTESIAN_POINT ( 'NONE',  ( 0.000000000000000000, 0.000000000000000000, 7.000000000000000000 ) ) ;
#1248 = CARTESIAN_POINT ( 'NONE',  ( 18.22539674441618374, 44.00000000000000000, 5.687500000000000000 ) ) ;
#1249 = CARTESIAN_POINT ( 'NONE',  ( 18.00119707814146608, -43.45873412499998523, 2.000000001365593416 ) ) ;
#1250 = PRODUCT_DEFINITION_FORMATION_WITH_SPECIFIED_SOURCE ( 'ANY', '', #862, .NOT_KNOWN. ) ;
#1251 = ORIENTED_EDGE ( 'NONE', *, *, #37, .F. ) ;
#1252 = EDGE_CURVE ( 'NONE', #761, #1307, #376, .T. ) ;
#1253 = CARTESIAN_POINT ( 'NONE',  ( -30.72996560157071144, -30.72996560157072565, 5.562500001365593860 ) ) ;
#1254 = CARTESIAN_POINT ( 'NONE',  ( 43.45873412499999233, 18.00119707814144832, 3.000000001365593860 ) ) ;
#1255 = CARTESIAN_POINT ( 'NONE',  ( -43.45873412499999233, 18.00119707814144476, 4.375000001365594748 ) ) ;
#1256 = CARTESIAN_POINT ( 'NONE',  ( -31.11269837220809364, 31.11269837220809364, 5.875000000000000000 ) ) ;
#1257 = CARTESIAN_POINT ( 'NONE',  ( 18.00119707814144121, 43.45873412499999233, 2.375000001365592972 ) ) ;
#1258 = CARTESIAN_POINT ( 'NONE',  ( -18.22539674441619439, -43.99999999999999289, 2.187500000000000444 ) ) ;
#1259 = DIRECTION ( 'NONE',  ( 1.000000000000000000, 0.000000000000000000, -0.000000000000000000 ) ) ;
#1260 = VERTEX_POINT ( 'NONE', #1124 ) ;
#1261 = CARTESIAN_POINT ( 'NONE',  ( 7.983239946176564682E-15, -43.45873412499999233, 3.687500001365593860 ) ) ;
#1262 = CARTESIAN_POINT ( 'NONE',  ( 18.00119707814144121, 43.45873412499999233, 5.125000001365593860 ) ) ;
#1263 = CARTESIAN_POINT ( 'NONE',  ( 18.22539674441618374, 44.00000000000000000, 3.687500000000000444 ) ) ;
#1264 = CARTESIAN_POINT ( 'NONE',  ( -43.45873412499999233, 18.00119707814144121, 3.625000001365592528 ) ) ;
#1265 = DIRECTION ( 'NONE',  ( 0.8660254037844404840, 0.000000000000000000, 0.4999999999999967804 ) ) ;
#1266 = LINE ( 'NONE', #163, #1044 ) ;
#1267 = ORIENTED_EDGE ( 'NONE', *, *, #1098, .T. ) ;
#1268 =( BOUNDED_CURVE ( )  B_SPLINE_CURVE ( 2, ( #964, #278, #25, #598, #627, #401, #1169, #738, #1190 ),
 .UNSPECIFIED., .F., .F. ) 
 B_SPLINE_CURVE_WITH_KNOTS ( ( 3, 2, 2, 2, 3 ),
 ( 0.5000000000000000000, 0.5250000000000000222, 0.5500000000000000444, 0.5750000000000000666, 0.6000000000000000888 ),
 .UNSPECIFIED. ) 
 CURVE ( )  GEOMETRIC_REPRESENTATION_ITEM ( )  RATIONAL_B_SPLINE_CURVE ( ( 1.000000000000000000, 0.9238795325112867385, 1.000000000000000000, 0.9238795325112867385, 1.000000000000000000, 0.9238795325112867385, 1.000000000000000000, 0.9238795325112864054, 1.000000000000000444 ) ) 
 REPRESENTATION_ITEM ( '' )  );
#1269 = CARTESIAN_POINT ( 'NONE',  ( 43.45873412499999233, 18.00119707814144832, 6.000000001365593860 ) ) ;
#1270 = CARTESIAN_POINT ( 'NONE',  ( -43.45873412499999233, 0.000000000000000000, 4.437500001365593860 ) ) ;
#1271 = CARTESIAN_POINT ( 'NONE',  ( -31.11269837220808299, -31.11269837220809364, 2.125000000000000000 ) ) ;
#1272 = DIRECTION ( 'NONE',  ( -1.000000000000000000, 0.000000000000000000, 0.000000000000000000 ) ) ;
#1273 = CARTESIAN_POINT ( 'NONE',  ( -31.11269837220808299, -31.11269837220809364, 2.125000000000000000 ) ) ;
#1274 = CARTESIAN_POINT ( 'NONE',  ( -30.72996560157071144, -30.72996560157072565, 1.562500001365593860 ) ) ;
#1275 = VERTEX_POINT ( 'NONE', #696 ) ;
#1276 = CARTESIAN_POINT ( 'NONE',  ( 0.000000000000000000, 0.000000000000000000, 0.000000000000000000 ) ) ;
#1277 = CARTESIAN_POINT ( 'NONE',  ( -43.45873412499998523, -18.00119707814146963, 3.500000001365593416 ) ) ;
#1278 = CARTESIAN_POINT ( 'NONE',  ( 43.45873412499999944, -18.00119707814143410, 6.125000001365593860 ) ) ;
#1279 = CARTESIAN_POINT ( 'NONE',  ( -44.00000000000000000, 18.22539674441618374, 4.062500002731186832 ) ) ;
#1280 = CARTESIAN_POINT ( 'NONE',  ( -18.22539674441619439, -43.99999999999999289, 4.312500002731186832 ) ) ;
#1281 = DIRECTION ( 'NONE',  ( 0.000000000000000000, 0.000000000000000000, 1.000000000000000000 ) ) ;
#1282 = CARTESIAN_POINT ( 'NONE',  ( 18.22539674441618374, 44.00000000000000000, 3.687500000000000444 ) ) ;
#1283 = CARTESIAN_POINT ( 'NONE',  ( 18.22539674441618374, 44.00000000000000000, 6.687500000000000888 ) ) ;
#1284 = CARTESIAN_POINT ( 'NONE',  ( 31.11269837220809364, -31.11269837220808654, 2.375000000000000444 ) ) ;
#1285 = FACE_OUTER_BOUND ( 'NONE', #832, .T. ) ;
#1286 = CARTESIAN_POINT ( 'NONE',  ( 44.00000000000000000, 5.388445916248353619E-15, 6.500000000000000888 ) ) ;
#1287 = ORIENTED_EDGE ( 'NONE', *, *, #522, .F. ) ;
#1288 = CARTESIAN_POINT ( 'NONE',  ( 44.00000000000000000, 5.388445916248353619E-15, 4.625000002731187720 ) ) ;
#1289 = CARTESIAN_POINT ( 'NONE',  ( 44.00000000000006395, 18.22539674441612334, 2.687500002731186832 ) ) ;
#1290 = DIRECTION ( 'NONE',  ( -0.000000000000000000, -0.000000000000000000, -1.000000000000000000 ) ) ;
#1291 = CIRCLE ( 'NONE', #315, 42.00000000000000000 ) ;
#1292 = CARTESIAN_POINT ( 'NONE',  ( -44.00000000000000000, 0.000000000000000000, 1.125000002731186832 ) ) ;
#1293 = CARTESIAN_POINT ( 'NONE',  ( 30.72996560157071499, 30.72996560157071855, 6.312500001365592972 ) ) ;
#1294 = DIRECTION ( 'NONE',  ( -1.000000000000000000, 0.000000000000000000, 0.000000000000000000 ) ) ;
#1295 = CARTESIAN_POINT ( 'NONE',  ( -18.22539674441618374, 44.00000000000000000, 4.812500000000000888 ) ) ;
#1296 = CARTESIAN_POINT ( 'NONE',  ( 18.22539674441618374, 44.00000000000000000, 2.812500002731187720 ) ) ;
#1297 = EDGE_CURVE ( 'NONE', #1238, #1348, #162, .T. ) ;
#1298 = CARTESIAN_POINT ( 'NONE',  ( -43.99999999999999289, -18.22539674441620861, 2.062500000000000000 ) ) ;
#1299 = CARTESIAN_POINT ( 'NONE',  ( -18.00119707814145187, -43.45873412499998523, 3.625000001365593860 ) ) ;
#1300 = AXIS2_PLACEMENT_3D ( 'NONE', #1247, #220, #684 ) ;
#1301 = CARTESIAN_POINT ( 'NONE',  ( 0.000000000000000000, 0.000000000000000000, 2.000000000000000000 ) ) ;
#1302 = CARTESIAN_POINT ( 'NONE',  ( -2.694222958124176809E-15, 44.00000000000000000, 2.750000000000000000 ) ) ;
#1303 = VECTOR ( 'NONE', #272, 1000.000000000000000 ) ;
#1304 = CARTESIAN_POINT ( 'NONE',  ( -44.00000000000000000, 0.000000000000000000, 3.000000000000000000 ) ) ;
#1305 = CARTESIAN_POINT ( 'NONE',  ( -43.45873412499999233, 18.00119707814144476, 5.625000001365593860 ) ) ;
#1306 = UNCERTAINTY_MEASURE_WITH_UNIT (LENGTH_MEASURE( 1.000000000000000082E-05 ), #393, 'distance_accuracy_value', 'NONE');
#1307 = VERTEX_POINT ( 'NONE', #809 ) ;
#1308 = CARTESIAN_POINT ( 'NONE',  ( -30.72996560157071144, -30.72996560157072565, 2.562500001365593860 ) ) ;
#1309 = CARTESIAN_POINT ( 'NONE',  ( -43.45873412499999233, 18.00119707814144121, 4.625000001365592972 ) ) ;
#1310 =( BOUNDED_CURVE ( )  B_SPLINE_CURVE ( 2, ( #394, #986, #648, #1411, #534, #741, #1082, #1193, #967 ),
 .UNSPECIFIED., .F., .T. ) 
 B_SPLINE_CURVE_WITH_KNOTS ( ( 3, 2, 2, 2, 3 ),
 ( 0.000000000000000000, 0.02500000000000002220, 0.05000000000000004441, 0.07500000000000006661, 0.1000000000000000888 ),
 .UNSPECIFIED. ) 
 CURVE ( )  GEOMETRIC_REPRESENTATION_ITEM ( )  RATIONAL_B_SPLINE_CURVE ( ( 1.000000000000000000, 0.9238795325112867385, 1.000000000000000000, 0.9238795325112867385, 1.000000000000000000, 0.9238795325112867385, 1.000000000000000000, 0.9238795325112865164, 1.000000000000000222 ) ) 
 REPRESENTATION_ITEM ( '' )  );
#1311 = CARTESIAN_POINT ( 'NONE',  ( 31.11269837220808654, 31.11269837220809364, 4.750000002731187720 ) ) ;
#1312 = CARTESIAN_POINT ( 'NONE',  ( 44.00000000000000000, 5.388445916248353619E-15, 3.625000002731186832 ) ) ;
#1313 = CARTESIAN_POINT ( 'NONE',  ( 8.082668874372530822E-15, -44.00000000000000000, 4.375000002731186832 ) ) ;
#1314 = CARTESIAN_POINT ( 'NONE',  ( -31.11269780904614279, 31.11269893537002673, 2.000000000000000000 ) ) ;
#1315 = CARTESIAN_POINT ( 'NONE',  ( -30.72996560157071144, -30.72996560157072565, 5.812500001365592972 ) ) ;
#1316 = ADVANCED_FACE ( 'NONE', ( #736, #246 ), #1052, .T. ) ;
#1317 = ORIENTED_EDGE ( 'NONE', *, *, #1297, .F. ) ;
#1318 = CARTESIAN_POINT ( 'NONE',  ( 44.00000000000000000, 5.388445916248353619E-15, 3.625000002731186832 ) ) ;
#1319 = CARTESIAN_POINT ( 'NONE',  ( 18.22539674441618374, 44.00000000000000000, 1.812500002731186610 ) ) ;
#1320 = CARTESIAN_POINT ( 'NONE',  ( -43.45873412499998523, -18.00119707814146963, 3.750000001365593416 ) ) ;
#1321 = EDGE_CURVE ( 'NONE', #113, #104, #1266, .T. ) ;
#1322 =( NAMED_UNIT ( * ) PLANE_ANGLE_UNIT ( ) SI_UNIT ( $, .RADIAN. ) );
#1323 = CARTESIAN_POINT ( 'NONE',  ( 0.000000000000000000, 0.000000000000000000, 2.000000000000000000 ) ) ;
#1324 = CARTESIAN_POINT ( 'NONE',  ( -18.00119707814145187, -43.45873412499998523, 4.875000001365592972 ) ) ;
#1325 = CARTESIAN_POINT ( 'NONE',  ( -18.22539674441619084, -43.99999999999999289, 4.312500002731187720 ) ) ;
#1326 = CARTESIAN_POINT ( 'NONE',  ( 44.00000000000000000, 5.388445916248353619E-15, 7.000000000000000000 ) ) ;
#1327 = CARTESIAN_POINT ( 'NONE',  ( 43.45873412499999944, -18.00119707814143410, 4.125000001365593860 ) ) ;
#1328 = DIRECTION ( 'NONE',  ( -0.000000000000000000, -0.000000000000000000, -1.000000000000000000 ) ) ;
#1329 =( GEOMETRIC_REPRESENTATION_CONTEXT ( 3 ) GLOBAL_UNCERTAINTY_ASSIGNED_CONTEXT ( ( #1306 ) ) GLOBAL_UNIT_ASSIGNED_CONTEXT ( ( #393, #1322, #57 ) ) REPRESENTATION_CONTEXT ( 'NONE', 'WORKASPACE' ) );
#1330 = APPLICATION_PROTOCOL_DEFINITION ( 'draft international standard', 'automotive_design', 1998, #1467 ) ;
#1331 = CYLINDRICAL_SURFACE ( 'NONE', #965, 44.00000000000000000 ) ;
#1332 = CARTESIAN_POINT ( 'NONE',  ( -30.72996560157071144, -30.72996560157072565, 1.562500001365593860 ) ) ;
#1333 = EDGE_LOOP ( 'NONE', ( #477, #1084, #918 ) ) ;
#1334 = CARTESIAN_POINT ( 'NONE',  ( 7.983239946176564682E-15, -43.45873412499999233, 5.687500001365593860 ) ) ;
#1335 = CARTESIAN_POINT ( 'NONE',  ( 31.11269837220808654, 31.11269837220809364, 2.750000002731187276 ) ) ;
#1336 = CARTESIAN_POINT ( 'NONE',  ( -2.694222958124176809E-15, 44.00000000000000000, 1.875000002731186832 ) ) ;
#1337 = PRODUCT_DEFINITION_SHAPE ( 'NONE', 'NONE',  #336 ) ;
#1338 = CARTESIAN_POINT ( 'NONE',  ( -43.45873412499999233, 18.00119707814144476, 3.625000001365592972 ) ) ;
#1339 = FACE_OUTER_BOUND ( 'NONE', #396, .T. ) ;
#1340 = CARTESIAN_POINT ( 'NONE',  ( 0.000000000000000000, 0.000000000000000000, 7.000000000000000000 ) ) ;
#1341 = CARTESIAN_POINT ( 'NONE',  ( -43.45873412499998523, -18.00119707814146963, 5.750000001365593860 ) ) ;
#1342 = VERTEX_POINT ( 'NONE', #694 ) ;
#1343 = CARTESIAN_POINT ( 'NONE',  ( 0.000000000000000000, 0.000000000000000000, 7.000000000000000000 ) ) ;
#1344 = CARTESIAN_POINT ( 'NONE',  ( 18.22539674441618374, 44.00000000000000000, 3.812500002731187276 ) ) ;
#1345 = CARTESIAN_POINT ( 'NONE',  ( 18.00119707814144121, 43.45873412499999233, 5.375000001365592972 ) ) ;
#1346 = AXIS2_PLACEMENT_3D ( 'NONE', #1203, #175, #1294 ) ;
#1347 = CARTESIAN_POINT ( 'NONE',  ( -30.72996560157071144, -30.72996560157072565, 2.812500001365593416 ) ) ;
#1348 = VERTEX_POINT ( 'NONE', #576 ) ;
#1349 = CARTESIAN_POINT ( 'NONE',  ( -30.72996560157071144, -30.72996560157072565, 5.812500001365592972 ) ) ;
#1350 = CARTESIAN_POINT ( 'NONE',  ( -30.72996560157071144, -30.72996560157072565, 3.812500001365593416 ) ) ;
#1351 =( BOUNDED_CURVE ( )  B_SPLINE_CURVE ( 2, ( #1466, #791, #442, #900, #109, #1357, #327, #1475, #626 ),
 .UNSPECIFIED., .F., .T. ) 
 B_SPLINE_CURVE_WITH_KNOTS ( ( 3, 2, 2, 2, 3 ),
 ( 0.2000000000000000111, 0.2249999999999999778, 0.2499999999999999722, 0.2749999999999999667, 0.2999999999999999334 ),
 .UNSPECIFIED. ) 
 CURVE ( )  GEOMETRIC_REPRESENTATION_ITEM ( )  RATIONAL_B_SPLINE_CURVE ( ( 1.000000000000000000, 0.9238795325112867385, 1.000000000000000000, 0.9238795325112867385, 1.000000000000000000, 0.9238795325112867385, 1.000000000000000000, 0.9238795325112869605, 0.9999999999999997780 ) ) 
 REPRESENTATION_ITEM ( '' )  );
#1352 = CARTESIAN_POINT ( 'NONE',  ( 7.983239946176564682E-15, -43.45873412499999233, 2.937500001365593416 ) ) ;
#1353 = CARTESIAN_POINT ( 'NONE',  ( -43.45873412499998523, -18.00119707814146963, 3.500000001365593416 ) ) ;
#1354 = EDGE_LOOP ( 'NONE', ( #794, #1067, #826, #338 ) ) ;
#1355 = CARTESIAN_POINT ( 'NONE',  ( -43.45873412499999233, 0.000000000000000000, 6.437500001365593860 ) ) ;
#1356 = CARTESIAN_POINT ( 'NONE',  ( -43.99999999999999289, -18.22539674441620861, 4.062500000000000000 ) ) ;
#1357 = CARTESIAN_POINT ( 'NONE',  ( 18.22539674441618374, 44.00000000000000000, 4.812500002731186832 ) ) ;
#1358 =( BOUNDED_CURVE ( )  B_SPLINE_CURVE ( 2, ( #708, #800, #9, #924, #310, #1384, #565, #584, #824 ),
 .UNSPECIFIED., .F., .T. ) 
 B_SPLINE_CURVE_WITH_KNOTS ( ( 3, 2, 2, 2, 3 ),
 ( 0.4999999999999999445, 0.5250000000000000222, 0.5500000000000000444, 0.5750000000000000666, 0.6000000000000000888 ),
 .UNSPECIFIED. ) 
 CURVE ( )  GEOMETRIC_REPRESENTATION_ITEM ( )  RATIONAL_B_SPLINE_CURVE ( ( 1.000000000000000222, 0.9238795325112865164, 1.000000000000000000, 0.9238795325112867385, 1.000000000000000000, 0.9238795325112867385, 1.000000000000000000, 0.9238795325112864054, 1.000000000000000444 ) ) 
 REPRESENTATION_ITEM ( '' )  );
#1359 = CARTESIAN_POINT ( 'NONE',  ( 30.72996560157072565, -30.72996560157071499, 2.062500001365593416 ) ) ;
#1360 = VERTEX_POINT ( 'NONE', #816 ) ;
#1361 = CARTESIAN_POINT ( 'NONE',  ( -43.45873412499999233, 18.00119707814144476, 4.375000001365594748 ) ) ;
#1362 = ADVANCED_FACE ( 'NONE', ( #1416 ), #1034, .T. ) ;
#1363 = CARTESIAN_POINT ( 'NONE',  ( -43.45873412499998523, -18.00119707814146963, 3.500000001365593416 ) ) ;
#1364 = CARTESIAN_POINT ( 'NONE',  ( -43.99999999999999289, -18.22539674441620861, 5.062500000000001776 ) ) ;
#1365 = CARTESIAN_POINT ( 'NONE',  ( 43.45873412499999233, 5.322159964117709262E-15, 2.187500001365592528 ) ) ;
#1366 = ADVANCED_FACE ( 'NONE', ( #43 ), #498, .T. ) ;
#1367 = CARTESIAN_POINT ( 'NONE',  ( 44.00000000000004974, -18.22539674441612689, 6.437500000000001776 ) ) ;
#1368 = EDGE_CURVE ( 'NONE', #678, #461, #316, .T. ) ;
#1369 = CARTESIAN_POINT ( 'NONE',  ( 18.00119707814146608, -43.45873412499998523, 3.000000001365592972 ) ) ;
#1370 = CIRCLE ( 'NONE', #583, 45.00000000000000711 ) ;
#1371 = ORIENTED_EDGE ( 'NONE', *, *, #483, .F. ) ;
#1372 = CARTESIAN_POINT ( 'NONE',  ( 18.00119707814144121, 43.45873412499999233, 3.125000001365593860 ) ) ;
#1373 = CARTESIAN_POINT ( 'NONE',  ( 7.983239946176564682E-15, -43.45873412499999233, 5.687500001365593860 ) ) ;
#1374 = CARTESIAN_POINT ( 'NONE',  ( -31.11269837220809364, 31.11269837220809364, 4.875000000000000000 ) ) ;
#1375 = CARTESIAN_POINT ( 'NONE',  ( -30.72996560157071144, -30.72996560157072565, 2.812500001365593416 ) ) ;
#1376 = CARTESIAN_POINT ( 'NONE',  ( -31.11269837220808299, -31.11269837220809364, 6.125000000000000000 ) ) ;
#1377 = CARTESIAN_POINT ( 'NONE',  ( -30.72996560157071855, 30.72996560157071855, 2.312500001365593860 ) ) ;
#1378 = AXIS2_PLACEMENT_3D ( 'NONE', #253, #737, #1272 ) ;
#1379 = EDGE_LOOP ( 'NONE', ( #453, #786, #1452, #11 ) ) ;
#1380 = CARTESIAN_POINT ( 'NONE',  ( -43.45873412499999233, 18.00119707814144121, 4.375000001365593860 ) ) ;
#1381 = CARTESIAN_POINT ( 'NONE',  ( -18.22539674441619084, -43.99999999999999289, 1.312500002731187498 ) ) ;
#1382 = CARTESIAN_POINT ( 'NONE',  ( 31.11269837220809364, -31.11269837220808654, 4.375000000000000000 ) ) ;
#1383 = PLANE ( 'NONE',  #1300 ) ;
#1384 = CARTESIAN_POINT ( 'NONE',  ( -18.22539674441619439, -43.99999999999999289, 4.187500000000000000 ) ) ;
#1385 = CARTESIAN_POINT ( 'NONE',  ( -44.00000000000000000, 0.000000000000000000, 5.125000002731186832 ) ) ;
#1386 = ORIENTED_EDGE ( 'NONE', *, *, #1212, .F. ) ;
#1387 = CARTESIAN_POINT ( 'NONE',  ( 18.22539674441618374, 44.00000000000000000, 4.687500000000000888 ) ) ;
#1388 = CARTESIAN_POINT ( 'NONE',  ( 8.082668874372530822E-15, -44.00000000000000000, 1.375000002731187054 ) ) ;
#1389 = CARTESIAN_POINT ( 'NONE',  ( -31.11269837220809364, 31.11269837220809364, 3.875000000000000000 ) ) ;
#1390 = CARTESIAN_POINT ( 'NONE',  ( 8.082668874372530822E-15, -44.00000000000000000, 5.250000000000000000 ) ) ;
#1391 = CARTESIAN_POINT ( 'NONE',  ( 31.11269837220808654, 31.11269837220809364, 5.625000000000000000 ) ) ;
#1392 = CARTESIAN_POINT ( 'NONE',  ( -44.00000000000000000, 0.000000000000000000, 6.125000002731186832 ) ) ;
#1393 = EDGE_LOOP ( 'NONE', ( #19, #536, #75, #1317 ) ) ;
#1394 = VECTOR ( 'NONE', #1448, 1000.000000000000000 ) ;
#1395 = CARTESIAN_POINT ( 'NONE',  ( 18.22539674441620861, -43.99999999999999289, 5.437500002731187720 ) ) ;
#1396 = CARTESIAN_POINT ( 'NONE',  ( -30.72996560157071144, -30.72996560157072565, 3.562500001365593860 ) ) ;
#1397 = DIRECTION ( 'NONE',  ( -0.000000000000000000, -0.000000000000000000, -1.000000000000000000 ) ) ;
#1398 = DIRECTION ( 'NONE',  ( 1.000000000000000000, 0.000000000000000000, 0.000000000000000000 ) ) ;
#1399 = CARTESIAN_POINT ( 'NONE',  ( -44.00000000000000000, 0.000000000000000000, 5.125000002731186832 ) ) ;
#1400 = CARTESIAN_POINT ( 'NONE',  ( 43.45873412499999944, -18.00119707814143410, 2.875000001365593416 ) ) ;
#1401 = CARTESIAN_POINT ( 'NONE',  ( -18.22539674441619084, -43.99999999999999289, 3.187500000000000000 ) ) ;
#1402 = CARTESIAN_POINT ( 'NONE',  ( -43.99999999999999289, -18.22539674441621216, 5.062500000000000888 ) ) ;
#1403 = CARTESIAN_POINT ( 'NONE',  ( 0.000000000000000000, 0.000000000000000000, 2.000000000000000000 ) ) ;
#1404 = EDGE_LOOP ( 'NONE', ( #410, #137, #346, #516 ) ) ;
#1405 = EDGE_CURVE ( 'NONE', #802, #192, #1197, .T. ) ;
#1406 = CARTESIAN_POINT ( 'NONE',  ( -44.00000000000000000, 0.000000000000000000, 7.000000000000000000 ) ) ;
#1407 = CARTESIAN_POINT ( 'NONE',  ( 44.00000000000001421, -18.22539674441618018, 2.437500000000000444 ) ) ;
#1408 = DIRECTION ( 'NONE',  ( -1.000000000000000000, 0.000000000000000000, 0.000000000000000000 ) ) ;
#1409 = DIRECTION ( 'NONE',  ( 1.000000000000000000, 0.000000000000000000, -0.000000000000000000 ) ) ;
#1410 = EDGE_CURVE ( 'NONE', #312, #223, #1192, .T. ) ;
#1411 = CARTESIAN_POINT ( 'NONE',  ( -18.22539674441618374, 44.00000000000000000, 5.937500002731186832 ) ) ;
#1412 = CARTESIAN_POINT ( 'NONE',  ( 31.11269837220808654, 31.11269837220809364, 3.625000000000000000 ) ) ;
#1413 = DIRECTION ( 'NONE',  ( -0.000000000000000000, -0.000000000000000000, -1.000000000000000000 ) ) ;
#1414 = CARTESIAN_POINT ( 'NONE',  ( 8.082668874372530822E-15, -44.00000000000000000, 3.250000000000000444 ) ) ;
#1415 = CARTESIAN_POINT ( 'NONE',  ( 18.00119707814146608, -43.45873412499998523, 3.750000001365593416 ) ) ;
#1416 = FACE_OUTER_BOUND ( 'NONE', #578, .T. ) ;
#1417 = CARTESIAN_POINT ( 'NONE',  ( -44.00000000000000000, 0.000000000000000000, 5.000000000000000000 ) ) ;
#1418 = FACE_OUTER_BOUND ( 'NONE', #151, .T. ) ;
#1419 = DIRECTION ( 'NONE',  ( 0.000000000000000000, 0.000000000000000000, 1.000000000000000000 ) ) ;
#1420 = ORIENTED_EDGE ( 'NONE', *, *, #943, .T. ) ;
#1421 = CARTESIAN_POINT ( 'NONE',  ( -44.00000000000000000, 18.22539674441618374, 6.937500000000000000 ) ) ;
#1422 = CARTESIAN_POINT ( 'NONE',  ( -18.00119707814144832, -43.45873412499998523, 4.875000001365592972 ) ) ;
#1423 = CARTESIAN_POINT ( 'NONE',  ( 30.72996560157072565, -30.72996560157071499, 1.812500001365594082 ) ) ;
#1424 = CARTESIAN_POINT ( 'NONE',  ( 31.11269837220808654, 31.11269837220809364, 2.624999999999999556 ) ) ;
#1425 = PRESENTATION_LAYER_ASSIGNMENT (  '', '', ( #518 ) ) ;
#1426 = FACE_OUTER_BOUND ( 'NONE', #1445, .T. ) ;
#1427 = CARTESIAN_POINT ( 'NONE',  ( -18.00119707814145187, -43.45873412499998523, 2.625000001365593860 ) ) ;
#1428 = AXIS2_PLACEMENT_3D ( 'NONE', #1000, #422, #186 ) ;
#1429 = ORIENTED_EDGE ( 'NONE', *, *, #620, .T. ) ;
#1430 = CARTESIAN_POINT ( 'NONE',  ( 44.00000000000000000, 18.22539674441618374, 1.687500002731186610 ) ) ;
#1431 = CARTESIAN_POINT ( 'NONE',  ( -18.22539674441618374, 44.00000000000000000, 1.937500002731186832 ) ) ;
#1432 = CARTESIAN_POINT ( 'NONE',  ( -43.45873412499998523, -18.00119707814146963, 5.750000001365593860 ) ) ;
#1433 = DIRECTION ( 'NONE',  ( 0.000000000000000000, 0.000000000000000000, 1.000000000000000000 ) ) ;
#1434 = EDGE_CURVE ( 'NONE', #678, #1360, #371, .T. ) ;
#1435 = CARTESIAN_POINT ( 'NONE',  ( 8.082668874372530822E-15, -44.00000000000000000, 3.250000000000000444 ) ) ;
#1436 = CARTESIAN_POINT ( 'NONE',  ( 7.983239946176564682E-15, -43.45873412499999233, 4.937500001365593860 ) ) ;
#1437 = ORIENTED_EDGE ( 'NONE', *, *, #1105, .T. ) ;
#1438 = CARTESIAN_POINT ( 'NONE',  ( -18.22539674441619084, -43.99999999999999289, 2.312500002731187720 ) ) ;
#1439 = CARTESIAN_POINT ( 'NONE',  ( -44.00000000000000000, 0.000000000000000000, 1.125000002731186832 ) ) ;
#1440 = CARTESIAN_POINT ( 'NONE',  ( -30.72996560157071855, 30.72996560157071855, 4.562500001365592972 ) ) ;
#1441 = SURFACE_STYLE_USAGE ( .BOTH. , #882 ) ;
#1442 = DIRECTION ( 'NONE',  ( 1.000000000000000000, 0.000000000000000000, 0.000000000000000000 ) ) ;
#1443 = CARTESIAN_POINT ( 'NONE',  ( 0.000000000000000000, 0.000000000000000000, 7.000000000000000000 ) ) ;
#1444 = CARTESIAN_POINT ( 'NONE',  ( -2.661079982058854631E-15, 43.45873412499999233, 3.187500001365593416 ) ) ;
#1445 = EDGE_LOOP ( 'NONE', ( #909, #926, #1287, #781 ) ) ;
#1446 = FACE_OUTER_BOUND ( 'NONE', #1393, .T. ) ;
#1447 = CARTESIAN_POINT ( 'NONE',  ( -44.00000000000000000, 0.000000000000000000, 4.125000002731186832 ) ) ;
#1448 = DIRECTION ( 'NONE',  ( -0.000000000000000000, -0.000000000000000000, -1.000000000000000000 ) ) ;
#1449 = CARTESIAN_POINT ( 'NONE',  ( 30.72996560157071499, 30.72996560157071855, 4.312500001365593860 ) ) ;
#1450 = CYLINDRICAL_SURFACE ( 'NONE', #52, 44.00000000000000000 ) ;
#1451 = CARTESIAN_POINT ( 'NONE',  ( 43.45873412499999944, -18.00119707814143410, 6.125000001365592972 ) ) ;
#1452 = ORIENTED_EDGE ( 'NONE', *, *, #304, .F. ) ;
#1453 = CARTESIAN_POINT ( 'NONE',  ( 44.00000000000000000, 5.388445916248353619E-15, 5.625000002731186832 ) ) ;
#1454 = CARTESIAN_POINT ( 'NONE',  ( 18.22539674441620505, -43.99999999999999289, 4.437500002731187720 ) ) ;
#1455 = CARTESIAN_POINT ( 'NONE',  ( 31.11269837220809364, -31.11269837220808654, 1.500000002731187276 ) ) ;
#1456 = CARTESIAN_POINT ( 'NONE',  ( -18.00119707814145187, 43.45873412499999233, 2.500000001365592972 ) ) ;
#1457 = CARTESIAN_POINT ( 'NONE',  ( 7.983239946176564682E-15, -43.45873412499999233, 5.937500001365593860 ) ) ;
#1458 = EDGE_CURVE ( 'NONE', #318, #50, #40, .T. ) ;
#1459 = ORIENTED_EDGE ( 'NONE', *, *, #1434, .T. ) ;
#1460 = CARTESIAN_POINT ( 'NONE',  ( 30.72996560157072565, -30.72996560157071499, 2.062500001365593416 ) ) ;
#1461 = VECTOR ( 'NONE', #853, 1000.000000000000000 ) ;
#1462 = CARTESIAN_POINT ( 'NONE',  ( 43.45873412499999944, -18.00119707814143410, 4.125000001365593860 ) ) ;
#1463 = ORIENTED_EDGE ( 'NONE', *, *, #1368, .F. ) ;
#1464 = CARTESIAN_POINT ( 'NONE',  ( 43.45873412499999233, 18.00119707814144832, 5.000000001365594748 ) ) ;
#1465 = CARTESIAN_POINT ( 'NONE',  ( 31.11269837220808654, 31.11269837220809364, 4.625000000000000888 ) ) ;
#1466 = CARTESIAN_POINT ( 'NONE',  ( -44.00000000000000000, 0.000000000000000000, 5.125000002731186832 ) ) ;
#1467 = APPLICATION_CONTEXT ( 'automotive_design' ) ;
#1468 = CARTESIAN_POINT ( 'NONE',  ( 43.45873412499999233, 5.322159964117709262E-15, 2.187500001365592528 ) ) ;
#1469 = ADVANCED_FACE ( 'NONE', ( #65 ), #1183, .F. ) ;
#1470 = EDGE_LOOP ( 'NONE', ( #1195, #215, #550, #68, #329 ) ) ;
#1471 = CARTESIAN_POINT ( 'NONE',  ( -43.45873412499998523, -18.00119707814146963, 4.500000001365594748 ) ) ;
#1472 = CARTESIAN_POINT ( 'NONE',  ( -18.00119707814144832, -43.45873412499998523, 3.625000001365593860 ) ) ;
#1473 = CARTESIAN_POINT ( 'NONE',  ( -2.694222958124176809E-15, 44.00000000000000000, 6.750000000000000000 ) ) ;
#1474 = ADVANCED_FACE ( 'NONE', ( #1090 ), #845, .F. ) ;
#1475 = CARTESIAN_POINT ( 'NONE',  ( 43.99999999999997158, 18.22539674441621571, 4.687500002731187720 ) ) ;
#1476 = FACE_OUTER_BOUND ( 'NONE', #902, .T. ) ;
#1477 = CARTESIAN_POINT ( 'NONE',  ( 18.00119707814144121, 43.45873412499999233, 3.375000001365593416 ) ) ;
#1478 = ORIENTED_EDGE ( 'NONE', *, *, #526, .F. ) ;
#1479 = CARTESIAN_POINT ( 'NONE',  ( 18.00119707814144121, 43.45873412499999233, 5.125000001365593860 ) ) ;
#1480 = CARTESIAN_POINT ( 'NONE',  ( -18.00119707814144832, 43.45873412499999233, 3.250000001365593860 ) ) ;
#1481 = CARTESIAN_POINT ( 'NONE',  ( 44.00000000000001421, -18.22539674441618018, 1.562500002731187498 ) ) ;
#1482 = CARTESIAN_POINT ( 'NONE',  ( 7.983239946176564682E-15, -43.45873412499999233, 1.937500001365593416 ) ) ;
ENDSEC;
END-ISO-10303-21;
